scorer_short_name,nationality_name,total_game_changing_goals,avg_elo_improvement,fc26_overall_rating
A'ala Hubail,,6,No Elo Data,
Aaron Boupendza,,1,No Elo Data,
Aaron Hughes,,1,No Elo Data,
Aaron Long,,1,No Elo Data,
Aaron Ramsey,,11,No Elo Data,
Aarón Padilla Gutiérrez,,1,No Elo Data,
Aatef Jenyat,,1,No Elo Data,
Abat Aymbetov,,4,No Elo Data,
Abbas Ahmed Atwi,,1,No Elo Data,
Abbas Souan,,1,No Elo Data,
Abbosbek Fayzullaev,Uzbekistan,5,16.5,65.0
Abdah Alif,,1,No Elo Data,
Abdallah Azhar,,1,No Elo Data,
Abdallah Deeb,,2,No Elo Data,
Abdallah El Said,,2,No Elo Data,
Abdel Halim Ali,,2,No Elo Data,
Abdel Kafi El-Sheikh,,1,No Elo Data,
Abdel Rasoul Hesham,,2,No Elo Data,
Abdel Razak Al-Farjani,,1,No Elo Data,
Abdel Razak Jaranah,,1,No Elo Data,
Abdel-Hadi Al-Maharmeh,,1,No Elo Data,
Abdel-Zaher El-Saqqa,,1,No Elo Data,
Abdelaziz Barrada,,1,No Elo Data,
Abdelaziz Daidi,,1,No Elo Data,
Abdelfattah El Khattari,,1,No Elo Data,
Abdelfettah Rhiati,,1,No Elo Data,
Abdelhafid Tasfaout,,5,No Elo Data,
Abdelhakim Serrar,,1,No Elo Data,
Abdeljalil Hadda,,2,No Elo Data,
Abdelkader Ferhaoui,,1,No Elo Data,
Abdelkader Ghezzal,,1,No Elo Data,
Abdelmajid Bouyboud,,2,No Elo Data,
Abdelmajid Chetali,,2,No Elo Data,
Abdelmalek Cherrad,,1,No Elo Data,
Abdelmutaleb Nasir,,1,No Elo Data,
Abdelrazaq Al Hussain,,1,No Elo Data,
Abdelâali Zahraoui,,2,No Elo Data,
Abderrazak Hamdallah,Morocco,1,-13.0,79.0
Abderrazak Khairi,,1,No Elo Data,
Abdesalam Kames,,1,No Elo Data,
Abdeslam Laghrissi,,1,No Elo Data,
Abdesselem Cheman,,1,No Elo Data,
Abdi Idleh Hamza,,1,No Elo Data,
Abdoh Otaif,,2,No Elo Data,
Abdou Bin Amidou,,1,No Elo Data,
Abdou Diallo,,1,No Elo Data,
Abdou Jammeh,,1,No Elo Data,
Abdou Karim Sèye,,1,No Elo Data,
Abdou Traoré,,1,No Elo Data,
Abdou-Rahman Njie,,1,No Elo Data,
Abdoul Camara,,1,No Elo Data,
Abdoul Karim Traoré,Mali,2,No Elo Data,62.0
Abdoul Tapsoba,,2,No Elo Data,
Abdoulai Demba,,1,No Elo Data,
Abdoulay Diaby,,1,No Elo Data,
Abdoulaye Ba,Ivory Coast,1,13.0,70.0
Abdoulaye Cissé,,1,No Elo Data,
Abdoulaye Emmerson,,1,No Elo Data,
Abdoulaye Faye,Senegal,1,-110.0,68.0
Abdoulaye Makhtar Diop,,1,No Elo Data,
Abdoulaye Seck,,2,No Elo Data,
Abdoulaye Traoré,Ivory Coast,12,1.57,57.0
Abdukahhor Marifaliev,,1,No Elo Data,
Abdul Aziz Al-Muqbali,,2,No Elo Data,
Abdul Farooq,,1,No Elo Data,
Abdul Fatawu,Ghana,1,-119.0,76.0
Abdul Kader Kardaghli,,1,No Elo Data,
Abdul Kader Keïta,Ivory Coast,3,1.5,66.0
Abdul Latif Helou,,2,No Elo Data,
Abdul Majeed Waris,,1,No Elo Data,
Abdul Razaq Ibrahim,,1,No Elo Data,
Abdul Rwatubyaye,,1,No Elo Data,
Abdul Sesay,,1,No Elo Data,
Abdul-Aziz Hassan,,1,No Elo Data,
Abdul-Wahab Abu Al-Hail,,4,No Elo Data,
Abdulaziz Al-Anberi,,7,No Elo Data,
Abdulaziz Al-Hajeri,,1,No Elo Data,
Abdulaziz Hatem,Qatar,4,47.0,70.0
Abdulaziz Mohamed,,1,No Elo Data,
Abdulfattah Asiri,,1,No Elo Data,
Abdulfattah Shehab,,1,No Elo Data,
Abdulghani Tatiche,,1,No Elo Data,
Abdulla Al Marzooqi,,1,No Elo Data,
Abdulla Baba Fatadi,,2,No Elo Data,
Abdulla Idrees,,1,No Elo Data,
Abdulla Yusuf Helal,,1,No Elo Data,
Abdullah Al-Hashash,,1,No Elo Data,
Abdullah Bin Shehan,,3,No Elo Data,
Abdullah Fawaz,,3,No Elo Data,
Abdullah Ramadan,,1,No Elo Data,
Abdullah Wabran,,2,No Elo Data,
Abdulmunem Aleiyan,,1,No Elo Data,
Abdulrahman Al-Mushaifri,,2,No Elo Data,
Abdulrahman Fawzi,,1,No Elo Data,
Abdulrahman Ghareeb,,1,No Elo Data,
Abdulrahman Ibrahim,,1,No Elo Data,
Abdulrazaq Ibrahim Balooshi,,3,No Elo Data,
Abdulsalam Al Ghurbani,,2,No Elo Data,
Abdulwasea Al-Matari,,2,No Elo Data,
Abdy Bäşimow,,1,No Elo Data,
Abe Lenstra,,2,No Elo Data,
Abedi Bigirimana,,1,No Elo Data,
Abedi Pele,,6,No Elo Data,
Abel Aguilar,,3,No Elo Data,
Abel Balbo,,1,No Elo Data,
Abel Hernández,,2,No Elo Data,
Ablie Jallow,,3,No Elo Data,
Abou Diaby,,1,No Elo Data,
Abou Seydou,,1,No Elo Data,
Aboubakari Ouédraogo,,1,No Elo Data,
Aboubakary Koïta,,1,No Elo Data,
Abram Raselemane,,1,No Elo Data,
Absalom Iimbondi,,1,No Elo Data,
Abu Kanu,,1,No Elo Data,
Abu Obeida Adam,,1,No Elo Data,
Abubaker Bani,,1,No Elo Data,
Abubaker Ben Brahim,,1,No Elo Data,
Abubeker Nassir,,1,No Elo Data,
Achille Emaná,,2,No Elo Data,
Achraf Dari,,1,No Elo Data,
Achraf Hakimi,Morocco,4,55.67,89.0
Aco Stojkov,,3,No Elo Data,
Ad-Diba,,2,No Elo Data,
Adalberto Escobar,,1,No Elo Data,
Adalberto López,,1,No Elo Data,
Adam Buksa,Poland,1,No Elo Data,73.0
Adam Gnezda Čerin,Slovenia,3,No Elo Data,74.0
Adam Hložek,Czechia,1,No Elo Data,77.0
Adam Idah,,2,No Elo Data,
Adam Karabec,Czechia,1,No Elo Data,71.0
Adam Lallana,,1,No Elo Data,
Adam Ledwoń,,1,No Elo Data,
Adam Markhiyev,,1,No Elo Data,
Adam Marušić,Montenegro,2,No Elo Data,78.0
Adam Ndlovu,,3,No Elo Data,
Adam Nemec,,3,No Elo Data,
Adam Obert,Slovakia,1,No Elo Data,70.0
Adam Taggart,,2,No Elo Data,
Adam Zreľák,Slovakia,1,No Elo Data,63.0
Adama Coulibaly,New Zealand,1,-22.0,52.0
Adama Diomande,,1,No Elo Data,
Adama Guira,,1,No Elo Data,
Adama Sidibeh,,2,No Elo Data,
Adama Traoré,Spain,3,1.0,76.0
Adane Girma,,1,No Elo Data,
Adel Abbas Hussain,,1,No Elo Data,
Adel Abdulrahman Marzouq,,1,No Elo Data,
Adel Al-Salimi,,1,No Elo Data,
Adel Chedli,,1,No Elo Data,
Adel Khamis,,2,No Elo Data,
Adel Mohamed Abdulla,,1,No Elo Data,
Adel Mubarak Khamis,,1,No Elo Data,
Adel Sellimi,,4,No Elo Data,
Adel Taarabt,,1,No Elo Data,
Adelbert Toppenberg,,1,No Elo Data,
Adem Ljajić,,1,No Elo Data,
Ademir de Menezes,,8,No Elo Data,
Ademola Lookman,,4,No Elo Data,
Adhemar Canavesi,,1,No Elo Data,
Adi Said,,1,No Elo Data,
Adil Boulbina,,1,No Elo Data,
Adil Khan,,1,No Elo Data,
Adis Jahović,,1,No Elo Data,
Adisak Kraisorn,,1,No Elo Data,
Admir Mehmedi,,2,No Elo Data,
Admiral Muskwe,,1,No Elo Data,
Adnan Ahmed Al-Sabbou,,1,No Elo Data,
Adnan Al Talyani,,8,No Elo Data,
Adnan Januzaj,Belgium,1,108.0,74.0
Adnan Kovačević,,1,No Elo Data,
Adnan Ćustović,,1,No Elo Data,
Ado Onaiwu,Japan,1,16.0,72.0
Adokiye Amiesimaka,,1,No Elo Data,
Adolf Scherer,,4,No Elo Data,
Adolfino Cañete,,1,No Elo Data,
Adolfo Baloncieri,,2,No Elo Data,
Adolfo Bautista,,2,No Elo Data,
Adolfo Díaz Gáez,,1,No Elo Data,
Adolfo Erico,,1,No Elo Data,
Adolfo Magallanes,,1,No Elo Data,
Adolfo Olivares,,2,No Elo Data,
Adolfo Pedernera,,1,No Elo Data,
Adolfo Valencia,,1,No Elo Data,
Adoram Keisi,,1,No Elo Data,
Adrian Aliaj,,1,No Elo Data,
Adrian Alston,,2,No Elo Data,
Adrian Grbić,Austria,2,45.0,67.0
Adrian Ilie,,5,No Elo Data,
Adrian Knup,,5,No Elo Data,
Adrian Mierzejewski,,1,No Elo Data,
Adrian Mutu,,15,No Elo Data,
Adriano,Belgium,8,-27.75,75.0
Adriano Leite Ribeiro,,1,No Elo Data,
Adriano Samaniego,,1,No Elo Data,
Adrien Rabiot,France,2,-43.5,83.0
Adrien Silva,,1,No Elo Data,
Adrián Escudero,,1,No Elo Data,
Adrián Ramos,,2,No Elo Data,
Adrián Romero,,1,No Elo Data,
Ady Schmit,,2,No Elo Data,
Ady Williams,,1,No Elo Data,
Adékambi Olufadé,,1,No Elo Data,
Aeriel Kaore,,1,No Elo Data,
Afran Ismayilov,,2,No Elo Data,
Agent Sawu,,3,No Elo Data,
Agim Ibraimi,,1,No Elo Data,
Agne Simonsson,,2,No Elo Data,
Aguibou Camara,,2,No Elo Data,
Agung Setyabudi,,1,No Elo Data,
Agustín Delgado,,10,No Elo Data,
Agustín Gaínza,,2,No Elo Data,
Ahmad Ajab,,1,No Elo Data,
Ahmad Al Saleh,,1,No Elo Data,
Ahmad Che Zambil,,1,No Elo Data,
Ahmad Hayel,,3,No Elo Data,
Ahmad Ibrahim Khalaf,,1,No Elo Data,
Ahmad Khalifa Hashim,,2,No Elo Data,
Ahmad Nourollahi,,3,No Elo Data,
Ahmed Abdul Karim Al-Brid,,1,No Elo Data,
Ahmed Abdul Maqsoud,,1,No Elo Data,
Ahmed Abdullahi Abdi,,1,No Elo Data,
Ahmed Abou El Fotouh,,1,No Elo Data,
Ahmed Abou Rehab,,1,No Elo Data,
Ahmed Akaïchi,,1,No Elo Data,
Ahmed Al Masli,,2,No Elo Data,
Ahmed Al-Fraidi,,1,No Elo Data,
Ahmed Al-Mousa,,1,No Elo Data,
Ahmed Al-Rawi,,1,No Elo Data,
Ahmed Al-Sarori,,1,No Elo Data,
Ahmed Al-Tash,,1,No Elo Data,
Ahmed Bahja,,1,No Elo Data,
Ahmed Belal,,1,No Elo Data,
Ahmed Bushara Wahba,,2,No Elo Data,
Ahmed Chombi,,1,No Elo Data,
Ahmed Eid Abdel Malek,,1,No Elo Data,
Ahmed El-Kass,,2,No Elo Data,
Ahmed Elmohamady,,2,No Elo Data,
Ahmed Faras,,6,No Elo Data,
Ahmed Fathy,,2,No Elo Data,
Ahmed H. Saeed,,1,No Elo Data,
Ahmed Hassan,Egypt,5,17.25,72.0
Ahmed Jamil Madani,,2,No Elo Data,
Ahmed Khalil,,9,No Elo Data,
Ahmed Krawa'a,,2,No Elo Data,
Ahmed Maher,,1,No Elo Data,
Ahmed Makrouh,,1,No Elo Data,
Ahmed Mogni,,1,No Elo Data,
Ahmed Mubarak Al-Mahaijri,,5,No Elo Data,
Ahmed Musa,Saudi Arabia,4,-2.67,61.0
Ahmed Nashid,,1,No Elo Data,
Ahmed Niyaz,,1,No Elo Data,
Ahmed Ouattara,,3,No Elo Data,
Ahmed Radhi,,7,No Elo Data,
Ahmed Saad Osman,,3,No Elo Data,
Ahmed Sayed,,1,No Elo Data,
Ahmed Thoriq,,1,No Elo Data,
Ahmed Touba,Algeria,1,-95.0,70.0
Ahmed Yasin Ghani,,2,No Elo Data,
Ahmed Zuway,,1,No Elo Data,
Ahn Jung-hwan,,4,No Elo Data,
Aias Aosman,,1,No Elo Data,
Aiden McGeady,,2,No Elo Data,
Aiman Dardari,Luxembourg,1,No Elo Data,62.0
Ainārs Linards,,1,No Elo Data,
Aisam Ibrahim,,1,No Elo Data,
Ajdin Hrustic,Australia,3,-1.67,67.0
Akaki Khubutia,,1,No Elo Data,
Akbar Eftekhari,,1,No Elo Data,
Akbar Kargarjam,,1,No Elo Data,
Akhtam Khamrakulov,,1,No Elo Data,
Aki Heiskanen,,2,No Elo Data,
Aki Hyryläinen,,1,No Elo Data,
Aki Riihilahti,,1,No Elo Data,
Akinori Nishizawa,,3,No Elo Data,
Akira Kaji,,1,No Elo Data,
Akmal Kholmatov,,1,No Elo Data,
Akmal Rizal Ahmad Rakhli,,2,No Elo Data,
Akmal Shorakhmedov,,1,No Elo Data,
Akram Afif,,8,No Elo Data,
Akram Moghrabi,,1,No Elo Data,
Akram Tawfik,,1,No Elo Data,
Akram Zuway,,1,No Elo Data,
Akuetteh Armah,,1,No Elo Data,
Akwá,,10,No Elo Data,
Al Zerhusen,,1,No Elo Data,
Alaa Abbas,,1,No Elo Data,
Alaa Abdul-Zahra,,1,No Elo Data,
Alaa Al Dali,,2,No Elo Data,
Alaa El-Hamouly,,1,No Elo Data,
Alaa Kadhim,,2,No Elo Data,
Alaa Mayhoub,,1,No Elo Data,
Alain Boghossian,,1,No Elo Data,
Alain Cervantes,,1,No Elo Data,
Alain Geiger,,1,No Elo Data,
Alain Giresse,,1,No Elo Data,
Alain N'Kong,,1,No Elo Data,
Alain Nana,,1,No Elo Data,
Alain Sutter,,2,No Elo Data,
Alain Traoré,,5,No Elo Data,
Alan Browne,,1,No Elo Data,
Alan Durban,,1,No Elo Data,
Alan Dzagoev,,3,No Elo Data,
Alan Gilzean,,3,No Elo Data,
Alan Marley,,1,No Elo Data,
Alan McLoughlin,,1,No Elo Data,
Alan Shearer,,10,No Elo Data,
Alan Smith,,1,No Elo Data,
Alan Vest,,1,No Elo Data,
Alassane Ouédraogo,,1,No Elo Data,
Alban Bushi,,3,No Elo Data,
Albeiro Usuriaga,,1,No Elo Data,
Albert Bell,,1,No Elo Data,
Albert Brülls,,1,No Elo Data,
Albert Grønbæk,Denmark,1,No Elo Data,74.0
Albert Guðmundsson,Iceland,3,No Elo Data,79.0
Albert Hurgronje,,1,No Elo Data,
Albert Luque,,2,No Elo Data,
Albert Meyong,,1,No Elo Data,
Albert Nađ,,1,No Elo Data,
Albert Riera,,1,No Elo Data,
Albert Rosas,,4,No Elo Data,
Albert Rusnák,Slovakia,2,No Elo Data,75.0
Albert Sarkisyan,,1,No Elo Data,
Alberth Elis,,2,No Elo Data,
Alberto Aquilani,,2,No Elo Data,
Alberto Bica,,1,No Elo Data,
Alberto Carvalhal,,1,No Elo Data,
Alberto Doesburg,,1,No Elo Data,
Alberto Fonseca,,2,No Elo Data,
Alberto Gallardo,,2,No Elo Data,
Alberto García Aspe,,6,No Elo Data,
Alberto Gilardino,,6,No Elo Data,
Alberto Górriz,,1,No Elo Data,
Alberto Medina,,1,No Elo Data,
Alberto Montaño,,1,No Elo Data,
Alberto Montellanos,,2,No Elo Data,
Alberto Ohaco,,2,No Elo Data,
Alberto Quintero,,2,No Elo Data,
Alberto Rendo,,1,No Elo Data,
Alberto Spencer,,2,No Elo Data,
Alberto Terry,,3,No Elo Data,
Alberto Zozaya,,1,No Elo Data,
Alberts Šeibelis,,5,No Elo Data,
Albin Granlund,,1,No Elo Data,
Albino Rodríguez,,1,No Elo Data,
Alcides Ghiggia,,2,No Elo Data,
Alcides Peña,,1,No Elo Data,
Alcides Silveira,,2,No Elo Data,
Aldair,Brazil,1,45.0,74.0
Alderman Lesmond,,1,No Elo Data,
Aldo Donelli,,2,No Elo Data,
Aldo de Nigris,,3,No Elo Data,
Alejandrino Genés,,2,No Elo Data,
Alejandro Chumacero,,2,No Elo Data,
Alejandro Cichero,,2,No Elo Data,
Alejandro Galindo,,1,No Elo Data,
Alejandro Guerra,,1,No Elo Data,
Alejandro Moreno,,1,No Elo Data,
Alejandro Romero Gamarra,,2,No Elo Data,
Alejandro Scopelli,,1,No Elo Data,
Alejandro Villanueva,,1,No Elo Data,
Alekos Alexandris,,1,No Elo Data,
Alekos Alexiadis,,1,No Elo Data,
Aleks Petkov,,1,No Elo Data,
Aleksa Terzić,Serbia,1,No Elo Data,72.0
Aleksandar Dragović,Austria,1,-56.0,74.0
Aleksandar Katai,,1,No Elo Data,
Aleksandar Kolarov,,4,No Elo Data,
Aleksandar Mitrović,,19,No Elo Data,
Aleksandar Petaković,,1,No Elo Data,
Aleksandar Prijović,,1,No Elo Data,
Aleksandar Stanković,Serbia,1,No Elo Data,66.0
Aleksandar Tirnanić,,1,No Elo Data,
Aleksandar Tonev,,1,No Elo Data,
Aleksandar Trajkovski,,9,No Elo Data,
Aleksandar Trifunović,,1,No Elo Data,
Aleksandar Tunchev,,1,No Elo Data,
Aleksandar Vasoski,,1,No Elo Data,
Aleksandar Đurić,,4,No Elo Data,
Aleksander Knavs,,2,No Elo Data,
Aleksandr Amisulashvili,,1,No Elo Data,
Aleksandr Gorshkov,,2,No Elo Data,
Aleksandr Iashvili,,2,No Elo Data,
Aleksandr Kerzhakov,,9,No Elo Data,
Aleksandr Kokorin,,1,No Elo Data,
Aleksandr Marochkin,,1,No Elo Data,
Aleksandr Merzlikin,,1,No Elo Data,
Aleksandr Mishchenko,,1,No Elo Data,
Aleksandr Mostovoi,,4,No Elo Data,
Aleksandr Panov,,1,No Elo Data,
Aleksandr Samedov,,1,No Elo Data,
Aleksandr Shadrin,,1,No Elo Data,
Aleksandr Yerokhin,,2,No Elo Data,
Aleksandre Chivadze,,2,No Elo Data,
Aleksandre Karapetian,,3,No Elo Data,
Aleksandrs Cauņa,,5,No Elo Data,
Aleksandrs Jeļisejevs,,3,No Elo Data,
Aleksandrs Priede,,1,No Elo Data,
Aleksei Ionov,,1,No Elo Data,
Aleksei Miranchuk,,1,No Elo Data,
Aleksejs Višņakovs,,1,No Elo Data,
Alen Bokšić,,2,No Elo Data,
Alessandro Altobelli,,4,No Elo Data,
Alessandro Bastoni,Italy,1,No Elo Data,87.0
Alessandro Costacurta,,1,No Elo Data,
Alessandro Del Piero,,9,No Elo Data,
Alessandro Della Valle,,2,No Elo Data,
Alessandro Florenzi,,2,No Elo Data,
Alessandro Golinucci,,1,No Elo Data,
Alessandro Schöpf,,2,No Elo Data,
Alex Brosque,,3,No Elo Data,
Alex Bunbury,,5,No Elo Data,
Alex Chola,,2,No Elo Data,
Alex Iwobi,,3,No Elo Data,
Alex Král,Czechia,1,No Elo Data,74.0
Alex Matthias Tamm,,1,No Elo Data,
Alex Nyarko,,1,No Elo Data,
Alex Oxlade-Chamberlain,,1,No Elo Data,
Alex Pineda Chacón,,1,No Elo Data,
Alex Roldan,,2,No Elo Data,
Alex Sandro,,1,No Elo Data,
Alex Tobin,,1,No Elo Data,
Alex Valderrama,,1,No Elo Data,
Alex Young,,1,No Elo Data,
Alexander Cruzata,,2,No Elo Data,
Alexander Djiku,,3,No Elo Data,
Alexander Frei,,10,No Elo Data,
Alexander Geynrikh,,7,No Elo Data,
Alexander Hleb,,1,No Elo Data,
Alexander Horváth,,1,No Elo Data,
Alexander Isak,Sweden,4,20.67,88.0
Alexander Kačaniklić,,1,No Elo Data,
Alexander Khatskevich,,2,No Elo Data,
Alexander Larín,,1,No Elo Data,
Alexander López,,2,No Elo Data,
Alexander Riley,,1,No Elo Data,
Alexander Ring,Finland,1,No Elo Data,70.0
Alexander Søderlund,,1,No Elo Data,
Alexander Sørloth,Norway,9,36.4,84.0
Alexander Tettey,,1,No Elo Data,
Alexander Viveros,,1,No Elo Data,
Alexandr Korzanov,,1,No Elo Data,
Alexandre Boucicaut,,1,No Elo Data,
Alexandre Czerniatynski,,3,No Elo Data,
Alexandre Pato,,1,No Elo Data,
Alexandre Rey,,1,No Elo Data,
Alexandros Tziolis,,1,No Elo Data,
Alexandru Chipciu,,1,No Elo Data,
Alexandru Cicâldău,Romania,1,No Elo Data,68.0
Alexandru Curtianu,,2,No Elo Data,
Alexandru Dedov,,1,No Elo Data,
Alexandru Epureanu,,2,No Elo Data,
Alexandru Gațcan,,2,No Elo Data,
Alexandru Maxim,,2,No Elo Data,
Alexandru Mitriță,,1,No Elo Data,
Alexandru Neagu,,3,No Elo Data,
Alexandru Suvorov,,1,No Elo Data,
Alexei Eremenko,,2,No Elo Data,
Alexei Klishin,,1,No Elo Data,
Alexi Lalas,,1,No Elo Data,
Alexis Alexandris,,1,No Elo Data,
Alexis Mac Allister,Argentina,2,6.0,87.0
Alexis Saddler,,1,No Elo Data,
Alexis Sánchez,Chile,13,No Elo Data,76.0
Alexis Vega,Mexico,2,19.5,78.0
Alexsandro de Souza,,4,No Elo Data,
Alf Martinsen,,1,No Elo Data,
Alfa Potowabawi,,1,No Elo Data,
Alfaz Ahmed,,2,No Elo Data,
Alfons Amade,,1,No Elo Data,
Alfonso Domínguez,,3,No Elo Data,
Alfonso Pérez,,4,No Elo Data,
Alfonso Rodríguez Salas,,1,No Elo Data,
Alfonso Yáñez,,1,No Elo Data,
Alfred Aston,,1,No Elo Data,
Alfred Bickel,,1,No Elo Data,
Alfred Effiong,,1,No Elo Data,
Alfred Heiß,,1,No Elo Data,
Alfred Scheiwiler,,1,No Elo Data,
Alfred Wabealo,,2,No Elo Data,
Alfredo Di Stéfano,,5,No Elo Data,
Alfredo Hernández,,2,No Elo Data,
Alfredo Megido,,1,No Elo Data,
Alfredo Mendoza,,5,No Elo Data,
Alfredo Mosquera,,2,No Elo Data,
Alfredo Pacheco,,4,No Elo Data,
Alfredo Torres,,1,No Elo Data,
Alfredo del Águila,,1,No Elo Data,
Alfreð Finnbogason,,4,No Elo Data,
Alhaji Kamara,,2,No Elo Data,
Alhassane Bangoura,,1,No Elo Data,
Alhassane Issoufou,,2,No Elo Data,
Ali Abdi,Tunisia,1,17.0,76.0
Ali Abo Greisha,,2,No Elo Data,
Ali Adnan Kadhim,,3,No Elo Data,
Ali Afif,,1,No Elo Data,
Ali Al Saadi,,1,No Elo Data,
Ali Al-Beshari,,3,No Elo Data,
Ali Al-Bulaihi,,1,No Elo Data,
Ali Al-Busaidi,,1,No Elo Data,
Ali Al-Hadyah,,1,No Elo Data,
Ali Al-Nono,,3,No Elo Data,
Ali Asel,,1,No Elo Data,
Ali Ashfaq,,2,No Elo Data,
Ali Assadalla,,1,No Elo Data,
Ali Bala,,1,No Elo Data,
Ali Cheikh Dib,,1,No Elo Data,
Ali Daei,,18,No Elo Data,
Ali Diab,,1,No Elo Data,
Ali El-Hassany,,1,No Elo Data,
Ali Elmusrati,,1,No Elo Data,
Ali Fasir,,1,No Elo Data,
Ali Fergani,,1,No Elo Data,
Ali Gagarin,,4,No Elo Data,
Ali Gerba,,4,No Elo Data,
Ali Gholizadeh,Iran,1,74.0,71.0
Ali Jabbari,,2,No Elo Data,
Ali Kaabi,,2,No Elo Data,
Ali Karimi,Iran,4,-15.67,67.0
Ali Khalil,,1,No Elo Data,
Ali Mabkhout,,13,No Elo Data,
Ali Madan,,1,No Elo Data,
Ali Maher,,2,No Elo Data,
Ali Marwi,,2,No Elo Data,
Ali Meçabih,,2,No Elo Data,
Ali Mohamed Riad,,2,No Elo Data,
Ali Mohammed Al-Saadah,,1,No Elo Data,
Ali Nasseredine,,2,No Elo Data,
Ali Olwan,,4,No Elo Data,
Ali Parvin,,2,No Elo Data,
Ali Salama,,1,No Elo Data,
Ali Salmeen,,1,No Elo Data,
Ali Samooh,,1,No Elo Data,
Ali Sylla,,1,No Elo Data,
Ali Thani Jumaa,,1,No Elo Data,
Ali Umar,,1,No Elo Data,
Ali Zitouni,,4,No Elo Data,
Ali'i Mitchell,,1,No Elo Data,
Aliaksandr Kulchiy,,1,No Elo Data,
Alicio Solalinde,,1,No Elo Data,
Alick Saurei,,1,No Elo Data,
Alier Ashurmamadov,,1,No Elo Data,
Alieu Fadera,Gambia,1,No Elo Data,71.0
Alimardon Shukurov,,1,No Elo Data,
Alin Toșca,,1,No Elo Data,
Alireza Azizi,,1,No Elo Data,
Alireza Jahanbakhsh,,7,No Elo Data,
Alireza Khorshidi,,1,No Elo Data,
Alireza Mansourian,,2,No Elo Data,
Alireza Vahedi Nikbakht,,3,No Elo Data,
Alirou Rachidou,,1,No Elo Data,
Alisher Dzhalilov,,1,No Elo Data,
Alivate Driu,,1,No Elo Data,
Aljaž Struna,,1,No Elo Data,
Alkhaly Bangoura,,1,No Elo Data,
Allan Boath,,1,No Elo Data,
Allan Clarke,,2,No Elo Data,
Allan Hansen,,1,No Elo Data,
Allan Mørkøre,,1,No Elo Data,
Allan Nielsen,,2,No Elo Data,
Allan Okello,,3,No Elo Data,
Allan Oviedo,,1,No Elo Data,
Allan Simonsen,,3,No Elo Data,
Allan Wanga,,1,No Elo Data,
Allean Richard Grant Velasquez,,1,No Elo Data,
Allianni Urgelles,,1,No Elo Data,
Ally Abubakari,,1,No Elo Data,
Ally McCoist,,8,No Elo Data,
Almir Da Silva,,1,No Elo Data,
Almiro Lobo,,2,No Elo Data,
Almoez Ali,Qatar,10,29.5,74.0
Alon Mizrahi,,1,No Elo Data,
Alonso Martínez,Costa Rica,3,No Elo Data,70.0
Alpaslan Eratlı,,1,No Elo Data,
Alpay Özalan,,2,No Elo Data,
Alphonse Leweck,,3,No Elo Data,
Alphonse Tchami,,5,No Elo Data,
Alphonso Davies,,2,No Elo Data,
Alphose Qorig,,1,No Elo Data,
Alsény Diaby,,1,No Elo Data,
Altin Haxhi,,1,No Elo Data,
Altin Lala,,2,No Elo Data,
Altin Rraklli,,2,No Elo Data,
Altymyrat Annadurdyýew,,3,No Elo Data,
Aluísio Francisco da Luz,,1,No Elo Data,
Alvaro Solano,,1,No Elo Data,
Alvin Corneal,,1,No Elo Data,
Alvin Jones,,1,No Elo Data,
Alvin Kieh,,1,No Elo Data,
Alvin Tehau,,2,No Elo Data,
Alvin Thomas,,1,No Elo Data,
Alwin Hou,,2,No Elo Data,
Alyaksandr Martynovich,,1,No Elo Data,
Amad Al-Hosni,,6,No Elo Data,
Amad Diallo,Ivory Coast,4,48.5,79.0
Amado Guevara,,7,No Elo Data,
Amadoni Kamolov,,1,No Elo Data,
Amadou Bakayoko,,1,No Elo Data,
Amadou Haidara,Mali,1,No Elo Data,77.0
Amadou Moutari,,1,No Elo Data,
Amadou Pathé Diallo,,1,No Elo Data,
Amadou Touré,Senegal,1,-60.0,63.0
Amancio Amaro,,3,No Elo Data,
Amani Habimana,,1,No Elo Data,
Amar Rahmanović,,1,No Elo Data,
Amar Ramadan,,1,No Elo Data,
Amara Simba,,1,No Elo Data,
Amari'i Bell,,1,No Elo Data,
Amarildo Tavares da Silveira,,3,No Elo Data,
Amaro,,1,No Elo Data,
Ambroise Oyongo,,1,No Elo Data,
Amby Fogarty,,1,No Elo Data,
Ameed Mahajna,,1,No Elo Data,
Amer Gojak,,3,No Elo Data,
Amido Baldé,,1,No Elo Data,
Amilcar Ramos,,1,No Elo Data,
Amin Dabo,,1,No Elo Data,
Amine Gouiri,,2,No Elo Data,
Amir Al-Ammari,,2,No Elo Data,
Amir Kamal,,1,No Elo Data,
Amir Rrahmani,,4,No Elo Data,
Amir Waithe,,1,No Elo Data,
Amit Ben-Shushan,,1,No Elo Data,
Amjad Al-Harthi,,1,No Elo Data,
Amleto Frignani,,2,No Elo Data,
Amor Jebali,,1,No Elo Data,
Amr Zaki,,8,No Elo Data,
Amredin Sharifi,,1,No Elo Data,
Américo Galván,,1,No Elo Data,
An Chol-Hyok,,1,No Elo Data,
An Se-Uk,,1,No Elo Data,
An Yong-hak,,1,No Elo Data,
Anan Khalaili,Israel,1,No Elo Data,73.0
Anas Al Khouja,,1,No Elo Data,
Anas Bani Yaseen,,1,No Elo Data,
Anastasios Bakasetas,Greece,4,No Elo Data,76.0
Anatoli Ilyin,,3,No Elo Data,
Anatoliy Banishevskiy,,2,No Elo Data,
Anatoliy Byshovets,,3,No Elo Data,
Anatoliy Demyanenko,,1,No Elo Data,
Anatoliy Konkov,,3,No Elo Data,
Anders Grönhagen,,3,No Elo Data,
Anders Svensson,,5,No Elo Data,
Andi Herzog,,1,No Elo Data,
Andi Zeqiri,,1,No Elo Data,
Andoni Zubizarreta,,1,No Elo Data,
Andraž Šporar,,1,No Elo Data,
Andre Gray,,1,No Elo Data,
Andre Kona N'Gole,,1,No Elo Data,
Andre Schembri,,1,No Elo Data,
Andre Wabealo,,1,No Elo Data,
Andrea Belotti,Italy,4,No Elo Data,77.0
Andrea Pirlo,,5,No Elo Data,
Andreas Andersson,,2,No Elo Data,
Andreas Avraam,,1,No Elo Data,
Andreas Bonovas,,1,No Elo Data,
Andreas Brehme,,3,No Elo Data,
Andreas Christensen,,2,No Elo Data,
Andreas Cornelius,,3,No Elo Data,
Andreas Granqvist,,3,No Elo Data,
Andreas Heraf,,1,No Elo Data,
Andreas Herzog,,9,No Elo Data,
Andreas Ivanschitz,,3,No Elo Data,
Andreas Krause,,1,No Elo Data,
Andreas Möller,,5,No Elo Data,
Andreas Niniadis,,1,No Elo Data,
Andreas Ogris,,3,No Elo Data,
Andreas Olsen,,1,No Elo Data,
Andreas Papaemmanouil,,1,No Elo Data,
Andreas Ravelli,,1,No Elo Data,
Andreas Skov Olsen,Denmark,3,No Elo Data,77.0
Andreas Sotiriou,,3,No Elo Data,
Andreas Thom,,5,No Elo Data,
Andrei Agius,,1,No Elo Data,
Andrei Finonchenko,,2,No Elo Data,
Andrei Kanchelskis,,2,No Elo Data,
Andrei Karpovich,,1,No Elo Data,
Andrei Karyaka,,3,No Elo Data,
Andrei Sidorenkov,,1,No Elo Data,
Andrei Stepanov,,1,No Elo Data,
Andrej Kramarić,Croatia,13,6.5,81.0
Andrej Kvašňák,,3,No Elo Data,
Andrejs Cigaņiks,Latvia,2,No Elo Data,67.0
Andrejs Prohorenkovs,,2,No Elo Data,
Andrejs Rubins,,3,No Elo Data,
Andrejs Štolcers,,2,No Elo Data,
Andres Oper,,5,No Elo Data,
Andrew Hainault,,1,No Elo Data,
Andrew Mobberley,,1,No Elo Data,
Andrew Murunga,,1,No Elo Data,
Andrew Tembo,,1,No Elo Data,
Andrey Arshavin,,2,No Elo Data,
Andrey Movsisyan,,1,No Elo Data,
Andrey Tikhonov,,1,No Elo Data,
Andrey Zhelyazkov,,3,No Elo Data,
Andri Guðjohnsen,,2,No Elo Data,
Andrian Kraev,,1,No Elo Data,
Andrija Delibašić,,3,No Elo Data,
Andrius Skerla,,1,No Elo Data,
Andriy Husin,,3,No Elo Data,
Andriy Rusol,,3,No Elo Data,
Andriy Shevchenko,,21,No Elo Data,
Andriy Vorobey,,1,No Elo Data,
Andriy Voronin,,1,No Elo Data,
Andriy Yarmolenko,Ukraine,12,No Elo Data,73.0
Andrzej Buncol,,1,No Elo Data,
Andrzej Iwan,,1,No Elo Data,
Andrzej Jarosik,,4,No Elo Data,
Andrzej Juskowiak,,4,No Elo Data,
Andrzej Niedzielan,,1,No Elo Data,
Andrzej Pałasz,,1,No Elo Data,
Andrzej Szarmach,,5,No Elo Data,
András Schäfer,Hungary,1,No Elo Data,74.0
András Törőcsik,,1,No Elo Data,
André Abegglen,,2,No Elo Data,
André Ayew,,10,No Elo Data,
André Bikey,,1,No Elo Data,
André Carrillo,,6,No Elo Data,
André Egli,,3,No Elo Data,
André Guy,,1,No Elo Data,
André Kana-Biyik,,6,No Elo Data,
André Luiz Moreira,,1,No Elo Data,
André Mbouta,,1,No Elo Data,
André Ooijer,,1,No Elo Data,
André Schürrle,,3,No Elo Data,
André Silva,Portugal,5,13.33,76.0
André le Fèvre,,1,No Elo Data,
André van Herpe,,1,No Elo Data,
André-Frank Zambo Anguissa,Cameroon,1,No Elo Data,82.0
André-Pierre Gignac,,2,No Elo Data,
Andrés Andrade,,1,No Elo Data,
Andrés Aurelio González,,1,No Elo Data,
Andrés D'Alessandro,,1,No Elo Data,
Andrés Escobar,,1,No Elo Data,
Andrés Guardado,,10,No Elo Data,
Andrés Iniesta,,4,No Elo Data,
Andrés Martínez,,1,No Elo Data,
Andrés Mendoza,,3,No Elo Data,
Andrés Prieto,,2,No Elo Data,
Andrés Scotti,,1,No Elo Data,
Andrėjus Tereškinas,,2,No Elo Data,
Andy Furtado,,1,No Elo Data,
Andy Herron,,2,No Elo Data,
Andy Melville,,1,No Elo Data,
Andy Najar,,2,No Elo Data,
Andy Polo,,1,No Elo Data,
Andy Reid,,1,No Elo Data,
Andy Robertson,,1,No Elo Data,
Andy Selva,,2,No Elo Data,
Andy Straden,,1,No Elo Data,
Andy Townsend,,2,No Elo Data,
Andy Williams,,7,No Elo Data,
Anel Ahmedhodžić,Bosnia and Herzegovina,1,-34.0,74.0
Anfernee Dijksteel,,1,No Elo Data,
Anfilogino Guarisi,,1,No Elo Data,
Anfilogino Marques,,1,No Elo Data,
Angel Chiessa,,1,No Elo Data,
Angel Perucca,,1,No Elo Data,
Angel Rambert,,1,No Elo Data,
Angel Segura,,1,No Elo Data,
Angelo Domenghini,,3,No Elo Data,
Angelo Schiavio,,2,No Elo Data,
Angelo Sormani,,1,No Elo Data,
Angelos Basinas,,2,No Elo Data,
Angelos Charisteas,,12,No Elo Data,
Anghel Iordănescu,,4,No Elo Data,
Angus Eve,,3,No Elo Data,
Anice Badri,,1,No Elo Data,
Anicet Abel,,1,No Elo Data,
Anicet Adjamossi,,1,No Elo Data,
Anil Gurung,,1,No Elo Data,
Anjan Bista,,3,No Elo Data,
Anjas Asmara,,1,No Elo Data,
Antal Dunai,,1,No Elo Data,
Antal Nagy,,1,No Elo Data,
Antal Róth,,1,No Elo Data,
Antanas Lingis,,4,No Elo Data,
Antar Yahia,,2,No Elo Data,
Ante Budimir,Croatia,3,15.0,82.0
Ante Milicic,,2,No Elo Data,
Ante Razov,,1,No Elo Data,
Ante Rebić,Croatia,1,68.0,72.0
Anteneh Alameraw,,1,No Elo Data,
Anthony Abrams,,1,No Elo Data,
Anthony Annan,,1,No Elo Data,
Anthony Elanga,,1,No Elo Data,
Anthony Gordon,,1,No Elo Data,
Anthony Hernandez,,1,No Elo Data,
Anthony Lozano,,2,No Elo Data,
Anthony Martial,,1,No Elo Data,
Anthony Modeste,,1,No Elo Data,
Anthony Ralston,Scotland,1,23.0,71.0
Anthony Rougier,,1,No Elo Data,
Anthony Straker,,1,No Elo Data,
Antoine Griezmann,France,17,27.0,85.0
Antoine Kohn,,1,No Elo Data,
Antoine Semenyo,,1,No Elo Data,
Antolín Alcaraz,,1,No Elo Data,
Anton Allemann,,2,No Elo Data,
Anton Haven,,1,No Elo Data,
Anton Jongsma,,1,No Elo Data,
Anton Kryvotsyuk,,2,No Elo Data,
Anton Miranchuk,,1,No Elo Data,
Anton Ondruš,,1,No Elo Data,
Anton Rogan,,1,No Elo Data,
Anton Saroka,,1,No Elo Data,
Anton Schall,,1,No Elo Data,
Anton Weibel,,1,No Elo Data,
Anton Zemlianukhin,,3,No Elo Data,
Anton Žlogar,,1,No Elo Data,
Antonee Robinson,United States,2,36.0,82.0
Antonijs Černomordijs,,2,No Elo Data,
Antonio Alzamendi,,1,No Elo Data,
Antonio Cabrini,,2,No Elo Data,
Antonio Campolo,,1,No Elo Data,
Antonio Candreva,,2,No Elo Data,
Antonio Cassano,,5,No Elo Data,
Antonio Conte,,1,No Elo Data,
Antonio Di Natale,,2,No Elo Data,
Antonio Flores,,1,No Elo Data,
Antonio González,,1,No Elo Data,
Antonio López Guerrero,,1,No Elo Data,
Antonio Maceda,,4,No Elo Data,
Antonio Nusa,,1,No Elo Data,
Antonio Rada,,1,No Elo Data,
Antonio Sanabria,Paraguay,5,33.0,76.0
Antonio Sardina,,1,No Elo Data,
Antonio Sastre,,1,No Elo Data,
Antonio Valencia,,1,No Elo Data,
Antonio Valentín Angelillo,,2,No Elo Data,
Antonio de Nigris,,1,No Elo Data,
Antonio dos Santos,,1,No Elo Data,
Antonis Antoniadis,,1,No Elo Data,
Antony Ewing,,1,No Elo Data,
Antony de Ávila,,4,No Elo Data,
Antonín Barák,Czechia,4,No Elo Data,75.0
Antonín Panenka,,5,No Elo Data,
Antonín Puč,,1,No Elo Data,
Antti Sumiala,,1,No Elo Data,
Antwan Russell,,1,No Elo Data,
António Neto,,1,No Elo Data,
António Nogueira,,1,No Elo Data,
António Simões,,2,No Elo Data,
Antônio Almeida,,1,No Elo Data,
Antônio Carlos Zago,,2,No Elo Data,
Anvarjon Soliev,,3,No Elo Data,
Anwar Ahmed,,1,No Elo Data,
Anwar Shakunda,,1,No Elo Data,
Anzur Ismailov,,1,No Elo Data,
Aníbal Ciocca,,1,No Elo Data,
Aníbal Godoy,,3,No Elo Data,
Aníbal Tarabini,,1,No Elo Data,
Ao Tanaka,Japan,2,37.5,76.0
Arash Afshin,,1,No Elo Data,
Arash Borhani,,1,No Elo Data,
Araz Abdullayev,,1,No Elo Data,
Arbër Zeneli,Kosovo,3,No Elo Data,71.0
Archie Gemmill,,4,No Elo Data,
Archie Thompson,,1,No Elo Data,
Archil Arveladze,,2,No Elo Data,
Arda Güler,Turkey,3,15.5,81.0
Arda Turan,,8,No Elo Data,
Ardian Ismajli,Albania,1,No Elo Data,74.0
Aref Al Agha,,1,No Elo Data,
Aref Al-Shewaier,,1,No Elo Data,
Arfon Griffiths,,2,No Elo Data,
Argenis Tortolero,,1,No Elo Data,
Ari Hjelm,,4,No Elo Data,
Ari Valvee,,1,No Elo Data,
Arie Haan,,2,No Elo Data,
Ariel Francisco Rodríguez,,1,No Elo Data,
Ariel Graziani,,2,No Elo Data,
Ariel Martínez,,1,No Elo Data,
Ariel Ortega,,5,No Elo Data,
Arif Erdem,,1,No Elo Data,
Arif Kocabıyık,,1,No Elo Data,
Arijan Ademi,,1,No Elo Data,
Aristide Bancé,,6,No Elo Data,
Aritatsu Ogi,,1,No Elo Data,
Arj Changatamilman,,1,No Elo Data,
Arjan Bellaj,,1,No Elo Data,
Arjen Robben,,8,No Elo Data,
Arkadiusz Głowacki,,1,No Elo Data,
Arkadiusz Milik,,6,No Elo Data,
Arkādijs Pavlovs,,2,No Elo Data,
Arlindo Gomes Semedo,,3,No Elo Data,
Arman Karamyan,,1,No Elo Data,
Armand Djerabe,,1,No Elo Data,
Armand Jurion,,2,No Elo Data,
Armand Muller,,1,No Elo Data,
Armandas Kučys,,3,No Elo Data,
Armando Broja,Albania,2,No Elo Data,72.0
Armando Cooper,,3,No Elo Data,
Armando Cruz,,1,No Elo Data,
Armando Sadiku,,3,No Elo Data,
Armando Tobar,,1,No Elo Data,
Armands Zeiberliņš,,4,No Elo Data,
Armel Disney,,1,No Elo Data,
Armen Shahgeldyan,,1,No Elo Data,
Armin Gigović,Bosnia and Herzegovina,1,87.0,72.0
Arminas Narbekovas,,1,No Elo Data,
Arnaldo Owanga,,1,No Elo Data,
Arnbjørn Hansen,,1,No Elo Data,
Arne Brustad,,1,No Elo Data,
Arne Friedrich,,2,No Elo Data,
Arne Pedersen,,1,No Elo Data,
Arnold Bouka Moutou,,1,No Elo Data,
Arnold Dwarika,,2,No Elo Data,
Arnold Mühren,,1,No Elo Data,
Arnold Pihlak,,1,No Elo Data,
Arnoldo Iguarán,,5,No Elo Data,
Arnolds Tauriņš,,1,No Elo Data,
Arnulfo Valentierra,,1,No Elo Data,
Arnór Guðjohnsen,,2,No Elo Data,
Arnór Ingvi Traustason,Iceland,2,No Elo Data,69.0
Arnór Sigurðsson,Iceland,1,No Elo Data,69.0
Aron Gunnarsson,,1,No Elo Data,
Aron Jóhannsson,,1,No Elo Data,
Aron Winter,,1,No Elo Data,
Arouna Koné,,1,No Elo Data,
Arsen Avakov,,1,No Elo Data,
Arshad Al-Alawi,,1,No Elo Data,
Arslanmyrat Amanow,,2,No Elo Data,
Art Welch,,1,No Elo Data,
Artem Besyedin,,2,No Elo Data,
Artem Dovbyk,Ukraine,5,No Elo Data,83.0
Artem Dzyuba,,9,No Elo Data,
Artem Kravets,,4,No Elo Data,
Arthur Fitzsimons,,1,No Elo Data,
Arthur Friedenreich,,2,No Elo Data,
Arthur Melo,,1,No Elo Data,
Arthur Moses,,1,No Elo Data,
Artim Šakiri,,1,No Elo Data,
Arto Tolsa,,1,No Elo Data,
Artur Correia,,1,No Elo Data,
Artur Geworkýan,,2,No Elo Data,
Artur Ioniță,,1,No Elo Data,
Artur Miranyan,,1,No Elo Data,
Artur Petrosyan,,5,No Elo Data,
Artur Sarkisov,,1,No Elo Data,
Arturo Arrieta,,1,No Elo Data,
Arturo Carmona,,1,No Elo Data,
Arturo Mina,,1,No Elo Data,
Arturo Norambuena,,1,No Elo Data,
Arturo Vidal,Chile,10,No Elo Data,73.0
Artyom Filiposyan,,1,No Elo Data,
Artýom Nazarow,,1,No Elo Data,
Artūras Žulpa,,2,No Elo Data,
Artūrs Karašausks,,1,No Elo Data,
Artūrs Zjuzins,,3,No Elo Data,
Aruna Dindane,,3,No Elo Data,
Arvydas Novikovas,,4,No Elo Data,
Ary Papel,,1,No Elo Data,
Arístides Rojas,,2,No Elo Data,
Arístides del Puerto,,1,No Elo Data,
Asadhulla Abdulla,,1,No Elo Data,
Asam Duraiban,,1,No Elo Data,
Asamoah Gyan,,15,No Elo Data,
Aschalew Tamene,,1,No Elo Data,
Ashkan Dejagah,,1,No Elo Data,
Ashley Williams,,1,No Elo Data,
Ashley Young,,2,No Elo Data,
Ashraf Uddin Ahmed Chunnu,,2,No Elo Data,
Asier Illarramendi,,1,No Elo Data,
Askhat Tagybergen,,2,No Elo Data,
Aslan Darabayev,,1,No Elo Data,
Asnawi Mangkualam,,1,No Elo Data,
Assan Ceesay,,1,No Elo Data,
Assani Bajope,,1,No Elo Data,
Astrit Ziu,,1,No Elo Data,
Atanas Iliev,,1,No Elo Data,
Atanas Mihaylov,,1,No Elo Data,
Athanas Tendeng,,1,No Elo Data,
Athuman Iddy,,1,No Elo Data,
Ati Kepo,,1,No Elo Data,
Atiba Hutchinson,,3,No Elo Data,
Atik Ismail,,3,No Elo Data,
Atilio Ancheta,,1,No Elo Data,
Atilio Cremaschi,,1,No Elo Data,
Atilio García,,2,No Elo Data,
Atilio López,,2,No Elo Data,
Atkin Kaua,,1,No Elo Data,
Atli Eðvaldsson,,3,No Elo Data,
Ats Purje,,2,No Elo Data,
Atsuhiro Miura,,1,No Elo Data,
Atsushi Yanagisawa,,2,No Elo Data,
Atsuto Uchida,,2,No Elo Data,
Attila Abonyi,,1,No Elo Data,
Attila Fiola,,1,No Elo Data,
Attila Pintér,,1,No Elo Data,
Attilio Lombardo,,1,No Elo Data,
Au Wai Lun,,3,No Elo Data,
Aubert Philips,,1,No Elo Data,
Aubrey Modiba,,1,No Elo Data,
Audel Laville,,2,No Elo Data,
Audrius Kšanavičius,,1,No Elo Data,
Audrius Žuta,,1,No Elo Data,
August Foe a Man,,1,No Elo Data,
August Starek,,1,No Elo Data,
Augustine Ahinful,,1,No Elo Data,
Augusto Espinoza,,1,No Elo Data,
Augusto Silva,,1,No Elo Data,
Augustus Kargbo,Sierra Leone,1,No Elo Data,67.0
Aung Khin,,1,No Elo Data,
Aurel Ţicleanu,,1,No Elo Data,
Aurelijus Skarbalius,,2,No Elo Data,
Aurelio Domínguez,,1,No Elo Data,
Aurelio González,,2,No Elo Data,
Aurelio Martínez,,1,No Elo Data,
Aurelio Vidmar,,3,No Elo Data,
Aurélien Chedjou,,1,No Elo Data,
Aurélien Joachim,,5,No Elo Data,
Aurélien Tchouaméni,,1,No Elo Data,
Ausberto García,,2,No Elo Data,
Austin Berry,,2,No Elo Data,
Austin Huggins,,2,No Elo Data,
Austin Makacha,,1,No Elo Data,
Avi Cohen,,2,No Elo Data,
Avi Nimni,,4,No Elo Data,
Avondale Williams,,1,No Elo Data,
Awad Koka,,1,No Elo Data,
Awer Mabil,,1,No Elo Data,
Axel Méyé,,1,No Elo Data,
Axel Temataua,,2,No Elo Data,
Axel Tuanzebe,DR Congo,1,-2.0,73.0
Axel Witsel,,3,No Elo Data,
Ayan Sadakov,,2,No Elo Data,
Ayase Ueda,Japan,4,19.0,74.0
Aydın Yelken,,1,No Elo Data,
Ayhan Elmastaşoğlu,,2,No Elo Data,
Ayman Mansour,,2,No Elo Data,
Aymen Abdennour,,1,No Elo Data,
Aymen Hussein,,11,No Elo Data,
Aymeric Laporte,,1,No Elo Data,
Ayoub El Kaabi,Morocco,2,60.5,80.0
Ayouba Kosiah,,1,No Elo Data,
Aziz Behich,,3,No Elo Data,
Aziz Bouhaddouz,,2,No Elo Data,
Azizbek Haydarov,,1,No Elo Data,
Azizbek Turgunboev,,2,No Elo Data,
Azizol Abu Haniffah,,1,No Elo Data,
Azman Adnan,,4,No Elo Data,
Azzedine Ounahi,Morocco,3,13.33,76.0
Aïssa Laïdouni,,1,No Elo Data,
Aïssa Mandi,Algeria,1,-95.0,75.0
Baba Otu Mohammed,,1,No Elo Data,
Babacar Gueye,,1,No Elo Data,
Babatounde Bello,,1,No Elo Data,
Babiker Santo,,1,No Elo Data,
Babkin Melikian,,1,No Elo Data,
Bachirou Osseni,,1,No Elo Data,
Bachirou Salou,,1,No Elo Data,
Backer Aloenouvo,,1,No Elo Data,
Badar Al-Maimani,,1,No Elo Data,
Badawi Abdel Fattah,,1,No Elo Data,
Bader Al-Mutawa,,3,No Elo Data,
Bader Nasser,,1,No Elo Data,
Badr Haji,,1,No Elo Data,
Badran Al-Shagran,,2,No Elo Data,
Baghdad Bounedjah,,5,No Elo Data,
Baha' Abdel-Rahman,,2,No Elo Data,
Baha' Faisal,,3,No Elo Data,
Bahodir Nasimov,,1,No Elo Data,
Bai Malleh Wadda,,1,No Elo Data,
Baichung Bhutia,,1,No Elo Data,
Bailey Cadamarteri,,2,No Elo Data,
Bakalevu Moceimereke,,1,No Elo Data,
Bakaye Traoré,,1,No Elo Data,
Bakhit Alabadla,,1,No Elo Data,
Bakhtiyar Zaynutdinov,,6,No Elo Data,
Bakhtiyor Ashurmatov,,1,No Elo Data,
Bakri Ibni,,1,No Elo Data,
Balal Arezou,,1,No Elo Data,
Baltazar,Brazil,4,41.0,68.0
Balázs Dzsudzsák,,3,No Elo Data,
Bambang Nurdiansyah,,3,No Elo Data,
Bambang Pamungkas,,1,No Elo Data,
Banana Yaya,,2,No Elo Data,
Bancy Hernández,,2,No Elo Data,
Banou Diawara,,1,No Elo Data,
Barnabás Varga,Hungary,5,No Elo Data,75.0
Barrios Zapata,,1,No Elo Data,
Barry Ferguson,,2,No Elo Data,
Barry Hulshoff,,2,No Elo Data,
Bart Goor,,2,No Elo Data,
Bart McGhee,,1,No Elo Data,
Bartosz Bosacki,,2,No Elo Data,
Bartosz Karwan,,1,No Elo Data,
Barış Alper Yılmaz,Turkey,1,54.0,80.0
Basanta Thapa,,1,No Elo Data,
Basaula Lemba,,1,No Elo Data,
Bashar Abdulaziz,,1,No Elo Data,
Bashar Abdullah,,4,No Elo Data,
Bashar Rashid,,1,No Elo Data,
Bashar Resan,,1,No Elo Data,
Bashar Srour,,1,No Elo Data,
Basheer Saeed,,1,No Elo Data,
Basile Boli,,1,No Elo Data,
Basile de Carvalho,,1,No Elo Data,
Bassala Touré,,1,No Elo Data,
Bassam Al-Rawi,,2,No Elo Data,
Bassam Jeridi,,4,No Elo Data,
Bastian Schweinsteiger,,4,No Elo Data,
Batman Furigi,,1,No Elo Data,
Batram Suri,,4,No Elo Data,
Bauyrzhan Turysbek,,1,No Elo Data,
Bayazir al-Said,,2,No Elo Data,
Bazoumana Touré,Ivory Coast,1,48.0,70.0
Bebeto,Brazil,7,-10.75,70.0
Bebé,,1,No Elo Data,
Beder Caicedo,,1,No Elo Data,
Bedri Omuri,,2,No Elo Data,
Begençmuhammet Kulyýew,,4,No Elo Data,
Behram Abduweli,China PR,1,No Elo Data,59.0
Behtash Fariba,,3,No Elo Data,
Bekim Balaj,,2,No Elo Data,
Bekuretsion Gebre-Hiwot,,1,No Elo Data,
Ben Acheampong,,2,No Elo Data,
Ben Badi,,1,No Elo Data,
Ben Brereton Díaz,,3,No Elo Data,
Ben Chilwell,,1,No Elo Data,
Ben Davies,,1,No Elo Data,
Ben Federspiel,,1,No Elo Data,
Ben Iroha,,1,No Elo Data,
Ben Olsen,,1,No Elo Data,
Ben Sahar,,1,No Elo Data,
Ben Waine,,2,No Elo Data,
Ben Woodburn,,1,No Elo Data,
Benas Šatkus,,1,No Elo Data,
Benedict Akwuegbu,,1,No Elo Data,
Benedicto Godoy Véizaga,,2,No Elo Data,
Bengally Sylla,,2,No Elo Data,
Benigno Apocada,,1,No Elo Data,
Benigno Gutiérrez,,2,No Elo Data,
Benito Armingol,,1,No Elo Data,
Benjaloud Youssouf,,1,No Elo Data,
Benjamin Büchel,,1,No Elo Data,
Benjamin Kololli,Kosovo,1,No Elo Data,68.0
Benjamin Källman,Finland,2,No Elo Data,72.0
Benjamin Moukandjo,,1,No Elo Data,
Benjamin Nygren,Sweden,1,-84.0,73.0
Benjamin Pavard,France,3,59.0,84.0
Benjamin Tahirović,Bosnia and Herzegovina,1,87.0,67.0
Benjamin Totori,,3,No Elo Data,
Benjamin Verbič,,3,No Elo Data,
Benjamin Šeško,Slovenia,6,No Elo Data,80.0
Benjamín Galindo,,6,No Elo Data,
Benjani Mwaruwari,,2,No Elo Data,
Benni McCarthy,,7,No Elo Data,
Benny Feilhaber,,1,No Elo Data,
Benny Nielsen,,1,No Elo Data,
Bent Christensen Arensøe,,2,No Elo Data,
Bent Jensen,,1,No Elo Data,
Bep Bakhuys,,3,No Elo Data,
Berat Djimsiti,,1,No Elo Data,
Bereket Desta,,1,No Elo Data,
Bernard Chanda,,3,No Elo Data,
Bernard Genghini,,3,No Elo Data,
Bernard Lacombe,,1,No Elo Data,
Bernard N'Guessan,,2,No Elo Data,
Bernard Parker,,3,No Elo Data,
Bernard Tchoutang,,3,No Elo Data,
Bernard Voorhoof,,2,No Elo Data,
Bernardo Añor,,1,No Elo Data,
Bernardo Redín,,1,No Elo Data,
Bernardo Silva,Portugal,7,-1.33,84.0
Bernd Bransch,,1,No Elo Data,
Bernd Hölzenbein,,2,No Elo Data,
Bernd Krauss,,1,No Elo Data,
Bernd Schuster,,1,No Elo Data,
Bernhard Cullmann,,2,No Elo Data,
Bernhard Klodt,,1,No Elo Data,
Bert Patenaude,,1,No Elo Data,
Berti Vogts,,1,No Elo Data,
Bertrand Crasson,,1,No Elo Data,
Bertrand Kaï,,1,No Elo Data,
Bertrand Traoré,,2,No Elo Data,
Bertuğ Yıldırım,,1,No Elo Data,
Besart Abdurahimi,,1,No Elo Data,
Besnik Hasi,,2,No Elo Data,
Bessam,,1,No Elo Data,
Bharat Khawas,,1,No Elo Data,
Bhupinder Thakur,,1,No Elo Data,
Bibiano Zapirain,,2,No Elo Data,
Bibras Natcho,,1,No Elo Data,
Bijou Kisombe Mundaba,,1,No Elo Data,
Bikash Panji,,2,No Elo Data,
Bilal Al-Laham,,1,No Elo Data,
Bilal El Khannouss,Morocco,1,38.0,76.0
Bilal Mohammed,,2,No Elo Data,
Bilal Sidibé,,1,No Elo Data,
Bill Looby,,1,No Elo Data,
Bill Tuiloma,,1,No Elo Data,
Billy Bremner,,1,No Elo Data,
Billy Dodds,,3,No Elo Data,
Billy Forbes,,1,No Elo Data,
Billy Hamilton,Scotland,2,-7.0,65.0
Billy McAdams,,1,No Elo Data,
Billy McKinlay,,2,No Elo Data,
Billy Wright,,4,No Elo Data,
Biram Kayal,,1,No Elo Data,
Birkir Bjarnason,,4,No Elo Data,
Birkir Már Sævarsson,,3,No Elo Data,
Björn Andersson,,1,No Elo Data,
Björn Bergmann Sigurðarson,,1,No Elo Data,
Bjørn Maars Johnsen,,2,No Elo Data,
Blagoje Marjanović,,1,No Elo Data,
Blagoy Georgiev,,2,No Elo Data,
Blaise Matuidi,,1,No Elo Data,
Blaise Nkufo,,4,No Elo Data,
Blas Pérez,,8,No Elo Data,
Blas Saruppo,,2,No Elo Data,
Blati Touré,,1,No Elo Data,
Bledar Kola,,1,No Elo Data,
Blessing Makunike,,1,No Elo Data,
Bo Börjesson,,2,No Elo Data,
Bo Larsson,,1,No Elo Data,
Boaz Kofman,,1,No Elo Data,
Bob Iarusci,,1,No Elo Data,
Bob Latchford,,1,No Elo Data,
Boban Nikolov,,2,No Elo Data,
Bobby Charlton,,5,No Elo Data,
Bobby Convey,,1,No Elo Data,
Bobby Despotovski,,1,No Elo Data,
Bobby Hogg,,1,No Elo Data,
Bobby Lennox,,1,No Elo Data,
Bobby Murdoch,,2,No Elo Data,
Bobby Wood,,4,No Elo Data,
Bobo Bola,,1,No Elo Data,
Bodunha,,2,No Elo Data,
Bogdan Stancu,,4,No Elo Data,
Bohdan Masztaler,,1,No Elo Data,
Boitumelo Mafoko,,1,No Elo Data,
Bojan Miovski,North Macedonia,3,No Elo Data,72.0
Boldyn Buman-Uchral,,1,No Elo Data,
Bonaventure Djonkep,,2,No Elo Data,
Bonaventure Kalou,,4,No Elo Data,
Bongani Khumalo,,1,No Elo Data,
Bongani Zungu,,2,No Elo Data,
Bongokuhle Hlongwane,South Africa,1,33.0,71.0
Boniek García,,2,No Elo Data,
Boniface Simutowe,,1,No Elo Data,
Boraî Bashir,,1,No Elo Data,
Boris Tatushin,,1,No Elo Data,
Borislav Dimitrov,,1,No Elo Data,
Borna Barišić,,1,No Elo Data,
Borna Sosa,Croatia,1,-65.0,73.0
Boualem Khoukhi,Qatar,3,0.67,71.0
Boubacar Sanogo,,3,No Elo Data,
Bouchaib El Moubarki,,1,No Elo Data,
Boudewijn Zenden,,3,No Elo Data,
Boujemaa Benkhrif,,1,No Elo Data,
Boulat Esmagambetov,,2,No Elo Data,
Boulaye Dia,Senegal,2,43.0,80.0
Bozhidar Kraev,Bulgaria,1,No Elo Data,69.0
Bozhil Kolev,,2,No Elo Data,
Bořek Dočkal,,3,No Elo Data,
Boško Balaban,,4,No Elo Data,
Boško Gjurovski,,1,No Elo Data,
Boško Janković,,2,No Elo Data,
Boštjan Cesar,,5,No Elo Data,
Brad Evans,,1,No Elo Data,
Bradley Barcola,France,1,7.0,84.0
Brahim Díaz,,3,No Elo Data,
Brahim Kerrit,,1,No Elo Data,
Brahim Zafour,,1,No Elo Data,
Brahima Korbeogo,,1,No Elo Data,
Braian Samudio,,1,No Elo Data,
Branco,Netherlands,3,-7.0,73.0
Brandley Kuwas,,1,No Elo Data,
Brandon Barzey,,1,No Elo Data,
Brandon McDonald,,1,No Elo Data,
Brandon Vázquez,United States,1,-43.0,73.0
Brandur Hendriksson,,1,No Elo Data,
Branislav Ivanović,,3,No Elo Data,
Branko Brnovic,,1,No Elo Data,
Branko Oblak,,2,No Elo Data,
Branko Zebec,,1,No Elo Data,
Brayan Gil,,1,No Elo Data,
Brede Hangeland,,3,No Elo Data,
Breel Embolo,,7,No Elo Data,
Brehima Traoré,,2,No Elo Data,
Brek Shea,,2,No Elo Data,
Brendan Augustine,,1,No Elo Data,
Brendan Gan,,1,No Elo Data,
Brennan Johnson,,2,No Elo Data,
Brent Fisher,,1,No Elo Data,
Brent Sancho,,1,No Elo Data,
Brett Emerton,,3,No Elo Data,
Brett Holman,,3,No Elo Data,
Brian Brendell,,1,No Elo Data,
Brian Brobbey,,1,No Elo Data,
Brian Ching,,3,No Elo Data,
Brian Flynn,,1,No Elo Data,
Brian Haynes,,1,No Elo Data,
Brian Kaltak,Vanuatu,1,No Elo Data,68.0
Brian Laudrup,,7,No Elo Data,
Brian McBride,,10,No Elo Data,
Brian McClair,,1,No Elo Data,
Brian Mwila,,1,No Elo Data,
Brian Onyango,,1,No Elo Data,
Brian Philley,,1,No Elo Data,
Brian Said,,1,No Elo Data,
Brian Turner,,3,No Elo Data,
Brice Mackaya,,3,No Elo Data,
Briel Thomas,,1,No Elo Data,
Brighton Sinyangwe,,2,No Elo Data,
Bronisław Bula,,1,No Elo Data,
Bruce Murray,,2,No Elo Data,
Bruce Rioch,,1,No Elo Data,
Brunel Fucien,,1,No Elo Data,
Bruno Akrapović,,1,No Elo Data,
Bruno Alves,,4,No Elo Data,
Bruno Bellone,,1,No Elo Data,
Bruno Ecuele Manga,,3,No Elo Data,
Bruno Fernandes,Portugal,6,12.25,87.0
Bruno Martins Indi,,1,No Elo Data,
Bruno Michaud,,1,No Elo Data,
Bruno Miranda,,1,No Elo Data,
Bruno Mora,,1,No Elo Data,
Bruno Petković,Croatia,4,29.67,76.0
Bruno Pezzey,,4,No Elo Data,
Bruno Valdez,,1,No Elo Data,
Bruno Zita Mbanangoyé,,1,No Elo Data,
Bryan Hamilton,,1,No Elo Data,
Bryan Mbeumo,,1,No Elo Data,
Bryan Meyo,,1,No Elo Data,
Bryan Oviedo,,1,No Elo Data,
Bryan Robson,,4,No Elo Data,
Bryan Roy,,2,No Elo Data,
Bryan Ruiz,,10,No Elo Data,
Bryan Zaragoza,Spain,1,145.0,77.0
Brynjar Gunnarsson,,2,No Elo Data,
Budi Sudarsono,,2,No Elo Data,
Budu Zivzivadze,Georgia,2,No Elo Data,72.0
Bukayo Saka,England,2,14.0,88.0
Burak Yılmaz,,9,No Elo Data,
Burhan Sargın,,2,No Elo Data,
Burton Mugala,,1,No Elo Data,
Bushara Abdel-Nadief,,1,No Elo Data,
Buzz Parsons,,1,No Elo Data,
Byron Bonilla,,1,No Elo Data,
Byron Pérez,,1,No Elo Data,
Byron Tenorio,,1,No Elo Data,
Byun Byung-joo,,3,No Elo Data,
Bálint Vécsei,,1,No Elo Data,
Bård Borgersen,,1,No Elo Data,
Béla Illés,,2,No Elo Data,
Béla Várady,,1,No Elo Data,
Bülent Korkmaz,,2,No Elo Data,
Caetano Izzo,,1,No Elo Data,
Cain Attard,,1,No Elo Data,
Caio Canedo,,3,No Elo Data,
Caio Lucas,,1,No Elo Data,
Caio Ribeiro Decoussau,,1,No Elo Data,
Caleb Yirenkyi,,1,No Elo Data,
Callum McCowatt,,1,No Elo Data,
Callum McGregor,,2,No Elo Data,
Callum Robinson,,1,No Elo Data,
Calvin Bassey,Nigeria,1,No Elo Data,78.0
Calvin Stengs,Netherlands,1,-103.0,76.0
Cameron Burgess,,2,No Elo Data,
Cameron Howieson,,1,No Elo Data,
Camille Dimmer,,1,No Elo Data,
Camillo Gonsalves,,1,No Elo Data,
Camillo Jerusalem,,1,No Elo Data,
Camilo Romero,,1,No Elo Data,
Campbell Best,,2,No Elo Data,
Caniggia Elva,,2,No Elo Data,
Capucho,,1,No Elo Data,
Careca,,5,No Elo Data,
Carey Harris,,1,No Elo Data,
Carl Bertelsen,,1,No Elo Data,
Carl Emil Christiansen,,1,No Elo Data,
Carl Harris,,1,No Elo Data,
Carl Medjani,,1,No Elo Data,
Carl Veart,,2,No Elo Data,
Carles Puyol,,1,No Elo Data,
Carles Rexach,,1,No Elo Data,
Carlo Corazzin,,5,No Elo Data,
Carlo Costly,,8,No Elo Data,
Carlo Valentini,,1,No Elo Data,
Carlos Aguilera,,3,No Elo Data,
Carlos Alberto Raffo,,3,No Elo Data,
Carlos Aragonés,,3,No Elo Data,
Carlos Arango,,2,No Elo Data,
Carlos Bacca,,3,No Elo Data,
Carlos Bernárdez,,1,No Elo Data,
Carlos Bocanegra,,6,No Elo Data,
Carlos Borges,,2,No Elo Data,
Carlos Bueno,,3,No Elo Data,
Carlos Campillo,,2,No Elo Data,
Carlos Campos Sánchez,,1,No Elo Data,
Carlos Castro Borja,,2,No Elo Data,
Carlos Caszely,,4,No Elo Data,
Carlos Cecconato,,1,No Elo Data,
Carlos Chavarría,,1,No Elo Data,
Carlos Eduardo Estrada,,1,No Elo Data,
Carlos Eduardo Gallardo,,1,No Elo Data,
Carlos Elizeche,,1,No Elo Data,
Carlos Fumo Gonçalves,,1,No Elo Data,
Carlos Gamarra,,4,No Elo Data,
Carlos González,,1,No Elo Data,
Carlos Gruezo,,1,No Elo Data,
Carlos Harvey,,1,No Elo Data,
Carlos Hermosillo,,4,No Elo Data,
Carlos Hernández,Spain,1,-40.0,65.0
Carlos Hidalgo,,1,No Elo Data,
Carlos Humberto Paredes,,4,No Elo Data,
Carlos Humberto Suazo,,2,No Elo Data,
Carlos Jara Saguier,,2,No Elo Data,
Carlos José Báez,,1,No Elo Data,
Carlos Lobatón,,1,No Elo Data,
Carlos Manuel,Guinea-Bissau,5,No Elo Data,73.0
Carlos Marchena,,1,No Elo Data,
Carlos María Morales,,1,No Elo Data,
Carlos Mejía,,1,No Elo Data,
Carlos Morais Caló,,2,No Elo Data,
Carlos Muñoz,,3,No Elo Data,
Carlos Pavón,,12,No Elo Data,
Carlos Peucelle,,2,No Elo Data,
Carlos Regales,,2,No Elo Data,
Carlos Rivas,Bolivia,2,No Elo Data,62.0
Carlos Rojas,,1,No Elo Data,
Carlos Ruiz,Spain,16,14.57,67.0
Carlos Salcido,,5,No Elo Data,
Carlos Saucedo,,1,No Elo Data,
Carlos Scarone,,2,No Elo Data,
Carlos Soler,Spain,1,-40.0,77.0
Carlos Sánchez,,1,No Elo Data,
Carlos Tenorio,,3,No Elo Data,
Carlos Tevez,,3,No Elo Data,
Carlos Torres Garcés,,1,No Elo Data,
Carlos Valderrama,,1,No Elo Data,
Carlos Varela,,1,No Elo Data,
Carlos Vela,,4,No Elo Data,
Carlos Verdejo,,1,No Elo Data,
Carlos Vidal,,1,No Elo Data,
Carlos Villanueva,,1,No Elo Data,
Carlos Vivo Goban,,1,No Elo Data,
Carlton Chapman,,1,No Elo Data,
Carmel Busuttil,,4,No Elo Data,
Carmelo Micciche,,1,No Elo Data,
Carsten Jancker,,1,No Elo Data,
Carvalho Leite,,1,No Elo Data,
Casemiro,Brazil,4,-12.75,80.0
Casiano Mba,,1,No Elo Data,
Catalino Rivarola,,2,No Elo Data,
Catilina Aubameyang,,1,No Elo Data,
Cayetano Ré,,2,No Elo Data,
Cecilio Martínez,,2,No Elo Data,
Cecilio Waterman,,1,No Elo Data,
Cedric Bakambu,DR Congo,1,117.0,77.0
Cedric Itten,,3,No Elo Data,
Ceferino Ramírez,,1,No Elo Data,
Celino Mora,,3,No Elo Data,
Celso Ayala,,1,No Elo Data,
Celso Borges,,7,No Elo Data,
Cemil Turan,,3,No Elo Data,
Cengiz Ünder,Turkey,4,-38.0,76.0
Cenk Tosun,Turkey,5,8.0,72.0
Cesc Fàbregas,,2,No Elo Data,
Cha Bum-kun,,3,No Elo Data,
Cha Du-ri,,1,No Elo Data,
Chaabane Merzekane,,1,No Elo Data,
Chadi Hammami,,1,No Elo Data,
Chadrac Akolo,,1,No Elo Data,
Chaminda Steinwall,,1,No Elo Data,
Chan Ho Man,,1,No Elo Data,
Chan Siu Ki,,1,No Elo Data,
Chan Siu Kwan,,1,No Elo Data,
Chan Vathanaka,,1,No Elo Data,
Chanathip Songkrasin,,1,No Elo Data,
Chancel Mbemba,DR Congo,3,40.0,75.0
Chandradasa Karunaratne,,1,No Elo Data,
Chang Han,,1,No Elo Data,
Channa Ediri Bandanage,,2,No Elo Data,
Chaouki Ben Saada,,1,No Elo Data,
Charalampos Charalampous,,1,No Elo Data,
Charitha Rathnayake,,1,No Elo Data,
Charles Akonnor,,3,No Elo Data,
Charles Amoah,,1,No Elo Data,
Charles Antenen,,2,No Elo Data,
Charles Aránguiz,,3,No Elo Data,
Charles Ashley,,1,No Elo Data,
Charles Hambira,,1,No Elo Data,
Charles Hertig,,1,No Elo Data,
Charles Imboula,,1,No Elo Data,
Charles Kaboré,,1,No Elo Data,
Charles Lota,,1,No Elo Data,
Charles M'Mombwa,,2,No Elo Data,
Charles Pickel,,2,No Elo Data,
Charlie Davies,,2,No Elo Data,
Charlie Eliazar,,2,No Elo Data,
Charlie Fleming,,1,No Elo Data,
Charlie Nicholas,,2,No Elo Data,
Charlie Yankos,,2,No Elo Data,
Charlison Benschop,,1,No Elo Data,
Charlton Vicento,,1,No Elo Data,
Charly Loubet,,2,No Elo Data,
Charly Musonda,,1,No Elo Data,
Chaswe Nsofwa,,1,No Elo Data,
Chavdar Tsvetkov,,1,No Elo Data,
Chavdar Yankov,,1,No Elo Data,
Chawanangwa Kawonga,,2,No Elo Data,
Che Adams,,2,No Elo Data,
Che Bunce,,1,No Elo Data,
Che Chi Man,,1,No Elo Data,
Chea Makara,,2,No Elo Data,
Cheick Diabaté,,4,No Elo Data,
Cheick Tioté,,1,No Elo Data,
Cheikh Ba,Senegal,1,-69.0,79.0
Cheikh Gueye,,1,No Elo Data,
Cheikh Moulaye Ahmed,,1,No Elo Data,
Cheikh Ndour,,1,No Elo Data,
Cheikhou Kouyaté,,2,No Elo Data,
Chen Jingang,,2,No Elo Data,
Chen Jui-te,,1,No Elo Data,
Chen Po-liang,,1,No Elo Data,
Chen Tao,,1,No Elo Data,
Chencho Gyeltshen,,2,No Elo Data,
Cheng Siu Wai,,1,No Elo Data,
Cherdsak Chaiyabutr,,1,No Elo Data,
Chernor Mansaray,,1,No Elo Data,
Chico Borja,,1,No Elo Data,
Chico Faria,Portugal,1,115.0,70.0
Chidera Ejuke,Nigeria,1,No Elo Data,78.0
Chifundo Mphasi,,1,No Elo Data,
Chiukepo Msowoya,,5,No Elo Data,
Cho Gue-sung,,4,No Elo Data,
Cho In-Chol,,2,No Elo Data,
Cho Yoon-ok,,2,No Elo Data,
Cho Young-cheol,,1,No Elo Data,
Choe Kum-chol,,2,No Elo Data,
Choi Chung-min,,1,No Elo Data,
Choi Jae-pil,,1,No Elo Data,
Choi Jong-duk,,1,No Elo Data,
Choi Kwang-seok,,1,No Elo Data,
Choi Kwang-suk,,1,No Elo Data,
Choi Soon-ho,,4,No Elo Data,
Choi Won-nam,,3,No Elo Data,
Choi Yong-soo,,2,No Elo Data,
Cholponbek Esenkul Uulu,,1,No Elo Data,
Chris Baird,,1,No Elo Data,
Chris Birchall,,1,No Elo Data,
Chris Brunt,,1,No Elo Data,
Chris Coleman,,2,No Elo Data,
Chris Jackson,,1,No Elo Data,
Chris Killen,,2,No Elo Data,
Chris Malonga,,1,No Elo Data,
Chris Martin,,3,No Elo Data,
Chris McGrath,,1,No Elo Data,
Chris Megaloudis,,1,No Elo Data,
Chris Nicholl,,2,No Elo Data,
Chris Nurse,,1,No Elo Data,
Chris Richards,,1,No Elo Data,
Chris Waddle,,1,No Elo Data,
Chris Wondolowski,,1,No Elo Data,
Chris Wood,,7,No Elo Data,
Christ Bongo,,1,No Elo Data,
Christian Atsu,,1,No Elo Data,
Christian Benteke,Belgium,5,23.25,75.0
Christian Benítez,,2,No Elo Data,
Christian Bolaños,,2,No Elo Data,
Christian Callejas,,1,No Elo Data,
Christian Chukwu,,2,No Elo Data,
Christian Coste,,1,No Elo Data,
Christian Cueva,,5,No Elo Data,
Christian Dailly,,3,No Elo Data,
Christian Eriksen,,12,No Elo Data,
Christian García,,2,No Elo Data,
Christian Høgni Jacobsen,,1,No Elo Data,
Christian Javier Bautista,,1,No Elo Data,
Christian Karembeu,,1,No Elo Data,
Christian Kofane,,1,No Elo Data,
Christian Kouamé,,1,No Elo Data,
Christian Lara,,1,No Elo Data,
Christian Lopez,,1,No Elo Data,
Christian Matthey,,1,No Elo Data,
Christian Mayrleb,,2,No Elo Data,
Christian Noboa,,1,No Elo Data,
Christian Obodo,,2,No Elo Data,
Christian Panucci,,3,No Elo Data,
Christian Poulsen,,1,No Elo Data,
Christian Pulisic,,6,No Elo Data,
Christian Ramos,,1,No Elo Data,
Christian Vieri,,6,No Elo Data,
Christian Wilhelmsson,,2,No Elo Data,
Christian Ziege,,2,No Elo Data,
Christoph Baumgartner,Austria,9,26.0,77.0
Christoph Metzelder,,1,No Elo Data,
Christophe Berra,,1,No Elo Data,
Christophe Bonvin,,1,No Elo Data,
Christophe Dugarry,,3,No Elo Data,
Christophe Nduwarugira,,1,No Elo Data,
Christophe Ohrel,,2,No Elo Data,
Christopher Katongo,,7,No Elo Data,
Christopher Nkunku,,2,No Elo Data,
Christopher Samba,,1,No Elo Data,
Christopher Wooh,,1,No Elo Data,
Christopher Wreh,,1,No Elo Data,
Christopher van Huizen,,1,No Elo Data,
Christos Kolliandris,,1,No Elo Data,
Chu Gyong-Sik,,1,No Elo Data,
Chu Siu Kei,,2,No Elo Data,
Chu Wing Wah,,1,No Elo Data,
Chuan Tan Teng,,1,No Elo Data,
Chuang Yao-tsung,,1,No Elo Data,
Chung Chor Wai,,2,No Elo Data,
Chung Hae-won,,3,No Elo Data,
Chung Nam-sik,,2,No Elo Data,
Chung Soon-cheon,,3,No Elo Data,
Chung Yong-Hwan,,1,No Elo Data,
Chus Pereda,,2,No Elo Data,
Chérif Oudjani,,1,No Elo Data,
Chérif Souleymane,,1,No Elo Data,
Chérif Touré Mamam,,3,No Elo Data,
Ciaran Clark,,1,No Elo Data,
Ciprian Deac,,2,No Elo Data,
Ciprian Marica,,4,No Elo Data,
Cipriano Co,,1,No Elo Data,
Ciriaco Sforza,,1,No Elo Data,
Ciro Immobile,Italy,5,No Elo Data,78.0
Clarence Goodson,,3,No Elo Data,
Clarence Seedorf,,4,No Elo Data,
Claude Carrara,,1,No Elo Data,
Claude Nahimana,,2,No Elo Data,
Claude Némurin,,1,No Elo Data,
Claudio Caniggia,,8,No Elo Data,
Claudio Gentile,,1,No Elo Data,
Claudio López,,4,No Elo Data,
Claudio Pizarro,,4,No Elo Data,
Claudio Reyna,,1,No Elo Data,
Claudio Sulser,,2,No Elo Data,
Claudiu Keșerü,,3,No Elo Data,
Claus Bech Jørgensen,,1,No Elo Data,
Claus Jensen,,2,No Elo Data,
Claus Lundekvam,,1,No Elo Data,
Clayton Donaldson,,1,No Elo Data,
Clayton Failla,,2,No Elo Data,
Clayton Zane,,1,No Elo Data,
Cle Kooiman,,1,No Elo Data,
Clemens Fritz,,1,No Elo Data,
Clement Temile,,2,No Elo Data,
Clemente Rolón,,1,No Elo Data,
Clevon Hill,,1,No Elo Data,
Clifton Sandvliet,,1,No Elo Data,
Clint Dempsey,,18,No Elo Data,
Clint Marcelle,,1,No Elo Data,
Clint Mathis,,2,No Elo Data,
Clinton Morrison,,1,No Elo Data,
Clinton N'Jie,,1,No Elo Data,
Clive Murray,,1,No Elo Data,
Clodoaldo,,1,No Elo Data,
Cloudious Zviripayi,,1,No Elo Data,
Clyde Best,,1,No Elo Data,
Cléber Chalá,,2,No Elo Data,
Clément Couturier,,1,No Elo Data,
Clésio,,2,No Elo Data,
Cobi Jones,,3,No Elo Data,
Cody Gakpo,,9,No Elo Data,
Cole Palmer,,1,No Elo Data,
Colin Bell,,1,No Elo Data,
Colin Clarke,,3,No Elo Data,
Colin Curran,,1,No Elo Data,
Colin Hendry,,1,No Elo Data,
Colin Hill,,1,No Elo Data,
Colin Miller,,2,No Elo Data,
Collin Samuel,,1,No Elo Data,
Collins Mbesuma,,2,No Elo Data,
Comlan Lambert Sossa,,1,No Elo Data,
Commins Menapi,,3,No Elo Data,
Con Boutsianis,,1,No Elo Data,
Connor Metcalfe,,1,No Elo Data,
Conny Torstensson,,2,No Elo Data,
Conor Casey,,2,No Elo Data,
Conor Hourihane,,1,No Elo Data,
Conor Washington,,1,No Elo Data,
Constantin Budescu,,2,No Elo Data,
Constantin Stanciu,,1,No Elo Data,
Constantinos Charalambides,,2,No Elo Data,
Constantinos Makrides,,2,No Elo Data,
Cor van der Gijp,,1,No Elo Data,
Corentin Tolisso,France,1,-46.0,81.0
Cornelius Casey,,1,No Elo Data,
Cornelius Stewart,,1,No Elo Data,
Cornell Glen,,2,No Elo Data,
Corry Evans,,2,No Elo Data,
Cory Burke,,1,No Elo Data,
Cosmin Contra,,1,No Elo Data,
Costa Khaiseb,,1,No Elo Data,
Costinha,Portugal,1,106.0,75.0
Covi Adé,,1,No Elo Data,
Craig Beattie,,1,No Elo Data,
Craig Bellamy,,4,No Elo Data,
Craig Burley,,2,No Elo Data,
Craig Goodwin,,1,No Elo Data,
Craig Mackail-Smith,,1,No Elo Data,
Craig Moore,,1,No Elo Data,
Crescencio Gutiérrez,,2,No Elo Data,
Cris,,1,No Elo Data,
Cristian Arrieta,,1,No Elo Data,
Cristian Chivu,,1,No Elo Data,
Cristian Gamboa,,1,No Elo Data,
Cristian Gil,,1,No Elo Data,
Cristian Gonzáles,,3,No Elo Data,
Cristian Martínez,,4,No Elo Data,
Cristian Montecinos,,2,No Elo Data,
Cristian Riveros,,2,No Elo Data,
Cristian Rodríguez,Spain,3,19.33,66.0
Cristian Zaccardo,,2,No Elo Data,
Cristiano Biraghi,Italy,1,No Elo Data,78.0
Cristiano Ronaldo,Portugal,54,-1.85,85.0
Cristián Zapata,,1,No Elo Data,
Cristóbal Parralo,,1,No Elo Data,
Csaba Vidáts,,1,No Elo Data,
Cuauhtémoc Blanco,,16,No Elo Data,
Curtis Joseph,,2,No Elo Data,
Cyle Larin,,14,No Elo Data,
Cyriaque Irié,,1,No Elo Data,
Cyrille Makanaky,,1,No Elo Data,
Cyrus Christie,,1,No Elo Data,
Cédric Amissi,,1,No Elo Data,
Cédric Bakambu,,3,No Elo Data,
Cédrick Fiston,,1,No Elo Data,
Célestin Ecua,,1,No Elo Data,
Célestin Oliver,,1,No Elo Data,
César Blackman,,2,No Elo Data,
César Brito,,1,No Elo Data,
César Cabrera,,1,No Elo Data,
César Cueto,,1,No Elo Data,
César Eduardo González,,2,No Elo Data,
César Lolohea,,2,No Elo Data,
César López Fretes,,2,No Elo Data,
César Montes,,1,No Elo Data,
César Obando,,3,No Elo Data,
César Sampaio,,2,No Elo Data,
César Socarraz,,1,No Elo Data,
César Yanis,,2,No Elo Data,
D'Andre Bishop,,1,No Elo Data,
DaMarcus Beasley,,4,No Elo Data,
Daan Schrijvers,,1,No Elo Data,
Dadley Fichite,,1,No Elo Data,
Dado Pršo,,3,No Elo Data,
Dagoberto Lara,,1,No Elo Data,
Dagoberto Moll,,1,No Elo Data,
Dahi Al Naemi,,2,No Elo Data,
Dahiru Sadi,,1,No Elo Data,
Dai Davies,,1,No Elo Data,
Daichi Kamada,Japan,5,-0.33,77.0
Dailon Livramento,Cape Verde,3,89.0,70.0
Dale Mitchell,,5,No Elo Data,
Daler Kuzyayev,,1,No Elo Data,
Dalton Eiley,,1,No Elo Data,
Damani Ralph,,1,No Elo Data,
Dame N'Doye,,1,No Elo Data,
Damian Mori,,7,No Elo Data,
Damian Szymański,,1,No Elo Data,
Damion Lowe,,1,No Elo Data,
Damion Stewart,,1,No Elo Data,
Damián Bobadilla,,1,No Elo Data,
Damjan Bohar,,1,No Elo Data,
Damon Ming,,1,No Elo Data,
Dan Biton,,2,No Elo Data,
Dan Brzokoupil,,1,No Elo Data,
Dan Coe,,1,No Elo Data,
Dan Corneliusson,,2,No Elo Data,
Dan Eggen,,1,No Elo Data,
Dan Petrescu,,2,No Elo Data,
Danel Sinani,Luxembourg,4,No Elo Data,69.0
Dangelo Bautista,,1,No Elo Data,
Dango Ouattara,,1,No Elo Data,
Dani Alves,,3,No Elo Data,
Dani Ceballos,Spain,1,-20.0,81.0
Dani Güiza,,2,No Elo Data,
Dani Olmo,Spain,5,32.25,85.0
Dani Osvaldo,,1,No Elo Data,
Daniel Addo,,1,No Elo Data,
Daniel Agger,,3,No Elo Data,
Daniel Amokachi,,3,No Elo Data,
Daniel Anyanzwa,,1,No Elo Data,
Daniel Arismendi,,2,No Elo Data,
Daniel Arudhi Nicodémus,,1,No Elo Data,
Daniel Ballard,,2,No Elo Data,
Daniel Batista Lima,,1,No Elo Data,
Daniel Bertoni,,2,No Elo Data,
Daniel Borimirov,,2,No Elo Data,
Daniel Braaten,,1,No Elo Data,
Daniel Bîrligea,Romania,1,No Elo Data,73.0
Daniel Chitsulo,,1,No Elo Data,
Daniel Cousin,,3,No Elo Data,
Daniel Díaz,Spain,1,-6.0,63.0
Daniel Ebomoa,,1,No Elo Data,
Daniel Fonseca,,4,No Elo Data,
Daniel James,England,3,33.0,61.0
Daniel Jeandupeux,,1,No Elo Data,
Daniel Jensen,,2,No Elo Data,
Daniel Killer,,1,No Elo Data,
Daniel Muñoz,Colombia,3,-15.0,81.0
Daniel Osorno,,1,No Elo Data,
Daniel Pablo,,1,No Elo Data,
Daniel Passarella,,4,No Elo Data,
Daniel Pinto,,1,No Elo Data,
Daniel Prodan,,1,No Elo Data,
Daniel Pudil,,2,No Elo Data,
Daniel Ruiz,,4,No Elo Data,
Daniel Salamanca,,1,No Elo Data,
Daniel Sosah,,3,No Elo Data,
Daniel Sturridge,,4,No Elo Data,
Daniel Ulloa,,1,No Elo Data,
Daniel Van Buyten,,4,No Elo Data,
Daniel Wass,Denmark,1,No Elo Data,71.0
Daniel da Mota,,2,No Elo Data,
Daniel Šmejkal,,1,No Elo Data,
Daniele De Rossi,,8,No Elo Data,
Danilo Montero Campos,,1,No Elo Data,
Danilo Pereira,Portugal,1,28.0,81.0
Danilo Turcios,,3,No Elo Data,
Danival,,1,No Elo Data,
Danko Lazović,,3,No Elo Data,
Danley Jean Jacques,Haiti,1,4.0,70.0
Danny Hay,,1,No Elo Data,
Danny Koevermans,,1,No Elo Data,
Danny Moulis,,3,No Elo Data,
Danny Mrwanda,,2,No Elo Data,
Danny Ward,,1,No Elo Data,
Danny Welbeck,,3,No Elo Data,
Dante Leverock,,2,No Elo Data,
Dante Rossi,,1,No Elo Data,
Dante Sealy,,1,No Elo Data,
Danylo Sikan,Ukraine,1,No Elo Data,74.0
Daníel Leó Grétarsson,Iceland,1,No Elo Data,66.0
Dare Vršič,,1,No Elo Data,
Darijo Srna,,7,No Elo Data,
Darimosuvito Tokijan,,1,No Elo Data,
Dario Khan,,1,No Elo Data,
Dario Đumić,,1,No Elo Data,
Dario Šimić,,2,No Elo Data,
Dario Šits,,2,No Elo Data,
Darius Johnson,,1,No Elo Data,
Darius Maciulevičius,,4,No Elo Data,
Darius Vassell,,1,No Elo Data,
Dariusz Dziekanowski,,3,No Elo Data,
Darko Kovačević,,1,No Elo Data,
Darko Lazović,,1,No Elo Data,
Darko Pančev,,5,No Elo Data,
Darko Velkovski,,3,No Elo Data,
Darren Anderton,,1,No Elo Data,
Darren Debono,,1,No Elo Data,
Darren Fletcher,,3,No Elo Data,
Darren Lok,,1,No Elo Data,
Darren Mattocks,,4,No Elo Data,
Darren McClennan,,1,No Elo Data,
Darryl Gomez,,1,No Elo Data,
Darryl Roberts,,1,No Elo Data,
Darvydas Šernas,,2,No Elo Data,
Darwin Cerén,,1,No Elo Data,
Darwin Lom,,4,No Elo Data,
Darwin Machís,,3,No Elo Data,
Darwin Núñez,,3,No Elo Data,
Daryl Dike,United States,1,113.0,70.0
Daryl Murphy,,2,No Elo Data,
Darío Franco,,1,No Elo Data,
Darío Lezcano,,2,No Elo Data,
Darío Rodríguez,,3,No Elo Data,
Darío Silva,,4,No Elo Data,
Datsakorn Thonglao,,2,No Elo Data,
Dave Clements,,1,No Elo Data,
Dave Mitchell,,2,No Elo Data,
Dave Taylor,,1,No Elo Data,
David Alaba,,5,No Elo Data,
David Beckham,,7,No Elo Data,
David Brekalo,Slovenia,1,No Elo Data,70.0
David Brooks,,3,No Elo Data,
David Buezo,,2,No Elo Data,
David Carabott,,3,No Elo Data,
David Connolly,,1,No Elo Data,
David Cotterill,,1,No Elo Data,
David Douděra,Czechia,2,No Elo Data,74.0
David Edwards,,2,No Elo Data,
David Embé,,2,No Elo Data,
David Fleurival,,1,No Elo Data,
David Giles,,1,No Elo Data,
David Healy,,16,No Elo Data,
David Henry,England,1,35.0,75.0
David Lafata,,1,No Elo Data,
David Limberský,,1,No Elo Data,
David Lowery,,1,No Elo Data,
David Martínez,,1,No Elo Data,
David McGoldrick,,1,No Elo Data,
David Muchineripi,,1,No Elo Data,
David Mulligan,,2,No Elo Data,
David Nakhid,,1,No Elo Data,
David Nyathi,,1,No Elo Data,
David Obua,,1,No Elo Data,
David Ospina,Colombia,1,-3.0,76.0
David Owino,,1,No Elo Data,
David Platt,,4,No Elo Data,
David Raum,Germany,1,-61.0,82.0
David Rugamas,,1,No Elo Data,
David Ruiz,,1,No Elo Data,
David Silva,,7,No Elo Data,
David Siradze,,3,No Elo Data,
David Stokes,,1,No Elo Data,
David Strelec,Slovakia,3,No Elo Data,69.0
David Suazo,,3,No Elo Data,
David Trezeguet,,6,No Elo Data,
David Turpel,,1,No Elo Data,
David Vaughan,,1,No Elo Data,
David Villa,,16,No Elo Data,
David Watson,,1,No Elo Data,
David Weir,,1,No Elo Data,
David Zdrilic,,1,No Elo Data,
David Zeman,,1,No Elo Data,
Davide Frattesi,Italy,3,No Elo Data,81.0
Davie Cooper,,3,No Elo Data,
Davie Wilson,,1,No Elo Data,
Davinson Sánchez,Colombia,2,-7.0,82.0
Davit Mujiri,,1,No Elo Data,
Davor Jozić,,1,No Elo Data,
Davor Vugrinec,,1,No Elo Data,
Davor Šuker,,15,No Elo Data,
Davron Ergashev,,1,No Elo Data,
Davy Klaassen,Netherlands,3,-65.0,77.0
Davy Pröpper,,1,No Elo Data,
Davíð Kristján Ólafsson,Iceland,1,No Elo Data,68.0
Dawit Fekadu,,1,No Elo Data,
Dayot Upamecano,,1,No Elo Data,
Dayro Moreno,,1,No Elo Data,
Dean Saunders,,8,No Elo Data,
Declan Edge,,1,No Elo Data,
Declan Rice,England,3,15.33,87.0
Deco,,1,No Elo Data,
Dede Sulaiman,,1,No Elo Data,
Deividas Česnauskis,,2,No Elo Data,
Deivydas Matulevičius,,2,No Elo Data,
Dejan Damjanović,,3,No Elo Data,
Dejan Jakovic,,1,No Elo Data,
Dejan Kulusevski,Sweden,2,7.0,83.0
Dejan Lovren,Croatia,1,-74.0,72.0
Dejan Savićević,,3,No Elo Data,
Dejan Stanković,,3,No Elo Data,
Dejvi Glavevski,,1,No Elo Data,
Delano Rigters,,1,No Elo Data,
Delfín Benítez Cáceres,,1,No Elo Data,
Delio Gamboa,,1,No Elo Data,
Delio Toledo,,1,No Elo Data,
Delron Buckley,,1,No Elo Data,
Demar Phillips,,3,No Elo Data,
Demarai Gray,,1,No Elo Data,
Demba Malick,,1,No Elo Data,
Deme N'Diaye,,1,No Elo Data,
Demetrio Angola,,1,No Elo Data,
Demetris Christofi,,2,No Elo Data,
Demis Nikolaidis,,1,No Elo Data,
Deng Chyan,,1,No Elo Data,
Denil Maldonado,,1,No Elo Data,
Denis Alibec,Romania,1,No Elo Data,69.0
Denis Bouanga,,2,No Elo Data,
Denis Caniza,,1,No Elo Data,
Denis Cheryshev,,3,No Elo Data,
Denis Drăguș,,1,No Elo Data,
Denis Irwin,,1,No Elo Data,
Denis Laptev,,1,No Elo Data,
Denis Law,,7,No Elo Data,
Denis Obua,,1,No Elo Data,
Denis Vavro,Slovakia,1,No Elo Data,78.0
Denis Zakaria,,1,No Elo Data,
Denis Zmeu,,1,No Elo Data,
Deniss Ivanovs,,1,No Elo Data,
Deniss Rakels,,1,No Elo Data,
Deniz Bozkurt,,1,No Elo Data,
Deniz Gül,Turkey,1,106.0,66.0
Deniz Undav,Germany,4,49.5,80.0
Dennis Alas,,1,No Elo Data,
Dennis Bergkamp,,11,No Elo Data,
Dennis Bryce,,1,No Elo Data,
Dennis Lawrence,,1,No Elo Data,
Dennis Lota,,3,No Elo Data,
Dennis Man,Romania,6,No Elo Data,76.0
Dennis Marshall,,1,No Elo Data,
Dennis Mizzi,,1,No Elo Data,
Dennis Oliech,,4,No Elo Data,
Dennis Praet,Belgium,1,-36.0,73.0
Dennis Rommedahl,,7,No Elo Data,
Dennis Salanović,,2,No Elo Data,
Dennis Wilshaw,,2,No Elo Data,
Dennis Wise,,1,No Elo Data,
Denys Harmash,,1,No Elo Data,
Denzel Dumfries,,4,No Elo Data,
Denílson de Oliveira Araújo,,2,No Elo Data,
Denís Milar,,1,No Elo Data,
Deon Burton,,6,No Elo Data,
Deon Hotto,,1,No Elo Data,
Deon McCaulay,,6,No Elo Data,
Deon Moore,,1,No Elo Data,
Derby Makinka,,1,No Elo Data,
Dereck Somanje,,1,No Elo Data,
Derek Dougan,,2,No Elo Data,
Derek Kevan,,1,No Elo Data,
Derek Spence,,2,No Elo Data,
Derlis González,,3,No Elo Data,
Derlis Soto,,1,No Elo Data,
Dermot Curtis,,1,No Elo Data,
Deroy Duarte,,1,No Elo Data,
Derrick Edwards,,2,No Elo Data,
Derrick Etienne,,1,No Elo Data,
Derrick Luckassen,,1,No Elo Data,
Des Palmer,,1,No Elo Data,
Desiderio Medina,,2,No Elo Data,
Desmond Fa'aiuaso,,1,No Elo Data,
Devarr Boyles,,1,No Elo Data,
Devaun DeGraff,,1,No Elo Data,
Dever Orgill,,1,No Elo Data,
Devi Muka,,1,No Elo Data,
Devon Jarrett,,2,No Elo Data,
Dewan Chand,,1,No Elo Data,
Dexter Blackstock,,1,No Elo Data,
Dezső Novák,,1,No Elo Data,
Dhoraso Klas,,1,No Elo Data,
Dhurgham Ismail,,1,No Elo Data,
Diafra Sakho,,2,No Elo Data,
Dick Nanninga,,1,No Elo Data,
Dick Schoenaker,,2,No Elo Data,
Didi,,5,No Elo Data,
Didier Deschamps,,2,No Elo Data,
Didier Drogba,,14,No Elo Data,
Didier Six,,2,No Elo Data,
Diederick Luydens,,1,No Elo Data,
Diego,,1,No Elo Data,
Diego Bejarano,,2,No Elo Data,
Diego Costa,,5,No Elo Data,
Diego Forlán,,10,No Elo Data,
Diego Fuser,,1,No Elo Data,
Diego García,Spain,1,8.0,69.0
Diego Gavilán,,1,No Elo Data,
Diego Godín,,4,No Elo Data,
Diego Gómez,,1,No Elo Data,
Diego Lugano,,2,No Elo Data,
Diego Luna,,2,No Elo Data,
Diego Maradona,,3,No Elo Data,
Diego Reyes,,1,No Elo Data,
Diego Rolán,,1,No Elo Data,
Diego Simeone,,2,No Elo Data,
Diego Tristán,,2,No Elo Data,
Diego Valdés,,1,No Elo Data,
Dieter Erler,,4,No Elo Data,
Dieter Müller,,3,No Elo Data,
Dieter Ramusch,,1,No Elo Data,
Dietmar Hamann,,1,No Elo Data,
Dietmar Kühbauer,,2,No Elo Data,
Dietrich Albrecht,,1,No Elo Data,
Dieumerci Mbokani,,5,No Elo Data,
Dieuphane Thelamour,,1,No Elo Data,
Dikilu Bageta,,1,No Elo Data,
Dilo Tumua,,1,No Elo Data,
Dimas Drajad,,1,No Elo Data,
Dimitar Berbatov,,14,No Elo Data,
Dimitar Penev,,1,No Elo Data,
Dimitar Telkiyski,,2,No Elo Data,
Dimitar Yakimov,,3,No Elo Data,
Dimitri Payet,,3,No Elo Data,
Dimitrij Nazarov,,4,No Elo Data,
Dimitrios Limnios,,2,No Elo Data,
Dimitrios Pelkas,Greece,1,No Elo Data,72.0
Dimitris Kokkinakis,,1,No Elo Data,
Dimitris Kolovos,,1,No Elo Data,
Dimitris Markos,,1,No Elo Data,
Dimitris Mavrogenidis,,1,No Elo Data,
Dimitris Papadopoulos,,1,No Elo Data,
Dimitris Salpingidis,,7,No Elo Data,
Dimitris Saravakos,,5,No Elo Data,
Dinardo Rodríguez,,1,No Elo Data,
Diney,,2,No Elo Data,
Diniyar Bilyaletdinov,,2,No Elo Data,
Dinko Dermendzhiev,,3,No Elo Data,
Dino Baggio,,3,No Elo Data,
Dinos Kouis,,4,No Elo Data,
Diogo Dalot,Portugal,2,-6.5,79.0
Diogo Jota,,1,No Elo Data,
Dioko Kaluyituka,,1,No Elo Data,
Diomandé Losseni,,2,No Elo Data,
Dion Charles,,1,No Elo Data,
Dion Cools,,1,No Elo Data,
Dionisio Arce,,2,No Elo Data,
Dionisio Fernandes,,1,No Elo Data,
Dionisio Mejía,,1,No Elo Data,
Dipsy Selolwane,,3,No Elo Data,
Dirceu,,2,No Elo Data,
Dirk Kuyt,,4,No Elo Data,
Divock Origi,,1,No Elo Data,
Djair Parfitt,,1,No Elo Data,
Djalma Campos,,1,No Elo Data,
Djalminha,,1,No Elo Data,
Djamel Amani,,2,No Elo Data,
Djamel Belmadi,,1,No Elo Data,
Djamel Menad,,5,No Elo Data,
Djamel Zidane,,2,No Elo Data,
Djibril Cissé,,2,No Elo Data,
Djibril Sow,,1,No Elo Data,
Djihad Bizimana,,1,No Elo Data,
Djiman Koukou,,1,No Elo Data,
Djimy Alexis,,1,No Elo Data,
Djogou Akoulassi,,1,No Elo Data,
Djordje Mihailovic,,1,No Elo Data,
Djumadurdy Meredov,,1,No Elo Data,
Dmitri Alenichev,,1,No Elo Data,
Dmitri Bulykin,,3,No Elo Data,
Dmitri Kirichenko,,1,No Elo Data,
Dmitri Radchenko,,1,No Elo Data,
Dmitri Sychev,,2,No Elo Data,
Dmitri Torbinski,,1,No Elo Data,
Dmitrijs Zelenkovs,,1,No Elo Data,
Dmitry Antilevsky,,1,No Elo Data,
Dmitry Byakov,,4,No Elo Data,
Dmitry Verkhovtsov,,1,No Elo Data,
Dodi Lukebakio,Belgium,1,43.0,82.0
Dodo Dokou,,1,No Elo Data,
Doeur Sokhom,,2,No Elo Data,
Dollah Kassim,,1,No Elo Data,
Dollah Salleh,,4,No Elo Data,
Dolores Cruz,,1,No Elo Data,
Domagoj Vida,Croatia,1,-30.0,74.0
Domen Črnigoj,,1,No Elo Data,
Domenic Mobilio,,3,No Elo Data,
Domenico Berardi,Italy,1,No Elo Data,82.0
Domiciano Cavém,,1,No Elo Data,
Domingo Peralta,,1,No Elo Data,
Domingo Pérez,,1,No Elo Data,
Domingo Tarasconi,,3,No Elo Data,
Domingos Paciência,,4,No Elo Data,
Domingues,Brazil,2,27.5,72.0
Dominic Abui Pretino,,1,No Elo Data,
Dominik Nagy,,1,No Elo Data,
Dominik Szoboszlai,Hungary,10,No Elo Data,83.0
Dominique Rocheteau,,4,No Elo Data,
Don Deedson Louicius,,2,No Elo Data,
Don Givens,,5,No Elo Data,
Don Hutchison,,2,No Elo Data,
Don Masson,,1,No Elo Data,
Donald Peláez,,1,No Elo Data,
Donald-Olivier Sié,,1,No Elo Data,
Donatas Kazlauskas,,1,No Elo Data,
Donato Gama da Silva,,1,No Elo Data,
Donervon Daniels,,1,No Elo Data,
Donny van de Beek,Netherlands,1,-23.0,76.0
Donyell Malen,Netherlands,2,26.5,79.0
Dor Peretz,,6,No Elo Data,
Dorgeles Nene,Mali,2,No Elo Data,71.0
Dorin Goian,,1,No Elo Data,
Dorin Mateuț,,2,No Elo Data,
Dorinel Munteanu,,5,No Elo Data,
Dorny Romero,,3,No Elo Data,
Doug Utjesenovic,,1,No Elo Data,
Dougie Freedman,,1,No Elo Data,
Douglas Costa,,2,No Elo Data,
Dové Womé,,1,No Elo Data,
Doyle Vaca,,1,No Elo Data,
Doğukan Sinik,Turkey,1,-15.0,68.0
Dragan Dimitrovski,,1,No Elo Data,
Dragan Džajić,,2,No Elo Data,
Dragan Mladenović,,1,No Elo Data,
Dragan Pantelić,,1,No Elo Data,
Dragan Stojković,,5,No Elo Data,
Dragoș Grigore,,1,No Elo Data,
Dramane Coulibaly,,1,No Elo Data,
Dražan Jerković,,3,No Elo Data,
Dries Mertens,,6,No Elo Data,
Driss Bamous,,1,No Elo Data,
Duane Muckette,,1,No Elo Data,
Duberty Aráoz,,1,No Elo Data,
Duckens Nazon,,8,No Elo Data,
Dudu Georgescu,,3,No Elo Data,
Dumisa Ngobe,,1,No Elo Data,
Duncan Shearer,,1,No Elo Data,
Dunga,,1,No Elo Data,
Dusit Chalermsan,,1,No Elo Data,
Dustin Corea,,1,No Elo Data,
Duván Zapata,,2,No Elo Data,
Dušan Bajević,,2,No Elo Data,
Dušan Galis,,1,No Elo Data,
Dušan Kabát,,1,No Elo Data,
Dušan Tadić,,5,No Elo Data,
Dušan Tittel,,3,No Elo Data,
Dušan Vlahović,Serbia,7,No Elo Data,82.0
Dušan Švento,,1,No Elo Data,
Duško Tošić,,1,No Elo Data,
Dwayne De Rosario,,8,No Elo Data,
Dwayne Stanford,,1,No Elo Data,
Dwight Allers Kelley,,2,No Elo Data,
Dwight Yorke,,1,No Elo Data,
Dylan Bronn,,2,No Elo Data,
Dzintars Sproģis,,1,No Elo Data,
Dámaso Silva,,1,No Elo Data,
Dániel Böde,,4,No Elo Data,
Dániel Gazdag,Hungary,1,No Elo Data,74.0
Dániel Lukács,Hungary,1,No Elo Data,67.0
Dário Monteiro,,1,No Elo Data,
Dávid Hancko,Slovakia,3,No Elo Data,83.0
Dávid Sigér,,1,No Elo Data,
Dávid Ďuriš,Slovakia,1,No Elo Data,70.0
Dölgöön Amaraa,,1,No Elo Data,
Dāvis Ikaunieks,,2,No Elo Data,
Dževdet Šainovski,,1,No Elo Data,
Džoni Novak,,2,No Elo Data,
Earl Jean,,1,No Elo Data,
Earnie Stewart,,2,No Elo Data,
Ebbe Sand,,5,No Elo Data,
Eber Moas,,1,No Elo Data,
Eberhard Vogel,,3,No Elo Data,
Ebrima Ebou Sillah,,1,No Elo Data,
Ed Murphy,,1,No Elo Data,
Ed Valentine,,1,No Elo Data,
Eddie Gray,,1,No Elo Data,
Eddie Johnson,,5,No Elo Data,
Eddie Krncevic,,1,No Elo Data,
Eddie Lewis,,2,No Elo Data,
Eddie McMorran,,1,No Elo Data,
Eddie Pope,,2,No Elo Data,
Eddie Rukumana,,1,No Elo Data,
Eddie Theobald,,1,No Elo Data,
Eddy Berdusco,,1,No Elo Data,
Eddy Carazas,,1,No Elo Data,
Eddy Kaspard,,1,No Elo Data,
Edema Fuludu,,1,No Elo Data,
Eden Ben Basat,,1,No Elo Data,
Eden Hazard,,7,No Elo Data,
Eder,,1,No Elo Data,
Edgar Angulo,,1,No Elo Data,
Edgar Bernhardt,,1,No Elo Data,
Edgar Davids,,2,No Elo Data,
Edgar Manucharyan,,1,No Elo Data,
Edgar Marín,,3,No Elo Data,
Edgar Olivares,,1,No Elo Data,
Edgar Valencia,,1,No Elo Data,
Edgar Çani,,2,No Elo Data,
Edgaras Jankauskas,,5,No Elo Data,
Edgaras Česnauskis,,1,No Elo Data,
Edgardo Adinolfi,,1,No Elo Data,
Edgars Gauračs,,1,No Elo Data,
Edhem Šljivo,,1,No Elo Data,
Edibily Lunyamila,,1,No Elo Data,
Edin Džeko,Bosnia and Herzegovina,23,2.93,81.0
Edin Mujčin,,1,No Elo Data,
Edin Sprečo,,1,No Elo Data,
Edin Višća,Bosnia and Herzegovina,1,12.0,78.0
Edinson Cavani,,16,No Elo Data,
Edison Flores,,8,No Elo Data,
Edixon Perea,,1,No Elo Data,
Edmond Abazi,,1,No Elo Data,
Edmond Apéti Kaolo,,2,No Elo Data,
Edmond Kapllani,,1,No Elo Data,
Edmond Tapsoba,,2,No Elo Data,
Edmund Conen,,1,No Elo Data,
Edmundo,,1,No Elo Data,
Edmundo Alves de Souza Neto,,1,No Elo Data,
Edo Ophof,,1,No Elo Data,
Edon Zhegrova,Kosovo,1,No Elo Data,79.0
Edrick Menjívar,,1,No Elo Data,
Edson Castillo,,1,No Elo Data,
Edson Minga,,1,No Elo Data,
Edson Puch,,1,No Elo Data,
Edson Álvarez,,3,No Elo Data,
Eduard Abazi,,1,No Elo Data,
Eduard Bello,,4,No Elo Data,
Eduard Ellman-Eelma,,1,No Elo Data,
Eduard Glieder,,2,No Elo Data,
Eduard Malofeyev,,3,No Elo Data,
Eduard Spertsyan,,4,No Elo Data,
Eduard Streltsov,,2,No Elo Data,
Eduardas Čižauskas,,1,No Elo Data,
"Eduardo ""Volkswagen"" Hernández",,5,No Elo Data,
Eduardo Bennett,,5,No Elo Data,
Eduardo Chavarria,,2,No Elo Data,
Eduardo Fernando Gomes,,2,No Elo Data,
Eduardo González Valiño,,1,No Elo Data,
Eduardo Guerrero,,1,No Elo Data,
Eduardo Hurtado,,1,No Elo Data,
Eduardo Ithurbide,,1,No Elo Data,
Eduardo Laing,,3,No Elo Data,
Eduardo Mario Acevedo,,1,No Elo Data,
Eduardo Mingo,,2,No Elo Data,
Eduardo Retat,,1,No Elo Data,
Eduardo Sebrango,,2,No Elo Data,
Eduardo Vargas,,14,No Elo Data,
Eduardo da Silva,Brazil,9,22.5,70.0
Eduards Emsis,,2,No Elo Data,
Eduvigis Rudolfo Dirksz,,1,No Elo Data,
Edvard Lasota,,1,No Elo Data,
Edvin Kuč,,2,No Elo Data,
Edvin Murati,,3,No Elo Data,
Edvin Muratović,,1,No Elo Data,
Edvinas Girdvainis,,1,No Elo Data,
Edward Acquah,,3,No Elo Data,
Edward Aggrey-Fynn,,1,No Elo Data,
Edward Jankowski,,1,No Elo Data,
Edward Jildo,,1,No Elo Data,
Edwin Cardona,,3,No Elo Data,
Edwin Clarcke,,1,No Elo Data,
Edwin Gyasi,,1,No Elo Data,
Edwin Loran,,1,No Elo Data,
Edwin Miliano Loran,,1,No Elo Data,
Edwin Mukenya,,1,No Elo Data,
Edwin Rodríguez,,1,No Elo Data,
Edílson,Argentina,1,19.0,63.0
Edú Marangón,,1,No Elo Data,
Efraín Juárez,,1,No Elo Data,
Efstathios Aloneftis,,2,No Elo Data,
Egisto Pandolfini,,1,No Elo Data,
Egor Krimets,,1,No Elo Data,
Egy Maulana Vikri,,1,No Elo Data,
Ehsan Hajsafi,,2,No Elo Data,
Ehson Panjshanbe,,1,No Elo Data,
Eid Al Rashidi,,1,No Elo Data,
Eimantas Poderis,,1,No Elo Data,
Einar Daníelsson,,1,No Elo Data,
Eitan Tibi,,1,No Elo Data,
Eiður Guðjohnsen,,4,No Elo Data,
Ekanit Panya,,1,No Elo Data,
Eko Purdjianto,,1,No Elo Data,
El Arbi Hababi,,1,No Elo Data,
El Hadji Diouf,,4,No Elo Data,
El Hadji Oumar Guèye,,1,No Elo Data,
Eladio Benítez,,1,No Elo Data,
Eladio Rojas,,2,No Elo Data,
Eladio Zárate,,1,No Elo Data,
Elba de Padua Lima,,1,No Elo Data,
Elbasan Rashani,,1,No Elo Data,
Eldar Ćivić,,1,No Elo Data,
Eldor Shomurodov,Uzbekistan,6,14.5,74.0
Elek Nyilas,,1,No Elo Data,
Eli Dasa,,1,No Elo Data,
Eli Ohana,,2,No Elo Data,
Elias Hossain,,1,No Elo Data,
Elias Uzamukunda,,1,No Elo Data,
Elie Aiboy,,2,No Elo Data,
Elif Elmas,North Macedonia,5,No Elo Data,77.0
Eligio Antonio Insfrán,,1,No Elo Data,
Elijah Just,,1,No Elo Data,
Elijah Litana,,2,No Elo Data,
Elijah Tana,,1,No Elo Data,
Eliphas Shivute,,2,No Elo Data,
Eliseo Quintanilla,,3,No Elo Data,
Eljero Elia,,1,No Elo Data,
Elkan Baggott,,1,No Elo Data,
Elly Adero,,1,No Elo Data,
Ellyes Skhiri,,3,No Elo Data,
Elmer Acevedo,,1,No Elo Data,
Elmer Rosas,,1,No Elo Data,
Elmo Kambindu,,1,No Elo Data,
Elrio van Heerden,,1,No Elo Data,
Elroy Kuylen,,1,No Elo Data,
Elsad Zverotić,,1,No Elo Data,
Elvio Banchero,,2,No Elo Data,
Elvir Baljić,,5,No Elo Data,
Elvir Bolić,,8,No Elo Data,
Elvis Kafoteka,,1,No Elo Data,
Elvis Macedo Babanco,,1,No Elo Data,
Elvis Rexhbeçaj,Kosovo,2,No Elo Data,74.0
Elyaniv Barda,,4,No Elo Data,
Elías Figueroa,,1,No Elo Data,
Elías Hernández,,1,No Elo Data,
Elías Montes,,1,No Elo Data,
Emad Ayoub,,2,No Elo Data,
Emad Mohammed,,4,No Elo Data,
Emad Moteab,,4,No Elo Data,
Emad Suleiman,,2,No Elo Data,
Emanuel Pogatetz,,1,No Elo Data,
Emanuele Giaccherini,,2,No Elo Data,
Emeka Mamale,,1,No Elo Data,
Emelio Caligdong,,1,No Elo Data,
Emery Welshman,,1,No Elo Data,
Emil Forsberg,,12,No Elo Data,
Emil Kostadinov,,6,No Elo Data,
Emil Lőrincz,,1,No Elo Data,
Emil Pažický,,1,No Elo Data,
Emile Pierre Diéme,,1,No Elo Data,
Emile Saimovici,,1,No Elo Data,
Emili García,,1,No Elo Data,
Emiliano González Arqués,,1,No Elo Data,
Emilio Butragueño,,5,No Elo Data,
Emilio Nsue,,3,No Elo Data,
Emilio Palacios,Colombia,1,96.0,66.0
Emin Ağayev,,1,No Elo Data,
Emin Imamaliev,,1,No Elo Data,
Emin Mahmudov,,4,No Elo Data,
Emir Spahić,,3,No Elo Data,
Emmanuel Adebayor,,9,No Elo Data,
Emmanuel Ake,,1,No Elo Data,
Emmanuel Amunike,,2,No Elo Data,
Emmanuel Duah,,1,No Elo Data,
Emmanuel Eboué,,1,No Elo Data,
Emmanuel Emenike,,3,No Elo Data,
Emmanuel Feseha,,1,No Elo Data,
Emmanuel Koum,,1,No Elo Data,
Emmanuel Kundé,,2,No Elo Data,
Emmanuel Maboang,,2,No Elo Data,
Emmanuel Mayuka,,3,No Elo Data,
Emmanuel Musonda,,1,No Elo Data,
Emmanuel Okwi,,3,No Elo Data,
Emmanuel Ola,,1,No Elo Data,
Emmanuel Olisadebe,,3,No Elo Data,
Emmanuel Osei Kuffour,,1,No Elo Data,
Emmanuel Petit,,2,No Elo Data,
Emmanuel Poila,,1,No Elo Data,
Emmanuel Sanon,,6,No Elo Data,
Emmanuel Tiki,,1,No Elo Data,
Emmanuel Vincent,,1,No Elo Data,
Emment Kapengwe,,1,No Elo Data,
Emmerson Boyce,,1,No Elo Data,
Emory Núñez,,1,No Elo Data,
Emre Akbaba,Turkey,2,-21.0,72.0
Emre Aşık,,2,No Elo Data,
Emre Belözoğlu,,3,No Elo Data,
Endang Witarsa,,1,No Elo Data,
Ender Konca,,1,No Elo Data,
Endri Çekiçi,,1,No Elo Data,
Energio Díaz,,1,No Elo Data,
Enes Ünal,Turkey,1,88.0,77.0
Enis Bardhi,North Macedonia,10,No Elo Data,74.0
Enner Valencia,,13,No Elo Data,
Enock Mwepu,,1,No Elo Data,
Enrico Chiesa,,1,No Elo Data,
Enrico Hernández,,1,No Elo Data,
Enrico Pepe,,1,No Elo Data,
Enrique Borja,,1,No Elo Data,
Enrique Cantos,,1,No Elo Data,
Enrique Córdoba,,1,No Elo Data,
Enrique Esqueda,,1,No Elo Data,
Enrique García,Spain,4,-0.67,76.0
Enrique Grey Fúnez,,1,No Elo Data,
Enrique Guaita,,1,No Elo Data,
Enrique Hormazábal,,3,No Elo Data,
Enrique Jara Saguier,,1,No Elo Data,
Enrique Mateos,,1,No Elo Data,
Enrique Raymondi,,3,No Elo Data,
Enrique Saura,,1,No Elo Data,
Enrique Tenemás,,1,No Elo Data,
Enrique Vera,,1,No Elo Data,
Enrique Ávalos,,1,No Elo Data,
Enzo Fernández,,1,No Elo Data,
Enzo Francescoli,,3,No Elo Data,
Enzo Scifo,,5,No Elo Data,
Eoin Jess,,1,No Elo Data,
Epeli Saukuru,,1,No Elo Data,
Eran Zahavi,,12,No Elo Data,
Erasto Nyoni,,1,No Elo Data,
Eren Derdiyok,,3,No Elo Data,
Erhan Önal,,1,No Elo Data,
Eric Akoto,,1,No Elo Data,
Eric Bicfalvi,,1,No Elo Data,
Eric Cantona,,3,No Elo Data,
Eric Davis,,4,No Elo Data,
Eric Dier,,1,No Elo Data,
Eric Eichmann,,1,No Elo Data,
Eric Etaeta,,1,No Elo Data,
Eric Gerets,,1,No Elo Data,
Eric Hoffmann,,1,No Elo Data,
Eric Maxim Choupo-Moting,Cameroon,4,No Elo Data,75.0
Eric McMordie,,1,No Elo Data,
Eric Tinkler,,1,No Elo Data,
Eric Wynalda,,10,No Elo Data,
Erich Beer,,1,No Elo Data,
Erich Hof,,2,No Elo Data,
Erich Probst,,2,No Elo Data,
Erick Miranda,,1,No Elo Data,
Erick Ozuna,,2,No Elo Data,
Erick Pulgar,,2,No Elo Data,
Erik Hagen,,1,No Elo Data,
Erik Holmgren,,2,No Elo Data,
Erik Huseklepp,,2,No Elo Data,
Erik Janža,Slovenia,2,No Elo Data,69.0
Erik Jendrišek,,1,No Elo Data,
Erik Jirka,Slovakia,1,No Elo Data,68.0
Erik Johansen,,2,No Elo Data,
Erik Just Olsen,,1,No Elo Data,
Erik Lamela,,1,No Elo Data,
Erik Sorga,,2,No Elo Data,
Eriq Zavaleta,,1,No Elo Data,
Erixon Danso,,1,No Elo Data,
Erjon Bogdani,,6,No Elo Data,
Erkan Zengin,,2,No Elo Data,
Erland Johnsen,,1,No Elo Data,
Erling Haaland,,15,No Elo Data,
Ermedin Demirović,Bosnia and Herzegovina,3,8.0,80.0
Ermen Benítez,,1,No Elo Data,
Ermes Muccinelli,,1,No Elo Data,
Ermin Bičakčić,,2,No Elo Data,
Ermin Šiljak,,4,No Elo Data,
Ermir Lenjani,,1,No Elo Data,
Ernest Ebongué,,2,No Elo Data,
Ernest Nuamah,Ghana,1,-119.0,75.0
Ernest Pohl,,1,No Elo Data,
Ernest Spiteri-Gonzi,,2,No Elo Data,
Ernesto Cisneros,,5,No Elo Data,
Ernesto Cristaldo,,1,No Elo Data,
Ernesto Duarte Machado da Silva,,1,No Elo Data,
Ernesto Díaz,,4,No Elo Data,
Ernie Brandts,,3,No Elo Data,
Ernie Campbell,,1,No Elo Data,
Ernie Tapai,,1,No Elo Data,
Ernst Lehner,,3,No Elo Data,
Ernst Ocwirk,,2,No Elo Data,
Ernst Stojaspal,,1,No Elo Data,
Ernst Wilimowski,,2,No Elo Data,
Ernő Solymosi,,1,No Elo Data,
Errol Emanuelson,,1,No Elo Data,
Errol McFarlane,,3,No Elo Data,
Erroll Bennett,,3,No Elo Data,
Erroll Maximino St. Jago,,1,No Elo Data,
Ertuğrul Sağlam,,2,No Elo Data,
Ervin Skela,,3,No Elo Data,
Erwin Hochsträsser,,1,No Elo Data,
Erwin Hoffer,,2,No Elo Data,
Erwin Koeman,,1,No Elo Data,
Erwin Sánchez,,5,No Elo Data,
Erwin Vandenbergh,,9,No Elo Data,
Esala Masi,,2,No Elo Data,
Esam Dariban,,1,No Elo Data,
Esmir Bajraktarević,Bosnia and Herzegovina,1,87.0,67.0
Essam Abu Touk,,1,No Elo Data,
Essam Baheeg,,1,No Elo Data,
Essau Kanyenda,,1,No Elo Data,
Estanislao Struway,,1,No Elo Data,
Estanislau Basora,,3,No Elo Data,
Esteban Cambiasso,,1,No Elo Data,
Esteban Obiang,,2,No Elo Data,
Esteban Paredes,,2,No Elo Data,
Estêvão Willian,,1,No Elo Data,
Ethan Bristow,,1,No Elo Data,
Ethan Britto,,1,No Elo Data,
Ethan Santos,,1,No Elo Data,
Etienne Alain Djissikadie,,1,No Elo Data,
Etienne Barbara,,1,No Elo Data,
Etienne Mermer,,2,No Elo Data,
Etienne Rado Rasoanaivo,,1,No Elo Data,
Eugen Einman,,1,No Elo Data,
Eugen Sidorenco,,1,No Elo Data,
Eugene Kirwan,,1,No Elo Data,
Eugene Martha,,1,No Elo Data,
Eugene Ssepuuya,,1,No Elo Data,
Eugene Testing,,1,No Elo Data,
Eugenio Fernando Bila,,1,No Elo Data,
Eugenio La Rosa,,1,No Elo Data,
Eugenio Leal,,1,No Elo Data,
Eugenio Morel,,3,No Elo Data,
Eugène Kabongo,,2,No Elo Data,
Euller,,1,No Elo Data,
Euloge Placca Fessou,,2,No Elo Data,
Eulogio Martínez,,1,No Elo Data,
Eusebio Escobar,,1,No Elo Data,
Eustache Manglé,,1,No Elo Data,
Eustacio Rizo,,1,No Elo Data,
Eusébio,Portugal,7,55.5,62.0
Euzebiusz Smolarek,,8,No Elo Data,
Evagoras Christofi,,1,No Elo Data,
Evan Dimas,,1,No Elo Data,
Evan Ferguson,Republic of Ireland,4,No Elo Data,73.0
Evann Guessand,Ivory Coast,2,48.0,79.0
Evans Sakala,,1,No Elo Data,
Evaristo Coronado,,3,No Elo Data,
Evaristo de Macedo,,1,No Elo Data,
Ever Hernández,,1,No Elo Data,
Everald Cummings,,1,No Elo Data,
Everton Camargo,,1,No Elo Data,
Evgeny Boldygin,,1,No Elo Data,
Evidence Makgopa,,1,No Elo Data,
Ewald Hoeseb,,1,No Elo Data,
Eyal Berkovic,,3,No Elo Data,
Eyjólfur Sverrisson,,3,No Elo Data,
Ezechiel N'Douassel,,1,No Elo Data,
Ezequiel Lavezzi,,4,No Elo Data,
Ezgjan Alioski,North Macedonia,6,No Elo Data,68.0
Ezio Pascutti,,1,No Elo Data,
Ezoo El Maremi,,1,No Elo Data,
Ezzedine Chakroun,,4,No Elo Data,
Ezzeldin Osman,,1,No Elo Data,
Ezzewdin Bezan,,1,No Elo Data,
Fabian Johnson,,1,No Elo Data,
Fabian Schär,,4,No Elo Data,
Fabio Baudo Franco,,1,No Elo Data,
Fabio Cannavaro,,1,No Elo Data,
Fabio Capello,,1,No Elo Data,
Fabio Celestini,,1,No Elo Data,
Fabio D'Elia,,1,No Elo Data,
Fabio Grosso,,3,No Elo Data,
Fabio Quagliarella,,1,No Elo Data,
Fabián Estay,,1,No Elo Data,
Fabián Orellana,,1,No Elo Data,
Fabián Ruiz,Spain,2,81.0,85.0
Fabrice Do Marcolino,,1,No Elo Data,
Fabrice N'Guessi,,1,No Elo Data,
Fabrice Noël,,1,No Elo Data,
Fabrice Ondama,,2,No Elo Data,
Fabrice Reuperné,,1,No Elo Data,
Fabricio Coloccini,,1,No Elo Data,
Fabrizio Ravanelli,,4,No Elo Data,
Facundo Pellistri,Uruguay,1,-58.0,73.0
Fadel Keïta,,1,No Elo Data,
Fadi Alloush,,1,No Elo Data,
Fadi Lafi,,1,No Elo Data,
Fadil Vokrri,,2,No Elo Data,
Fahad Al Enezi,,1,No Elo Data,
Fahad Al Hajeri,,1,No Elo Data,
Fahad Al-Bishi,,2,No Elo Data,
Fahad Al-Mehallel,,4,No Elo Data,
Fahad Al-Musaibeah,,1,No Elo Data,
Fahad Al-Muwallad,,3,No Elo Data,
Fahad Al-Rashidi,,1,No Elo Data,
Fahad Bayo,,4,No Elo Data,
Fahad Khamees,,2,No Elo Data,
Fahad Khamis Mubarak,,1,No Elo Data,
Fahreddin Cansever,,1,No Elo Data,
Fahrudin Mustafić,,1,No Elo Data,
Faisal Agab,,1,No Elo Data,
Faisal Al Badri,,2,No Elo Data,
Faisal Al-Dakhil,,9,No Elo Data,
Faisal Antar,,1,No Elo Data,
Faisal Bangal,,1,No Elo Data,
Faisal Halim,,2,No Elo Data,
Faisal Khalil,,1,No Elo Data,
Fakhreddine Ben Youssef,,2,No Elo Data,
Falah Hassan,,1,No Elo Data,
Falimery Ramanamahefa,,2,No Elo Data,
Famara Diédhiou,Senegal,1,-53.0,66.0
Fan Zhiyi,,2,No Elo Data,
Fandi Ahmad,,3,No Elo Data,
Faneva Imà Andriatsima,,2,No Elo Data,
Fanny Hangunyu,,1,No Elo Data,
Fantamady Keita,,1,No Elo Data,
Faouzi Ghoulam,,1,No Elo Data,
Faouzi Mansouri,,1,No Elo Data,
Faouzi Mubarak Aaish,,1,No Elo Data,
Faouzi Rouissi,,1,No Elo Data,
Fares Aouni,,1,No Elo Data,
Fares Juma,,1,No Elo Data,
Farhad Majidi,,1,No Elo Data,
Farhod Tadjiyev,,1,No Elo Data,
Farid Ghazi,,1,No Elo Data,
Faris Ramli,,3,No Elo Data,
Faroug Jabra,,1,No Elo Data,
Farouk Gaafar,,2,No Elo Data,
Farouk Miya,,2,No Elo Data,
Farrukh Ismayilov,,2,No Elo Data,
Farshad Noor,,2,No Elo Data,
Farshad Pious,,3,No Elo Data,
Faruk Hadžibegić,,1,No Elo Data,
Farès Chaïbi,Algeria,1,19.0,74.0
Fashion Sakala,Zambia,2,No Elo Data,75.0
Fat'hi Kameel Fayaz Matar Marzouq,,2,No Elo Data,
Fatai Amoo,,1,No Elo Data,
Fathi Kameel,,2,No Elo Data,
Fatih Tekke,,2,No Elo Data,
Fatih Terim,,1,No Elo Data,
Fatkhullo Fatkhuloev,,1,No Elo Data,
Fatos Bećiraj,,4,No Elo Data,
Faustino Asprilla,,5,No Elo Data,
Fawzi Bashir,,1,No Elo Data,
Fawzi Bashir Doorbeen,,1,No Elo Data,
Fawzi Moussouni,,1,No Elo Data,
Federico Bernardeschi,Italy,1,No Elo Data,77.0
Federico Bikoro,,1,No Elo Data,
Federico Chiesa,Italy,1,No Elo Data,81.0
Federico Dimarco,Italy,2,No Elo Data,85.0
Federico Magallanes,,2,No Elo Data,
Federico Valverde,,1,No Elo Data,
Fedor Černych,,5,No Elo Data,
Feisal Salum,,2,No Elo Data,
Felipe Baloy,,2,No Elo Data,
Felipe Barahona,,1,No Elo Data,
Felipe Buffoni,,1,No Elo Data,
Felipe Caicedo,,8,No Elo Data,
Felipe Cata Edson,,1,No Elo Data,
Felipe Melo,,1,No Elo Data,
Felipe Ruvalcaba,,1,No Elo Data,
Felitciano Zschusschen,,1,No Elo Data,
Felix Aboagye,,1,No Elo Data,
Felix Horn Myhre,Norway,1,116.0,74.0
Felix Katongo,,1,No Elo Data,
Felix Magath,,1,No Elo Data,
Felix McDonald,,1,No Elo Data,
Felix Michel Melki,,1,No Elo Data,
Felix Owolabi,,2,No Elo Data,
Felix Tagawa,,2,No Elo Data,
Feng Ji-zhi,,1,No Elo Data,
Feras Esmaeel,,1,No Elo Data,
Feras Shelbaieh,,1,No Elo Data,
Ferdi Kadıoğlu,,1,No Elo Data,
Ferdinando Apap,,1,No Elo Data,
Ferdinando Riva,,1,No Elo Data,
Ferenc Bene,,11,No Elo Data,
Ferenc Horváth,,2,No Elo Data,
Ferenc Machos,,1,No Elo Data,
Ferenc Orosz,,1,No Elo Data,
Ferenc Puskás,,1,No Elo Data,
Ferenc Sipos,,1,No Elo Data,
Ferhat Saglam,,1,No Elo Data,
Ferjani Sassi,,2,No Elo Data,
Fernand Coulibaly,,1,No Elo Data,
Fernandinho,,2,No Elo Data,
Fernando Amorebieta,,1,No Elo Data,
Fernando Astengo,,1,No Elo Data,
Fernando Baldeón,,1,No Elo Data,
Fernando Couto,,2,No Elo Data,
Fernando Cáceres,,1,No Elo Data,
Fernando Francisco,,1,No Elo Data,
Fernando Gomes,,4,No Elo Data,
Fernando Hierro,,10,No Elo Data,
Fernando Jiménez,,1,No Elo Data,
Fernando Kanapkis,,3,No Elo Data,
Fernando Llorente,,2,No Elo Data,
Fernando Manuel Co,,1,No Elo Data,
Fernando Meira,,1,No Elo Data,
Fernando Morena,,3,No Elo Data,
Fernando Morientes,,4,No Elo Data,
Fernando Ochoaizpur,,1,No Elo Data,
Fernando Peres,,2,No Elo Data,
Fernando Quirarte,,2,No Elo Data,
Fernando Redondo,,1,No Elo Data,
Fernando Riera,,1,No Elo Data,
Fernando Saucedo,,1,No Elo Data,
Fernando Silva,Brazil,2,26.0,74.0
Fernando Torres,,8,No Elo Data,
Fernando Varela,,1,No Elo Data,
Fernando Vergara,,1,No Elo Data,
Fernando de Paz,,1,No Elo Data,
Ferran Torres,Spain,4,56.33,83.0
Ferydoon Zandi,,1,No Elo Data,
Fevzi Zemzem,,1,No Elo Data,
Feyyaz Uçar,,1,No Elo Data,
Fidel Escobar,,3,No Elo Data,
Fidel Martínez,,2,No Elo Data,
Filip Hološko,,1,No Elo Data,
Filip Kostić,Serbia,3,No Elo Data,81.0
Filip Đorđević,,1,No Elo Data,
Filip Đuričić,,1,No Elo Data,
Filip Šebo,,1,No Elo Data,
Filipe Duarte,,1,No Elo Data,
Filippo Inzaghi,,8,No Elo Data,
Finidi George,,2,No Elo Data,
Finn Azaz,,1,No Elo Data,
Finn Laudrup,,1,No Elo Data,
Finn Seemann,,1,No Elo Data,
Finn Surman,New Zealand,1,58.0,68.0
Firas Al-Buraikan,,5,No Elo Data,
Firas Al-Khatib,,3,No Elo Data,
Firas Chaouat,,1,No Elo Data,
Firas Issmael,,1,No Elo Data,
Firmin Ndombe Mubele,,3,No Elo Data,
Fisayo Dele-Bashiru,,1,No Elo Data,
Fisnik Asllani,Kosovo,3,No Elo Data,73.0
Fiston Abdul Razak,,3,No Elo Data,
Fiston Mayele,,2,No Elo Data,
Fivos Vrahimis,,1,No Elo Data,
Flavio Maestri,,2,No Elo Data,
Flemming Povlsen,,5,No Elo Data,
Fleury Di Nallo,,2,No Elo Data,
Florea Dumitrache,,6,No Elo Data,
Florea Văetuș,,1,No Elo Data,
Florencio Amarilla,,2,No Elo Data,
Florent Hadergjonaj,Kosovo,1,No Elo Data,69.0
Florent Malouda,,3,No Elo Data,
Florent Muslija,Kosovo,3,No Elo Data,71.0
Florent Rouamba,,1,No Elo Data,
Florentin Petre,,2,No Elo Data,
Florian Kainz,Austria,1,84.0,74.0
Florian Myrtaj,,1,No Elo Data,
Florian Wirtz,,2,No Elo Data,
Florin Cernat,,1,No Elo Data,
Florin Răducioiu,,10,No Elo Data,
Florin Tănase,,2,No Elo Data,
Floros Nicolaou,,1,No Elo Data,
Floyd Ayité,,1,No Elo Data,
Flávio Amado,,7,No Elo Data,
Flávio Minuano,,3,No Elo Data,
Flórián Albert,,6,No Elo Data,
Fodé Camara,,4,No Elo Data,
Fodé Mansaré,,1,No Elo Data,
Folarin Balogun,,1,No Elo Data,
Fortunato Castillo,,2,No Elo Data,
Fotis Ioannidis,Greece,2,No Elo Data,77.0
Fouad Bushegir,,1,No Elo Data,
Foxi Kéthévoama,,1,No Elo Data,
Foysal Ahmed Fahim,,1,No Elo Data,
Fran,,1,No Elo Data,
Fran Núñez,,1,No Elo Data,
Francesco Acerbi,Italy,1,No Elo Data,84.0
Francesco Graziani,,3,No Elo Data,
Francesco Totti,,5,No Elo Data,
Francileudo Santos,,7,No Elo Data,
Francis Dupont,,1,No Elo Data,
Francis Kasonde,,1,No Elo Data,
Francis Krupšs,,1,No Elo Data,
Francis Lee,,1,No Elo Data,
Francis N'Ganga,,2,No Elo Data,
Francis Niakuam,,1,No Elo Data,
Francis Oumar,,2,No Elo Data,
Francis Were,,1,No Elo Data,
Francisco Arce,,1,No Elo Data,
Francisco Calvo,,3,No Elo Data,
Francisco Conceição,Portugal,2,-28.0,79.0
Francisco Flores,,2,No Elo Data,
Francisco Fonseca,,3,No Elo Data,
Francisco Gento,,1,No Elo Data,
Francisco González,Argentina,1,-25.0,73.0
Francisco Higuera,,1,No Elo Data,
Francisco Javier Cruz,,1,No Elo Data,
Francisco José Carrasco,,2,No Elo Data,
Francisco Mancilla,,1,No Elo Data,
Francisco Molina,,2,No Elo Data,
Francisco Palencia,,2,No Elo Data,
Francisco Piedra,,1,No Elo Data,
Francisco Ramírez,,1,No Elo Data,
Francisco Trincão,,1,No Elo Data,
Francisco Uribe,,2,No Elo Data,
Francisco Valdés,,1,No Elo Data,
Francisco Varallo,,1,No Elo Data,
Franck Kessié,,5,No Elo Data,
Franck Ribéry,,7,No Elo Data,
Franck Sauzée,,3,No Elo Data,
Franco Navarro,,4,No Elo Data,
Franco Paonessa,,1,No Elo Data,
Francois Sakama,,1,No Elo Data,
Frane Matošić,,1,No Elo Data,
Frank Arnesen,,4,No Elo Data,
Frank Fabra,,2,No Elo Data,
Frank Feltscher,,1,No Elo Data,
Frank Ghent,,1,No Elo Data,
Frank Klopas,,1,No Elo Data,
Frank Lampard,,8,No Elo Data,
Frank Leboeuf,,1,No Elo Data,
Frank Magri,,1,No Elo Data,
Frank O'Neill,,1,No Elo Data,
Frank Odoi,,1,No Elo Data,
Frank Pingel,,1,No Elo Data,
Frank Rijkaard,,2,No Elo Data,
Frank Sinalo,,1,No Elo Data,
Frank Stapleton,,9,No Elo Data,
Frank Sturing,,1,No Elo Data,
Frank de Boer,,2,No Elo Data,
Frankie Hejduk,,3,No Elo Data,
Frankie Oviedo,,2,No Elo Data,
Franklin Salas,,2,No Elo Data,
Franklin Williams,,1,No Elo Data,
Franky Vercauteren,,3,No Elo Data,
Frans Janssens,,1,No Elo Data,
František Knebort,,1,No Elo Data,
František Pelcner,,1,No Elo Data,
František Svoboda,,1,No Elo Data,
František Veselý,,1,No Elo Data,
František Vlk,,1,No Elo Data,
František Šafránek,,1,No Elo Data,
Frantz Mathieu,,1,No Elo Data,
Frantzdy Pierrot,Haiti,4,3.0,72.0
Franz Binder,,1,No Elo Data,
Franz Burgmeier,,1,No Elo Data,
Franz Schiemer,,2,No Elo Data,
François Amégasse,,1,No Elo Data,
François Heutte,,1,No Elo Data,
François Kamano,,1,No Elo Data,
François N'Doumbé,,1,No Elo Data,
François Omam-Biyik,,6,No Elo Data,
François Tahi,,1,No Elo Data,
François Van der Elst,,7,No Elo Data,
François de Vries,,1,No Elo Data,
Frazer Kamwandi,,1,No Elo Data,
Fred,Brazil,2,20.0,80.0
Freddie Ljungberg,,7,No Elo Data,
Freddy,Sweden,1,68.0,62.0
Freddy Adu,,1,No Elo Data,
Freddy Eastwood,,1,No Elo Data,
Freddy Fernández,,1,No Elo Data,
Freddy García,,2,No Elo Data,
Freddy Grisales,,2,No Elo Data,
Freddy Góndola,,1,No Elo Data,
Freddy Rincón,,7,No Elo Data,
Frederic Remi,,1,No Elo Data,
Frederick Gomez,,1,No Elo Data,
Frederico Rosa,,2,No Elo Data,
Fredi Bobić,,1,No Elo Data,
Fredrik Jensen,Finland,4,No Elo Data,72.0
Fredrik Strømstad,,1,No Elo Data,
Fredy,,2,No Elo Data,
Fredy Bareiro,,1,No Elo Data,
Fredy Thompson,,1,No Elo Data,
Frenkie de Jong,Netherlands,1,32.0,87.0
Fricis Dambrēvics,,1,No Elo Data,
Fricis Kaņeps,,2,No Elo Data,
Frickson Erazo,,1,No Elo Data,
Friedrich Karm,,2,No Elo Data,
Friedrich Scherfke,,1,No Elo Data,
Friso Mando,,1,No Elo Data,
Fritz Künzli,,4,No Elo Data,
Fritz Walter,,1,No Elo Data,
Frode Johnsen,,1,No Elo Data,
Froylán Ledezma,,2,No Elo Data,
Frédéric Kanouté,,10,No Elo Data,
Fróði Benjaminsen,,2,No Elo Data,
Fuad Abou Shaqr,,1,No Elo Data,
Fuad Anwar,,1,No Elo Data,
Fulgencio Berdugo,,1,No Elo Data,
Fulvio Collovati,,2,No Elo Data,
Fung Hing Wa,,1,No Elo Data,
Fyodor Cherenkov,,2,No Elo Data,
Fyodor Kudryashov,,1,No Elo Data,
Fyodor Smolov,,1,No Elo Data,
Fábio Abreu,Angola,1,No Elo Data,74.0
Fábio Coentrão,,2,No Elo Data,
Fábio César Montezine,,1,No Elo Data,
Fábio Lima,,2,No Elo Data,
Félix Castillo,,1,No Elo Data,
Félix Guerra,,1,No Elo Data,
Félix Lasso,,1,No Elo Data,
Félix Ricardo Torres,,1,No Elo Data,
Félix Torres,,4,No Elo Data,
G'Vaune Amory,,1,No Elo Data,
Gabadinho Mhango,,3,No Elo Data,
Gabi Kanichowsky,,1,No Elo Data,
Gabino Sosa,,2,No Elo Data,
Gabriel Achilier,,1,No Elo Data,
Gabriel Barbosa,Brazil,1,14.0,64.0
Gabriel Batistuta,,16,No Elo Data,
Gabriel Cichero,Venezuela,1,No Elo Data,56.0
Gabriel Dadzie,,1,No Elo Data,
Gabriel Enrique Gómez,,2,No Elo Data,
Gabriel Gnimassou,,1,No Elo Data,
Gabriel González,Paraguay,1,54.0,73.0
Gabriel Heinze,,2,No Elo Data,
Gabriel Jaime Gómez Jaramillo,,1,No Elo Data,
Gabriel Jesus,Brazil,4,-3.0,80.0
Gabriel Martinelli,Brazil,1,6.0,81.0
Gabriel Mercado,,2,No Elo Data,
Gabriel Michel,,1,No Elo Data,
Gabriel Milito,,1,No Elo Data,
Gabriel Miranda,Portugal,1,-2.0,62.0
Gabriel Tamaş,,1,No Elo Data,
Gabriel Torje,,3,No Elo Data,
Gabriel Torres,Argentina,10,2.5,72.0
Gabriel Urdaneta,,1,No Elo Data,
Gabriel Wajoka,,2,No Elo Data,
Gabriel Ávalos,Paraguay,1,-40.0,75.0
Gafurzhan Suyumbayev,,1,No Elo Data,
Gagny Coulibaly,,1,No Elo Data,
Gaizka Mendieta,,2,No Elo Data,
Gaku Shibasaki,,1,No Elo Data,
Galabgwe Moyana,,1,No Elo Data,
Galimzyan Khusainov,,2,No Elo Data,
Galymzhan Kenzhebek,,1,No Elo Data,
Gamal Abdelhamid,,1,No Elo Data,
Gao Feng,,1,No Elo Data,
Gao Hongbo,,3,No Elo Data,
Gao Lin,,3,No Elo Data,
Gao Sheng,,1,No Elo Data,
Gape Mohutsiwa,,2,No Elo Data,
Garath McCleary,,1,No Elo Data,
Garba Lawal,,3,No Elo Data,
Garba Okoye,,1,No Elo Data,
Gareth Bale,,15,No Elo Data,
Gareth Barry,,1,No Elo Data,
Gareth McAuley,,7,No Elo Data,
Garfield Gonsalves,,1,No Elo Data,
Garnik Avalyan,,1,No Elo Data,
Garra Dembélé,,1,No Elo Data,
Garrincha,,1,No Elo Data,
Garry Rodrigues,,4,No Elo Data,
Gary Cahill,,1,No Elo Data,
Gary Caldwell,,1,No Elo Data,
Gary Cole,,1,No Elo Data,
Gary Doherty,,2,No Elo Data,
Gary Gillespie,,1,No Elo Data,
Gary Lineker,,10,No Elo Data,
Gary Mabbutt,,1,No Elo Data,
Gary Mackay,,1,No Elo Data,
Gary McAllister,,1,No Elo Data,
Gary Medel,,2,No Elo Data,
Gary Ngassebe,,1,No Elo Data,
Gary Speed,,2,No Elo Data,
Gary Waddock,,1,No Elo Data,
Garðar Árnason,,1,No Elo Data,
Gaston Taument,,1,No Elo Data,
Gastón Giménez,,1,No Elo Data,
Gastón Pereiro,,1,No Elo Data,
Gavi,Spain,3,-1.5,83.0
Gavin Whyte,Northern Ireland,2,No Elo Data,61.0
Gavril Balint,,3,No Elo Data,
Gayson Gregory,,2,No Elo Data,
Gaël Kakuta,,1,No Elo Data,
Gedo,,2,No Elo Data,
Geir Frigård,,1,No Elo Data,
Gelson Dala,,3,No Elo Data,
Gelson Fernandes,,1,No Elo Data,
Genar Andrinúa,,1,No Elo Data,
Genki Haraguchi,,2,No Elo Data,
Gennadi Bliznyuk,,1,No Elo Data,
Gennadi Gusarov,,1,No Elo Data,
Geny Catamo,Mozambique,2,No Elo Data,78.0
Geoff Aunger,,1,No Elo Data,
Geoff Hurst,,7,No Elo Data,
Geoffrey Kondogbia,,1,No Elo Data,
Geoffrey Sserunkuma,,1,No Elo Data,
Geofrey Massa,,3,No Elo Data,
Geofrey Munshya,,1,No Elo Data,
Georg Siimenson,,2,No Elo Data,
George Alhassan,,2,No Elo Data,
George Best,,2,No Elo Data,
George Borba,,1,No Elo Data,
George Cabrera,,1,No Elo Data,
George Cummins,,2,No Elo Data,
George Dangler,,1,No Elo Data,
George Dublin,,1,No Elo Data,
George Kiriau,,1,No Elo Data,
George Ngoma Nanitelamio,,1,No Elo Data,
George Onyango,,1,No Elo Data,
George Pakos,,1,No Elo Data,
George Pușcaș,,5,No Elo Data,
George Weah,,4,No Elo Data,
George Țucudean,,2,No Elo Data,
Georges Aeby,,1,No Elo Data,
Georges Bereta,,1,No Elo Data,
Georges Bregy,,1,No Elo Data,
Georges Gope-Fenepej,,3,No Elo Data,
Georges Grün,,2,No Elo Data,
Georges Lech,,2,No Elo Data,
Georges Mikautadze,Georgia,3,No Elo Data,77.0
Georges Vuilleumier,,1,No Elo Data,
Georgi Asparuhov,,6,No Elo Data,
Georgi Chilikov,,1,No Elo Data,
Georgi Denev,,1,No Elo Data,
Georgi Dimitrov,,3,No Elo Data,
Georgi Iliev,,1,No Elo Data,
Georgi Ivanov,,2,No Elo Data,
Georgi Kinkladze,,1,No Elo Data,
Georgi Kondratiev,,1,No Elo Data,
Georgi Markov,,1,No Elo Data,
Georgi Milanov,Bulgaria,1,No Elo Data,66.0
Georgi Minoungou,Ivory Coast,1,48.0,62.0
Georgi Panchediev,,1,No Elo Data,
Georgi Rusev,,2,No Elo Data,
Georgi Slavkov,,2,No Elo Data,
Georginio Wijnaldum,,7,No Elo Data,
Georgios Delikaris,,1,No Elo Data,
Georgios Efrem,,1,No Elo Data,
Georgios Fotakis,,1,No Elo Data,
Georgios Georgiadis,,1,No Elo Data,
Georgios Kostikos,,1,No Elo Data,
Georgios Samaras,,4,No Elo Data,
Georgios Tzavellas,,1,No Elo Data,
Georgy Arutyunyan,,1,No Elo Data,
Gerald Delmas,,1,No Elo Data,
Gerald Díaz,,1,No Elo Data,
Gerald Phiri Jr.,,1,No Elo Data,
Gerald Quennet,,1,No Elo Data,
Gerald Vanenburg,,1,No Elo Data,
Geraldo José da Silva,,1,No Elo Data,
Gerard Cieślik,,1,No Elo Data,
Gerard López,,1,No Elo Data,
Gerard Moreno,Spain,1,22.0,81.0
Gerard Piqué,,4,No Elo Data,
Gerard Williams,,1,No Elo Data,
Gerardo Arce,,1,No Elo Data,
Gerardo Arteaga,,1,No Elo Data,
Gerardo Bedoya,,2,No Elo Data,
Gerardo Gordillo,,1,No Elo Data,
Gerardo Rivas,,2,No Elo Data,
Gerardo Torrado,,4,No Elo Data,
Gerd Kische,,1,No Elo Data,
Gerd Müller,,20,No Elo Data,
Gerd Weber,,2,No Elo Data,
Geremi,,2,No Elo Data,
Geremi Njitap,,3,No Elo Data,
Geremy Lombardi,,1,No Elo Data,
Gergely Rudolf,,4,No Elo Data,
Gergő Lovrencsics,,1,No Elo Data,
Gerhard Hanappi,,1,No Elo Data,
Gerhard Körner,,1,No Elo Data,
Gerhard Siedl,,1,No Elo Data,
Gerhard Strack,,1,No Elo Data,
Gerhard Vogt,,1,No Elo Data,
Germaine van Dijk,,1,No Elo Data,
Germán Aceros,,1,No Elo Data,
Germán Carty,,2,No Elo Data,
Germán Leguía,,1,No Elo Data,
Gerry Armstrong,,7,No Elo Data,
Gerry Baker,,1,No Elo Data,
Gerry Browne,,1,No Elo Data,
Gerry Daly,,4,No Elo Data,
Gerry Hitchens,,1,No Elo Data,
Gerson,Brazil,1,-15.0,78.0
Gerson Mayen,,2,No Elo Data,
Gerson Rodrigues,,11,No Elo Data,
Gerson Tinoco,,1,No Elo Data,
Gerson Torres,,1,No Elo Data,
Gert Dörfel,,2,No Elo Data,
Gert Verheyen,,3,No Elo Data,
Gervane Kastaneer,,2,No Elo Data,
Gervatius Uri Khob,,2,No Elo Data,
Gervinho,,7,No Elo Data,
Gerónimo Barbadillo,,1,No Elo Data,
Getaneh Kebede,,6,No Elo Data,
Getsel Montes,,1,No Elo Data,
Gevorg Ghazaryan,,6,No Elo Data,
Ghafour Jahani,,3,No Elo Data,
Ghailene Chaalali,,1,No Elo Data,
Ghanem Al-Hajri,,1,No Elo Data,
Ghanem Sultan,,1,No Elo Data,
Gharib Amzine,,1,No Elo Data,
Gheorghe Boghiu,,1,No Elo Data,
Gheorghe Grozav,,1,No Elo Data,
Gheorghe Hagi,,9,No Elo Data,
Gheorghe Mulţescu,,1,No Elo Data,
Gheorghe Popescu,,5,No Elo Data,
Ghislain Konan,,1,No Elo Data,
Gholam Ali,,1,No Elo Data,
Gholam Hossein Mazloumi,,1,No Elo Data,
Gholam Vafakhah,,1,No Elo Data,
Gholamreza Rezaei,,2,No Elo Data,
Giacinto Facchetti,,1,No Elo Data,
Giacomo Bonaventura,,1,No Elo Data,
Giacomo Raspadori,Italy,4,No Elo Data,78.0
Giampaolo Pazzini,,1,No Elo Data,
Giampiero Boniperti,,1,No Elo Data,
Giancarlo Antognoni,,2,No Elo Data,
Giancarlo De Sisti,,2,No Elo Data,
Giancarlo Maldonado,,4,No Elo Data,
Gianfranco Zola,,3,No Elo Data,
Gianluca Lapadula,Peru,3,No Elo Data,71.0
Gianluca Mancini,Italy,1,No Elo Data,83.0
Gianluca Vialli,,5,No Elo Data,
Gianluca Zambrotta,,1,No Elo Data,
Gianni Rivera,,5,No Elo Data,
Giannis Konstantelias,Greece,1,No Elo Data,77.0
Gianpetro Zappa,,1,No Elo Data,
Gibby Mbasela,,1,No Elo Data,
Gideon Omokirio,,2,No Elo Data,
Gidi Damti,,2,No Elo Data,
Giedrius Arlauskis,,1,No Elo Data,
Giedrius Matulevicius,,1,No Elo Data,
Gift Gamedze,,1,No Elo Data,
Gift Kampamba,,2,No Elo Data,
Gigi Riva,,6,No Elo Data,
Gijsberta Gersley,,1,No Elo Data,
Gil Reece,,1,No Elo Data,
Gil Vermouth,,1,No Elo Data,
Gilbert Agius,,1,No Elo Data,
Gilbert Chirwa,,1,No Elo Data,
Gilbert Dussier,,2,No Elo Data,
Gilbert Mugisha,,1,No Elo Data,
Gilbert Mushangazhike,,1,No Elo Data,
Gilbert Van Binst,,1,No Elo Data,
Gilberto Alves,,1,No Elo Data,
Gilberto Murgas,,1,No Elo Data,
Gilberto Rhoden,,1,No Elo Data,
Giles Barnes,,1,No Elo Data,
Gilles De Bilde,,2,No Elo Data,
Gilli Rólantsson,,1,No Elo Data,
Gino Colaussi,,1,No Elo Data,
Gino Iorgulescu,,1,No Elo Data,
Ginter Gawlik,,1,No Elo Data,
Giorgi Chakvetadze,Georgia,1,No Elo Data,74.0
Giorgi Demetradze,,3,No Elo Data,
Giorgi Gakhokidze,,1,No Elo Data,
Giorgi Kochorashvili,Georgia,2,No Elo Data,74.0
Giorgi Kvilitaia,,1,No Elo Data,
Giorgi Merebashvili,,1,No Elo Data,
Giorgi Shashiashvili,,1,No Elo Data,
Giorgian de Arrascaeta,,4,No Elo Data,
Giorgio Chiellini,,4,No Elo Data,
Giorgio Chinaglia,,2,No Elo Data,
Giorgos Dedes,,1,No Elo Data,
Giorgos Donis,,1,No Elo Data,
Giorgos Giakoumakis,,2,No Elo Data,
Giorgos Karagounis,,3,No Elo Data,
Giorgos Koudas,,1,No Elo Data,
Giorgos Masouras,,3,No Elo Data,
Giorgos Merkis,,1,No Elo Data,
Giorgos Sideris,,3,No Elo Data,
Giorgos Skartados,,1,No Elo Data,
Giovani Lo Celso,Argentina,1,0.0,82.0
Giovani dos Santos,,1,No Elo Data,
Giovanni Di Lorenzo,Italy,1,No Elo Data,83.0
Giovanni Drenthe,,1,No Elo Data,
Giovanni Ferrari,,1,No Elo Data,
Giovanni Hernández,,2,No Elo Data,
Giovanni Moreno,,1,No Elo Data,
Giovanni Regales,,1,No Elo Data,
Giovanni Savarese,,1,No Elo Data,
Giovanni Sio,,1,No Elo Data,
Giovanni Trigueros,,1,No Elo Data,
Giovanni van Bronckhorst,,2,No Elo Data,
Giovanny Espinoza,,1,No Elo Data,
Girma Tekle,,4,No Elo Data,
Giuseppe Della Valle,,1,No Elo Data,
Giuseppe Giannini,,1,No Elo Data,
Giuseppe Meazza,,1,No Elo Data,
Giuseppe Rossi,,2,No Elo Data,
Givi Nodia,,1,No Elo Data,
Gjergji Muzaka,,1,No Elo Data,
Gjoko Zajkov,,1,No Elo Data,
Gjorgji Hristov,,3,No Elo Data,
Glen Johnson,,1,No Elo Data,
Glen Kamara,,1,No Elo Data,
Glenn Hoddle,,1,No Elo Data,
Glenn Hysén,,1,No Elo Data,
Glenn Strömberg,,2,No Elo Data,
Glensworth Elizee,,1,No Elo Data,
Goce Sedloski,,2,No Elo Data,
Gocha Jamarauli,,1,No Elo Data,
Godfrey Chitalu,,3,No Elo Data,
Godfrey Katerega,,1,No Elo Data,
Godfrey Kisitu,,1,No Elo Data,
Godfrey Oboabona,,1,No Elo Data,
Godfrey Walusimbi,,1,No Elo Data,
Godwin Emenako,,1,No Elo Data,
Godwin Odiye,,1,No Elo Data,
Gohar Zaman,,2,No Elo Data,
Gohi Bi Zoro Cyriac,,1,No Elo Data,
Golman Pierre,,4,No Elo Data,
Gonzalo Castañeda,,1,No Elo Data,
Gonzalo Farfán,,1,No Elo Data,
Gonzalo Galindo,,2,No Elo Data,
Gonzalo Higuaín,,8,No Elo Data,
Gonzalo Jara,,1,No Elo Data,
Gonzalo Martínez,,1,No Elo Data,
Gonzalo Pineda,,1,No Elo Data,
Gonzalo Plata,,1,No Elo Data,
Gonzalo Romero,,2,No Elo Data,
Gonzalo de los Santos,,1,No Elo Data,
Gonçalo Guedes,,1,No Elo Data,
Gonçalo Inácio,Portugal,1,34.0,81.0
Gonçalo Ramos,Portugal,4,12.75,80.0
Gor Manvelyan,,1,No Elo Data,
Goran Maznov,,3,No Elo Data,
Goran Pandev,,8,No Elo Data,
Goran Stavrevski,,2,No Elo Data,
Goran Vlaović,,3,No Elo Data,
Gordon Braun,,1,No Elo Data,
Gordon Kinsaini,,1,No Elo Data,
Gordon McQueen,,1,No Elo Data,
Gordon Strachan,,2,No Elo Data,
Gouramangi Singh,,2,No Elo Data,
Goçguly Goçgulyýew,,1,No Elo Data,
Graeme Rutjes,,1,No Elo Data,
Graeme Souness,,1,No Elo Data,
Graeme Torrilla,,1,No Elo Data,
Graham Arnold,,1,No Elo Data,
Graham Zusi,,2,No Elo Data,
Granit Xhaka,Switzerland,7,46.4,85.0
Grant Hanley,,1,No Elo Data,
Grant Turner,,1,No Elo Data,
Grant-Leon Ranos,Armenia,1,No Elo Data,63.0
Graziano Pellè,,4,No Elo Data,
Gregorio Benito,,1,No Elo Data,
Gregory Goodridge,,2,No Elo Data,
Grenddy Perozo,,1,No Elo Data,
Grigoris Kastanos,Cyprus,2,No Elo Data,72.0
Grover Harmon,,1,No Elo Data,
Grzegorz Krychowiak,,1,No Elo Data,
Grzegorz Lato,,11,No Elo Data,
Grégoire M'Bida,,2,No Elo Data,
Gu Guangming,,2,No Elo Data,
Guedes Lupapa,,1,No Elo Data,
Guido Alvarenga,,1,No Elo Data,
Guido Burgstaller,,2,No Elo Data,
Guido Gratton,,1,No Elo Data,
Guido Rodríguez,Argentina,1,107.0,77.0
Guilherme Afonso,,1,No Elo Data,
Guilherme de Cássio Alves,,1,No Elo Data,
Guilherme de Paula Lucrécio,,1,No Elo Data,
Guillaume Gillet,,1,No Elo Data,
Guillermo Amor,,4,No Elo Data,
Guillermo Clavero,,1,No Elo Data,
Guillermo Díaz,,1,No Elo Data,
Guillermo Díaz Carmona,,1,No Elo Data,
Guillermo Escalada,,2,No Elo Data,
Guillermo Franco,,1,No Elo Data,
Guillermo La Rosa,,2,No Elo Data,
Guillermo Ochoa,,1,No Elo Data,
Guillermo Ortiz Camargo,,1,No Elo Data,
Guillermo Ramírez,,4,No Elo Data,
Guillermo Rivera,,2,No Elo Data,
Guillermo Stábile,,2,No Elo Data,
Guillermo Subiabre,,3,No Elo Data,
Guillermo Torres,,1,No Elo Data,
Gulzhigit Alykulov,,1,No Elo Data,
Gunnar Gren,,1,No Elo Data,
Gunnar Heiðar Þorvaldsson,,2,No Elo Data,
Gunnar Vatnhamar,,2,No Elo Data,
Gurban Gurbanov,,3,No Elo Data,
Gurbangeldi Durdyýew,,2,No Elo Data,
Gustav Isaksen,,2,No Elo Data,
Gustav Josefsson,,1,No Elo Data,
Gustav Lundgren,Sweden,1,-84.0,69.0
Gustavo Adolfo Cabrera,,1,No Elo Data,
Gustavo Adrián López,,1,No Elo Data,
Gustavo Cuéllar,,1,No Elo Data,
Gustavo Gómez,,2,No Elo Data,
Gustavo Morínigo,,1,No Elo Data,
Gustavo Neffa,,3,No Elo Data,
Gustavo Peña,,1,No Elo Data,
Gustavo Vassallo,,1,No Elo Data,
Guvanch Ovekov,,1,No Elo Data,
Guwanç Abylow,,1,No Elo Data,
Guwançmuhammet Öwekow,,2,No Elo Data,
Guy Hellers,,3,No Elo Data,
Guy Mamihasindrahona,,1,No Elo Data,
Guy Mbenza,,2,No Elo Data,
Guy Roger Nzamba,,1,No Elo Data,
Guy Saint-Vil,,3,No Elo Data,
Guélor Kanga,,1,No Elo Data,
Guðni Bergsson,,1,No Elo Data,
Gvidas Gineitis,Lithuania,3,No Elo Data,68.0
Gyasi Zardes,,1,No Elo Data,
Gylfi Sigurðsson,,13,No Elo Data,
Gyula Hajszán,,1,No Elo Data,
Gyula Rákosi,,2,No Elo Data,
Gyula Zsengellér,,1,No Elo Data,
György Bognár,,1,No Elo Data,
György Sárosi,,2,No Elo Data,
György Tatar,,1,No Elo Data,
Gábor Halmai,,1,No Elo Data,
Gábor P. Szabó,,2,No Elo Data,
Gérard Hausser,,1,No Elo Data,
Gérard Soler,,2,No Elo Data,
Gérard Waia,,1,No Elo Data,
Gérson,,1,No Elo Data,
Gökdeniz Karadeniz,,3,No Elo Data,
Gökhan Ünal,,2,No Elo Data,
Gösta Sandberg,,1,No Elo Data,
Gøran Sørloth,,3,No Elo Data,
Günter Netzer,,2,No Elo Data,
Günther Wirth,,1,No Elo Data,
Güýçmyrat Annagulyýew,,1,No Elo Data,
Ha Seok-ju,,5,No Elo Data,
Habib Beye,,1,No Elo Data,
Habib Diallo,,2,No Elo Data,
Habib Diarra,Senegal,1,71.0,77.0
Habib Jafar,,2,No Elo Data,
Habib Khabiri,,1,No Elo Data,
Hacène Lalmas,,1,No Elo Data,
Hadi Ahmed,,1,No Elo Data,
Hadi Ismanto,,1,No Elo Data,
Hady Khashaba,,1,No Elo Data,
Haidar Mahmoud,,2,No Elo Data,
Haidar Obeid,,1,No Elo Data,
Haim Revivo,,2,No Elo Data,
Hairuddin Omar,,1,No Elo Data,
Haitham Al-Shboul,,1,No Elo Data,
Haitham Zein,,2,No Elo Data,
Hakan Yakin,,3,No Elo Data,
Hakan Çalhanoğlu,Turkey,5,23.67,86.0
Hakan Şükür,,13,No Elo Data,
Hakim Abdallah,Comoros,1,No Elo Data,66.0
Hakim Braham,,1,No Elo Data,
Hakim Ziyech,Morocco,5,31.5,78.0
Hakob Ter-Petrosyan,,1,No Elo Data,
Hal Robson-Kanu,,4,No Elo Data,
Halil Altıntop,,2,No Elo Data,
Halil Dervişoğlu,,1,No Elo Data,
Hallur Hansson,,1,No Elo Data,
Hallvar Thoresen,,2,No Elo Data,
Hamad Al-Montashari,,1,No Elo Data,
Hamad Khalid Bo Hamad,,1,No Elo Data,
Hamari Traoré,Mali,1,No Elo Data,79.0
Hamdan Abdulla Al-Moamari,,1,No Elo Data,
Hamdan Al-Kamali,,1,No Elo Data,
Hamdi Al Masri,,1,No Elo Data,
Hamdi Salihi,,3,No Elo Data,
Hamdou Elhouni,,1,No Elo Data,
Hamed Al-Saleh,,1,No Elo Data,
Hamed Snousi,,1,No Elo Data,
Hameur Bouazza,,1,No Elo Data,
Hamid Alidousti,,2,No Elo Data,
Hamid Derakhshan,,2,No Elo Data,
Hamid Estili,,2,No Elo Data,
Hamilton Cuvi,,1,No Elo Data,
Hamilton Ricard,,1,No Elo Data,
Hamit Altıntop,,2,No Elo Data,
Hamlet Mkhitaryan,,1,No Elo Data,
Hammadi Ahmed,,1,No Elo Data,
Hamza Abourazzouk,,1,No Elo Data,
Hamza Al-Dardour,,2,No Elo Data,
Hamza Mathlouthi,,1,No Elo Data,
Hamza Rafia,Tunisia,1,-140.0,68.0
Hamzah Idris Falatah,,1,No Elo Data,
Han Hyong-Il,,1,No Elo Data,
Han Peng,China PR,1,No Elo Data,61.0
Hani Al Saqer,,1,No Elo Data,
Hani Al-Dhabit,,3,No Elo Data,
Hannes Reinmayr,,1,No Elo Data,
Hannu Tihinen,,1,No Elo Data,
Hannu Turunen,,1,No Elo Data,
Hans Buzek,,1,No Elo Data,
Hans Cieslarczyk,,1,No Elo Data,
Hans Fróði Hansen,,1,No Elo Data,
Hans Holmqvist,,1,No Elo Data,
Hans Krankl,,7,No Elo Data,
Hans Maldonado,,2,No Elo Data,
Hans Richter,,1,No Elo Data,
Hans Schäfer,,2,No Elo Data,
Hans Vanaken,Belgium,3,-18.5,80.0
Hans-Jürgen Kreische,,2,No Elo Data,
Hans-Jürgen Riediger,,1,No Elo Data,
Hans-Peter Briegel,,1,No Elo Data,
Hans-Peter Friedländer,,1,No Elo Data,
Hanus Sørensen,,2,No Elo Data,
Hany Ramzy,,1,No Elo Data,
Hao Haidong,,8,No Elo Data,
Hao Junmin,,2,No Elo Data,
Harald Berg,,1,No Elo Data,
Harald Cerny,,1,No Elo Data,
Harald Hennum,,1,No Elo Data,
Harald Sunde,,1,No Elo Data,
Haraldur Ingólfsson,,1,No Elo Data,
Hari Khadka,,1,No Elo Data,
Harib Abdalla,,3,No Elo Data,
Harib Al-Maazmi,,1,No Elo Data,
Haris Duljević,,1,No Elo Data,
Haris Hajradinović,Bosnia and Herzegovina,1,87.0,76.0
Haris Medunjanin,,3,No Elo Data,
Haris Mohammed,,1,No Elo Data,
Haris Seferovic,,12,No Elo Data,
Haris Tabaković,Bosnia and Herzegovina,1,22.0,73.0
Haris Vučkić,,1,No Elo Data,
Harold Hassall,,1,No Elo Data,
Harold Legodi,,1,No Elo Data,
Harold Osorio,,1,No Elo Data,
Harrison Róchez,,3,No Elo Data,
Harry Andersson,,1,No Elo Data,
Harry Bild,,1,No Elo Data,
Harry Duggan,,1,No Elo Data,
Harry Hestad,,1,No Elo Data,
Harry Kane,England,26,12.2,89.0
Harry Kewell,,6,No Elo Data,
Harry Maguire,England,4,48.5,80.0
Harry Milanzi,,2,No Elo Data,
Harry Panayiotou,,1,No Elo Data,
Harry Randrianaivo,,1,No Elo Data,
Harry Souttar,,5,No Elo Data,
Harry Wilson,Wales,5,No Elo Data,76.0
Harry Winks,,1,No Elo Data,
Harry Zech,,1,No Elo Data,
Hartmut Schade,,1,No Elo Data,
Harun Hamid,,1,No Elo Data,
Haruna Ilerika,,2,No Elo Data,
Harutyun Vardanyan,,1,No Elo Data,
Hasan Ali Kaldırım,,1,No Elo Data,
Hasan Salihamidžić,,3,No Elo Data,
Hasan Şaş,,1,No Elo Data,
Hashim Saleh,,1,No Elo Data,
Hassan Abbas,,1,No Elo Data,
Hassan Abdel-Fattah,,7,No Elo Data,
Hassan Al-Haydos,,8,No Elo Data,
Hassan Amcharrat,,1,No Elo Data,
Hassan Ayoub,,1,No Elo Data,
Hassan El-Shazly,,4,No Elo Data,
Hassan Fallatah,,1,No Elo Data,
Hassan Kadesh,Saudi Arabia,2,-50.0,71.0
Hassan Korongo,,1,No Elo Data,
Hassan Maatouk,,5,No Elo Data,
Hassan Mili,,1,No Elo Data,
Hassan Mostafa,,1,No Elo Data,
Hassan Mubarak,,2,No Elo Data,
Hassan Nader,,1,No Elo Data,
Hassan Rowshan,,2,No Elo Data,
Hassan Saeed Ahmed,,2,No Elo Data,
Hassan Shehata,,1,No Elo Data,
Hassane Bandé,,1,No Elo Data,
Hasse Borg,,1,No Elo Data,
Hasse Jeppson,,2,No Elo Data,
Hassen Gabsi,,1,No Elo Data,
Hatem Aqel,,1,No Elo Data,
Hattan Bahebri,,2,No Elo Data,
Hawar Mulla Mohammed,,2,No Elo Data,
Hayden Tinto,,1,No Elo Data,
Haykel Guemamdia,,3,No Elo Data,
Haytham Tambal,,4,No Elo Data,
Hazem Emam,,1,No Elo Data,
Hazem Mastouri,,2,No Elo Data,
Hazem Shehata,,1,No Elo Data,
He Jia,,1,No Elo Data,
Heath Dickinson,,1,No Elo Data,
Hector Sam,Argentina,1,11.0,72.0
Hector Wright,,3,No Elo Data,
Heiko Herrlich,,1,No Elo Data,
Heiko Westermann,,1,No Elo Data,
Heimana Paama,,1,No Elo Data,
Heimano Bourebare,,1,No Elo Data,
Heimo Pfeifenberger,,3,No Elo Data,
Heinrich Isaacks,,1,No Elo Data,
Heinz Hermann,,1,No Elo Data,
Heinz Lüdi,,1,No Elo Data,
Heinz Schneiter,,2,No Elo Data,
Heitor,Brazil,1,69.0,74.0
Heiðar Helguson,,3,No Elo Data,
Heleno de Freitas,,4,No Elo Data,
Helgi Sigurðsson,,1,No Elo Data,
Helman Mkhalele,,2,No Elo Data,
Helmut Haller,,2,No Elo Data,
Helmut Köglberger,,2,No Elo Data,
Helmut Rahn,,6,No Elo Data,
Helmut Redl,,1,No Elo Data,
Helmut Siber,,1,No Elo Data,
Hendrik Isemborghs,,1,No Elo Data,
Hendrik Somaeb,,1,No Elo Data,
Hennadiy Lytovchenko,,4,No Elo Data,
Hennie van Nee,,1,No Elo Data,
Henning Berg,,3,No Elo Data,
Henning Frenzel,,4,No Elo Data,
Henning Jarnskor,,1,No Elo Data,
Henri Anier,,6,No Elo Data,
Henri Baillot,,1,No Elo Data,
Henri Camara,,8,No Elo Data,
Henri Coppens,,2,No Elo Data,
Henri Klein,,1,No Elo Data,
Henrico Botes,,1,No Elo Data,
Henrik Dalsgaard,Denmark,1,No Elo Data,70.0
Henrik Larsen,,1,No Elo Data,
Henrik Larsson,,12,No Elo Data,
Henrik Ojamaa,,1,No Elo Data,
Henrikh Mkhitaryan,Armenia,3,No Elo Data,83.0
Henry Fa'arodo,,6,No Elo Data,
Henry Martín,,5,No Elo Data,
Henry Morris,,1,No Elo Data,
Henry Motego,,1,No Elo Data,
Henry Nwosu,,1,No Elo Data,
Henry Vaca,,1,No Elo Data,
Henryk Bałuszyński,,1,No Elo Data,
Henryk Kasperczak,,1,No Elo Data,
Henryk Martyna,,1,No Elo Data,
Henryk Wieczorek,,1,No Elo Data,
Heorhiy Sudakov,,1,No Elo Data,
Herbert Hermann,,1,No Elo Data,
Herbert Pankau,,2,No Elo Data,
Herbert Prohaska,,3,No Elo Data,
Herbert Wimmer,,1,No Elo Data,
Herbert Zimmermann,,1,No Elo Data,
Herculez Gomez,,1,No Elo Data,
Herilia Rafanodina,,1,No Elo Data,
Herman Soliz,,1,No Elo Data,
Herminio Masantonio,,1,No Elo Data,
Hernando Bolados,,1,No Elo Data,
Hernando Salazar,,1,No Elo Data,
Hernán Crespo,,15,No Elo Data,
Hernán Gaviria,,1,No Elo Data,
Hernán Medford,,6,No Elo Data,
Hernán Morales,,1,No Elo Data,
Hernán Rengifo,,2,No Elo Data,
Hernâni Ferreira da Silva,,1,No Elo Data,
Herry Kiswanto,,3,No Elo Data,
Herry Risdianto,,1,No Elo Data,
Hervé Bazile,,1,No Elo Data,
Hervé Revelli,,1,No Elo Data,
Hesham Mohammed,,2,No Elo Data,
Heston Munthali,,1,No Elo Data,
Hicham Mahdoufi,,1,No Elo Data,
Hicham Zerouali,,1,No Elo Data,
Hichem Essifi,,1,No Elo Data,
Hidetoshi Nakata,,2,No Elo Data,
Hilaire Kédigui,,1,No Elo Data,
Hilal El-Helwe,,2,No Elo Data,
Hilario Bertrand,,1,No Elo Data,
Hillal Soudani,,2,No Elo Data,
Hipólito Rincón,,2,No Elo Data,
Hiroaki Morishima,,3,No Elo Data,
Hiromi Hara,,2,No Elo Data,
Hiroshi Kiyotake,,1,No Elo Data,
Hiroshi Nanami,,3,No Elo Data,
Hirving Lozano,,4,No Elo Data,
Hla Htay,,1,No Elo Data,
Hlaing Bo Bo,,1,No Elo Data,
Hlompho Kalake,,1,No Elo Data,
Hlynur Birgisson,,1,No Elo Data,
Hocine Achiou,,1,No Elo Data,
Hocine Benmiloudi,,1,No Elo Data,
Hojjat Haghverdi,,1,No Elo Data,
Hokky Caraka,,1,No Elo Data,
Hollies Vato,,1,No Elo Data,
Homam Ahmed,,1,No Elo Data,
Homayoun Behzadi,,3,No Elo Data,
Homos,,1,No Elo Data,
Hong Jeong-ho,,1,No Elo Data,
Hong Myung-bo,,1,No Elo Data,
Hong Sung-Ho,,1,No Elo Data,
Hong Yong-jo,,3,No Elo Data,
Horacio López Salgado,,2,No Elo Data,
Horst Hrubesch,,2,No Elo Data,
Horst Nemec,,1,No Elo Data,
Horst Szymaniak,,1,No Elo Data,
Hosny Abd Rabo,,4,No Elo Data,
Hossam Ghaly,,1,No Elo Data,
Hossam Hassan,,10,No Elo Data,
Hossein Kalani,,3,No Elo Data,
Hossein Kanaanizadegan,,1,No Elo Data,
Hossein Kazerani,,1,No Elo Data,
Hossein Zamani,,1,No Elo Data,
Hotaru Yamaguchi,,1,No Elo Data,
Houssem Aouar,Algeria,1,-38.0,77.0
Houssine Kharja,,2,No Elo Data,
Hovhannes Goharyan,,1,No Elo Data,
Hovhannes Hambardzumyan,,2,No Elo Data,
Hristo Bonev,,6,No Elo Data,
Hristo Iliev,,3,No Elo Data,
Hristo Kolev,,1,No Elo Data,
Hristo Stoichkov,,9,No Elo Data,
Hristo Yanev,,1,No Elo Data,
Huang Bowen,,1,No Elo Data,
Huang Che-ming,,1,No Elo Data,
Huang Xiangdong,,3,No Elo Data,
Hugo Almeida,,2,No Elo Data,
Hugo Coscia,,1,No Elo Data,
Hugo Eduardo Rubio,,4,No Elo Data,
Hugo Hovenkamp,,1,No Elo Data,
Hugo Kiesse,,1,No Elo Data,
Hugo Liziario,,1,No Elo Data,
Hugo Peña,,5,No Elo Data,
Hugo Pérez,Spain,2,-42.0,63.0
Hugo Sotil,,3,No Elo Data,
Hugo Sánchez,,4,No Elo Data,
Hugues Guillaume,,1,No Elo Data,
Huh Jung-Moo,,2,No Elo Data,
Humam Tariq,,1,No Elo Data,
Humberto Coelho,,2,No Elo Data,
Humberto Maschio,,2,No Elo Data,
Humberto Recanatini,,1,No Elo Data,
Humberto Scovino,,1,No Elo Data,
Humberto Suazo,,8,No Elo Data,
Humberto Álvarez,,1,No Elo Data,
Humphrey Edobor,,1,No Elo Data,
Hung Kai-chun,,1,No Elo Data,
Husain Ali,,6,No Elo Data,
Husniddin Aliqulov,,1,No Elo Data,
Hussain Al-Hadhri,,1,No Elo Data,
Hussain Ali Baba,,1,No Elo Data,
Hussain Fadhel,,1,No Elo Data,
Hussain Seraj,,1,No Elo Data,
Hussam Fawzi,,1,No Elo Data,
Hussein Ahmad Satter,,1,No Elo Data,
Hussein Ali,,1,No Elo Data,
Hussein Ali Al-Saedi,,1,No Elo Data,
Hussein Saeed,,5,No Elo Data,
Hussein Yassin,,1,No Elo Data,
Hutson Charles,,2,No Elo Data,
Huub Stevens,,1,No Elo Data,
Huỳnh Quang Thanh,,2,No Elo Data,
Hwang Hee-chan,,4,No Elo Data,
Hwang In-beom,,1,No Elo Data,
Hwang Jae-won,,1,No Elo Data,
Hwang Sang-hoi,,1,No Elo Data,
Hwang Seok-keun,,1,No Elo Data,
Hwang Sun-hong,,6,No Elo Data,
Hwang Ui-jo,,3,No Elo Data,
Hwangbo Kwan,,2,No Elo Data,
Hysen Zmijani,,1,No Elo Data,
Hà Vương Ngầu Nại,,1,No Elo Data,
Håkan Sandberg,,1,No Elo Data,
Håvard Nielsen,,1,No Elo Data,
Håvard Nordtveit,,2,No Elo Data,
Héctor Altamirano,,3,No Elo Data,
Héctor Castro,,4,No Elo Data,
Héctor Chumpitaz,,2,No Elo Data,
Héctor Cuéllar,,1,No Elo Data,
Héctor Demarco,,1,No Elo Data,
Héctor Facundo,,1,No Elo Data,
Héctor González,,2,No Elo Data,
Héctor Herrera,Bolivia,1,No Elo Data,65.0
Héctor Magliano,,1,No Elo Data,
Héctor Marchena,,1,No Elo Data,
Héctor Moreno,,4,No Elo Data,
Héctor Ortiz,,1,No Elo Data,
Héctor Ramos,,1,No Elo Data,
Héctor Scarone,,9,No Elo Data,
Héctor Silva,,1,No Elo Data,
Héctor Socorro,,3,No Elo Data,
Héctor Tapia,,1,No Elo Data,
Héctor Yazalde,,1,No Elo Data,
Hédi Berkhissa,,2,No Elo Data,
Hélder Pelembe,,1,No Elo Data,
Hélder Postiga,,7,No Elo Data,
Hélder Vicente,,1,No Elo Data,
Hélder Vicente de Jesus Serafin,,1,No Elo Data,
Héldon Ramos,,4,No Elo Data,
Hélio Varela,,1,No Elo Data,
Hörður Björgvin Magnússon,,2,No Elo Data,
Hồ Tấn Tài,,1,No Elo Data,
I Kadek Agung Widnyana,,1,No Elo Data,
I. M. Vijayan,,1,No Elo Data,
Iago Aspas,Spain,1,-20.0,83.0
Iain Dowie,,7,No Elo Data,
Iain Hume,,1,No Elo Data,
Iain Ramsay,,2,No Elo Data,
Ian Azzopardi,,1,No Elo Data,
Ian Bridge,,2,No Elo Data,
Ian Evans,,2,No Elo Data,
Ian Goodison,,1,No Elo Data,
Ian Gray,,1,No Elo Data,
Ian Harte,,4,No Elo Data,
Ian Lake,,4,No Elo Data,
Ian Maatsen,,1,No Elo Data,
Ian Olivera,,1,No Elo Data,
Ian Rush,,9,No Elo Data,
Ian St. John,,1,No Elo Data,
Ian Stewart,,2,No Elo Data,
Ian Walsh,,1,No Elo Data,
Ian Wright,England,2,-69.0,58.0
Ianis Hagi,Romania,2,No Elo Data,74.0
Iano Imbeni,,1,No Elo Data,
Iau Tuan Naukoot,,1,No Elo Data,
Iban Salvador,Equatorial Guinea,3,No Elo Data,64.0
Ibrahim Adel,,1,No Elo Data,
Ibrahim Afellay,,1,No Elo Data,
Ibrahim Al Duraihem,,1,No Elo Data,
Ibrahim Al-Hardan,,1,No Elo Data,
Ibrahim Al-Rumaihi,,1,No Elo Data,
Ibrahim Al-Shahrani,,1,No Elo Data,
Ibrahim Bayesh,Iraq,2,19.5,68.0
Ibrahim Din,,1,No Elo Data,
Ibrahim Farhan,,1,No Elo Data,
Ibrahim Kassum,,1,No Elo Data,
Ibrahim Mahudhee,,1,No Elo Data,
Ibrahim Said,,1,No Elo Data,
Ibrahim Sangaré,Ivory Coast,1,48.0,77.0
Ibrahim Sekagya,,2,No Elo Data,
Ibrahim Sowed,,2,No Elo Data,
Ibrahim Sunday,,1,No Elo Data,
Ibrahim Suwayed,,1,No Elo Data,
Ibrahim Yakan,,1,No Elo Data,
Ibrahima Bakayoko,,3,No Elo Data,
Ibrahima Baldé,France,1,50.0,65.0
Ibrahima Koné,Mali,2,No Elo Data,67.0
Ibrahima Sonko,,1,No Elo Data,
Ibrahima Sory Touré,,1,No Elo Data,
Ibrahima Traoré,,2,No Elo Data,
Ibroihim Djoudja,,1,No Elo Data,
Ich Narding,,1,No Elo Data,
Idan Tal,,1,No Elo Data,
Idrissa Gueye,Senegal,2,-22.5,70.0
Idrissa Sylla,,1,No Elo Data,
Igli Tare,,3,No Elo Data,
Ignace Muwawa,,1,No Elo Data,
Ignacio Ambríz,,2,No Elo Data,
Ignacio Jáuregui,Chile,1,No Elo Data,63.0
Ignatius Lwipa,,1,No Elo Data,
Igor Armaș,,3,No Elo Data,
Igor Avdeyev,,1,No Elo Data,
Igor Belanov,,2,No Elo Data,
Igor Bugaiov,,4,No Elo Data,
Igor Chislenko,,3,No Elo Data,
Igor Diveyev,,1,No Elo Data,
Igor Dobrovolski,,3,No Elo Data,
Igor Jesus,Brazil,1,-15.0,77.0
Igor Kolyvanov,,2,No Elo Data,
Igor Matanović,Croatia,1,-65.0,71.0
Igor Mitreski,,1,No Elo Data,
Igor Netto,,2,No Elo Data,
Igor Nikolovski,,1,No Elo Data,
Igor Oprea,,2,No Elo Data,
Igor Semshov,,1,No Elo Data,
Igor Sergeev,,4,No Elo Data,
Igor Shalimov,,1,No Elo Data,
Igor Shitov,,1,No Elo Data,
Igor Shkvyrin,,2,No Elo Data,
Igor Simutenkov,,1,No Elo Data,
Igor Vrablic,,2,No Elo Data,
Igoris Morinas,,4,No Elo Data,
Igors Stepanovs,,2,No Elo Data,
Igors Tarasovs,,1,No Elo Data,
Ihaab Boussefi,,1,No Elo Data,
Ihar Stasevich,,2,No Elo Data,
Ikechi Anya,,1,No Elo Data,
Ikechukwu Uche,,4,No Elo Data,
Ikhsan Fandi,,3,No Elo Data,
Ilay Elmkies,,1,No Elo Data,
Ildefons Lima,,1,No Elo Data,
Ildefonso López,,4,No Elo Data,
Ildo Maneiro,,1,No Elo Data,
Ilham Jaya Kesuma,,1,No Elo Data,
Ilia Kovalenko,,2,No Elo Data,
Ilie Dumitrescu,,4,No Elo Data,
Ilija Najdoski,,1,No Elo Data,
Ilija Nestorovski,,1,No Elo Data,
Ilija Petković,,1,No Elo Data,
Iliman Ndiaye,,1,No Elo Data,
Ilir Kepa,,1,No Elo Data,
Ilir Përnaska,,1,No Elo Data,
Ilja Antonov,,1,No Elo Data,
Ilya Tsymbalar,,1,No Elo Data,
Ilčo Naumoski,,3,No Elo Data,
Iman Mobali,,1,No Elo Data,
Imants Bleidelis,,2,No Elo Data,
Imed Ben Younes,,2,No Elo Data,
Imowa Malgbanga,,2,No Elo Data,
Imre Boda,,2,No Elo Data,
Imre Garaba,,1,No Elo Data,
Imre Szabics,,4,No Elo Data,
Imrich Stacho,,1,No Elo Data,
Imthyas Raheem,,1,No Elo Data,
Imtiaz Ahmed Nakib,,1,No Elo Data,
Inder Singh,,1,No Elo Data,
Indra Sahdan Daud,,2,No Elo Data,
Indrek Zelinski,,4,No Elo Data,
Indriði Sigurðsson,,2,No Elo Data,
Indro Olumets,,1,No Elo Data,
Inge Danielsson,,2,No Elo Data,
Ingemar Teever,,1,No Elo Data,
Ingi Björn Albertsson,,1,No Elo Data,
Ingvar Svensson,,1,No Elo Data,
Innocent Nshuti,,1,No Elo Data,
Inoel Navarro,,2,No Elo Data,
Ioan Andone,,1,No Elo Data,
Ioan Sabău,,2,No Elo Data,
Ioan Yakovlev,,1,No Elo Data,
Ioan-Călin Revenco,,1,No Elo Data,
Ioannis Amanatidis,,1,No Elo Data,
Ioannis Fetfatzidis,,1,No Elo Data,
Ioannis Kousoulos,,2,No Elo Data,
Ioannis Okkas,,9,No Elo Data,
Ioannis Pittas,,6,No Elo Data,
Ion Dumitru,,2,No Elo Data,
Ion Nicolaescu,,5,No Elo Data,
Ion Pârcălab,,1,No Elo Data,
Ion Testemițanu,,1,No Elo Data,
Ionel Ganea,,3,No Elo Data,
Iosif Petschovsky,,1,No Elo Data,
Ipojucan Lins de Araújo,,1,No Elo Data,
Iraj Danaeifard,,1,No Elo Data,
Ireneusz Jeleń,,1,No Elo Data,
Irvin Cardona,France,1,7.0,73.0
Irwan Fadzli Idrus,,1,No Elo Data,
Isaac Boakye,,3,No Elo Data,
Isaac Price,,4,No Elo Data,
Isabelino Gradín,,2,No Elo Data,
Isco,Spain,3,-39.33,84.0
Isiah Lagutang,,1,No Elo Data,
Isidoro Díaz,,4,No Elo Data,
Isidro Lángara,,2,No Elo Data,
Islam Chesnokov,,1,No Elo Data,
Islam Slimani,Algeria,8,43.33,68.0
Islambek Kuat,,2,No Elo Data,
Islom Inomov,,1,No Elo Data,
Ismaeil Bakhit,,1,No Elo Data,
Ismael Alvariza,,1,No Elo Data,
Ismael Croes,,1,No Elo Data,
Ismael Díaz,,3,No Elo Data,
Ismael Rivero,Paraguay,1,0.0,72.0
Ismael Saibari,Morocco,4,10.0,79.0
Ismael Sylla,,1,No Elo Data,
Ismael Urzaiz,,1,No Elo Data,
Ismail Abdullatif,,6,No Elo Data,
Ismail Al Hammadi,,1,No Elo Data,
Ismail Al-Ajmi,,3,No Elo Data,
Ismail Matar,,3,No Elo Data,
Ismail Mohammed Sharif,,1,No Elo Data,
Ismaël Bangoura,,1,No Elo Data,
Ismaël Koné,,1,No Elo Data,
Ismaïla Sarr,Senegal,6,21.8,79.0
Israel Castro,,1,No Elo Data,
Issa Diop,,1,No Elo Data,
Issah Gabriel Ahmed,,1,No Elo Data,
Issam Al Sabhi,,2,No Elo Data,
Issam Al-Sabhi,,3,No Elo Data,
Issam Jemâa,,6,No Elo Data,
Issam Mahrous,,1,No Elo Data,
Issam Said Saleh,,1,No Elo Data,
Issey Nakajima-Farran,,1,No Elo Data,
Issiaga Sylla,,1,No Elo Data,
Issoufou Dayo,,5,No Elo Data,
István Szőke,,1,No Elo Data,
István Vincze,,2,No Elo Data,
Isuru Perera,,1,No Elo Data,
Iswadi Idris,,2,No Elo Data,
Isâad Bourahli,,2,No Elo Data,
Italo Vassalo,,1,No Elo Data,
Itamunua Keimuine,,1,No Elo Data,
Itay Shechter,,1,No Elo Data,
Itumeleng Duiker,,1,No Elo Data,
Itzik Zohar,,1,No Elo Data,
Iulian Apostol,,1,No Elo Data,
Iuliu Barátky,,1,No Elo Data,
Ivan Bek,,1,No Elo Data,
Ivan Buljan,,1,No Elo Data,
Ivan Davidov,,1,No Elo Data,
Ivan Gudelj,,1,No Elo Data,
Ivan Hašek,,4,No Elo Data,
Ivan Iliev,,1,No Elo Data,
Ivan Kalyuzhnyi,Ukraine,1,No Elo Data,70.0
Ivan Klasnić,,2,No Elo Data,
Ivan Kolev,,1,No Elo Data,
Ivan Mráz,,1,No Elo Data,
Ivan Perišić,Croatia,12,39.83,81.0
Ivan Rakitić,,3,No Elo Data,
Ivan Schranz,Slovakia,2,No Elo Data,73.0
Ivan Trichkovski,,1,No Elo Data,
Ivan Vicelich,,2,No Elo Data,
Ivan Vutsov,,1,No Elo Data,
Ivaylo Chochev,,3,No Elo Data,
Ivelin Popov,,9,No Elo Data,
Ivica Grlić,,1,No Elo Data,
Ivica Horvat,,1,No Elo Data,
Ivica Olić,,5,No Elo Data,
Ivica Vastić,,5,No Elo Data,
Ivica Šurjak,,3,No Elo Data,
Ivo Basay,,2,No Elo Data,
Ivo Knoflíček,,1,No Elo Data,
Ivo Raimundo Traça,,1,No Elo Data,
Ivor Allchurch,,6,No Elo Data,
Ivor Broadis,,2,No Elo Data,
Iván Córdoba,,2,No Elo Data,
Iván Helguera,,1,No Elo Data,
Iván Kaviedes,,3,No Elo Data,
Iván Valenciano,,2,No Elo Data,
Iván Zamorano,,7,No Elo Data,
Izet Hajrović,,3,No Elo Data,
Iñaki Williams,Ghana,1,-45.0,83.0
Iñigo Martínez,Spain,1,-40.0,85.0
Iļja Vestermans,,2,No Elo Data,
Jaap Stam,,1,No Elo Data,
Jaba Kankava,,2,No Elo Data,
Jabar Sharza,,1,No Elo Data,
Jabra Al-Zarqa,,1,No Elo Data,
Jacek Bąk,,1,No Elo Data,
Jacek Góralski,,1,No Elo Data,
Jacek Krzynówek,,3,No Elo Data,
Jacek Ziober,,1,No Elo Data,
Jacen Russell-Rowe,,1,No Elo Data,
Jacinto João,,1,No Elo Data,
Jacinto Santos,,1,No Elo Data,
Jack Grealish,,1,No Elo Data,
Jack Hendry,,1,No Elo Data,
Jack Rowley,,1,No Elo Data,
Jack Wilshere,,1,No Elo Data,
Jackie Mudie,,5,No Elo Data,
Jackson Irvine,,4,No Elo Data,
Jackson Martínez,,3,No Elo Data,
Jacob Mahler,,1,No Elo Data,
Jacob Mulenga,,2,No Elo Data,
Jacob Xowie,,1,No Elo Data,
Jacobo Kouffati,,1,No Elo Data,
Jacques Faivre,,1,No Elo Data,
Jacques Fatton,,4,No Elo Data,
Jacques Moeschal,,2,No Elo Data,
Jacques Ndomba,,1,No Elo Data,
Jacques Stockman,,1,No Elo Data,
Jacques Tuyisenge,,1,No Elo Data,
Jacques Vergnes,,1,No Elo Data,
Jacques-Désiré Périatambée,,1,No Elo Data,
Jadallah Kheirelseid,,1,No Elo Data,
Jaden Montnor,,1,No Elo Data,
Jafar Irismetov,,4,No Elo Data,
Jafet Soto,,3,No Elo Data,
Jaffar Omran,,1,No Elo Data,
Jahid Hasan Ameli,,1,No Elo Data,
Jahn Ivar Jakobsen,,1,No Elo Data,
Jaime Ayoví,,1,No Elo Data,
Jaime Belmonte,,2,No Elo Data,
Jaime Castrillón,,1,No Elo Data,
Jaime Colomé,,2,No Elo Data,
Jaime González,,1,No Elo Data,
Jaime Grant,,1,No Elo Data,
Jaime Graça,,1,No Elo Data,
Jaime Lozano,,1,No Elo Data,
Jaime Moreno,,3,No Elo Data,
Jaime Ramírez,,4,No Elo Data,
Jaime Riveros,,1,No Elo Data,
Jaime Rodriguez,,1,No Elo Data,
Jaime Vera,,1,No Elo Data,
Jaime Vladimir Cubías,,1,No Elo Data,
Jaimes McKee,,1,No Elo Data,
Jair,Brazil,1,33.0,64.0
Jair Catuy,,1,No Elo Data,
Jair García,,1,No Elo Data,
Jairo Castillo,,3,No Elo Data,
Jairo Henríquez,,1,No Elo Data,
Jairo Patiño,,1,No Elo Data,
Jairo Quinteros,,1,No Elo Data,
Jairzinho,,4,No Elo Data,
Jaka Ihbeisheh,,1,No Elo Data,
Jake Grech,,1,No Elo Data,
Jakkaphan Kaewprom,,1,No Elo Data,
Jakob Johansson,,1,No Elo Data,
Jakob Poulsen,,1,No Elo Data,
Jakub Brabec,Czechia,2,No Elo Data,72.0
Jakub Błaszczykowski,,4,No Elo Data,
Jakub Jankto,,1,No Elo Data,
Jakub Kamiński,Poland,1,No Elo Data,74.0
Jakub Moder,,1,No Elo Data,
Jakub Pešek,,1,No Elo Data,
Jalal Hosseini,,4,No Elo Data,
Jaloliddin Masharipov,,3,No Elo Data,
Jamal Keshek,,2,No Elo Data,
Jamal Mohamed,,1,No Elo Data,
Jamal Mubarak,,1,No Elo Data,
Jamal Musiala,Germany,2,86.0,88.0
Jamal Rashid,,1,No Elo Data,
Jamal Willer,,1,No Elo Data,
Jameleddine Limam,,1,No Elo Data,
James Chamanga,,1,No Elo Data,
James Collins,,1,No Elo Data,
James Debbah,,2,No Elo Data,
James Forrest,Scotland,2,1.0,72.0
James Gomez,Gambia,1,No Elo Data,65.0
James Ha,England,1,-4.0,60.0
James Lawrence,,1,No Elo Data,
James Marcelin,,2,No Elo Data,
James McArthur,,2,No Elo Data,
James McClean,,3,No Elo Data,
James McFadden,,2,No Elo Data,
James Moga,,3,No Elo Data,
James Rodríguez,,12,No Elo Data,
James Troisi,,1,No Elo Data,
James Ward-Prowse,,1,No Elo Data,
James Wong,,1,No Elo Data,
Jamie Browne,,1,No Elo Data,
Jamie Donley,,1,No Elo Data,
Jamie Lawrence,Germany,1,-13.0,70.0
Jamie Leweling,Germany,1,86.0,75.0
Jamie Maclaren,Australia,3,7.5,69.0
Jamie Pace,,2,No Elo Data,
Jamie Vardy,,1,No Elo Data,
Jamie Ward,,2,No Elo Data,
Jamil Joseph,,1,No Elo Data,
Jamil Kyambadde,,1,No Elo Data,
Jamiro Monteiro,Cape Verde,1,83.0,69.0
Jamiru Amidu,,1,No Elo Data,
Jan Allan Müller,,1,No Elo Data,
Jan Bartram,,1,No Elo Data,
Jan Bednarek,,1,No Elo Data,
Jan Busuttil,,1,No Elo Data,
Jan Ceulemans,,7,No Elo Data,
Jan Eriksson,,2,No Elo Data,
Jan Fuglset,,1,No Elo Data,
Jan Furtok,,1,No Elo Data,
Jan Heintze,,1,No Elo Data,
Jan Koller,,14,No Elo Data,
Jan Kristian Fjærestad,,1,No Elo Data,
Jan Mlakar,Slovenia,1,No Elo Data,67.0
Jan Mølby,,1,No Elo Data,
Jan Olsson,,1,No Elo Data,
Jan Suchopárek,,1,No Elo Data,
Jan Szmidt,,1,No Elo Data,
Jan Urban,,1,No Elo Data,
Jan Vertonghen,,3,No Elo Data,
Jan Åge Fjørtoft,,3,No Elo Data,
Jang Hyun-soo,,1,No Elo Data,
Jang Kuk-chol,,1,No Elo Data,
Jani Atanasov,,2,No Elo Data,
Jannick Buyla,,1,No Elo Data,
Jannik Vestergaard,Denmark,1,No Elo Data,74.0
Janus Guðlaugsson,,1,No Elo Data,
Janusz Żmijewski,,2,No Elo Data,
Jaouad Zairi,,1,No Elo Data,
Jared Borgetti,,15,No Elo Data,
Jari Litmanen,,6,No Elo Data,
Jari Rantanen,,1,No Elo Data,
Jari Vanhala,,1,No Elo Data,
Jarkko Hurme,,1,No Elo Data,
Jaroslav Plašil,,1,No Elo Data,
Jaroslavas Citavičius,,2,No Elo Data,
Jasem Al-Huwaidi,,8,No Elo Data,
Jasem Yaqoub,,7,No Elo Data,
Jasir Asani,,4,No Elo Data,
Jasmin Kurtić,,1,No Elo Data,
Jason Culina,,1,No Elo Data,
Jason Demetriou,,1,No Elo Data,
Jason Denayer,,1,No Elo Data,
Jason Koumas,,2,No Elo Data,
Jason Mayélé,,2,No Elo Data,
Jason McAteer,,2,No Elo Data,
Jason Roberts,,3,No Elo Data,
Jason Scotland,,1,No Elo Data,
Jason Thomas,,1,No Elo Data,
Jason de Vos,,2,No Elo Data,
Jasse Tuominen,,1,No Elo Data,
Jassem Gaber,Qatar,1,-10.0,63.0
Javad Kazemian,,1,No Elo Data,
Javad Nekounam,,6,No Elo Data,
Javain Brown,,1,No Elo Data,
Javi Moreno,Spain,1,5.0,65.0
Javid Huseynov,,1,No Elo Data,
Javier Ambrois,,5,No Elo Data,
Javier Astúa,,1,No Elo Data,
Javier Balboa,,4,No Elo Data,
Javier Chevantón,,2,No Elo Data,
Javier Cárdenas,,2,No Elo Data,
Javier Delgado,Spain,2,60.0,63.0
Javier Fragoso,,2,No Elo Data,
Javier Guzmán,,3,No Elo Data,
Javier Hernández,Spain,11,6.17,68.0
Javier Margas,,2,No Elo Data,
Javier Mascherano,,1,No Elo Data,
Javier Saviola,,1,No Elo Data,
Javier Tamayo,,1,No Elo Data,
Javier Valdivia,,1,No Elo Data,
Javier Zanetti,,1,No Elo Data,
Javokhir Sidikov,,1,No Elo Data,
Jawad Khalaf,,1,No Elo Data,
Jawhar Mnari,,1,No Elo Data,
Jay Idzes,,1,No Elo Data,
Jay-Jay Okocha,,7,No Elo Data,
Jaycee John Okwunwanne,,2,No Elo Data,
Jaylee Hodgson,,2,No Elo Data,
Je-Vaughn Watson,,1,No Elo Data,
Jean Beausejour,,2,No Elo Data,
Jean Desgranges,,1,No Elo Data,
Jean Foutika,,1,No Elo Data,
Jean Gallice,,1,No Elo Data,
Jean Hmae,,1,No Elo Data,
Jean Janssens,,1,No Elo Data,
Jean Kalala N'Tumba,,2,No Elo Data,
Jean Makoun,,1,No Elo Data,
Jean Manga Onguéné,,2,No Elo Data,
Jean Nako Naprapol,,2,No Elo Data,
Jean Paul Farrugia,,1,No Elo Data,
Jean Petit,,1,No Elo Data,
Jean Sony Alcénat,,1,No Elo Data,
Jean Vincent,,1,No Elo Data,
Jean Xowie,,1,No Elo Data,
Jean-Baptiste N'Doga,,1,No Elo Data,
Jean-Claude Bras,,1,No Elo Data,
Jean-Claude Désir,,2,No Elo Data,
Jean-Eudes Maurice,,2,No Elo Data,
Jean-François Domergue,,1,No Elo Data,
Jean-Jacques Katrawa,,1,No Elo Data,
Jean-Jacques Marcel,,1,No Elo Data,
Jean-Jacques N'Domba,,1,No Elo Data,
Jean-Kévin Duverne,Haiti,1,42.0,71.0
Jean-Louis Bozon,,1,No Elo Data,
Jean-Louis Straetmans,,1,No Elo Data,
Jean-Loup Rousseau,,1,No Elo Data,
Jean-Marc Ferreri,,1,No Elo Data,
Jean-Marc Guillou,,1,No Elo Data,
Jean-Marie Mbuyi,,1,No Elo Data,
Jean-Marie Tsébo,,2,No Elo Data,
Jean-Michel Larqué,,1,No Elo Data,
Jean-Michel M'Bono,,3,No Elo Data,
Jean-Paul,Suriname,1,No Elo Data,69.0
Jean-Paul Brigger,,3,No Elo Data,
Jean-Philippe Mateta,France,1,7.0,82.0
Jean-Philippe Peguero,,2,No Elo Data,
Jean-Philippe Saïko,,2,No Elo Data,
Jean-Pierre Papin,,13,No Elo Data,
Jean-Yves Randriamarozaka,,1,No Elo Data,
Jeff Hendrick,,1,No Elo Data,
Jeff Whitley,,1,No Elo Data,
Jefferson Faamatau,,1,No Elo Data,
Jefferson Farfán,,11,No Elo Data,
Jefferson Lerma,,1,No Elo Data,
Jefferson Montero,,2,No Elo Data,
Jefferson Savarino,,1,No Elo Data,
Jeffrey Kwaomae,,1,No Elo Data,
Jehad Al-Hussain,,2,No Elo Data,
Jehad Muntasser,,1,No Elo Data,
Jeison Murillo,,1,No Elo Data,
Jeje Lalpekhlua,,1,No Elo Data,
Jens Jeremies,,1,No Elo Data,
Jens Jørn Bertelsen,,1,No Elo Data,
Jens Kristian Hansen,,2,No Elo Data,
Jens Petersen,,1,No Elo Data,
Jens Stryger Larsen,Denmark,1,No Elo Data,72.0
Jenő Vincze,,1,No Elo Data,
Jeong Gang-Ji,,1,No Elo Data,
Jeredy Hilterman,,1,No Elo Data,
Jeremain Lens,,1,No Elo Data,
Jeremy Antonisse,,1,No Elo Data,
Jeremy Bokila,,2,No Elo Data,
Jeremy Charles,,1,No Elo Data,
Jeremy de León,,1,No Elo Data,
Jeris Tadrus,,1,No Elo Data,
Jermain Defoe,,3,No Elo Data,
Jermaine Anderson,,1,No Elo Data,
Jermaine Beckford,,1,No Elo Data,
Jermaine Francis,,1,No Elo Data,
Jermaine Jones,,2,No Elo Data,
Jerome Ramatlhakwane,,1,No Elo Data,
Jerren Nixon,,2,No Elo Data,
Jerry Alexander,,1,No Elo Data,
Jerry Bengtson,,10,No Elo Data,
Jerry Donga,,2,No Elo Data,
Jerry Tondelua,,2,No Elo Data,
Jerzy Brzęczek,,1,No Elo Data,
Jerzy Sadek,,1,No Elo Data,
Jesper Blomqvist,,1,No Elo Data,
Jesper Grønkjær,,1,No Elo Data,
Jesper Olsen,,3,No Elo Data,
Jesse Lingard,,2,No Elo Data,
Jesús Arellano,,2,No Elo Data,
Jesús Ferreira,Portugal,2,34.0,64.0
Jesús Julio,,1,No Elo Data,
Jesús Manuel Corona,,3,No Elo Data,
Jesús Navas,,1,No Elo Data,
Jesús Prado,,1,No Elo Data,
Jesús Reynaldo,,2,No Elo Data,
Jesús del Muro,,1,No Elo Data,
Jevgeni Novikov,,1,No Elo Data,
Jeyland Mitchell,,1,No Elo Data,
Jhasmani Campos,,2,No Elo Data,
Jhon Arias,,1,No Elo Data,
Jhon Chancellor,,1,No Elo Data,
Jhon Córdoba,,1,No Elo Data,
Jhonder Cádiz,,1,No Elo Data,
Jhonny Acosta,,2,No Elo Data,
Ji Dong-won,,2,No Elo Data,
Jia Xiuquan,,3,No Elo Data,
Jiana Raoelijaona,,1,No Elo Data,
Jiang Ning,,1,No Elo Data,
Jim Allevinah,,5,No Elo Data,
Jim Bett,,1,No Elo Data,
Jim Brennan,,1,No Elo Data,
Jim Holton,,1,No Elo Data,
Jim Magilton,,1,No Elo Data,
Jim McLaughlin,,1,No Elo Data,
Jimmy Ben,,1,No Elo Data,
Jimmy Conway,,1,No Elo Data,
Jimmy Dickinson,,1,No Elo Data,
Jimmy Durmaz,,1,No Elo Data,
Jimmy Floyd Hasselbaink,,1,No Elo Data,
Jimmy Mackay,,2,No Elo Data,
Jimmy McIlroy,,1,No Elo Data,
Jimmy Modeste,,1,No Elo Data,
Jimmy Mulisa,,1,No Elo Data,
Jimmy Mullen,,1,No Elo Data,
Jimmy Murray,,1,No Elo Data,
Jimmy Nicholson,,1,No Elo Data,
Jimmy Quinn,,6,No Elo Data,
Jimmy Rooney,,1,No Elo Data,
Jimmy Zakazaka,,1,No Elo Data,
Jiří Hledík,,1,No Elo Data,
Jiří Sloup,,1,No Elo Data,
Jo Inge Berget,Norway,1,0.0,67.0
Jo Paul Ancheri,,3,No Elo Data,
Joachim Andersen,,1,No Elo Data,
Joachim Streich,,6,No Elo Data,
Joakim Mæhle,Denmark,1,No Elo Data,78.0
Joan Capdevila,,2,No Elo Data,
Joan Cervós,,1,No Elo Data,
Joan Morales,,1,No Elo Data,
Joan Oumari,,1,No Elo Data,
Joao Rafael Elias,,1,No Elo Data,
Joaquim Santana,,1,No Elo Data,
Joaquín,Argentina,2,30.0,74.0
Joaquín Botero,,5,No Elo Data,
Joaquín Correa,,1,No Elo Data,
Joaquín Peiró,,1,No Elo Data,
Joash Leader,,2,No Elo Data,
Jobby Crossan,,3,No Elo Data,
Jobi McAnuff,,1,No Elo Data,
Jocelyn Ahouéya,,1,No Elo Data,
Jocelyn Angloma,,1,No Elo Data,
Jodel Dossou,,3,No Elo Data,
Joe Cole,,4,No Elo Data,
Joe Corona,,2,No Elo Data,
Joe Emerson Bizera,,1,No Elo Data,
Joe Gaetjens,,1,No Elo Data,
Joe Harper,,1,No Elo Data,
Joe Jordan,,5,No Elo Data,
Joe Ledley,,1,No Elo Data,
Joe Maca,,1,No Elo Data,
Joe Masiga,,1,No Elo Data,
Joe Rodon,,1,No Elo Data,
Joe Royle,,1,No Elo Data,
Joe-Max Moore,,3,No Elo Data,
Joel Abu Hanna,,1,No Elo Data,
Joel Campbell,,6,No Elo Data,
Joel Estrada,,1,No Elo Data,
Joel Kojo,,3,No Elo Data,
Joel Lindpere,,1,No Elo Data,
Joel Minko,,1,No Elo Data,
Joel Mogorosi,,1,No Elo Data,
Joel Pohjanpalo,,10,No Elo Data,
Joel Porter,,1,No Elo Data,
Joetex Asamoah Frimpong,,1,No Elo Data,
Joevin Jones,,2,No Elo Data,
Johan Cruyff,,8,No Elo Data,
Johan Devrindt,,5,No Elo Data,
Johan Djourou,,1,No Elo Data,
Johan Elmander,,2,No Elo Data,
Johan Fano,,2,No Elo Data,
Johan Manzambi,Switzerland,1,-8.0,67.0
Johan Mjällby,,2,No Elo Data,
Johan Neeskens,,5,No Elo Data,
Johan Venegas,,1,No Elo Data,
Johan Vonlanthen,,2,No Elo Data,
Johann Horvath,,2,No Elo Data,
Johann Krankl,,4,No Elo Data,
Johann Obiang,,1,No Elo Data,
Johann Schmidradner,,1,No Elo Data,
Johanna Omolo,,2,No Elo Data,
John Aldridge,,8,No Elo Data,
John Aloisi,,3,No Elo Data,
John Arne Riise,,5,No Elo Data,
John Atyeo,,1,No Elo Data,
John Banda,,2,No Elo Data,
John Baraza,,1,No Elo Data,
John Barnes,,2,No Elo Data,
John Barry Nusum,,2,No Elo Data,
John Bosman,,4,No Elo Data,
John Boye,,2,No Elo Data,
John Brooks,,1,No Elo Data,
John Carew,,5,No Elo Data,
John Charles,Malawi,2,No Elo Data,63.0
John Chiedozie,,1,No Elo Data,
John Collins,Wales,4,No Elo Data,68.0
John Connelly,,1,No Elo Data,
John Doyle,,1,No Elo Data,
John Ebow Essien,,1,No Elo Data,
John Greig,,2,No Elo Data,
John Hartson,,4,No Elo Data,
John Heitinga,,1,No Elo Data,
John Hewie,,1,No Elo Data,
John Hughes,,1,No Elo Data,
John Jensen,,3,No Elo Data,
John Kerr Jr.,,1,No Elo Data,
John Kosmina,,7,No Elo Data,
John Krogh,,1,No Elo Data,
John Maduka,,1,No Elo Data,
John McGinlay,,2,No Elo Data,
John McGinn,Scotland,11,-0.67,81.0
John McPhail,,1,No Elo Data,
John Mensah,,1,No Elo Data,
John Metgod,,2,No Elo Data,
John Morris Williams,,1,No Elo Data,
John Moshoeu,,2,No Elo Data,
John O'Brien,England,2,2.0,72.0
John O'Hare,,2,No Elo Data,
John O'Neill,Republic of Ireland,1,No Elo Data,66.0
John O'Shea,,3,No Elo Data,
John Pareanga,,1,No Elo Data,
John Robertson,,3,No Elo Data,
John Shore,,1,No Elo Data,
John Souttar,Scotland,1,69.0,73.0
John Stones,England,2,48.5,82.0
John Terry,,1,No Elo Data,
John Toshack,,4,No Elo Data,
John Utaka,,1,No Elo Data,
John Wark,,2,No Elo Data,
John Wilkinson,,1,No Elo Data,
John van den Brom,,1,No Elo Data,
Johnathan Spokeyjack,,1,No Elo Data,
Johnny Crossan,,1,No Elo Data,
Johnny Ekström,,4,No Elo Data,
Johnny Gavin,,1,No Elo Data,
Johnny Giles,,1,No Elo Data,
Johnny Haynes,,2,No Elo Data,
Johnny Nicholls,,1,No Elo Data,
Johnny Rep,,3,No Elo Data,
Johnny Squires,,1,No Elo Data,
Johnny Thio,,1,No Elo Data,
Johnny Warren,,1,No Elo Data,
Johnny Watkiss,,1,No Elo Data,
Johnny Williams,,1,No Elo Data,
Johnson Bwalya,,3,No Elo Data,
Jojea Kwizera,,1,No Elo Data,
Jon Dahl Tomasson,,12,No Elo Data,
Jon Russell,,2,No Elo Data,
Jonas Bahamboula,,1,No Elo Data,
Jonas Hofmann,Germany,1,-7.0,78.0
Jonas Mendes,,1,No Elo Data,
Jonas Ogandaga,,1,No Elo Data,
Jonas Okétola,,1,No Elo Data,
Jonas Wind,,5,No Elo Data,
Jonatan Johansson,,6,No Elo Data,
Jonathan Akpoborie,,1,No Elo Data,
Jonathan Ayité,,1,No Elo Data,
Jonathan Barrios,,1,No Elo Data,
Jonathan Bolingi,,2,No Elo Data,
Jonathan Bornstein,,1,No Elo Data,
Jonathan Cantillana,,1,No Elo Data,
Jonathan David,Uruguay,5,-44.25,67.0
Jonathan Fabbro,,2,No Elo Data,
Jonathan Faña,,1,No Elo Data,
Jonathan Kodjia,,3,No Elo Data,
Jonathan Osorio,Canada,2,185.0,71.0
Jonathan Perry,,1,No Elo Data,
Jonathan Pitroipa,,5,No Elo Data,
Jonathan Sogbie,,1,No Elo Data,
Jonathan Tehau,,1,No Elo Data,
Jonathan Walters,,5,No Elo Data,
Jonathan dos Santos,,1,No Elo Data,
Jones Chilengi,,1,No Elo Data,
Jones Mwewa,,2,No Elo Data,
Jong Il-gwan,,6,No Elo Data,
Joni,,1,No Elo Data,
Jonny Evans,,4,No Elo Data,
Jonny Williams,,1,No Elo Data,
Jope Namawa Leka,,1,No Elo Data,
Jordan Adéoti,,1,No Elo Data,
Jordan Ayew,,4,No Elo Data,
Jordan Henderson,,1,No Elo Data,
Jordan James,,1,No Elo Data,
Jordan Morris,,2,No Elo Data,
Jordan Wetria,,1,No Elo Data,
Jordi Alba,Spain,5,-1.25,78.0
Jordi Aláez,,2,No Elo Data,
Jordi Cruyff,,1,No Elo Data,
Jordy Tasip,,1,No Elo Data,
Jorge Aguirre,,1,No Elo Data,
Jorge Alcalde,,1,No Elo Data,
Jorge Amado Nunes,,1,No Elo Data,
Jorge Andrade,Brazil,1,55.0,79.0
Jorge Aravena,,2,No Elo Data,
Jorge Benjamín Araya,,2,No Elo Data,
Jorge Bermúdez,,1,No Elo Data,
Jorge Burruchaga,,1,No Elo Data,
Jorge Ceciliano,,1,No Elo Data,
Jorge Claros,,2,No Elo Data,
Jorge Contreras,,1,No Elo Data,
Jorge Dely Valdés,,3,No Elo Data,
Jorge Duilio Benitez,,3,No Elo Data,
Jorge Hirano,,1,No Elo Data,
Jorge Insfran,,1,No Elo Data,
Jorge Larraz,,2,No Elo Data,
Jorge Lino Romero,,1,No Elo Data,
Jorge Luis Campos,,2,No Elo Data,
Jorge López Caballero,,1,No Elo Data,
Jorge Manuel Ulate,,1,No Elo Data,
Jorge Monge,,1,No Elo Data,
Jorge Muñoz Luna,,1,No Elo Data,
Jorge Orlando Aravena Plaza,,2,No Elo Data,
Jorge Oyarbide,,1,No Elo Data,
Jorge Peredo,,2,No Elo Data,
Jorge Peñaloza,,1,No Elo Data,
Jorge Plácido,,1,No Elo Data,
Jorge Rodríguez,,2,No Elo Data,
Jorge Roldán,,1,No Elo Data,
Jorge Sarmiento,,1,No Elo Data,
Jorge Sota,,1,No Elo Data,
Jorge Soto,,3,No Elo Data,
Jorge Valdano,,3,No Elo Data,
Jorge Valdivia,,1,No Elo Data,
Jorge Álvarez,,1,No Elo Data,
Jorginho,,4,No Elo Data,
Joris Marveaux,,1,No Elo Data,
Joris Mathijsen,,2,No Elo Data,
Jorma Vaihela,,2,No Elo Data,
Jose Maria Garcia,,1,No Elo Data,
Jose Neves,,1,No Elo Data,
Jose Tognola,,1,No Elo Data,
Joseba Etxeberria,,3,No Elo Data,
Josef Gauchel,,1,No Elo Data,
Josef Hickersberger,,1,No Elo Data,
Josef Hügi,,3,No Elo Data,
Josef Košťálek,,1,No Elo Data,
Josef Martínez,,1,No Elo Data,
Josef Masopust,,1,No Elo Data,
Josef Novák,,1,No Elo Data,
Josef Rasselnberg,,1,No Elo Data,
Josef Stering,,1,No Elo Data,
Joselu,,2,No Elo Data,
Joseph Athale,,2,No Elo Data,
Joseph Chahrestan,,2,No Elo Data,
Joseph Chipolina,,3,No Elo Data,
Joseph Kaboré,,1,No Elo Data,
Joseph Maluka,,1,No Elo Data,
Joseph Mendes,,4,No Elo Data,
Joseph Obas,,3,No Elo Data,
Joseph Sam,,1,No Elo Data,
Joseph Ujlaki,,1,No Elo Data,
Joseph Urpani,,1,No Elo Data,
Joseph Wamba,,1,No Elo Data,
Joseph Yegba Maya,,1,No Elo Data,
Joseph Yobo,,5,No Elo Data,
Joseph-Désiré Job,,2,No Elo Data,
Joses Nawo,,1,No Elo Data,
Josete Miranda,,1,No Elo Data,
Josh Magennis,,4,No Elo Data,
Josh Wolff,,5,No Elo Data,
Joshua John,England,1,70.0,66.0
Joshua Kennedy,,5,No Elo Data,
Joshua Kimmich,,2,No Elo Data,
Joshua King,,3,No Elo Data,
Joshua Pérez,,1,No Elo Data,
Joshwa Campbell,,1,No Elo Data,
Josimar Alcócer,,2,No Elo Data,
Josip Brekalo,Croatia,1,-60.0,75.0
Josip Bukal,,2,No Elo Data,
Josip Drmić,,3,No Elo Data,
Josip Iličić,,6,No Elo Data,
Josip Katalinski,,4,No Elo Data,
Josip Skoblar,,2,No Elo Data,
Josip Skoko,,2,No Elo Data,
Jostein Flo,,2,No Elo Data,
Josué Duverger,,1,No Elo Data,
Josué Martínez,,1,No Elo Data,
Josué Tiendrébéogo,Burkina Faso,1,No Elo Data,64.0
José Alfredo Castillo,,2,No Elo Data,
José Alfredo Jiménez,,1,No Elo Data,
José Altafini,,2,No Elo Data,
José Antonio Vázquez,,1,No Elo Data,
José Ariel Núñez,,1,No Elo Data,
José Augusto Torres,,1,No Elo Data,
José Augusto de Almeida,,1,No Elo Data,
José Aveiro,,2,No Elo Data,
José Cardona,,1,No Elo Data,
José Cardozo,Paraguay,6,-13.0,62.0
José Carlos Pinto,,1,No Elo Data,
José Cea,,1,No Elo Data,
José Claramunt,,2,No Elo Data,
José Clayton,,3,No Elo Data,
José Coelho,,1,No Elo Data,
José Domingo Insfrán,,1,No Elo Data,
José Emilio Amavisca,,1,No Elo Data,
José Emilio Mitrovich,,1,No Elo Data,
José Eulogio Gárate,,1,No Elo Data,
José Fabián Paz y Miño,,1,No Elo Data,
José Fajardo,Panama,7,47.25,68.0
José Fernández,,2,No Elo Data,
José Gavica,,1,No Elo Data,
José Gayà,,2,No Elo Data,
José Gómez,Argentina,1,0.0,73.0
José Hmae,,1,No Elo Data,
José Iraragorri,,1,No Elo Data,
José Jacinto Vega,,1,No Elo Data,
José Javier del Aguila,,1,No Elo Data,
José João Pereira,,1,No Elo Data,
José Luis Caminero,,3,No Elo Data,
José Luis Chilavert,,2,No Elo Data,
José Luis Dolgetta,,1,No Elo Data,
José Luis González Dávila,,1,No Elo Data,
José Luis Lamadrid,,1,No Elo Data,
José Macia,,1,No Elo Data,
José Manuel Abundis,,1,No Elo Data,
José Manuel Contreras,,1,No Elo Data,
José Manuel Moreno,,5,No Elo Data,
José Manuel Rey,,3,No Elo Data,
José Manuel de la Torre,,1,No Elo Data,
José Mari Bakero,,2,No Elo Data,
José Maria da Cruz Martins,,1,No Elo Data,
José María Carranza,,1,No Elo Data,
José María García Lavilla,,1,No Elo Data,
José María Giménez,Uruguay,2,49.5,83.0
José María Jiménez,,3,No Elo Data,
José María Lavalle,,1,No Elo Data,
José María Medina,,2,No Elo Data,
José María Rivas,,1,No Elo Data,
José Mendoza,,1,No Elo Data,
José Miguel Cubero,,1,No Elo Data,
José Milton Melgar,,1,No Elo Data,
José Minsal,,1,No Elo Data,
José Nabil Ondo,,1,No Elo Data,
José Naranjo,,1,No Elo Data,
José Orlando Semedo,,1,No Elo Data,
José Oscar Herrera,,1,No Elo Data,
José Parodi,,1,No Elo Data,
José Pereda,,2,No Elo Data,
José Piendibene,,1,No Elo Data,
José Pinto,,1,No Elo Data,
José Pérez,Colombia,1,No Elo Data,67.0
José Quintanilla,,2,No Elo Data,
José Ramos Delgado,,1,No Elo Data,
José Reinaldo de Lima,,2,No Elo Data,
José Ricardo Taylor,,1,No Elo Data,
José Roberto Figueroa,,3,No Elo Data,
José Ruvalcaba,,1,No Elo Data,
José Sanfilippo,,1,No Elo Data,
José Sasía,,4,No Elo Data,
José Travassos,,1,No Elo Data,
José Ufarte,,1,No Elo Data,
José Urquia,,1,No Elo Data,
José Urruzmendi,,2,No Elo Data,
José Vargas,,2,No Elo Data,
José Velásquez,,3,No Elo Data,
José Vicente Balseca,,1,No Elo Data,
José Vidal,Peru,1,No Elo Data,66.0
José Vieira Dias Paulino do Carmo,,1,No Elo Data,
José del Solar,,3,No Elo Data,
José Águas,,1,No Elo Data,
José Ángel Iribar,,1,No Elo Data,
Jovan Aćimović,,1,No Elo Data,
Jovan Kirovski,,1,No Elo Data,
Jovan Kostovski,,1,No Elo Data,
Jovane Cabral,Cape Verde,1,89.0,70.0
Jozef Adamec,,3,No Elo Data,
Jozef Majoroš,,2,No Elo Data,
Jozef Móder,,1,No Elo Data,
Jozef Štibrányi,,1,No Elo Data,
Jozy Altidore,,9,No Elo Data,
João Cancelo,Portugal,4,23.75,84.0
João Domingos Pinto,,2,No Elo Data,
João Elias,,1,No Elo Data,
João Félix,Portugal,2,4.5,79.0
João Moutinho,Portugal,2,8.0,77.0
João Resende Alves,,2,No Elo Data,
João Vieira Pinto,,7,No Elo Data,
Joël Kimwaki,,1,No Elo Data,
Joël Matip,,1,No Elo Data,
Joël Monteiro,,1,No Elo Data,
Joël Tiéhi,,3,No Elo Data,
Joško Gvardiol,Croatia,2,-9.5,84.0
Ju Manu Rai,,1,No Elo Data,
Juan,Brazil,3,14.67,69.0
Juan Alberto Schiaffino,,1,No Elo Data,
Juan Alcántara,,1,No Elo Data,
Juan Angel Romero,,1,No Elo Data,
Juan Antonio Señor,,2,No Elo Data,
Juan Arango,,5,No Elo Data,
Juan Ayala,,1,No Elo Data,
Juan Banegas,,1,No Elo Data,
Juan Barrera,,1,No Elo Data,
Juan Bautista Agüero,,2,No Elo Data,
Juan Bautista Villalba,,4,No Elo Data,
Juan Caballero,,1,No Elo Data,
Juan Carlos Arce,,5,No Elo Data,
Juan Carlos Arguedas,,1,No Elo Data,
Juan Carlos Arteche,,1,No Elo Data,
Juan Carlos Corbalan,,1,No Elo Data,
Juan Carlos García,,1,No Elo Data,
Juan Carlos Heguy,,1,No Elo Data,
Juan Carlos Lallana,,1,No Elo Data,
Juan Carlos Letelier,,1,No Elo Data,
Juan Carlos Mariño,,1,No Elo Data,
Juan Carlos Oblitas,,2,No Elo Data,
Juan Carlos Padilla,,1,No Elo Data,
Juan Carlos Pedraza,,1,No Elo Data,
Juan Carlos Plata,,9,No Elo Data,
Juan Carlos Rojas,,1,No Elo Data,
Juan Carlos Sarnari,,1,No Elo Data,
Juan Carlos Sánchez,,1,No Elo Data,
Juan Carlos Valerón,,2,No Elo Data,
Juan Castillo,Colombia,1,-87.0,66.0
Juan Cayasso,,3,No Elo Data,
Juan Cruz Sol,,1,No Elo Data,
Juan Cuadrado,,2,No Elo Data,
Juan Domingo Brown,,1,No Elo Data,
Juan Emilio Salinas,,1,No Elo Data,
Juan Fernando Quintero,Colombia,1,34.0,77.0
Juan Flores Madariaga,,2,No Elo Data,
Juan Francisco Barraza,,1,No Elo Data,
Juan Fuenmayor,,1,No Elo Data,
Juan González,,1,No Elo Data,
Juan Gutiérrez Moreno,,1,No Elo Data,
Juan Hohberg,,2,No Elo Data,
Juan José Muñante,,1,No Elo Data,
Juan Maglio,,1,No Elo Data,
Juan Manuel Asensi,,4,No Elo Data,
Juan Manuel Funes,,2,No Elo Data,
Juan Manuel Vargas,,2,No Elo Data,
Juan Marvezzi,,1,No Elo Data,
Juan Mata,,2,No Elo Data,
Juan Maximiliano Pablo,,1,No Elo Data,
Juan Pablo Sorín,,2,No Elo Data,
Juan Pablo Vargas,,2,No Elo Data,
Juan Pablo Ángel,,6,No Elo Data,
Juan Pajuelo,,1,No Elo Data,
Juan Pedro Riephoff,,1,No Elo Data,
Juan Ramón Martínez,,3,No Elo Data,
Juan Reynoso Guzmán,,1,No Elo Data,
Juan Rodrigo Rojas,,1,No Elo Data,
Juan Román Riquelme,,7,No Elo Data,
Juan Sebastián Verón,,2,No Elo Data,
Juan Seminario,,1,No Elo Data,
Juan Soto Quiros,,1,No Elo Data,
Juan Ulloa,,4,No Elo Data,
Juanito,,3,No Elo Data,
Juary Soares,,1,No Elo Data,
Judd Molea,,1,No Elo Data,
Jude Bellingham,,6,No Elo Data,
Jude Ssemugabi,,1,No Elo Data,
Judelin Aveska,,1,No Elo Data,
Juhani Peltonen,,2,No Elo Data,
Julani Archibald,,1,No Elo Data,
Julen Guerrero,,3,No Elo Data,
Jules Alberto,,2,No Elo Data,
Jules Bocandé,,1,No Elo Data,
Jules Lagadeau,,1,No Elo Data,
Julian Draxler,,3,No Elo Data,
Julian Johnsson,,1,No Elo Data,
Julian Ryerson,Norway,1,116.0,79.0
Julian Wade,,1,No Elo Data,
Julian de Guzman,,2,No Elo Data,
Juliano Belletti,,2,No Elo Data,
Julien Cools,,2,No Elo Data,
Julien Escudé,,1,No Elo Data,
Julio Crisosto,,1,No Elo Data,
Julio César Baldivieso,,5,No Elo Data,
Julio César Cortés,,2,No Elo Data,
Julio César Romero,,5,No Elo Data,
Julio César Uribe,,1,No Elo Data,
Julio César de León,,2,No Elo Data,
Julio Dely Valdés,,7,No Elo Data,
Julio Enciso,,2,No Elo Data,
Julio Francia,,1,No Elo Data,
Julio Gallardo,,1,No Elo Data,
Julio Libonatti,,3,No Elo Data,
Julio Meléndez,,1,No Elo Data,
Julio Morales,,2,No Elo Data,
Julio Palacios Lozano,,1,No Elo Data,
Julio Ramírez,,1,No Elo Data,
Julio Rodas,,2,No Elo Data,
Julio Salinas,,5,No Elo Data,
Julio dos Santos,Brazil,1,-18.0,76.0
Julius Aghahowa,,7,No Elo Data,
Julius James,,1,No Elo Data,
Julián Alvarez,Argentina,2,5.0,87.0
Julián Quiñones,,2,No Elo Data,
Julián Álvarez,,2,No Elo Data,
Juma Bah,Sierra Leone,1,No Elo Data,72.0
Juma Marzouq,,1,No Elo Data,
Jumah Salem Joher,,1,No Elo Data,
Jung Jae-Kwon,,1,No Elo Data,
Jung Seung-hyun,,1,No Elo Data,
Jung Yong-Hwan,,1,No Elo Data,
Junichi Inamoto,,1,No Elo Data,
Juninho Bacuna,,2,No Elo Data,
Juninho Pernambucano,,1,No Elo Data,
Junior Agogo,,3,No Elo Data,
Junior Arteaga,,1,No Elo Data,
Junior David,,1,No Elo Data,
Junior Flemmings,,1,No Elo Data,
Junior Hoilett,,2,No Elo Data,
Junior Kabananga,,2,No Elo Data,
Junior Pukoku,,1,No Elo Data,
Junior Tchamadeu,,1,No Elo Data,
Junior Waziri,,1,No Elo Data,
Junya Ito,,2,No Elo Data,
Jupp Heynckes,,1,No Elo Data,
Juraj Kucka,,3,No Elo Data,
Juraj Szikora,,1,No Elo Data,
Jurgen Degabriele,,3,No Elo Data,
Jurica Jerković,,2,No Elo Data,
Jurijs Ševļakovs,,1,No Elo Data,
Jurijs Žigajevs,,1,No Elo Data,
Juris Laizāns,,7,No Elo Data,
Juriën Gaari,,1,No Elo Data,
Just Fontaine,,4,No Elo Data,
Justin Garcia,,1,No Elo Data,
Justin Hubner,,1,No Elo Data,
Justin Manao,,1,No Elo Data,
Justo Ruiz,,1,No Elo Data,
Juvenal Edjogo-Owono,,2,No Elo Data,
Juvenal Olmos,,2,No Elo Data,
Jyrki Nieminen,,1,No Elo Data,
Jákup Andreasen,,1,No Elo Data,
Ján Greguš,,2,No Elo Data,
Ján Kozák,,1,No Elo Data,
Ján Čapkovič,,3,No Elo Data,
Ján Ďurica,,2,No Elo Data,
János Farkas,,6,No Elo Data,
János Hrutka,,1,No Elo Data,
János Mátyus,,2,No Elo Data,
Jérémy Ménez,,1,No Elo Data,
Jérôme Boateng,,1,No Elo Data,
Jérôme Doté,,1,No Elo Data,
Jóan Símun Edmundsson,,3,No Elo Data,
Jóannes Bjartalíð,Faroe Islands,1,No Elo Data,64.0
Jóhann Berg Guðmundsson,Iceland,3,No Elo Data,71.0
Jóhannes Eðvaldsson,,1,No Elo Data,
Jón Dagur Þorsteinsson,Iceland,2,No Elo Data,69.0
Jón Daði Böðvarsson,,2,No Elo Data,
Jón Rói Jacobsen,,1,No Elo Data,
Józef Wandzik,,1,No Elo Data,
József Eisenhoffer,,1,No Elo Data,
József Horváth,,1,No Elo Data,
József Kardos,,1,No Elo Data,
József Kiprich,,3,No Elo Data,
József Pecsovszky,,1,No Elo Data,
József Póczik,,1,No Elo Data,
József Sebők,,1,No Elo Data,
József Szalma,,1,No Elo Data,
Júlio Baptista,,1,No Elo Data,
Júlio Botelho,,3,No Elo Data,
Júlio Tavares,,2,No Elo Data,
Júnior Alonso,,1,No Elo Data,
Júnior Díaz,,1,No Elo Data,
Jürgen Grabowski,,1,No Elo Data,
Jürgen Klinsmann,,12,No Elo Data,
Jürgen Nöldner,,3,No Elo Data,
Jürgen Sparwasser,,1,No Elo Data,
Jānis Ikaunieks,,3,No Elo Data,
Jānis Rozītis,,1,No Elo Data,
Jānis Škincs,,1,No Elo Data,
K. Appalaraju,,1,No Elo Data,
Kaan Ayhan,Turkey,4,31.67,76.0
Kaba Diawara,,2,No Elo Data,
Kabamba Musasa,,1,No Elo Data,
Kabelo Seakanyeng,,1,No Elo Data,
Kadhim Waal,,1,No Elo Data,
Kagiso Dikgacoi,,1,No Elo Data,
Kahraba,,1,No Elo Data,
Kai Havertz,,9,No Elo Data,
Kai Merk,,1,No Elo Data,
Kai Sjøberg,,1,No Elo Data,
Kaies Ghodhbane,,1,No Elo Data,
Kaimar Saag,,1,No Elo Data,
Kairat Ashirbekov,,1,No Elo Data,
Kairat Nurdauletov,,1,No Elo Data,
Kaiser Hamid,,1,No Elo Data,
Kaj Poulsen,,1,No Elo Data,
Kakha Gogoladze,,2,No Elo Data,
Kakha Kaladze,,1,No Elo Data,
Kakoko Etepé,,4,No Elo Data,
Kaká,,8,No Elo Data,
Kaleem Simon,,1,No Elo Data,
Kalidou Koulibaly,Senegal,2,39.5,82.0
Kalifa Coulibaly,,1,No Elo Data,
Kaliova Bulinaceva,,1,No Elo Data,
Kalusha Bwalya,,8,No Elo Data,
Kama Dumbuya,,1,No Elo Data,
Kamel Seddik,,1,No Elo Data,
Kamil Al Aswad,,2,No Elo Data,
Kamil Glik,,4,No Elo Data,
Kamil Grosicki,Poland,5,No Elo Data,74.0
Kamil Jóźwiak,,1,No Elo Data,
Kamil Piątkowski,,1,No Elo Data,
Kamo Hovhannisyan,,1,No Elo Data,
Kamory Doumbia,Mali,1,No Elo Data,74.0
Kane Crichlow,,1,No Elo Data,
Kang Chul,,1,No Elo Data,
Kang Kuk-chol,,1,No Elo Data,
Kanga Akalé,,2,No Elo Data,
Kanika Matondo,,1,No Elo Data,
Kanku Mulekelayi,,1,No Elo Data,
Kaoru Mitoma,Japan,1,91.0,82.0
Kara Mbodji,,2,No Elo Data,
Karel Mustmaa,,1,No Elo Data,
Karel Poborský,,4,No Elo Data,
Karen Dokhoyan,,1,No Elo Data,
Karim Abdul Razak,,2,No Elo Data,
Karim Ansarifard,,4,No Elo Data,
Karim Bagheri,,9,No Elo Data,
Karim Bavi,,3,No Elo Data,
Karim Benzema,France,9,10.8,85.0
Karim Boudiaf,Qatar,2,-45.0,71.0
Karim Haggui,,1,No Elo Data,
Karim Kamanzi,,1,No Elo Data,
Karim Matmour,,2,No Elo Data,
Karim Mohammed Allawi,,1,No Elo Data,
Karl Etta Eyong,,1,No Elo Data,
Karl Hein,,2,No Elo Data,
Karl Hohmann,,1,No Elo Data,
Karl Namnganda,,2,No Elo Data,
Karl Odermatt,,3,No Elo Data,
Karl Stotz,,1,No Elo Data,
Karl Toko Ekambi,,5,No Elo Data,
Karl-Erik Palmér,,1,No Elo Data,
Karl-Heinz Riedle,,1,No Elo Data,
Karl-Heinz Rummenigge,,9,No Elo Data,
Karl-Heinz Schnellinger,,1,No Elo Data,
Karlheinz Förster,,1,No Elo Data,
Karol Jokl,,3,No Elo Data,
Karol Linetty,Poland,1,No Elo Data,73.0
Karol Świderski,,9,No Elo Data,
Karolis Laukžemis,,2,No Elo Data,
Karrar Jassim,,2,No Elo Data,
Kasey Palmer,,1,No Elo Data,
Kaspars Dubra,,1,No Elo Data,
Kaspars Gorkšs,,4,No Elo Data,
Kasper Dolberg,Denmark,3,No Elo Data,77.0
Kasper Hämäläinen,,2,No Elo Data,
Kasper Høgh,,1,No Elo Data,
Kassaly Daouda,,1,No Elo Data,
Kassim M'Dahoma,,2,No Elo Data,
Kassoum Ouédraogo,,2,No Elo Data,
Katlego Mphela,,2,No Elo Data,
Kayrat Zhyrgalbek uulu,,1,No Elo Data,
Kazimierz Deyna,,3,No Elo Data,
Kazushi Kimura,,3,No Elo Data,
Kazuyoshi Miura,,7,No Elo Data,
Keanu Baccus,,1,No Elo Data,
Kebede Metaferia,,1,No Elo Data,
Kees Kist,,4,No Elo Data,
Kees van Kooten,,1,No Elo Data,
Kei Kamara,,1,No Elo Data,
Keiji Tamada,,3,No Elo Data,
Keijo Kousa,,1,No Elo Data,
Keisuke Honda,,10,No Elo Data,
Keita Baldé,Senegal,2,17.0,70.0
Keita Karamokoba,,1,No Elo Data,
Keith Andrews,,1,No Elo Data,
Keith Douglas,,1,No Elo Data,
Keith Fahey,,1,No Elo Data,
Keith Gillespie,,1,No Elo Data,
Keith Gumbs,,1,No Elo Data,
Keith Nelson,,3,No Elo Data,
Keith Rowland,,1,No Elo Data,
Keithroy Freeman,,2,No Elo Data,
Keito Nakamura,Japan,3,5.0,76.0
Kelechi Iheanacho,,3,No Elo Data,
Kelly Peters,,1,No Elo Data,
Kelvin Berassa,,1,No Elo Data,
Kelvin Mutale,,1,No Elo Data,
Kelvin Sebwe,,4,No Elo Data,
Kema Jack,,1,No Elo Data,
Kemar Lawrence,,1,No Elo Data,
Kemar Roofe,,1,No Elo Data,
Kembo Uba Kembo,,3,No Elo Data,
Kenan Karaman,Turkey,2,-26.0,73.0
Kenan Yıldız,Turkey,2,57.5,79.0
Kendall Velox,,1,No Elo Data,
Kendall Waston,,3,No Elo Data,
Kenlyn Gonsalves,,1,No Elo Data,
Kennedy Chihuri,,1,No Elo Data,
Kennedy Mweene,,1,No Elo Data,
Kennet Andersson,,5,No Elo Data,
Kenneth Brylle Larsen,,1,No Elo Data,
Kenneth Malitoli,,2,No Elo Data,
Kenneth Olayombo,,1,No Elo Data,
Kenneth Omeruo,,1,No Elo Data,
Kenneth Thompson,,1,No Elo Data,
Kenny Cooper,,2,No Elo Data,
Kenny Dalglish,,8,No Elo Data,
Kenny McLean,,2,No Elo Data,
Kenny Miller,,5,No Elo Data,
Kenny Rocha Santos,,1,No Elo Data,
Kensi Tangis,,1,No Elo Data,
Kent Nielsen,,1,No Elo Data,
Kenwin McPhee,,1,No Elo Data,
Kenwyne Jones,,7,No Elo Data,
Keo Sokpheng,,1,No Elo Data,
Keon Daniel,,2,No Elo Data,
Kerem Aktürkoğlu,Turkey,6,33.0,80.0
Kerem Demirbay,Germany,1,71.0,74.0
Kerim Alajbegović,,1,No Elo Data,
Kermit Erasmus,,1,No Elo Data,
Kerry Jamerson,,2,No Elo Data,
Kerry Skepple,,1,No Elo Data,
Kervens Belfort,,3,No Elo Data,
Kevin Archer,,1,No Elo Data,
Kevin Csoboth,Hungary,1,No Elo Data,66.0
Kevin Davies,,1,No Elo Data,
Kevin De Bruyne,Belgium,13,3.71,87.0
Kevin Doyle,,4,No Elo Data,
Kevin Edward,,1,No Elo Data,
Kevin Gallacher,,5,No Elo Data,
Kevin Gameiro,,1,No Elo Data,
Kevin Ingreso,,1,No Elo Data,
Kevin Kampl,Slovenia,1,No Elo Data,77.0
Kevin Keegan,,8,No Elo Data,
Kevin Kilbane,,3,No Elo Data,
Kevin Kurányi,,2,No Elo Data,
Kevin Lafrance,,2,No Elo Data,
Kevin López,,1,No Elo Data,
Kevin Malget,,1,No Elo Data,
Kevin McKenna,,2,No Elo Data,
Kevin Molino,,5,No Elo Data,
Kevin Muscat,,2,No Elo Data,
Kevin Rodríguez,,2,No Elo Data,
Kevin Sheedy,,2,No Elo Data,
Kevin Strootman,,1,No Elo Data,
Kevin Wilson,,1,No Elo Data,
Kewullay Conteh,,2,No Elo Data,
Keysher Fuller,,1,No Elo Data,
Khaibar Amani,,1,No Elo Data,
Khairul Amri,,2,No Elo Data,
Khalaf Al-Mutairi,,1,No Elo Data,
Khaled Al-Doseri,,1,No Elo Data,
Khaled Badra,,4,No Elo Data,
Khaled Elfallah,,1,No Elo Data,
Khaled Ibrahim,,1,No Elo Data,
Khaled Korbi,,1,No Elo Data,
Khaled Lounici,,1,No Elo Data,
Khaled Massad,,6,No Elo Data,
Khaled Mobayed,,1,No Elo Data,
Khaled Mouelhi,,1,No Elo Data,
Khaled Saad,,1,No Elo Data,
Khaleel Mubarak,,1,No Elo Data,
Khaleem Hyland,,2,No Elo Data,
Khalfan Ibrahim,,3,No Elo Data,
Khalfan Mubarak,,1,No Elo Data,
Khalid Ahmed Elmustafa,,1,No Elo Data,
Khalid Al-Hajri,,1,No Elo Data,
Khalid Al-Temawi,,1,No Elo Data,
Khalid Boutaïb,,1,No Elo Data,
Khalid Ismaïl,,1,No Elo Data,
Khalid Labied,,2,No Elo Data,
Khalid Raghib,,1,No Elo Data,
Khalid Salman,,1,No Elo Data,
Khalifa Al Hammadi,,2,No Elo Data,
Khalil Al-Malki,,4,No Elo Data,
Khalil Bani Attiah,,1,No Elo Data,
Khalil Ibrahim,Saudi Arabia,1,-29.0,55.0
Khalilou Fadiga,,1,No Elo Data,
Khama Billiat,,1,No Elo Data,
Khamees Saad Mubarak,,2,No Elo Data,
Khamis Eid,,1,No Elo Data,
Khamis Eid Rafe Thani,,1,No Elo Data,
Khamis Mubarak,,1,No Elo Data,
Khampheng Sayavutthi,,1,No Elo Data,
Khan Thatat Songwuti,,1,No Elo Data,
Khandoker Wasim Iqbal,,1,No Elo Data,
Khano Smith,,1,No Elo Data,
Khodadad Azizi,,4,No Elo Data,
Khojiakbar Alijonov,,1,No Elo Data,
Khoren Oganesian,,1,No Elo Data,
Khoun Laboravy,,2,No Elo Data,
Khristiyan Brauzman,,1,No Elo Data,
Khuda Muyaba,,1,No Elo Data,
Khvicha Kvaratskhelia,Georgia,8,No Elo Data,87.0
Khürelbaataryn Tsend-Ayuush,,1,No Elo Data,
Ki Sung-yueng,,2,No Elo Data,
Kiatisuk Senamuang,,7,No Elo Data,
Kick Smit,,3,No Elo Data,
Kidumu Mantantu,,2,No Elo Data,
Kieffer Moore,,8,No Elo Data,
Kieran Tierney,Scotland,2,16.0,77.0
Kiko,Portugal,1,-1.0,65.0
Kily González,,3,No Elo Data,
Kily Álvarez,,1,No Elo Data,
Kim Bo-Kyung,,1,No Elo Data,
Kim Bok-man,,1,No Elo Data,
Kim Chi-Woo,,2,No Elo Data,
Kim Christofte,,1,No Elo Data,
Kim Do-heon,,2,No Elo Data,
Kim Do-hoon,,2,No Elo Data,
Kim Gwan-Mo,,1,No Elo Data,
Kim Ho-Kon,,1,No Elo Data,
Kim Jae-han,,2,No Elo Data,
Kim Jin-gyu,,1,No Elo Data,
Kim Jin-su,,2,No Elo Data,
Kim Jong-Boo,,1,No Elo Data,
Kim Joo-sung,,1,No Elo Data,
Kim Jung-woo,,1,No Elo Data,
Kim Kwang-min,,1,No Elo Data,
Kim Kyong-il,,1,No Elo Data,
Kim Källström,,7,No Elo Data,
Kim Min-jae,,1,No Elo Data,
Kim Nam-il,,1,No Elo Data,
Kim Pan-Keun,,1,No Elo Data,
Kim Pung-Il,,2,No Elo Data,
Kim Sang-sik,,1,No Elo Data,
Kim Seung-il,,1,No Elo Data,
Kim Shin-wook,,1,No Elo Data,
Kim Sung-hye,,1,No Elo Data,
Kim Suominen,,1,No Elo Data,
Kim Vilfort,,4,No Elo Data,
Kim Yong-Nam,,2,No Elo Data,
Kim Yong-Se,,1,No Elo Data,
Kim Young-gwon,,2,No Elo Data,
Kim Yu-song,,1,No Elo Data,
Kingsley Coman,,2,No Elo Data,
Kinitoni Falatau,,1,No Elo Data,
Kiril Despodov,,5,No Elo Data,
Kirk Broadfoot,,1,No Elo Data,
Kit Leong Cheong,,1,No Elo Data,
Kit Symons,,2,No Elo Data,
Kiyika Tokodi,,2,No Elo Data,
Kjell Kristiansen,,1,No Elo Data,
Kjetil Osvold,,1,No Elo Data,
Kjetil Rekdal,,8,No Elo Data,
Klaas-Jan Huntelaar,,11,No Elo Data,
Klas Ingesson,,3,No Elo Data,
Klaus Allofs,,5,No Elo Data,
Klaus Berggreen,,1,No Elo Data,
Klaus Fichtel,,1,No Elo Data,
Klaus Fischer,,4,No Elo Data,
Klaus Gjasula,,1,No Elo Data,
Klaus-Dieter Sieloff,,1,No Elo Data,
Kleanthis Vikelidis,,2,No Elo Data,
Klemen Lavrič,,3,No Elo Data,
Klemi Saban,,1,No Elo Data,
Klodian Duro,,2,No Elo Data,
Klæmint Olsen,,4,No Elo Data,
Knowledge Musona,,6,No Elo Data,
Knut Hansson,,1,No Elo Data,
Knut Kroon,,2,No Elo Data,
Ko Jeong-woon,,1,No Elo Data,
Ko Po Keung,,1,No Elo Data,
Kobenan Kouman,,2,No Elo Data,
Koen Daerden,,1,No Elo Data,
Koffi Kossi,,1,No Elo Data,
Koichi Hashiratani,,1,No Elo Data,
Koji Nakata,,2,No Elo Data,
Kokos Antoniou,,1,No Elo Data,
Kokouni Akpalo Gnavor,,1,No Elo Data,
Kolbeinn Sigþórsson,,7,No Elo Data,
Kole Hall,,1,No Elo Data,
Komlan Amewou,,1,No Elo Data,
Komlan Assignon,,1,No Elo Data,
Komron Tursunov,,1,No Elo Data,
Konan Yoboué,,1,No Elo Data,
Konrad Laimer,Austria,4,2.75,82.0
Konstantin Vassiljev,,9,No Elo Data,
Konstantin Zyryanov,,2,No Elo Data,
Konstantinos Galanopoulos,,1,No Elo Data,
Konstantinos Karetsas,Greece,1,No Elo Data,70.0
Konstantinos Mitroglou,,4,No Elo Data,
Koo Ja-cheol,,5,No Elo Data,
Kornel Saláta,,1,No Elo Data,
Kossi Noutsoudje,,1,No Elo Data,
Kostas Batsinilas,,1,No Elo Data,
Kostas Davourlis,,1,No Elo Data,
Kostas Fortounis,,3,No Elo Data,
Kostas Frantzeskos,,1,No Elo Data,
Kostas Katsouranis,,1,No Elo Data,
Kostas Manolas,,1,No Elo Data,
Kostas Mavridis,,1,No Elo Data,
Kostas Mitroglou,,1,No Elo Data,
Kouch Sokumpheak,,1,No Elo Data,
Kouligo Zoma,,1,No Elo Data,
Kpah Sherman,,1,No Elo Data,
Krasimir Balakov,,5,No Elo Data,
Krassimir Chomakov,,1,No Elo Data,
Kresten Bjerre,,2,No Elo Data,
Kris Bouckenooghe,,1,No Elo Data,
Krishanu Dey,,1,No Elo Data,
Krissada Piandit,,1,No Elo Data,
Kristen Viikmäe,,1,No Elo Data,
Kristers Tobers,Latvia,1,No Elo Data,68.0
Kristian Hlynsson,,1,No Elo Data,
Kristian Laferla,,1,No Elo Data,
Kristian Thorstvedt,Norway,2,-30.0,75.0
Kristijan Jakić,Croatia,2,46.0,76.0
Kristjan Asllani,Albania,4,No Elo Data,74.0
Kristján Örn Sigurðsson,,1,No Elo Data,
Kristofer Hæstad,,1,No Elo Data,
Krisztián Lisztes,Hungary,1,No Elo Data,67.0
Kroekrit Thaweekarn,,1,No Elo Data,
Krzysztof Piątek,Poland,4,No Elo Data,78.0
Krzysztof Warzycha,,1,No Elo Data,
Ku Kam Fai,,1,No Elo Data,
Kubilay Türkyilmaz,,8,No Elo Data,
Kudakwashe Mahachi,,1,No Elo Data,
Kuliwa Tshikalu,,1,No Elo Data,
Kunishige Kamamoto,,1,No Elo Data,
Kurniawan Dwi Yulianto,,1,No Elo Data,
Kurt Frederick,,1,No Elo Data,
Kurt Hamrin,,4,No Elo Data,
Kurt Jara,,7,No Elo Data,
Kurt Müller,,1,No Elo Data,
Kurt Welzl,,1,No Elo Data,
Kusini Yengi,,3,No Elo Data,
Kwadwo Asamoah,,1,No Elo Data,
Kwadwo Duah,,1,No Elo Data,
Kwak Tae-hwi,,2,No Elo Data,
Kwame Ayew,,2,No Elo Data,
Kwame Quee,,1,No Elo Data,
Kwame Steede,,1,No Elo Data,
Kwasi Owusu,,5,No Elo Data,
Kwok Ka-ming,,1,No Elo Data,
Kwon Chang-hoon,,1,No Elo Data,
Kwon Kyung-won,,1,No Elo Data,
Kyaw Ko Ko,,1,No Elo Data,
Kyaw Zayar Win,,1,No Elo Data,
Kyle Beckerman,,1,No Elo Data,
Kyle Lafferty,,6,No Elo Data,
Kyle Lightbourne,,2,No Elo Data,
Kyle Martino,,1,No Elo Data,
Kyle Walker,,2,No Elo Data,
Kylian Mbappé,France,23,18.38,91.0
Kyriakos Papadopoulos,,1,No Elo Data,
Kyrian Nwoko,,1,No Elo Data,
Kálmán Kovács,,1,No Elo Data,
Kálmán Mészöly,,3,No Elo Data,
Kári Reynheim,,1,No Elo Data,
Kári Árnason,,2,No Elo Data,
Károly Sándor,,2,No Elo Data,
Kévin Bru,,1,No Elo Data,
Kévin Denkey,Togo,3,No Elo Data,77.0
Kévin Fortuné,,1,No Elo Data,
Kévin Parsemain,,3,No Elo Data,
Köbi Kuhn,,2,No Elo Data,
Kōki Ogawa,Japan,1,-16.0,68.0
La'Vere Corbin-Ong,,1,No Elo Data,
Labama Bokota,,1,No Elo Data,
Lachezar Tanev,,2,No Elo Data,
Lacina Traoré,,2,No Elo Data,
Ladislao Kubala,,1,No Elo Data,
Ladislav Krejčí,Czechia,3,No Elo Data,78.0
Ladislav Kuna,,2,No Elo Data,
Ladislav Petráš,,1,No Elo Data,
Ladislav Vízek,,4,No Elo Data,
Ladislav Šimůnek,,1,No Elo Data,
Laisiasa Gataurua,,2,No Elo Data,
Laith Hussein,,3,No Elo Data,
Lajos Détári,,5,No Elo Data,
Lajos Kocsis,,2,No Elo Data,
Lajos Sătmăreanu,,1,No Elo Data,
Lajos Tichy,,5,No Elo Data,
Lakhdar Belloumi,,5,No Elo Data,
Lakis Glezos,,1,No Elo Data,
Lakis Papaioannou,,1,No Elo Data,
Lalaïna Nomenjanahary,,2,No Elo Data,
Lameck Banda,Zambia,1,No Elo Data,71.0
Lamin Conteh,,1,No Elo Data,
Lamine Diatta,,2,No Elo Data,
Lamine Yamal,Spain,3,58.33,89.0
Lamnao Singto,,1,No Elo Data,
Landon Donovan,,10,No Elo Data,
Landry N'Guémo,,1,No Elo Data,
Lantame Ouadja,,1,No Elo Data,
Larrymore Bedford,,1,No Elo Data,
Lars Bender,,1,No Elo Data,
Lars Elstrup,,2,No Elo Data,
Lars Granström,,1,No Elo Data,
Lars Jacobsen,,1,No Elo Data,
Lars Olsen,,1,No Elo Data,
Lars Stindl,,2,No Elo Data,
Laryea Kingston,,1,No Elo Data,
Lasaad Abdelli,,1,No Elo Data,
Lascelles Dunkley,,1,No Elo Data,
Lasse Schøne,,1,No Elo Data,
Lasse Vibe,,1,No Elo Data,
Lassina Diabaté,,1,No Elo Data,
Lassina Traoré,,3,No Elo Data,
Lassine Sinayoko,Mali,3,No Elo Data,74.0
Lau Wing Yip,,3,No Elo Data,
Laughter Chilembe,,1,No Elo Data,
Lauren,England,1,80.0,73.0
Laurent Blanc,,4,No Elo Data,
Laurent Pokou,,2,No Elo Data,
Laurenţiu Roşu,,1,No Elo Data,
Lautaro Martínez,,12,No Elo Data,
Lawrence Shankland,Scotland,1,49.0,73.0
Lazar Samardžić,Serbia,1,No Elo Data,75.0
Lazaros Christodoulopoulos,,1,No Elo Data,
Leandro Bacuna,,2,No Elo Data,
Leandro Barreiro,Luxembourg,1,No Elo Data,77.0
Leandro Trossard,Belgium,2,-61.0,83.0
Leart Paqarada,,1,No Elo Data,
Lee Casciaro,,2,No Elo Data,
Lee Chun-soo,,2,No Elo Data,
Lee Chung-yong,,2,No Elo Data,
Lee Dong-gook,,9,No Elo Data,
Lee Eul-yong,,1,No Elo Data,
Lee Hak-Jong,,1,No Elo Data,
Lee Jae-sung,,5,No Elo Data,
Lee Jeong-hyeop,,1,No Elo Data,
Lee Jung-hyup,,2,No Elo Data,
Lee Jung-il,,1,No Elo Data,
Lee Jung-soo,,2,No Elo Data,
Lee Kang-Jo,,1,No Elo Data,
Lee Kang-in,,4,No Elo Data,
Lee Keun-ho,,4,No Elo Data,
Lee Ki-Bum,,1,No Elo Data,
Lee Kin Wo,,1,No Elo Data,
Lee Min-sung,,1,No Elo Data,
Lee Sang-yoon,,2,No Elo Data,
Lee Tae-ho,,2,No Elo Data,
Lee Wilkie,,1,No Elo Data,
Lee Yi-woo,,1,No Elo Data,
Lee Young-Moo,,1,No Elo Data,
Lee Young-pyo,,1,No Elo Data,
Lefter Küçükandonyadis,,1,No Elo Data,
Leger Djime,,2,No Elo Data,
Lehlohonolo Fothoane,,1,No Elo Data,
Lehlomela Ramabele,,1,No Elo Data,
Lei Clijsters,,1,No Elo Data,
Leigh Griffiths,,1,No Elo Data,
Leighton James,,2,No Elo Data,
Leintz Domingue,,2,No Elo Data,
Lejuan Simmons,,1,No Elo Data,
Lennart Bunke,,2,No Elo Data,
Lennart Skoglund,,1,No Elo Data,
Leo Houtsonen,,1,No Elo Data,
Leo Skiri Østigård,Norway,1,1.0,73.0
Leocadio Marín,,4,No Elo Data,
Leon Andreasen,,1,No Elo Data,
Leon Bailey,,2,No Elo Data,
Leon Balogun,,1,No Elo Data,
Leon Goretzka,,5,No Elo Data,
Leon Goua G'Bize,,1,No Elo Data,
Leonard Farrugia,,1,No Elo Data,
Leonard Piątek,,1,No Elo Data,
Leonard Wells,,1,No Elo Data,
Leonardo Araújo,,2,No Elo Data,
Leonardo Bonucci,,3,No Elo Data,
Leonardo Rodríguez,,2,No Elo Data,
Leonardus Ghering,,2,No Elo Data,
Leonel Duarte,,1,No Elo Data,
Leonel Hernández,,4,No Elo Data,
Leonel Moreira,,1,No Elo Data,
Leonel Sánchez,,4,No Elo Data,
Leong Ka Hang,,1,No Elo Data,
Leonid Buryak,,2,No Elo Data,
Leonid Koshelev,,1,No Elo Data,
Leonson Lewis,,2,No Elo Data,
Leopold Grausam,,2,No Elo Data,
Leopold Kielholz,,1,No Elo Data,
Leopoldo Barba,,1,No Elo Data,
Leopoldo Luque,,2,No Elo Data,
Leotis Boateng,,1,No Elo Data,
Leroy Fer,,1,No Elo Data,
Leroy Sané,,2,No Elo Data,
Les Ferdinand,,1,No Elo Data,
Lesly St. Fleur,,1,No Elo Data,
Lester Moré,,5,No Elo Data,
Lester Peltier,,1,No Elo Data,
Levan Kobiashvili,,3,No Elo Data,
Levan Mchedlidze,,1,No Elo Data,
Levi García,,2,No Elo Data,
Levon Hayrapetyan,,1,No Elo Data,
Lewis Ferguson,Scotland,1,31.0,78.0
Lewis Miller,Australia,1,-65.0,66.0
Lexa Bibi,,1,No Elo Data,
Leônidas da Silva,,4,No Elo Data,
Li Bing,,3,No Elo Data,
Li Huan-wen,,1,No Elo Data,
Li Huayun,,1,No Elo Data,
Li Hui,,1,No Elo Data,
Li Jinyu,,4,No Elo Data,
Li Ming,South Korea,3,30.0,70.0
Li Weifeng,,3,No Elo Data,
Li Xiao,Hong Kong,1,No Elo Data,50.0
Li Xiaopeng,,1,No Elo Data,
Li Yong-Sob,,2,No Elo Data,
Liam Brady,,2,No Elo Data,
Liam Cullen,,2,No Elo Data,
Liam O'Kane,,1,No Elo Data,
Liam Scales,Republic of Ireland,1,No Elo Data,75.0
Liam Tuohy,,1,No Elo Data,
Liam Walker,,2,No Elo Data,
Liberato Cacace,,1,No Elo Data,
Libor Sionko,,4,No Elo Data,
Lilian Thuram,France,2,63.0,85.0
Limberg Gutiérrez,,1,No Elo Data,
Limbikani Mzava,,1,No Elo Data,
Lin Lefeng,,1,No Elo Data,
Lin Wen Han,,1,No Elo Data,
Linnal Wilson,,1,No Elo Data,
Lino Nessi,,1,No Elo Data,
Linos Makwaza,,1,No Elo Data,
Lionel Messi,Argentina,24,5.93,86.0
Lior Refaelov,,2,No Elo Data,
Lirim Kastrati,,1,No Elo Data,
Lisi Leututu,,1,No Elo Data,
Litsepe Marabe,,1,No Elo Data,
Liu Binbin,China PR,1,No Elo Data,60.0
Liu Haiguang,,1,No Elo Data,
Livano Comenencia,Curacao,2,No Elo Data,62.0
Liédson,,1,No Elo Data,
Ljubomir Radanović,,2,No Elo Data,
Ljupčo Markovski,,1,No Elo Data,
Llewellyn Riley,,2,No Elo Data,
Lo Hung-Hoi,,1,No Elo Data,
Lo Kwan Yee,,1,No Elo Data,
Locelles Dinckley,,1,No Elo Data,
Logan Rogerson,,1,No Elo Data,
Loizos Loizou,,1,No Elo Data,
Lokenge Mungongo,,1,No Elo Data,
Lokoua Taufahema,,3,No Elo Data,
Lorenzo Fernández,,1,No Elo Data,
Lorenzo Gimenez,,1,No Elo Data,
Lorenzo Insigne,,2,No Elo Data,
Lorenzo Lazzari,,1,No Elo Data,
Lorenzo Pellegrini,Italy,1,No Elo Data,80.0
Lorenzo Staelens,,3,No Elo Data,
Lorenzo Tehau,,1,No Elo Data,
Lorry Thomsen,,1,No Elo Data,
Lothar Emmerich,,1,No Elo Data,
Lothar Matthäus,,6,No Elo Data,
Lou Macari,,1,No Elo Data,
Louicius Don Deedson,Haiti,1,42.0,65.0
Louis Floch,,1,No Elo Data,
Louis Mafouta,Central African Republic,1,No Elo Data,70.0
Louis Saha,,1,No Elo Data,
Louis Schaub,Austria,6,4.67,67.0
Louis-Paul M'Fédé,,3,No Elo Data,
Lovro Majer,Croatia,2,46.5,78.0
Loïc Loval,,1,No Elo Data,
Loïc Négo,Hungary,1,No Elo Data,72.0
Loïc Rémy,,1,No Elo Data,
Loïs Openda,Belgium,1,-139.0,83.0
Luanzinho,,1,No Elo Data,
Lubambo Musonda,Zambia,1,No Elo Data,68.0
Luboš Kubík,,1,No Elo Data,
Luc Holtz,,1,No Elo Data,
Luc Nilis,,3,No Elo Data,
Luca Gobbi,,1,No Elo Data,
Luca Toni,,4,No Elo Data,
Lucas Barrios,,3,No Elo Data,
Lucas Biglia,,1,No Elo Data,
Lucas Cavallini,,2,No Elo Data,
Lucas Cepeda,,1,No Elo Data,
Lucas Lima,,1,No Elo Data,
Lucas Mendes,Qatar,2,-54.5,70.0
Lucas Paquetá,Brazil,4,-1.0,80.0
Lucas Radebe,,1,No Elo Data,
Lucas Zelarayán,,2,No Elo Data,
Lucho González,,2,No Elo Data,
Luciano Figueroa,,3,No Elo Data,
Luciano Galletti,,1,No Elo Data,
Luciano Vassallo,,2,No Elo Data,
Lucien Kouassi Kouame,,1,No Elo Data,
Lucien Laurent,,1,No Elo Data,
Lucien Mettomo,,1,No Elo Data,
Lucjan Brychczy,,2,No Elo Data,
Ludo Coeck,,2,No Elo Data,
Ludovic Giuly,,1,No Elo Data,
Ludovic Magnin,,2,No Elo Data,
Ludwig Augustinsson,Sweden,2,13.5,72.0
Luigi Di Biagio,,1,No Elo Data,
Luigi Pieroni,,1,No Elo Data,
Luigi Riva,,4,No Elo Data,
Luis Alfonso Rodríguez,,1,No Elo Data,
Luis Alfredo Ramírez,,1,No Elo Data,
Luis Antonio Jiménez,,1,No Elo Data,
Luis Araneda,,1,No Elo Data,
Luis Artime,,4,No Elo Data,
Luis Carlos Perea,,1,No Elo Data,
Luis Cruz,,1,No Elo Data,
Luis Cubilla,,2,No Elo Data,
Luis Díaz,,9,No Elo Data,
Luis Enrique,Honduras,1,No Elo Data,71.0
Luis Enrique Cálix,,1,No Elo Data,
Luis Ernesto Castro,,1,No Elo Data,
Luis Ernesto Pérez,,1,No Elo Data,
Luis Espel,,1,No Elo Data,
Luis Estrada,,2,No Elo Data,
Luis Fernández,,2,No Elo Data,
Luis Flores,,1,No Elo Data,
Luis Fuentes,,1,No Elo Data,
Luis Gabriel Rey,,2,No Elo Data,
Luis Galeano,,1,No Elo Data,
Luis García,Spain,2,-8.0,77.0
Luis García Postigo,,7,No Elo Data,
Luis Gironella,,1,No Elo Data,
Luis Guzmán,,1,No Elo Data,
Luis Guzmán Gonzales,,1,No Elo Data,
Luis Góyez,,1,No Elo Data,
Luis Henríquez,,1,No Elo Data,
Luis Hernández,Spain,9,-6.33,73.0
Luis Luna,,1,No Elo Data,
Luis Manuel Seijas,,1,No Elo Data,
Luis Martén,,2,No Elo Data,
Luis Martínez,,1,No Elo Data,
Luis Mendoza,,1,No Elo Data,
Luis Miguel Noriega,,1,No Elo Data,
Luis Miguel Salvador,,1,No Elo Data,
Luis Montes,,1,No Elo Data,
Luis Monti,,3,No Elo Data,
Luis Monzón,,1,No Elo Data,
Luis Morales,,1,No Elo Data,
Luis Navarrete,,1,No Elo Data,
Luis Norberto Campero,,2,No Elo Data,
Luis Omar Sanchez,,1,No Elo Data,
Luis Palma,,1,No Elo Data,
Luis Paradela,,1,No Elo Data,
Luis Quiñónez,,1,No Elo Data,
Luis Ramallo,,4,No Elo Data,
Luis Ramírez Zapata,,1,No Elo Data,
Luis Regueiro,,1,No Elo Data,
Luis Reyna,,1,No Elo Data,
Luis Romo,,2,No Elo Data,
Luis Suárez,Uruguay,21,7.0,79.0
Luis Suárez Miramontes,,2,No Elo Data,
Luis Tejada,,10,No Elo Data,
Luis Vargas Peña,,2,No Elo Data,
Luis Zavalla,,1,No Elo Data,
Luis de Souza,,1,No Elo Data,
Luis del Sol,,1,No Elo Data,
Luisão,,2,No Elo Data,
Luiz Henrique,,1,No Elo Data,
Luizão,,1,No Elo Data,
Luk Man Wai,,1,No Elo Data,
Luka Jović,Serbia,3,No Elo Data,76.0
Luka Modrić,Croatia,12,9.18,83.0
Luka Đorđević,,1,No Elo Data,
Lukas Podolski,,10,No Elo Data,
Lukas Spalvis,,1,No Elo Data,
Luke Adams,,1,No Elo Data,
Luke Paris,,1,No Elo Data,
Luke Salisbury,,1,No Elo Data,
Luke Wilkshire,,1,No Elo Data,
Lukáš Haraslín,Slovakia,1,No Elo Data,78.0
Lukáš Hrádecký,Finland,1,No Elo Data,81.0
Lukáš Červ,Czechia,1,No Elo Data,74.0
Lungisani Ndlela,,1,No Elo Data,
Luton Shelton,,5,No Elo Data,
Lutz Lindemann,,2,No Elo Data,
Luís Fabiano,,9,No Elo Data,
Luís Fernandes,,1,No Elo Data,
Luís Figo,,9,No Elo Data,
Luís Leal,,1,No Elo Data,
Luís Oliveira,,1,No Elo Data,
Luís Roberto Alves,,4,No Elo Data,
Luís Trochillo,,1,No Elo Data,
Lyle Foster,,2,No Elo Data,
Lyle Taylor,,4,No Elo Data,
Lyndon Dykes,,7,No Elo Data,
Lyndon Hooper,,1,No Elo Data,
Lys Mouithys,,1,No Elo Data,
Lyuboslav Penev,,3,No Elo Data,
Lárus Guðmundsson,,1,No Elo Data,
Lárus Sigurðsson,,1,No Elo Data,
László Bálint,,2,No Elo Data,
László Bölöni,,4,No Elo Data,
László Fazekas,,1,No Elo Data,
László Fekete,,1,No Elo Data,
László Kiss,,3,No Elo Data,
László Klausz,,2,No Elo Data,
László Kleinheisler,,2,No Elo Data,
László Nagy,,1,No Elo Data,
László Pusztai,,2,No Elo Data,
Lázaro Darcourt,,1,No Elo Data,
Léger Djimrangar,,1,No Elo Data,
Léider Preciado,,1,No Elo Data,
Léon Dolmans,,2,No Elo Data,
Léon Glovacki,,1,No Elo Data,
Léon Mungamuni,,2,No Elo Data,
Léopold Anoul,,1,No Elo Data,
Léster Blanco,,2,No Elo Data,
Lê Công Vinh,,2,No Elo Data,
Lê Hữu Đức,,1,No Elo Data,
Líder Paz,,1,No Elo Data,
Lúcio,,1,No Elo Data,
Ma Hei Wai,,1,No Elo Data,
Ma Lin,Brazil,1,35.0,70.0
Ma Mingyu,,2,No Elo Data,
Mabululu,,3,No Elo Data,
Macchambes Younga-Mouhani,,2,No Elo Data,
Macha Gatien,,1,No Elo Data,
Maciej Żurawski,,6,No Elo Data,
Macnelly Torres,,2,No Elo Data,
Madjid Bougherra,,3,No Elo Data,
Mael Kaudre,,1,No Elo Data,
Magdi Abdelghani,,1,No Elo Data,
Maghnes Akliouche,France,1,7.0,80.0
Magnús Bergs,,1,No Elo Data,
Mahamadou Diarra,Mali,1,No Elo Data,63.0
Mahamadou N'Diaye,,2,No Elo Data,
Mahamane Cissé,,1,No Elo Data,
Mahamat Labbo,,2,No Elo Data,
Mahamoudou Kéré,,1,No Elo Data,
Maharan Radi,,1,No Elo Data,
Mahdi Abduljabbar,,1,No Elo Data,
Mahdi Al-Humaidan,,1,No Elo Data,
Mahdi Kamel,,2,No Elo Data,
Maher Hammam,,1,No Elo Data,
Maher Sabra,,2,No Elo Data,
Mahfood Sultan Al Araimi,,1,No Elo Data,
Mahir Emreli,,2,No Elo Data,
Mahir Shukurov,,1,No Elo Data,
Mahlon Houkarawa,,1,No Elo Data,
Mahmadu Alphajor Bah,,1,No Elo Data,
Mahmood Abdulrahman,,2,No Elo Data,
Mahmoud Al Baher,,1,No Elo Data,
Mahmoud Al-Jahani,,1,No Elo Data,
Mahmoud Al-Mardi,,1,No Elo Data,
Mahmoud Al-Mawas,,2,No Elo Data,
Mahmoud Al-Sayed,,1,No Elo Data,
Mahmoud Baquir Younes,,1,No Elo Data,
Mahmoud El Ali,,2,No Elo Data,
Mahmoud El Khatib,,2,No Elo Data,
Mahmoud El-Gohary,,1,No Elo Data,
Mahmoud Fathalla,,1,No Elo Data,
Mahmoud Mokhtar El-Tetsh,,2,No Elo Data,
Mahmoud Shelbaieh,,1,No Elo Data,
Mahmoud Soufi,,4,No Elo Data,
Mahmoud Yaseen Al-Soufi,,4,No Elo Data,
Mai Chao,,3,No Elo Data,
Maicon Sisenando,,2,No Elo Data,
Maik Galakos,,1,No Elo Data,
Maikel Reyes,,2,No Elo Data,
Majdi Shaaban Samir,,3,No Elo Data,
Majdi Siddiq,,1,No Elo Data,
Majed Abdullah,Saudi Arabia,5,40.8,54.0
Majid Musisi,,1,No Elo Data,
Mak King-Fun,,1,No Elo Data,
Mak Tian-fu,,1,No Elo Data,
Maksim Bordachyov,,1,No Elo Data,
Maksim Buznikin,,1,No Elo Data,
Maksim Igorevich Shevchenko,,1,No Elo Data,
Maksim Medvedev,,3,No Elo Data,
Maksim Romaschenko,,1,No Elo Data,
Maksim Samorodov,,2,No Elo Data,
Maksim Shatskikh,,7,No Elo Data,
Maksim Skavysh,,1,No Elo Data,
Maksim Valadzko,,1,No Elo Data,
Maksims Toņiševs,,1,No Elo Data,
Maksym Kalynychenko,,1,No Elo Data,
Mal Donaghy,,1,No Elo Data,
Malcolm Bland,,1,No Elo Data,
Malcolm Dunford,,2,No Elo Data,
Malcolm Macdonald,,1,No Elo Data,
Malcolm Shaw,Trinidad and Tobago,1,No Elo Data,57.0
Malek Mouath,,1,No Elo Data,
Malick Evouna,,1,No Elo Data,
Malik Awab,,1,No Elo Data,
Malik Jabir,,1,No Elo Data,
Malik Tillman,,1,No Elo Data,
Malkhaz Asatiani,,3,No Elo Data,
Mama Baldé,Guinea-Bissau,1,No Elo Data,73.0
Mama Ouattara,,1,No Elo Data,
Mamadou Aliou Keita,,1,No Elo Data,
Mamadou Bagayoko,,1,No Elo Data,
Mamadou Diallo,England,3,0.67,54.0
Mamadou Kané,,1,No Elo Data,
Mamadou Niang,,3,No Elo Data,
Mamadou Sakho,,1,No Elo Data,
Mamadou Samassa,Mali,4,No Elo Data,72.0
Mamadou Tall,,1,No Elo Data,
Mamadou Zongo,,3,No Elo Data,
Mamane Ali,,1,No Elo Data,
Mame Biram Diouf,,1,No Elo Data,
Mamedaly Karadanov,,1,No Elo Data,
Mamun Joarder,,1,No Elo Data,
Manfred Kaltz,,1,No Elo Data,
Manfred Linzmaier,,1,No Elo Data,
Manfred Ritschel,,1,No Elo Data,
Manfred Ugalde,,3,No Elo Data,
Manfred Zsak,,1,No Elo Data,
Maniche,,4,No Elo Data,
Maninho,,1,No Elo Data,
Manish Dangi,,1,No Elo Data,
Manny Rodríguez,,1,No Elo Data,
Manoel Alencar Monte,,1,No Elo Data,
Manolo,Italy,2,No Elo Data,69.0
Manolom Phomsouvanh,,1,No Elo Data,
Manor Solomon,Israel,6,No Elo Data,77.0
Mansour Boutabout,,3,No Elo Data,
Mansour Muftah,,9,No Elo Data,
Mansour Sulaiti,,1,No Elo Data,
Mantas Savėnas,,2,No Elo Data,
Manuchekhr Dzhalilov,,4,No Elo Data,
Manucho,,4,No Elo Data,
Manucho Diniz,,1,No Elo Data,
Manuel Akanji,,1,No Elo Data,
Manuel Alonso,,1,No Elo Data,
Manuel Asisclo Cordoba,,1,No Elo Data,
Manuel Bravo Paredes,,1,No Elo Data,
Manuel Cardoni,,1,No Elo Data,
Manuel Cuadra,,1,No Elo Data,
Manuel Fernandes,Portugal,5,-36.5,69.0
Manuel Ferreira,,3,No Elo Data,
Manuel Locatelli,Italy,1,No Elo Data,84.0
Manuel Lugo,,3,No Elo Data,
Manuel Marani,,1,No Elo Data,
Manuel Marengo,,1,No Elo Data,
Manuel Muñoz,,1,No Elo Data,
Manuel Negrete Arias,,1,No Elo Data,
Manuel Ott,,1,No Elo Data,
Manuel Ramírez,Argentina,2,-33.0,69.0
Manuel Recinos,,2,No Elo Data,
Manuel Rosas Arreola,,2,No Elo Data,
Manuel Sanchís Martínez,,1,No Elo Data,
Manuel Sarabia,,1,No Elo Data,
Manuel Seoane,,5,No Elo Data,
Manuel Varela,,1,No Elo Data,
Manuel Vasques,,2,No Elo Data,
Manvir Singh,India,1,No Elo Data,65.0
Maouhoub Ghazouani,,2,No Elo Data,
Marat Bikmaev,,1,No Elo Data,
Marat Izmailov,,1,No Elo Data,
Marc Berdoll,,1,No Elo Data,
Marc Bernaus,,1,No Elo Data,
Marc Degryse,,6,No Elo Data,
Marc Enoumba,,1,No Elo Data,
Marc Hottiger,,3,No Elo Data,
Marc Janko,,6,No Elo Data,
Marc Joseph,,1,No Elo Data,
Marc Overmars,,2,No Elo Data,
Marc Pujol,,2,No Elo Data,
Marc Rebés,,1,No Elo Data,
Marc Rieper,,2,No Elo Data,
Marc Vales,,2,No Elo Data,
Marc Van Der Linden,,2,No Elo Data,
Marc Wilmots,,5,No Elo Data,
Marc Wilson,,1,No Elo Data,
Marcel Bossi,,1,No Elo Data,
Marcel Büchel,,1,No Elo Data,
Marcel Coraș,,1,No Elo Data,
Marcel Desailly,,2,No Elo Data,
Marcel Di Domenico,,1,No Elo Data,
Marcel Halstenberg,,1,No Elo Data,
Marcel Koller,,1,No Elo Data,
Marcel Paeschen,,1,No Elo Data,
Marcel Sabitzer,Austria,7,7.8,80.0
Marcelinho Paraíba,,1,No Elo Data,
Marcelino Bernal,,1,No Elo Data,
Marcelino Martínez,,1,No Elo Data,
Marcelino Núñez,,1,No Elo Data,
Marcell Jansen,,1,No Elo Data,
Marcelo Balboa,,2,No Elo Data,
Marcelo Brozović,Croatia,3,20.0,81.0
Marcelo Gallardo,,4,No Elo Data,
Marcelo Martins Moreno,,3,No Elo Data,
Marcelo Nascimento da Costa,,1,No Elo Data,
Marcelo Otero,,3,No Elo Data,
Marcelo Salas,,10,No Elo Data,
Marcelo Saralegui,,4,No Elo Data,
Marcelo Zalayeta,,3,No Elo Data,
Marcial Barrios,,4,No Elo Data,
Marcial Salazar,,1,No Elo Data,
Marciano Leyman,,1,No Elo Data,
Marco Antonio Mendoza,,1,No Elo Data,
Marco Bode,,2,No Elo Data,
Marco Delvecchio,,1,No Elo Data,
Marco Etcheverry,,5,No Elo Data,
Marco Fabián,,2,No Elo Data,
Marco Fión,,1,No Elo Data,
Marco Garcés,,1,No Elo Data,
Marco Ilaimaharitra,Madagascar,1,No Elo Data,71.0
Marco Materazzi,,2,No Elo Data,
Marco Pappa,,3,No Elo Data,
Marco Paulo Rebelo Lopes,,1,No Elo Data,
Marco Reus,Germany,6,-41.0,79.0
Marco Rojas,,1,No Elo Data,
Marco Sandy,,1,No Elo Data,
Marco Streller,,1,No Elo Data,
Marco Tardelli,,2,No Elo Data,
Marco Ureña,,4,No Elo Data,
Marco Verratti,,1,No Elo Data,
Marco Zwyssig,,1,No Elo Data,
Marco van Basten,,9,No Elo Data,
Marcos Alonso Peña,,1,No Elo Data,
Marcos Lugris,,1,No Elo Data,
Marcos Paulo,Portugal,1,6.0,73.0
Marcos Pizzelli,,4,No Elo Data,
Marcos Rojo,,3,No Elo Data,
Marcus Allbäck,,6,No Elo Data,
Marcus Berg,,5,No Elo Data,
Marcus Danielson,,1,No Elo Data,
Marcus Forss,Finland,1,No Elo Data,70.0
Marcus Gayle,,1,No Elo Data,
Marcus Holmgren Pedersen,Norway,1,-10.0,72.0
Marcus Macauley,,1,No Elo Data,
Marcus Meloni,,1,No Elo Data,
Marcus Rashford,England,5,-2.0,80.0
Marcus Tulio Tanaka,,1,No Elo Data,
Mardik Mardikian,,1,No Elo Data,
Marek Hamšík,,5,No Elo Data,
Marek Heinz,,3,No Elo Data,
Marek Jankulovski,,4,No Elo Data,
Marek Kulič,,1,No Elo Data,
Marek Kusto,,1,No Elo Data,
Marek Leśniak,,3,No Elo Data,
Marek Mintál,,1,No Elo Data,
Marek Ostrowski,,1,No Elo Data,
Marek Sapara,,2,No Elo Data,
Marek Čech,,2,No Elo Data,
Marians Pahars,,5,No Elo Data,
Marin Petkov,,1,No Elo Data,
Marino Klinger,,1,No Elo Data,
Marinos Ouzounidis,,1,No Elo Data,
Marinos Tzionis,Cyprus,3,No Elo Data,64.0
Mario Balotelli,,6,No Elo Data,
Mario Bertini,,1,No Elo Data,
Mario Bolatti,,1,No Elo Data,
Mario Cordero,,2,No Elo Data,
Mario Corso,,1,No Elo Data,
Mario Evaristo,,1,No Elo Data,
Mario Fernández,,1,No Elo Data,
Mario Frick,,6,No Elo Data,
Mario Gaspar Pérez,,1,No Elo Data,
Mario Gavranović,,2,No Elo Data,
Mario Gjurovski,,1,No Elo Data,
Mario Gómez,,5,No Elo Data,
Mario Götze,Germany,3,17.0,82.0
Mario Haas,,1,No Elo Data,
Mario Kempes,,4,No Elo Data,
Mario Lemina,,1,No Elo Data,
Mario López,,2,No Elo Data,
Mario Magnozzi,,1,No Elo Data,
Mario Mandžukić,,9,No Elo Data,
Mario Martínez,,1,No Elo Data,
Mario Monge,,2,No Elo Data,
Mario Moreno,,1,No Elo Data,
Mario Méndez,,1,No Elo Data,
Mario Pašalić,Croatia,4,45.33,80.0
Mario Rafael Rodríguez,,3,No Elo Data,
Mario René Alfaro,,1,No Elo Data,
Mario Rodríguez,,5,No Elo Data,
Mario Saralegui,,1,No Elo Data,
Mario Soto,,1,No Elo Data,
Mario Stanić,,2,No Elo Data,
Mario Tenorio,,1,No Elo Data,
Mario Yepes,,4,No Elo Data,
Marios Agathokleous,,3,No Elo Data,
Marios Elia,,1,No Elo Data,
Marios Tsingis,,1,No Elo Data,
Marius Lăcătuș,,1,No Elo Data,
Marius Mouandilmadji,Chad,2,No Elo Data,73.0
Marius Niculae,,1,No Elo Data,
Marius Stankevičius,,5,No Elo Data,
Marius Walter,,1,No Elo Data,
Mariusz Lewandowski,,1,No Elo Data,
Marián Masný,,3,No Elo Data,
Mark Bresciano,,4,No Elo Data,
Mark Burton,,2,No Elo Data,
Mark Ebanks,,1,No Elo Data,
Mark González,,1,No Elo Data,
Mark Hateley,,3,No Elo Data,
Mark Hughes,,3,No Elo Data,
Mark Kennedy,,1,No Elo Data,
Mark Kinsella,Republic of Ireland,2,No Elo Data,63.0
Mark Lawrenson,,3,No Elo Data,
Mark Milligan,,2,No Elo Data,
Mark Pembridge,,2,No Elo Data,
Mark Peterson,,1,No Elo Data,
Mark Rogers,,1,No Elo Data,
Mark Viduka,,2,No Elo Data,
Mark Watson,,3,No Elo Data,
Mark Williams,,3,No Elo Data,
Mark Wright,,1,No Elo Data,
Mark van Bommel,,2,No Elo Data,
Marko Arnautović,,14,No Elo Data,
Marko Babić,,1,No Elo Data,
Marko Dević,,1,No Elo Data,
Marko Livaja,Croatia,3,45.0,79.0
Marko Pantelić,,2,No Elo Data,
Marko Rehmer,,1,No Elo Data,
Marko Simić,,1,No Elo Data,
Marko Tući,Montenegro,1,No Elo Data,69.0
Marko Valok,,1,No Elo Data,
Marko Vešović,,1,No Elo Data,
Markus Henriksen,,2,No Elo Data,
Markus Schopp,,2,No Elo Data,
Markus Tanner,,2,No Elo Data,
Marlon Ayoví,,1,No Elo Data,
Marlon Felter,,1,No Elo Data,
Marlon James,,2,No Elo Data,
Marlon King,,2,No Elo Data,
Marlos Huggins,,1,No Elo Data,
Marouane Chamakh,,3,No Elo Data,
Marouane Fellaini,,7,No Elo Data,
Maroš Klimpl,,1,No Elo Data,
Marquinhos,Brazil,5,-1.25,87.0
Marselino Ferdinan,,2,No Elo Data,
Marten de Roon,,1,No Elo Data,
Martin Agnarsson,,2,No Elo Data,
Martin Baturina,Croatia,1,-2.0,78.0
Martin Boyle,,2,No Elo Data,
Martin Braithwaite,,1,No Elo Data,
Martin Büchel,,1,No Elo Data,
Martin Chivers,,2,No Elo Data,
Martin Dahlin,,10,No Elo Data,
Martin Dúbravka,Slovakia,1,No Elo Data,77.0
Martin Fabuš,,2,No Elo Data,
Martin Frýdek,,1,No Elo Data,
Martin Harnik,,2,No Elo Data,
Martin Hinteregger,,2,No Elo Data,
Martin Hoffmann,,2,No Elo Data,
Martin Jakubko,,1,No Elo Data,
Martin Jiránek,,1,No Elo Data,
Martin Jørgensen,,1,No Elo Data,
Martin Laursen,,1,No Elo Data,
Martin O'Neill,,1,No Elo Data,
Martin Olsson,,1,No Elo Data,
Martin Paterson,,1,No Elo Data,
Martin Peters,,3,No Elo Data,
Martin Petrov,,5,No Elo Data,
Martin Petráš,,1,No Elo Data,
Martin Reim,,5,No Elo Data,
Martin Stocklasa,,1,No Elo Data,
Martin Stranzl,,2,No Elo Data,
Martin Vunk,,1,No Elo Data,
Martin Zubimendi,,1,No Elo Data,
Martin Škrtel,,5,No Elo Data,
Martins Eyo,,1,No Elo Data,
Martín Cáceres,,2,No Elo Data,
Martín Demichelis,,1,No Elo Data,
Martín Flor,,1,No Elo Data,
Martín Hidalgo,,1,No Elo Data,
Martín Palermo,,1,No Elo Data,
Martín Rodríguez,Uruguay,1,-48.0,65.0
Marvin Andrews,,4,No Elo Data,
Marvin Faustin,,1,No Elo Data,
Marvin González,,2,No Elo Data,
Marvin Monterrosa,,1,No Elo Data,
Marvin Ogunjimi,,2,No Elo Data,
Marvin Rodríguez,,1,No Elo Data,
Marwan Khalifa Khouri,,1,No Elo Data,
Marwan Medrati,,1,No Elo Data,
Maryan Wisniewski,,5,No Elo Data,
Marzouk Al-Otaibi,,3,No Elo Data,
Masaaki Sawanobori,,1,No Elo Data,
Masahiko Inoha,,1,No Elo Data,
Masahiro Fukuda,,1,No Elo Data,
Masashi Nakayama,,2,No Elo Data,
Masashi Oguro,,3,No Elo Data,
Masashi Watanabe,,1,No Elo Data,
Masayuki Okano,,1,No Elo Data,
Mason Mount,,2,No Elo Data,
Massadio Haïdara,Mali,1,No Elo Data,73.0
Massamasso Tchangai,,1,No Elo Data,
Massimo Lombardo,,1,No Elo Data,
Massimo Luongo,,3,No Elo Data,
Massimo Oddo,,1,No Elo Data,
Master Masiku,,1,No Elo Data,
Mat Noh,,1,No Elo Data,
Matateu,,1,No Elo Data,
Mate Vatsadze,,1,No Elo Data,
Matej Mavrič,,1,No Elo Data,
Mateja Kežman,,5,No Elo Data,
Mateo Chávez,Mexico,1,25.0,72.0
Mateo Kovačić,Croatia,2,-29.5,83.0
Mateo Retegui,Italy,3,No Elo Data,83.0
Matheus Cunha,Brazil,1,6.0,83.0
Mathew Leckie,,6,No Elo Data,
Mathias Jänisch,,1,No Elo Data,
Mathias Normann,,1,No Elo Data,
Mathias Olesen,,1,No Elo Data,
Mathías Olivera,Uruguay,2,22.0,78.0
Mats Hummels,,4,No Elo Data,
Mats Magnusson,,2,No Elo Data,
Mats Møller Dæhli,Norway,1,0.0,73.0
Matt Doherty,,2,No Elo Data,
Matt Elliott,,2,No Elo Data,
Matt Holland,,2,No Elo Data,
Matt McKay,,1,No Elo Data,
Matt Moussilou,,1,No Elo Data,
Matt Ritchie,,1,No Elo Data,
Matteo Darmian,Italy,1,No Elo Data,81.0
Matteo Pessina,Italy,1,No Elo Data,76.0
Matteo Vitaioli,,1,No Elo Data,
Matthew Amoah,,5,No Elo Data,
Matthew Booth,,1,No Elo Data,
Matthew Guillaumier,,1,No Elo Data,
Matthew Hoppe,,1,No Elo Data,
Matthias Ginter,,2,No Elo Data,
Matthias Liebers,,1,No Elo Data,
Matthias Phaëton,,2,No Elo Data,
Matthias Sammer,,4,No Elo Data,
Matthias Sindelar,,1,No Elo Data,
Matthijs de Ligt,Netherlands,1,32.0,82.0
Matthías Hallgrímsson,,1,No Elo Data,
Matti Paatelainen,,2,No Elo Data,
Mattia Destro,,1,No Elo Data,
Mattia Stefanelli,,1,No Elo Data,
Mattia Zaccagni,Italy,1,No Elo Data,84.0
Mattias Jonson,,5,No Elo Data,
Mattias Käit,Estonia,3,No Elo Data,65.0
Matty Cash,,2,No Elo Data,
Matty Geoghegan,,1,No Elo Data,
Matéo Degrumelle,,1,No Elo Data,
Matías Fernández,Argentina,2,11.0,75.0
Matías Galarza,Paraguay,3,29.0,73.0
Matěj Vydra,Czechia,1,No Elo Data,74.0
Maurice Escalona,,1,No Elo Data,
Maurice Tillotson,,1,No Elo Data,
Maurice Willems,,1,No Elo Data,
Mauricio Alfaro,,1,No Elo Data,
Mauricio Alonso Rodríguez,,2,No Elo Data,
Mauricio Ernesto González,,1,No Elo Data,
Mauricio Isla,,1,No Elo Data,
Mauricio Molina,,1,No Elo Data,
Mauricio Pineda,United States,1,-26.0,65.0
Mauricio Pinilla,,3,No Elo Data,
Mauricio Pochettino,,1,No Elo Data,
Mauricio Ramos,,1,No Elo Data,
Mauricio Serna,,2,No Elo Data,
Mauricio Solís,,1,No Elo Data,
Mauricio Wright,,1,No Elo Data,
Maurinho,,1,No Elo Data,
Mauro Camoranesi,,2,No Elo Data,
Mauro Rodrigues,,1,No Elo Data,
Mavango Kiala,,1,No Elo Data,
Mawa Inunu,,1,No Elo Data,
Max Abegglen,,2,No Elo Data,
Max Ebong,,1,No Elo Data,
Max Gradel,,7,No Elo Data,
Max Hagmayr,,1,No Elo Data,
Max Kruse,,1,No Elo Data,
Max Mata,,1,No Elo Data,
Max Morlock,,4,No Elo Data,
Maxi Gómez,,1,No Elo Data,
Maxi Pereira,,1,No Elo Data,
Maxi Rodríguez,,4,No Elo Data,
Maxim De Cuyper,Belgium,2,-1.0,80.0
Maxime Camara,,1,No Elo Data,
Maxime Chanot,,4,No Elo Data,
Maximilian Wöber,Austria,1,36.0,75.0
Maximiliano Araújo,,3,No Elo Data,
May Mahlangu,,1,No Elo Data,
Maya Yoshida,Japan,3,54.0,70.0
Mayanga Maku,,1,No Elo Data,
Mayer Gil,,1,No Elo Data,
Maykel Galindo,,1,No Elo Data,
Maynor Figueroa,,1,No Elo Data,
Mayron George,,1,No Elo Data,
Mazinho Oliveira,,1,No Elo Data,
Mbark Boussoufa,,1,No Elo Data,
Mbiamcie Mvoubi,,1,No Elo Data,
Mbulelo Mabizela,,1,No Elo Data,
Mbwana Samatta,,1,No Elo Data,
McDonald Mariga,,2,No Elo Data,
Md Saad Uddin,,1,No Elo Data,
Meaataz Kailouni,,1,No Elo Data,
Mechack Jérôme,,1,No Elo Data,
Medin Zhega,,1,No Elo Data,
Mehdi Ben Slimane,,1,No Elo Data,
Mehdi Ghayedi,,4,No Elo Data,
Mehdi Mahdavikia,,4,No Elo Data,
Mehdi Nafti,,1,No Elo Data,
Mehdi Taremi,Iran,13,-8.43,78.0
Mehmed Baždarević,,3,No Elo Data,
Mehmet Durakovic,,1,No Elo Data,
Mehmet Oğuz,,1,No Elo Data,
Mehmet Scholl,,1,No Elo Data,
Mehmet Türkkan,,1,No Elo Data,
Mehmet Özgül,,1,No Elo Data,
Meho Kodro,,1,No Elo Data,
Mei Fang,,1,No Elo Data,
Meinhard Olsen,,1,No Elo Data,
Mejdi Traoui,,1,No Elo Data,
Mekan Nasyrow,,2,No Elo Data,
Mekan Saparow,,1,No Elo Data,
Melis Asprou,,1,No Elo Data,
Melvin Loefstok,,2,No Elo Data,
Memphis Depay,Netherlands,18,-1.0,81.0
Meng Kam Jong,,1,No Elo Data,
Mengistu Worku,,6,No Elo Data,
Merih Demiral,Turkey,2,-8.5,78.0
Merrill Nand,,1,No Elo Data,
Mert Müldür,Turkey,2,57.5,74.0
Meschak Elia,,2,No Elo Data,
Mesut Özil,,4,No Elo Data,
Metin Oktay,,2,No Elo Data,
Mevlüt Erdinç,,1,No Elo Data,
Mexhit Haxhiu,,1,No Elo Data,
Mica Pinto,,1,No Elo Data,
Micah Lea'alafa,,1,No Elo Data,
Michael Amir Murillo,Panama,2,37.5,76.0
Michael Ballack,,14,No Elo Data,
Michael Barrantes,,1,No Elo Data,
Michael Baur,England,2,80.0,61.0
Michael Beauchamp,,1,No Elo Data,
Michael Boxall,,2,No Elo Data,
Michael Bradley,,4,No Elo Data,
Michael Chabala,,2,No Elo Data,
Michael Degiorgio,,2,No Elo Data,
Michael Essien,,4,No Elo Data,
Michael Estrada,,1,No Elo Data,
Michael Forde,,1,No Elo Data,
Michael Foster,,1,No Elo Data,
Michael Gravgaard,,2,No Elo Data,
Michael Gregoritsch,Austria,7,5.0,75.0
Michael Groom,,1,No Elo Data,
Michael Hughes,,1,No Elo Data,
Michael Keane,,1,No Elo Data,
Michael Klein,,1,No Elo Data,
Michael Krmenčík,,2,No Elo Data,
Michael Krohn-Dehli,,3,No Elo Data,
Michael Lang,,1,No Elo Data,
Michael Laudrup,,8,No Elo Data,
Michael McGlinchey,,1,No Elo Data,
Michael Mifsud,,4,No Elo Data,
Michael Ngadeu-Ngadjui,,5,No Elo Data,
Michael O'Neill,,2,No Elo Data,
Michael Obiku,,1,No Elo Data,
Michael Olise,,2,No Elo Data,
Michael Olunga,,5,No Elo Data,
Michael Orozco,,1,No Elo Data,
Michael Owen,,13,No Elo Data,
Michael Preetz,,1,No Elo Data,
Michael Rabeson,,1,No Elo Data,
Michael Robinson,,1,No Elo Data,
Michael Schjønberg,,1,No Elo Data,
Michael Stocklasa,,1,No Elo Data,
Michael Udebuluzor,,1,No Elo Data,
Michael Umaña,,1,No Elo Data,
Michail Antonio,,1,No Elo Data,
Michal Bílek,,2,No Elo Data,
Michal Horňák,,1,No Elo Data,
Michal Kadlec,,2,No Elo Data,
Michal Ďuriš,,1,No Elo Data,
Michalis Kapsis,,1,No Elo Data,
Michalis Konstantinou,,7,No Elo Data,
Michalis Kritikopoulos,,1,No Elo Data,
Michał Żewłakow,,1,No Elo Data,
Michel Bouanga,,1,No Elo Data,
Michel Hmaé,,2,No Elo Data,
Michel Ngonge,,1,No Elo Data,
Michel Platini,,16,No Elo Data,
Michel Termanini,,1,No Elo Data,
Michel Valke,,1,No Elo Data,
Michele Cevoli,,2,No Elo Data,
Michele Polverino,,1,No Elo Data,
Michy Batshuayi,Belgium,8,7.17,77.0
Mick Channon,,2,No Elo Data,
Mick Martin,,3,No Elo Data,
Mickaël Poté,,2,No Elo Data,
Mickey Trotman,,1,No Elo Data,
Mickey Walsh,,1,No Elo Data,
Mido,,4,No Elo Data,
Miguel Aguilar,,3,No Elo Data,
Miguel Almirón,,1,No Elo Data,
Miguel Angel Lauri,,1,No Elo Data,
Miguel Araujo,,1,No Elo Data,
Miguel Augusto Prince,,3,No Elo Data,
Miguel Borja,,3,No Elo Data,
Miguel Camargo,,1,No Elo Data,
Miguel Echenausi,,1,No Elo Data,
Miguel Estrada,,1,No Elo Data,
Miguel Martínez,,1,No Elo Data,
Miguel María Michelagnoli,,1,No Elo Data,
Miguel Pereira,Portugal,1,20.0,68.0
Miguel Sabah,,2,No Elo Data,
Miguel Terceros,,5,No Elo Data,
Miguel Veloso,,1,No Elo Data,
Miguel Villalta,,1,No Elo Data,
Miguel Zepeda,,3,No Elo Data,
Miguel Ángel Benítez,,5,No Elo Data,
Miguel Ángel Brindisi,,2,No Elo Data,
Miguel Ángel Bustillo,,1,No Elo Data,
Miguel Ángel Gamboa,,1,No Elo Data,
Miguel Ángel Loayza,,2,No Elo Data,
Miguel Ángel Matamoros,,1,No Elo Data,
Miguel Ángel Nadal,,1,No Elo Data,
Miguel Ángel Russo,,1,No Elo Data,
Miha Mevlja,,1,No Elo Data,
Miha Zajc,Slovenia,3,No Elo Data,72.0
Mihail Aleksandrov,,1,No Elo Data,
Mihail Caimacov,,1,No Elo Data,
Mihail Titow,,1,No Elo Data,
Mihails Zemļinskis,,4,No Elo Data,
Mihal Gjika,,1,No Elo Data,
Mihály Korhut,,1,No Elo Data,
Miikka Toivola,,1,No Elo Data,
Mijat Gaćinović,Serbia,1,No Elo Data,73.0
Mika Lipponen,,2,No Elo Data,
Mika Nurmela,,1,No Elo Data,
Mika Väyrynen,,1,No Elo Data,
Mikael Anderson,,1,No Elo Data,
Mikael Egill Ellertsson,Iceland,1,No Elo Data,69.0
Mikael Forssell,,9,No Elo Data,
Mikael Lustig,,3,No Elo Data,
Mikael Nilsson,,1,No Elo Data,
Mikalay Ryndzyuk,,1,No Elo Data,
Mike Bakic,,2,No Elo Data,
Mike Gaspard,,1,No Elo Data,
Mike Havenaar,,1,No Elo Data,
Mike Okoth Origi,,2,No Elo Data,
Mike Stojanović,,2,No Elo Data,
Mikel John Obi,,2,No Elo Data,
Mikel Merino,Spain,3,69.5,83.0
Mikel Oyarzabal,Spain,7,38.5,82.0
Mikey Johnston,,1,No Elo Data,
Mikhail Gordeichuk,,1,No Elo Data,
Mikhail Sivakow,,1,No Elo Data,
Mikkel Damsgaard,,3,No Elo Data,
Miku,,2,No Elo Data,
Milad Meydavoudi,,1,No Elo Data,
Milan Baroš,,8,No Elo Data,
Milan Dolinský,,1,No Elo Data,
Milan Dvořák,,1,No Elo Data,
Milan Galić,,8,No Elo Data,
Milan Jovanović,,4,No Elo Data,
Milan Luhový,,2,No Elo Data,
Milan Osterc,,1,No Elo Data,
Milan Rapaić,,3,No Elo Data,
Milan Ristovski,,1,No Elo Data,
Milan Đurić,Bosnia and Herzegovina,2,12.0,71.0
Milan Škoda,,2,No Elo Data,
Milan Škriniar,Slovakia,4,No Elo Data,81.0
Milciades Morel,,1,No Elo Data,
Mile Jedinak,,9,No Elo Data,
Mile Krstev,,1,No Elo Data,
Mile Sterjovski,,1,No Elo Data,
Milenko Ačimovič,,5,No Elo Data,
Milenko Špoljarić,,2,No Elo Data,
Miles Robinson,,1,No Elo Data,
Milivoje Novaković,,8,No Elo Data,
Milko Djurovski,,1,No Elo Data,
Miller Bolaños,,3,No Elo Data,
Milot Rashica,Kosovo,2,No Elo Data,76.0
Milovan Mirosevic,,1,No Elo Data,
Miloš Krasić,,1,No Elo Data,
Miloš Milutinović,,3,No Elo Data,
Miloš Šestić,,1,No Elo Data,
Milton Coimbra,,1,No Elo Data,
Milton Karisa,,1,No Elo Data,
Milton Meléndez,,1,No Elo Data,
Milton Núñez,,3,No Elo Data,
Milutin Pajević,,1,No Elo Data,
Milyon Beguashaw,,1,No Elo Data,
Mimis Domazos,,2,No Elo Data,
Mimis Papaioannou,,5,No Elo Data,
Minervino Pietra,,1,No Elo Data,
Mini Jakobsen,,2,No Elo Data,
Minor López,,1,No Elo Data,
Minyahil Teshome,,1,No Elo Data,
Minyelu Wondimu,,1,No Elo Data,
Miodrag Belodedici,,1,No Elo Data,
Miralem Pjanić,,2,No Elo Data,
Miran Pavlin,,1,No Elo Data,
Mircea Dridea,,2,No Elo Data,
Mircea Lucescu,,2,No Elo Data,
Mirel Josa,,1,No Elo Data,
Mirjalol Qosimov,,6,No Elo Data,
Mirko Bonačić,,1,No Elo Data,
Mirko Hrgović,,2,No Elo Data,
Mirko Ivanovski,,1,No Elo Data,
Mirko Vučinić,,6,No Elo Data,
Mirlan Murzaev,,1,No Elo Data,
Miro,Angola,1,No Elo Data,67.0
Miro Muheim,,1,No Elo Data,
Miroslav Baranek,,1,No Elo Data,
Miroslav Chvíla,,1,No Elo Data,
Miroslav Kadlec,,2,No Elo Data,
Miroslav Karhan,,1,No Elo Data,
Miroslav Klose,,21,No Elo Data,
Miroslav Romaschenko,,1,No Elo Data,
Miroslav Sovič,,1,No Elo Data,
Miroslav Stevanović,Bosnia and Herzegovina,1,-34.0,75.0
Miroslav Stoch,,2,No Elo Data,
Mirosław Szymkowiak,,2,No Elo Data,
Mirosław Trzeciak,,1,No Elo Data,
Mirsad Bešlija,,1,No Elo Data,
Misagh Bahadoran,,2,No Elo Data,
Mislav Oršić,,1,No Elo Data,
Mitch Cooper,,1,No Elo Data,
Mitch Duke,,1,No Elo Data,
Mitchell Duke,,1,No Elo Data,
Mitchell Joseph,,1,No Elo Data,
Mithun Chowdhury,,1,No Elo Data,
Mitko Stojkovski,,2,No Elo Data,
Mitsuo Ogasawara,,1,No Elo Data,
Mixu Paatelainen,,5,No Elo Data,
Mladen Krstajić,,1,No Elo Data,
Mladen Petrić,,3,No Elo Data,
Mo Johnston,,3,No Elo Data,
Mo'ayyad Salim,,1,No Elo Data,
Moderato Wisintainer,,1,No Elo Data,
Modestas Vorobjovas,,1,No Elo Data,
Modeste M'Bami,,1,No Elo Data,
Modibo Maïga,,3,No Elo Data,
Mogakolodi Ngele,,2,No Elo Data,
Mohaisen Al-Jam'an,,2,No Elo Data,
Mohamad Kdouh,,3,No Elo Data,
Mohamad Moustafa Kadir,,2,No Elo Data,
Mohamad Yehya Al Rashed,,1,No Elo Data,
Mohamadi Balma,,1,No Elo Data,
Mohamadou Sumareh,,3,No Elo Data,
Mohamed Abdallah,,1,No Elo Data,
Mohamed Abdelmonem,Egypt,1,2.0,74.0
Mohamed Aboutrika,,7,No Elo Data,
Mohamed Ahmed Bashir,,2,No Elo Data,
Mohamed Akid,,2,No Elo Data,
Mohamed Al Ghanodi,,1,No Elo Data,
Mohamed Al Zeno,,1,No Elo Data,
Mohamed Al-Diabaz,,1,No Elo Data,
Mohamed Al-Romaihi,,1,No Elo Data,
Mohamed Al-Shehhi,,2,No Elo Data,
Mohamed Ala'a,,1,No Elo Data,
Mohamed Ali,Italy,1,No Elo Data,66.0
Mohamed Ali Ben Romdhane,,2,No Elo Data,
Mohamed Ali Hamoud,,1,No Elo Data,
Mohamed Ali Mahjoubi,,1,No Elo Data,
Mohamed Amoura,,4,No Elo Data,
Mohamed Aoudou,,2,No Elo Data,
Mohamed Barakat,,1,No Elo Data,
Mohamed Bayo,,1,No Elo Data,
Mohamed Boussati,,1,No Elo Data,
Mohamed Brahimi,,1,No Elo Data,
Mohamed Daima,,1,No Elo Data,
Mohamed Dellahi Yali,,1,No Elo Data,
Mohamed El-Sayed,,1,No Elo Data,
Mohamed Elneny,,1,No Elo Data,
Mohamed Elyounoussi,,3,No Elo Data,
Mohamed Emara,,1,No Elo Data,
Mohamed Farouk,,1,No Elo Data,
Mohamed Hamdy,,1,No Elo Data,
Mohamed Hany,,2,No Elo Data,
Mohamed Hubail,,1,No Elo Data,
Mohamed Husain,,2,No Elo Data,
Mohamed Kader,France,4,46.0,70.0
Mohamed Kallon,,2,No Elo Data,
Mohamed Kamara,,1,No Elo Data,
Mohamed Kanno,,1,No Elo Data,
Mohamed Khalfi,,1,No Elo Data,
Mohamed Latif,,1,No Elo Data,
Mohamed Liban,,1,No Elo Data,
Mohamed M'Changama,,1,No Elo Data,
Mohamed Madih,,1,No Elo Data,
Mohamed Magdy,,1,No Elo Data,
Mohamed Maghfour,,1,No Elo Data,
Mohamed Marhoon,,2,No Elo Data,
Mohamed Morsi Hussein,,1,No Elo Data,
Mohamed Nizam,,1,No Elo Data,
Mohamed Obaid Al-Zahiri,,1,No Elo Data,
Mohamed Omer,,1,No Elo Data,
Mohamed Rashid,,1,No Elo Data,
Mohamed Salah,Egypt,20,-1.2,91.0
Mohamed Salah Jedidi,,2,No Elo Data,
Mohamed Salmeen,,2,No Elo Data,
Mohamed Shawky,,2,No Elo Data,
Mohamed Timoumi,,3,No Elo Data,
Mohamed Yattara,,3,No Elo Data,
Mohamed Zidan,,2,No Elo Data,
Mohamed Zougrana,,1,No Elo Data,
Mohammad Abu Fani,Israel,1,No Elo Data,75.0
Mohammad Afash,,3,No Elo Data,
Mohammad Al-Sahlawi,,8,No Elo Data,
Mohammad Al-Shalhoub,,2,No Elo Data,
Mohammad Alavi,,1,No Elo Data,
Mohammad Daham,,2,No Elo Data,
Mohammad Hassan,,1,No Elo Data,
Mohammad Jakalan,,1,No Elo Data,
Mohammad Mehdi Mohebi,,1,No Elo Data,
Mohammad Mohebi,,2,No Elo Data,
Mohammad Muharam,,1,No Elo Data,
Mohammad Nosrati,,2,No Elo Data,
Mohammad Omar,,2,No Elo Data,
Mohammad Reza Khalatbari,,3,No Elo Data,
Mohammad Sadeghi,,1,No Elo Data,
Mohammad Sultan,,1,No Elo Data,
Mohammad Umer,,1,No Elo Data,
Mohammadou Idrissou,,1,No Elo Data,
Mohammed Abdellaoue,,2,No Elo Data,
Mohammed Abdul Ghani,,1,No Elo Data,
Mohammed Abduljawad,,1,No Elo Data,
Mohammed Al-Anbar,,1,No Elo Data,
Mohammed Al-Attas,,1,No Elo Data,
Mohammed Al-Dahi,,1,No Elo Data,
Mohammed Al-Ghafri,,1,No Elo Data,
Mohammed Al-Hardan,,1,No Elo Data,
Mohammed Al-Jaish,,1,No Elo Data,
Mohammed Al-Khilaiwi,,1,No Elo Data,
Mohammed Bajaber,,1,No Elo Data,
Mohammed Chaouch,,4,No Elo Data,
Mohammed El Filali,,1,No Elo Data,
Mohammed Ghaddar,,4,No Elo Data,
Mohammed Kasola,,2,No Elo Data,
Mohammed Khamis Al-Araimi,,1,No Elo Data,
Mohammed Kudus,Ghana,2,36.5,80.0
Mohammed Lawal,,2,No Elo Data,
Mohammed Muntari,Qatar,1,-45.0,66.0
Mohammed Musa,Saudi Arabia,1,41.0,65.0
Mohammed Ouseb,,1,No Elo Data,
Mohammed Razak,,2,No Elo Data,
Mohammed Salem,,1,No Elo Data,
Mohammed Salem Al-Enazi,,7,No Elo Data,
Mohammed Salem Al-Mal,,1,No Elo Data,
Mohammed Salim,,1,No Elo Data,
Mohammed Salisu,,1,No Elo Data,
Mohammed Sangare,,1,No Elo Data,
Mohammed Sujan,,1,No Elo Data,
Mohammed Zughair,,1,No Elo Data,
Mohanad Ali,,8,No Elo Data,
Mohanad Salem,,1,No Elo Data,
Mohannad Abdul-Raheem,,2,No Elo Data,
Mohau Nkota,South Africa,1,-26.0,64.0
Mohd Amri Yahyah,,1,No Elo Data,
Mohd Rafi Ali,,2,No Elo Data,
Mohd Safiq Rahim,,1,No Elo Data,
Mohieddine Habita,,1,No Elo Data,
Mohsen Garousi,,1,No Elo Data,
Mohsen Labidi,,1,No Elo Data,
Mohsin Al-Khaldi,,2,No Elo Data,
Mohsin Harthi,,1,No Elo Data,
Mohsin Yousifi,,1,No Elo Data,
Moise Kean,,5,No Elo Data,
Moisés Caicedo,,2,No Elo Data,
Moisés Paniagua,,2,No Elo Data,
Moisés Villarroel,,1,No Elo Data,
Mojtaba Jabbari,,1,No Elo Data,
Mokhtar Kalem,,1,No Elo Data,
Mokhtar Mokhtar,,1,No Elo Data,
Momath Gueye,,1,No Elo Data,
Momo Soumah,,1,No Elo Data,
Momoh Kamara,,1,No Elo Data,
Momčilo Vukotić,,2,No Elo Data,
Monduone N'Kama,,1,No Elo Data,
Mongkol Tossakrai,,1,No Elo Data,
Moon Jung-sik,,1,No Elo Data,
Morciré Sylla,,1,No Elo Data,
Mordechai Spiegler,,6,No Elo Data,
Morten Bisgaard,,1,No Elo Data,
Morten Gamst Pedersen,,2,No Elo Data,
Morten Hjulmand,,1,No Elo Data,
Morten Nordstrand,,1,No Elo Data,
Morten Rasmussen,,2,No Elo Data,
Morten Wieghorst,,1,No Elo Data,
Morteza Pouraliganji,,1,No Elo Data,
Moses Chavula,,1,No Elo Data,
Moses Chikwalakwala,,1,No Elo Data,
Moses Simon,,1,No Elo Data,
Moses Simwala,,1,No Elo Data,
Moshe Leon,,1,No Elo Data,
Moshe Onana,,2,No Elo Data,
Moshe Romano,,1,No Elo Data,
Mostafa Meshaal,,1,No Elo Data,
Mostafa Mohamed,,4,No Elo Data,
Mostafa Ziko,,1,No Elo Data,
Mothobi Mvala,,1,No Elo Data,
Moulay Khanousi,,1,No Elo Data,
Moumi Ngamaleu,,1,No Elo Data,
Moumouni Dagano,,11,No Elo Data,
Mourad Meziane,,1,No Elo Data,
Mousa Dembélé,,2,No Elo Data,
Moussa Badiane,,1,No Elo Data,
Moussa Camara,,1,No Elo Data,
Moussa Djenepo,,1,No Elo Data,
Moussa Hojeij,,2,No Elo Data,
Moussa Kanfideni,,1,No Elo Data,
Moussa Maâzou,,1,No Elo Data,
Moussa Sissako,,1,No Elo Data,
Moussa Sow,,3,No Elo Data,
Moussa Yahaya,,1,No Elo Data,
Moustafa Abdou,,4,No Elo Data,
Moustapha Bangura,,1,No Elo Data,
Moustapha Bayal Sall,,1,No Elo Data,
Moustapha Choukri,,1,No Elo Data,
Moustapha Salifou,,4,No Elo Data,
Moysés Ferreira Alves,,1,No Elo Data,
Mthunzi Mkhontfo,,1,No Elo Data,
Mu Kanazaki,,1,No Elo Data,
Mu'nas Dabbur,,1,No Elo Data,
Muad Eisay,,1,No Elo Data,
Mubarak Anber,,1,No Elo Data,
Mubarak Mustafa,,4,No Elo Data,
Mubarak Wakaso,,4,No Elo Data,
Muda Lawal,,1,No Elo Data,
Mudather El Tahir,,3,No Elo Data,
Muhadjiri Hakizimana,,1,No Elo Data,
Muhamad El-Basheer El-Asyad,,1,No Elo Data,
Muhamed Konjić,,1,No Elo Data,
Muhamed Mujić,,3,No Elo Data,
Muhamet Hyseni,,1,No Elo Data,
Muhammad Arshad,,1,No Elo Data,
Muhammad Ilham,,1,No Elo Data,
Muhammad Shaban,,2,No Elo Data,
Muhannad El Tahir,,2,No Elo Data,
Muharrem Jashari,,1,No Elo Data,
Muhsen Al-Ghassani,,4,No Elo Data,
Mujahid Ahmed,,1,No Elo Data,
Mulugeta Kebede,,1,No Elo Data,
Mun In-Guk,,1,No Elo Data,
Munthir Khalaf,,1,No Elo Data,
Murad Alyan,,1,No Elo Data,
Murtaz Khurtsilava,,1,No Elo Data,
Musa Al-Taamari,,3,No Elo Data,
Musa Barrow,Gambia,3,No Elo Data,78.0
Musa Noah Kamara,,1,No Elo Data,
Musa Otieno,,1,No Elo Data,
Musab Al-Battat,,1,No Elo Data,
Musab Al-Juwayr,,2,No Elo Data,
Musaed Neda,,2,No Elo Data,
Muslim Agaev,,1,No Elo Data,
Mustafa El Haddaoui,,2,No Elo Data,
Mustafa Zazai,,2,No Elo Data,
Mustamu Yessy,,1,No Elo Data,
Mustapha Bundu,Sierra Leone,1,No Elo Data,69.0
Mustapha Hadji,,2,No Elo Data,
Mustapha Jarju,,1,No Elo Data,
Mustapha Merry,,3,No Elo Data,
Mustapha Tahir,,1,No Elo Data,
Mustapha Yaghcha,,1,No Elo Data,
Mustapha Yatabaré,,1,No Elo Data,
Mustaqim,,1,No Elo Data,
Muteba N'Daye,,2,No Elo Data,
Mutiu Adepoju,,2,No Elo Data,
Mykhailo Mudryk,,2,No Elo Data,
Mykola Shaparenko,Ukraine,1,No Elo Data,78.0
Myles Lewis-Skelly,,1,No Elo Data,
Myles Weston,,1,No Elo Data,
Myron Samuel,,1,No Elo Data,
Myrto Uzuni,Albania,1,No Elo Data,75.0
Myziane Maolida,Comoros,2,No Elo Data,74.0
Mágico González,,1,No Elo Data,
Márcio Amoroso,,2,No Elo Data,
Márcio Santos,,1,No Elo Data,
Márcio Vieira,,1,No Elo Data,
Mário Coluna,,2,No Elo Data,
Mário Fernandes,,3,No Elo Data,
Mário Zagallo,,1,No Elo Data,
Márton Esterházy,,3,No Elo Data,
Máté Fenyvesi,,2,No Elo Data,
Máté Pátkai,,3,No Elo Data,
Máximo Alcócer,,6,No Elo Data,
Máximo Mosquera,,2,No Elo Data,
Máximo Rolón,,4,No Elo Data,
Máximo Tenorio,,1,No Elo Data,
Mërgim Mavraj,,1,No Elo Data,
Mërgim Vojvoda,Kosovo,1,No Elo Data,75.0
Míchel,France,8,-13.33,74.0
Müller,Germany,3,51.0,70.0
Mārcis Ošs,,1,No Elo Data,
Māris Verpakovskis,,6,No Elo Data,
N'Golo Kanté,France,1,45.0,85.0
N'Kiambi Mapuata,,2,No Elo Data,
Na Sang-ho,,1,No Elo Data,
Nabil Begg,,1,No Elo Data,
Nabil Dirar,,1,No Elo Data,
Nabil Maâloul,,1,No Elo Data,
Nabil Nano,,1,No Elo Data,
Nabil Taïder,,1,No Elo Data,
Naby Keïta,,1,No Elo Data,
Naby Laye Camara,,1,No Elo Data,
Nacer Bouiche,,1,No Elo Data,
Nacer Chadli,,1,No Elo Data,
Nader Kara,,2,No Elo Data,
Nader Matar,,1,No Elo Data,
Nadhir Benbouali,,1,No Elo Data,
Nadiem Amiri,Germany,1,-61.0,81.0
Nadir Belhadj,,1,No Elo Data,
Naeem Saddam,,1,No Elo Data,
Naeim Saadavi,,1,No Elo Data,
Nahki Wells,,2,No Elo Data,
Nahum Stelmach,,2,No Elo Data,
Naif Hazazi,,4,No Elo Data,
Nair Tiknizyan,,1,No Elo Data,
Nam Song-Chol,,1,No Elo Data,
Nam Tae-hee,,2,No Elo Data,
Nana Arhin Duah,,1,No Elo Data,
Nani,,4,No Elo Data,
Naohiro Takahara,,3,No Elo Data,
Naoki Soma,,1,No Elo Data,
Narender Thapa,,1,No Elo Data,
Nashat Akram,,3,No Elo Data,
Nasko Sirakov,,9,No Elo Data,
Nasr Eddin Abbas,,2,No Elo Data,
Nasreddine Kraouche,,1,No Elo Data,
Nasser Al-Shamrani,,2,No Elo Data,
Nasser Bouiche,,1,No Elo Data,
Nasser Mohammadkhani,,2,No Elo Data,
Nasser Nouraei,,1,No Elo Data,
Nassim Akrour,,1,No Elo Data,
Nassoro Mashoto,,1,No Elo Data,
Nastja Čeh,,1,No Elo Data,
Nat Lofthouse,,1,No Elo Data,
Nate Burkey,,1,No Elo Data,
Nathalie Suiverstin,,1,No Elo Data,
Nathan Blake,,1,No Elo Data,
Nathan Broadhead,,1,No Elo Data,
Nathan Collins,,1,No Elo Data,
Nathan Ferguson,,1,No Elo Data,
Nathan Patterson,,1,No Elo Data,
Nathan Pond,,1,No Elo Data,
Nathanaël Mbuku,DR Congo,1,117.0,70.0
Nathaniel James,,1,No Elo Data,
Natipong Sritong-In,,1,No Elo Data,
Nauris Bulvītis,,2,No Elo Data,
Nawaf Al-Abed,,3,No Elo Data,
Nawaf Al-Temyat,,1,No Elo Data,
Nayef Aguerd,Morocco,2,60.5,81.0
Nazar Ashraf,,1,No Elo Data,
Nazim Suleymanov,,1,No Elo Data,
Naïm Sliti,,1,No Elo Data,
Ndaye Mulamba,,6,No Elo Data,
Ne-Jai Tucker,,1,No Elo Data,
Necati Ateş,,1,No Elo Data,
Neco,,3,No Elo Data,
Neco Williams,,1,No Elo Data,
Ned Zelić,,2,No Elo Data,
Nedim Bajrami,Albania,1,No Elo Data,73.0
Neeskens Kebano,,1,No Elo Data,
Neider Morantes,,2,No Elo Data,
Neil Danns,,3,No Elo Data,
Neil Lennon,,2,No Elo Data,
Neil McCann,,1,No Elo Data,
Neil Slatter,,1,No Elo Data,
Nejc Pečnik,,1,No Elo Data,
Nejc Skubic,,1,No Elo Data,
Nelinho,,3,No Elo Data,
Nelson Barahona,,2,No Elo Data,
Nelson Bonilla,,5,No Elo Data,
Nelson Cuevas,,1,No Elo Data,
Nelson Pérez,,1,No Elo Data,
Nelson Valdez,,4,No Elo Data,
Nemanja Maksimović,,1,No Elo Data,
Nemanja Matić,Serbia,2,No Elo Data,77.0
Nemanja Nikolić,,1,No Elo Data,
Nemanja Radonjić,,1,No Elo Data,
Nemesio Mosquera,,1,No Elo Data,
Nenad Milijaš,,1,No Elo Data,
Nenad Stojković,,1,No Elo Data,
Nené,Portugal,8,-5.17,66.0
Nerijus Valskis,,1,No Elo Data,
Nerijus Vasiliauskas,,1,No Elo Data,
Nery Castillo,,4,No Elo Data,
Nesley Jean,,2,No Elo Data,
Nestor Subiat,,1,No Elo Data,
Nestoras Mitidis,,2,No Elo Data,
Nestory Irankunda,Australia,1,9.0,67.0
Neto,,1,No Elo Data,
Ney Avilés,,1,No Elo Data,
Neymar,,16,No Elo Data,
Ng Chi Kit,,1,No Elo Data,
Ngidi Yemweni,,1,No Elo Data,
Nguyễn Công Phượng,,1,No Elo Data,
Nguyễn Hồng Sơn,,1,No Elo Data,
Nguyễn Lương Phúc,,1,No Elo Data,
Nguyễn Quang Hải,,3,No Elo Data,
Nguyễn Tiến Linh,,3,No Elo Data,
Nguyễn Trọng Hoàng,,1,No Elo Data,
Nguyễn Văn Sỹ,,1,No Elo Data,
Nguyễn Văn Toàn,,2,No Elo Data,
Nguyễn Đình Bắc,,1,No Elo Data,
Niall McGinn,,3,No Elo Data,
Niall Quinn,,4,No Elo Data,
Nicaise Ondeno,,1,No Elo Data,
Nicholas Andrews,,2,No Elo Data,
Nicholas Ioannou,,1,No Elo Data,
Nick Deacy,,1,No Elo Data,
Nick Woltemade,Germany,3,-61.0,79.0
Nicklas Bendtner,,8,No Elo Data,
Nicko Sensoli,,1,No Elo Data,
Nicko Williams,,1,No Elo Data,
Nicky Barmby,,1,No Elo Data,
Niclas Alexandersson,,3,No Elo Data,
Niclas Füllkrug,Germany,3,39.5,79.0
Niclas Nyhlén,,1,No Elo Data,
Nico Braun,,1,No Elo Data,
Nico Claesen,,2,No Elo Data,
Nico Elvedi,Switzerland,2,53.0,77.0
Nico Schlotterbeck,,1,No Elo Data,
Nico Schulz,,1,No Elo Data,
Nico Van Kerckhoven,,1,No Elo Data,
Nico Williams,Spain,1,-6.0,86.0
Nicola Albani,,1,No Elo Data,
Nicola Bacciocchi,,1,No Elo Data,
Nicola Nanni,,2,No Elo Data,
Nicola Zalewski,Poland,2,No Elo Data,76.0
Nicolae Dică,,3,No Elo Data,
Nicolae Dobrin,,4,No Elo Data,
Nicolae Georgescu,,1,No Elo Data,
Nicolae Josan,,1,No Elo Data,
Nicolae Lupescu,,1,No Elo Data,
Nicolae Milinceanu,,1,No Elo Data,
Nicolae Mitea,,1,No Elo Data,
Nicolae Oaidă,,1,No Elo Data,
Nicolae Stanciu,,5,No Elo Data,
Nicolae Tătaru,,1,No Elo Data,
Nicolai Jørgensen,,2,No Elo Data,
Nicolas Anelka,,3,No Elo Data,
Nicolas Hasler,,2,No Elo Data,
Nicolas Jackson,Senegal,2,36.0,80.0
Nicolas Nkoulou,,1,No Elo Data,
Nicolas Pépé,Ivory Coast,1,49.0,80.0
Nicolas Vallar,,2,No Elo Data,
Nicolás Falero,,4,No Elo Data,
Nicolás González,Spain,4,42.33,79.0
Nicolás Lodeiro,,2,No Elo Data,
Nicolás Olivera,,3,No Elo Data,
Nicolás Otamendi,,4,No Elo Data,
Nicolás Ramírez,,1,No Elo Data,
Nicolás Samayoa,,1,No Elo Data,
Nicolás Suazo,,1,No Elo Data,
Nicolás de la Cruz,,1,No Elo Data,
Nicolò Barella,Italy,7,No Elo Data,87.0
Nicușor Bancu,,1,No Elo Data,
Niels Tune-Hansen,,1,No Elo Data,
Nigel Bishop,,1,No Elo Data,
Nigel Dabinyaba,,1,No Elo Data,
Nigel Hasselbaink,,2,No Elo Data,
Nigel Pierre,,2,No Elo Data,
Nigel de Jong,,1,No Elo Data,
Niginho,,1,No Elo Data,
Nihad Al Boushi,,1,No Elo Data,
Nihad Boshi,,2,No Elo Data,
Nihat Kahveci,,9,No Elo Data,
Nika Kacharava,,2,No Elo Data,
Niki Torrão,,1,No Elo Data,
Nikica Jelavić,,2,No Elo Data,
Niklas Moisander,,1,No Elo Data,
Niko Kata,,1,No Elo Data,
Niko Kovač,,5,No Elo Data,
Niko Kranjčar,,3,No Elo Data,
Niko Sigur,,1,No Elo Data,
Nikodimos Papavasiliou,,1,No Elo Data,
Nikola Drinčić,,1,No Elo Data,
Nikola Jerkan,,1,No Elo Data,
Nikola Jurčević,,1,No Elo Data,
Nikola Kalinić,,3,No Elo Data,
Nikola Kotkov,,3,No Elo Data,
Nikola Krstović,Montenegro,4,No Elo Data,75.0
Nikola Milenković,Serbia,1,No Elo Data,83.0
Nikola Serafimov,,1,No Elo Data,
Nikola Tsanev,,1,No Elo Data,
Nikola Vlašić,Croatia,5,-5.0,79.0
Nikola Vujnović,,1,No Elo Data,
Nikola Žigić,,4,No Elo Data,
Nikolai Linberg,,1,No Elo Data,
Nikolay Bodurov,,2,No Elo Data,
Nikolay Dimitrov,,1,No Elo Data,
Nikolay Shirshov,,3,No Elo Data,
Nikolay Todorov,,1,No Elo Data,
Nikoloz Gelashvili,,1,No Elo Data,
Nikolče Noveski,,1,No Elo Data,
Nikos Anastopoulos,,5,No Elo Data,
Nikos Liberopoulos,,4,No Elo Data,
Nikos Machlas,,7,No Elo Data,
Nikos Nioplias,,1,No Elo Data,
Nikos Patikkis,,1,No Elo Data,
Nikos Spyropoulos,,3,No Elo Data,
Nikos Tsiantakis,,1,No Elo Data,
Nilmar,,2,No Elo Data,
Nilmo Edwards,,1,No Elo Data,
Nilo Braga,,3,No Elo Data,
Nils-Åke Sandell,,1,No Elo Data,
Nilson Angulo,,1,No Elo Data,
Nininho,,1,No Elo Data,
Nir Bitton,,1,No Elo Data,
Nir Klinger,,1,No Elo Data,
Nirajan Rayamajhi,,1,No Elo Data,
Nissim Cohen,,1,No Elo Data,
Nitder Pizzani,,1,No Elo Data,
Nitsavong Khouphachansy,,1,No Elo Data,
Niweat Siriwong,,1,No Elo Data,
Nizar Al-Rashdan,,1,No Elo Data,
Nizar Khalfan,,1,No Elo Data,
Nizar Mahrous,,2,No Elo Data,
Njazi Kuqi,,1,No Elo Data,
Njiva Rakotoharimalala,,2,No Elo Data,
Njogu Demba-Nyrén,,1,No Elo Data,
Nnamdi Oduamadi,,1,No Elo Data,
Noa Lang,,2,No Elo Data,
Noah Frick,,2,No Elo Data,
Noah Frommelt,,1,No Elo Data,
Noah Hickey,,1,No Elo Data,
Noah Okafor,,2,No Elo Data,
Noel Berry,,1,No Elo Data,
Noel Brotherston,,1,No Elo Data,
Noel Cantwell,,2,No Elo Data,
Noh Alam Shah,,2,No Elo Data,
Nolberto Solano,,6,No Elo Data,
Nontapan Jeansatawong,,1,No Elo Data,
Noor Al-Rawabdeh,,1,No Elo Data,
Norbert Eschmann,,1,No Elo Data,
Norbert Könyves,,1,No Elo Data,
Norbert Owona,,2,No Elo Data,
Norberto Doroteo Méndez,,5,No Elo Data,
Norberto Huezo,,2,No Elo Data,
Norberto Maurito,,1,No Elo Data,
Norberto Menéndez,,2,No Elo Data,
Norio Omura,,1,No Elo Data,
Norival Pereira Da Silva,,1,No Elo Data,
Norjmoogiin Tsedenbal,,1,No Elo Data,
Norm McLeod,,1,No Elo Data,
Norman Hunter,,2,No Elo Data,
Norman Whiteside,,3,No Elo Data,
Noureddine Naybet,,1,No Elo Data,
Nourken Mazbaev,,1,No Elo Data,
Noël Birindi Minga,,2,No Elo Data,
Noël Kouamé,,1,No Elo Data,
Noël Minga,,1,No Elo Data,
Nqobizitha Ncube,,1,No Elo Data,
Nsumbu Ngoy,,1,No Elo Data,
Numon Khasanov,,1,No Elo Data,
Numondzhon Khakimov,,2,No Elo Data,
Nuno Gomes,,8,No Elo Data,
Nuno Mendes,Portugal,1,-17.0,86.0
Nuno Miguel Monteiro Rocha,,2,No Elo Data,
Nurdin Bakari,,1,No Elo Data,
Nuriddin Khamrokulov,,1,No Elo Data,
Nwankwo Kanu,,2,No Elo Data,
Nzelo Hervé Lembi,,1,No Elo Data,
Nándor Hidegkuti,,2,No Elo Data,
Néjib Ghommidh,,1,No Elo Data,
Néjib Liman,,1,No Elo Data,
Néstor Araujo,,1,No Elo Data,
Néstor Combin,,1,No Elo Data,
Néstor Craviotto,,1,No Elo Data,
Néstor Gorosito,,1,No Elo Data,
Oalex Anderson,,4,No Elo Data,
Obafemi Martins,,7,No Elo Data,
Obby Kapita,,3,No Elo Data,
Obdulio Varela,,3,No Elo Data,
Obeid Al-Dosari,,4,No Elo Data,
Octavio Muciño,,1,No Elo Data,
Odai Al-Saify,,1,No Elo Data,
Oday Al-Jafal,,1,No Elo Data,
Oday Dabbagh,,4,No Elo Data,
Odaïr Fortes,,1,No Elo Data,
Odd Iversen,,3,No Elo Data,
Oded Machnes,,2,No Elo Data,
Odil Ahmedov,,6,No Elo Data,
Odiljon Hamrobekov,,1,No Elo Data,
Odilon Polleunis,,1,No Elo Data,
Odilzhon Abdurakhmanov,,2,No Elo Data,
Odion Ighalo,,5,No Elo Data,
Odise Roshi,,3,No Elo Data,
Odmar Færø,,2,No Elo Data,
Ofentse Nato,,2,No Elo Data,
Oghenekaro Etebo,,1,No Elo Data,
Ognjen Vukojević,,1,No Elo Data,
Oguchi Onyewu,,1,No Elo Data,
Ogün Temizkanoğlu,,1,No Elo Data,
Oh Hyeon-gyu,,2,No Elo Data,
Oh Se-hun,,1,No Elo Data,
Oh Yong-Nam,,1,No Elo Data,
Ok Formenoy,,1,No Elo Data,
Okan Buruk,,6,No Elo Data,
Okan Yılmaz,,2,No Elo Data,
Okeem Challenger,,1,No Elo Data,
Okey Isima,,3,No Elo Data,
Oktay Derelioğlu,,2,No Elo Data,
Ola Kamara,,1,No Elo Data,
Ola Solbakken,,1,No Elo Data,
Ola Toivonen,,5,No Elo Data,
Olav Nilsen,,1,No Elo Data,
Olavi Lahtinen,,2,No Elo Data,
Olavi Rissanen,,1,No Elo Data,
Oldřich Nejedlý,,4,No Elo Data,
Ole Gunnar Solskjær,,6,No Elo Data,
Ole Madsen,,8,No Elo Data,
Ole Romeny,,2,No Elo Data,
Ole Selnæs,,1,No Elo Data,
Ole Sørensen,,1,No Elo Data,
Ole Tobiasen,,1,No Elo Data,
Oleg Blokhin,,5,No Elo Data,
Oleg Kuzmin,,1,No Elo Data,
Oleg Litvinenko,,1,No Elo Data,
Oleg Salenko,,1,No Elo Data,
Oleg Shatskikh,,5,No Elo Data,
Oleg Zoteev,,1,No Elo Data,
Oleh Husyev,,2,No Elo Data,
Oleh Protasov,,6,No Elo Data,
Oleksandr Kucher,,1,No Elo Data,
Oleksandr Tymchyk,Ukraine,1,No Elo Data,72.0
Oleksandr Zavarov,,2,No Elo Data,
Oleksandr Zinchenko,Ukraine,5,No Elo Data,77.0
Oleksandr Zubkov,Ukraine,1,No Elo Data,78.0
Oleksiy Byelik,,1,No Elo Data,
Oleksiy Hutsulyak,,1,No Elo Data,
Oleksiy Mykhaylychenko,,5,No Elo Data,
Oliver Antman,Finland,4,No Elo Data,75.0
Oliver Bierhoff,,12,No Elo Data,
Oliver Burke,,1,No Elo Data,
Oliver Makor,,3,No Elo Data,
Oliver Neuville,,2,No Elo Data,
Olivier Deschacht,,1,No Elo Data,
Olivier Giroud,,12,No Elo Data,
Olivier Kapo,,1,No Elo Data,
Olivier Karekezi,,2,No Elo Data,
Olivier Niere,,2,No Elo Data,
Olivier Occéan,,2,No Elo Data,
Ollie Watkins,,2,No Elo Data,
Olof Mellberg,,1,No Elo Data,
Olumuyiwa Oshode,,2,No Elo Data,
Omar Abdulrahman,,2,No Elo Data,
Omar Al Ariki,,1,No Elo Data,
Omar Al Khouja,,1,No Elo Data,
Omar Al Somah,,7,No Elo Data,
Omar Al-Dahi,,2,No Elo Data,
Omar Al-Malki,,2,No Elo Data,
Omar Alderete,,2,No Elo Data,
Omar Ali Hasab El-Rasoul,,3,No Elo Data,
Omar Betrouni,,1,No Elo Data,
Omar Bravo,,5,No Elo Data,
Omar Cummings,,1,No Elo Data,
Omar Gonzalez,,2,No Elo Data,
Omar Higinio García,,1,No Elo Data,
Omar Khribin,,10,No Elo Data,
Omar Marmoush,,4,No Elo Data,
Omar Mohamed,,1,No Elo Data,
Omar Mubarak,,2,No Elo Data,
Omar Méndez,,1,No Elo Data,
Omar Sivori,,1,No Elo Data,
Omar Sívori,,2,No Elo Data,
Omar Traoré,,1,No Elo Data,
Omar Zapata,,3,No Elo Data,
Omari Tetradze,,1,No Elo Data,
Omer Damari,,2,No Elo Data,
Omer Golan,,4,No Elo Data,
Omid Popalzay,,1,No Elo Data,
Omot Sebit,,1,No Elo Data,
Omri Gandelman,Israel,1,No Elo Data,71.0
Onandi Lowe,,6,No Elo Data,
Ondrej Duda,Slovakia,5,No Elo Data,75.0
Ondrej Krištofík,,1,No Elo Data,
Ondřej Čelůstka,,1,No Elo Data,
Onel Hernández,,1,No Elo Data,
Opa Sanganté,Guinea-Bissau,1,No Elo Data,70.0
Opoku Afriyie,,3,No Elo Data,
Opoku Nti,,4,No Elo Data,
Orbelín Pineda,Mexico,2,-53.5,77.0
Orestas Buitkus,,2,No Elo Data,
Oreste Corbatta,,5,No Elo Data,
Orhan Çıkırıkçı,,1,No Elo Data,
Oribe Peralta,,6,No Elo Data,
Orkun Kökçü,Turkey,2,14.0,82.0
Orlando Galo,,2,No Elo Data,
Orlando Maturana,,1,No Elo Data,
Orlando Mesa,,1,No Elo Data,
Orlando Mitchum,,2,No Elo Data,
Orlando Torres,,1,No Elo Data,
Orly Klinger,,1,No Elo Data,
Orri Óskarsson,,3,No Elo Data,
Osael Romero,,5,No Elo Data,
Osama Al Fazzani,,1,No Elo Data,
Osama Al-Muwallad,,1,No Elo Data,
Osama Hawsawi,,1,No Elo Data,
Osama Omari,,1,No Elo Data,
Osama Rashid,,1,No Elo Data,
Oscar,,1,No Elo Data,
Oscar Arriaza,,1,No Elo Data,
Oscar Black,,1,No Elo Data,
Oscar Chirimini,,2,No Elo Data,
Oscar Crino,,1,No Elo Data,
Oscar Fornari,,1,No Elo Data,
Oscar Gloukh,Israel,2,No Elo Data,76.0
Oscar Heisserer,,1,No Elo Data,
Oscar Ruggeri,,1,No Elo Data,
Oscar Santis,,1,No Elo Data,
Osei Kofi,,4,No Elo Data,
Oskars Kļava,,1,No Elo Data,
Osman Arpacıoğlu,,1,No Elo Data,
Osmin Hernández,,1,No Elo Data,
Ossama Khalil,,1,No Elo Data,
Oston Urunov,,2,No Elo Data,
Osvaldo Balseiro,,2,No Elo Data,
Osvaldo Héctor Cruz,,1,No Elo Data,
Oswaldo Alanís,,1,No Elo Data,
Oswaldo Ramírez,,2,No Elo Data,
Oswaldo Vizcarrondo,,1,No Elo Data,
Oswin Appollis,,1,No Elo Data,
Otabek Shukurov,,3,No Elo Data,
Otar Kiteishvili,Georgia,1,No Elo Data,75.0
Otis Roberts,,2,No Elo Data,
Ottmar Walter,,1,No Elo Data,
Otto Siffling,,2,No Elo Data,
Otávio,Portugal,1,26.0,82.0
Oumar Ben Salah,,2,No Elo Data,
Oumar Diakité,Ivory Coast,1,-63.0,72.0
Oumar Kalabane,,1,No Elo Data,
Oumar Tchomogo,,3,No Elo Data,
Oumed Alidodov,,1,No Elo Data,
Oumed Oukri,,1,No Elo Data,
Ousmane Badara Bangoura,,1,No Elo Data,
Ousmane Bangoura,,3,No Elo Data,
Ousmane Dembélé,France,2,21.0,90.0
Oussama Darragi,,4,No Elo Data,
Ove Grahn,,2,No Elo Data,
Ove Kindvall,,4,No Elo Data,
Ove Ødegaard,,1,No Elo Data,
Ovidio Mezza,,3,No Elo Data,
Ovidiu Hoban,,1,No Elo Data,
Ovidiu Petre,,1,No Elo Data,
Oyunbaataryn Mijiddorj,,1,No Elo Data,
Ozan Tufan,Turkey,3,12.0,73.0
Oğuz Çetin,,1,No Elo Data,
Oğuzhan Özyakup,,1,No Elo Data,
Pablo Aimar,,2,No Elo Data,
Pablo Armero,,1,No Elo Data,
Pablo Barrera,,1,No Elo Data,
Pablo Bengoechea,,2,No Elo Data,
Pablo Contreras,,1,No Elo Data,
Pablo César Aguilar,,1,No Elo Data,
Pablo Dorado,,1,No Elo Data,
Pablo Fornals,Spain,1,-13.0,79.0
Pablo Ganet,,2,No Elo Data,
Pablo García,Spain,2,18.5,68.0
Pablo León,,1,No Elo Data,
Pablo Lima,,1,No Elo Data,
Pablo Punyed,,1,No Elo Data,
Pablo Rojas,,1,No Elo Data,
Pablo Sarabia,,3,No Elo Data,
Paco Alcácer,,1,No Elo Data,
Paco Clos,,1,No Elo Data,
Paddy Duncan,,1,No Elo Data,
Paddy McNair,,3,No Elo Data,
Paddy Moore,,3,No Elo Data,
Pai Soe,,1,No Elo Data,
Pak Chol-min,,2,No Elo Data,
Pak Doo-ik,,2,No Elo Data,
Pak Kwang-ryong,,2,No Elo Data,
Pak Nam-Chol,,3,No Elo Data,
Pak Seung-zin,,2,No Elo Data,
Pak Sung-Jin,,1,No Elo Data,
Pala Paul,,1,No Elo Data,
Palhinha,Portugal,2,33.0,83.0
Pambos Papadopoulos,,1,No Elo Data,
Pambos Pittas,,3,No Elo Data,
Panagiotis Kone,,1,No Elo Data,
Panagiotis Sofianopoulos,,1,No Elo Data,
Panagiotis Tachtsidis,,1,No Elo Data,
Panagiotis Tsalouchidis,,5,No Elo Data,
Panajot Pano,,1,No Elo Data,
Panayiotis Engomitis,,1,No Elo Data,
Panayiotis Xiourouppas,,2,No Elo Data,
Paolo Amodio,,1,No Elo Data,
Paolo Guerrero,Peru,10,No Elo Data,72.0
Paolo Maldini,,1,No Elo Data,
Paolo Montero,,4,No Elo Data,
Paolo Rossi,,6,No Elo Data,
Papa Bouba Diop,,3,No Elo Data,
Papa Camara,,4,No Elo Data,
Papa Dia,,1,No Elo Data,
Papakouli Diop,,1,No Elo Data,
Pape Fall,,1,No Elo Data,
Pape Gueye,,3,No Elo Data,
Pape Matar Sarr,Senegal,3,11.0,79.0
Pape Ndiaga Yade,,1,No Elo Data,
Pape Thiaw,,1,No Elo Data,
Papi Kimoto,,1,No Elo Data,
Papiss Cissé,,1,No Elo Data,
Papito Merencia,,1,No Elo Data,
Papu Gómez,,2,No Elo Data,
Park Chang-Sun,,1,No Elo Data,
Park Chu-young,,7,No Elo Data,
Park Ji-sung,,4,No Elo Data,
Park Jung-bae,,1,No Elo Data,
Park Lee-chun,,2,No Elo Data,
Park Sang-in,,2,No Elo Data,
Park Seung-ok,,1,No Elo Data,
Park Su-deok,,1,No Elo Data,
Park Yi-Chun,,1,No Elo Data,
Park Yong-woo,,1,No Elo Data,
Parviz Ghelichkhani,,4,No Elo Data,
Parvizdzhon Umarbayev,,1,No Elo Data,
Pascal Feindouno,,11,No Elo Data,
Pascal Miézan,,1,No Elo Data,
Pascal Ochieng,,1,No Elo Data,
Paschalis Christoforou,,1,No Elo Data,
Pastor Fernández,,1,No Elo Data,
Pat Stanton,,1,No Elo Data,
Patesko,,3,No Elo Data,
Patou Ebunga-Simbi,,1,No Elo Data,
Patrice Abanda,,1,No Elo Data,
Patrice Bernier,,1,No Elo Data,
Patricio Yáñez,,1,No Elo Data,
Patrick Agyemang,United States,1,-11.0,67.0
Patrick Aisa,,2,No Elo Data,
Patrick Battiston,,1,No Elo Data,
Patrick Burner,,2,No Elo Data,
Patrick Dorgu,,2,No Elo Data,
Patrick Kaddu,,1,No Elo Data,
Patrick Kluivert,,9,No Elo Data,
Patrick M'Boma,,10,No Elo Data,
Patrick Percin,,1,No Elo Data,
Patrick Phiri,,1,No Elo Data,
Patrick Ranaivoson,,1,No Elo Data,
Patrick Ronaldinho Wleh,,1,No Elo Data,
Patrick Vervoort,,2,No Elo Data,
Patrick Vieira,,4,No Elo Data,
Patrik Berger,,2,No Elo Data,
Patrik Hrošovský,Slovakia,1,No Elo Data,76.0
Patrik Johannesen,,1,No Elo Data,
Patrik Schick,Czechia,9,No Elo Data,85.0
Patson Daka,Zambia,4,No Elo Data,72.0
Patterson Daudau,,1,No Elo Data,
Paul Agostino,,1,No Elo Data,
Paul Aguilar,,1,No Elo Data,
Paul Arriola,,1,No Elo Data,
Paul Bodin,Wales,1,No Elo Data,64.0
Paul Bravo,,1,No Elo Data,
Paul Breitner,,3,No Elo Data,
Paul Caligiuri,,2,No Elo Data,
Paul Cominges,,1,No Elo Data,
Paul Davis,,5,No Elo Data,
Paul Dickov,,1,No Elo Data,
Paul Fenech,,1,No Elo Data,
Paul Gascoigne,,1,No Elo Data,
Paul Ince,England,1,-69.0,67.0
Paul James,England,1,-35.0,64.0
Paul Mariner,,1,No Elo Data,
Paul May,England,1,12.0,54.0
Paul McGee,England,1,-53.0,60.0
Paul McGrath,,3,No Elo Data,
Paul McStay,,4,No Elo Data,
Paul Moukila,,2,No Elo Data,
Paul Nicolas,,1,No Elo Data,
Paul Onuachu,,1,No Elo Data,
Paul Papp,Romania,1,No Elo Data,67.0
Paul Peschisolido,,2,No Elo Data,
Paul Pogba,,3,No Elo Data,
Paul Ruben Corte,,1,No Elo Data,
Paul Scholes,,5,No Elo Data,
Paul Smyth,,1,No Elo Data,
Paul Stalteri,,1,No Elo Data,
Paul Sturzenegger,,1,No Elo Data,
Paul Trimboli,,2,No Elo Data,
Paul Van Himst,,5,No Elo Data,
Paul Young,,1,No Elo Data,
Paul-Gaston N'Dongo,,3,No Elo Data,
Paul-José M'Poku,,1,No Elo Data,
Pauleta,,7,No Elo Data,
Paulinho,Brazil,7,29.25,69.0
Paulinho Santos,,1,No Elo Data,
Paulino Vieira Dias,,1,No Elo Data,
Paulius Golubickas,,1,No Elo Data,
Paulo António Alves,,2,No Elo Data,
Paulo Figueiredo,,1,No Elo Data,
Paulo Futre,,3,No Elo Data,
Paulo Jorge Da Silva,,2,No Elo Data,
Paulo Josué,,1,No Elo Data,
Paulo Pisaneschi,,2,No Elo Data,
Paulo Roberto Falcão,,1,No Elo Data,
Paulo Valentim,,3,No Elo Data,
Paulo Wanchope,,17,No Elo Data,
Paulus Arajuuri,,2,No Elo Data,
Paulus Shipanga,,1,No Elo Data,
Pavel Chaloupka,,1,No Elo Data,
Pavel Kadeřábek,Czechia,2,No Elo Data,74.0
Pavel Kuka,,4,No Elo Data,
Pavel Matyash,,1,No Elo Data,
Pavel Nedvěd,,5,No Elo Data,
Pavel Panov,,3,No Elo Data,
Pavel Pogrebnyak,,3,No Elo Data,
Pavel Savitsky,,2,No Elo Data,
Pavel Sitko,,1,No Elo Data,
Pavel Yevteyev,,1,No Elo Data,
Pavel Šulc,Czechia,2,No Elo Data,77.0
Pavlo Yakovenko,,1,No Elo Data,
Pavlos Savva,,1,No Elo Data,
Pawel Janas,,1,No Elo Data,
Paweł Brożek,,1,No Elo Data,
Paweł Kaczorowski,,1,No Elo Data,
Paweł Kryszałowicz,,2,No Elo Data,
Pedri,Spain,1,-6.0,89.0
Pedro,Spain,2,-46.0,77.0
Pedro Acosta,,2,No Elo Data,
Pedro Alcides Bareiro,,1,No Elo Data,
Pedro Amorim,,1,No Elo Data,
Pedro Aquino,,1,No Elo Data,
Pedro Araya,,1,No Elo Data,
Pedro Bravo,,1,No Elo Data,
Pedro Calomino,,1,No Elo Data,
Pedro Cea,,4,No Elo Data,
Pedro Febles,,1,No Elo Data,
Pedro González Vera,,1,No Elo Data,
Pedro Jirón,,1,No Elo Data,
Pedro Lago,,1,No Elo Data,
Pedro Munitis,,1,No Elo Data,
Pedro Pablo León,,2,No Elo Data,
Pedro Pasculli,,2,No Elo Data,
Pedro Petrone,,7,No Elo Data,
Pedro Reyes,,2,No Elo Data,
Pedro Rocha,,7,No Elo Data,
Pedro Sarmiento,,1,No Elo Data,
Pedro Troglio,,1,No Elo Data,
Pedro Vallana,,1,No Elo Data,
Pedro Waldemar Manfredini,,1,No Elo Data,
Pedro Zaballa,,1,No Elo Data,
Pelé,,10,No Elo Data,
Peng Weiguo,,3,No Elo Data,
Pep Guardiola,,3,No Elo Data,
Pepe,Brazil,4,18.75,78.0
Pepe Soares,,2,No Elo Data,
Pepo Santos,,1,No Elo Data,
Per Edmund Mordt,,1,No Elo Data,
Per Kaufeldt,,1,No Elo Data,
Per Mertesacker,,1,No Elo Data,
Per Røntved,,1,No Elo Data,
Percy Rojas,,2,No Elo Data,
Percy Tau,,4,No Elo Data,
Peregrino Anselmo,,1,No Elo Data,
Perparim Hetemaj,,1,No Elo Data,
Pertti Mäkipää,,1,No Elo Data,
Pervis Estupiñán,,1,No Elo Data,
Petar Musa,Croatia,2,22.0,76.0
Petar Radaković,,1,No Elo Data,
Petar Stojanović,Slovenia,3,No Elo Data,69.0
Petar Zhekov,,2,No Elo Data,
Peter Anieke,,1,No Elo Data,
Peter Artner,,1,No Elo Data,
Peter Beardsley,,1,No Elo Data,
Peter Byers,,1,No Elo Data,
Peter Crouch,,5,No Elo Data,
Peter Dawo,,1,No Elo Data,
Peter Dubovský,,6,No Elo Data,
Peter Ducke,,3,No Elo Data,
Peter Hlinka,,1,No Elo Data,
Peter Houtman,,2,No Elo Data,
Peter Hrstic,,1,No Elo Data,
Peter Isaacs,,1,No Elo Data,
Peter Jehle,,1,No Elo Data,
Peter Kaumba,,2,No Elo Data,
Peter Larsson,,3,No Elo Data,
Peter Lorimer,,1,No Elo Data,
Peter McParland,,3,No Elo Data,
Peter Méndez,,3,No Elo Data,
Peter Møller,,2,No Elo Data,
Peter Ndlovu,,7,No Elo Data,
Peter Nicholas,,1,No Elo Data,
Peter Nielsen,,1,No Elo Data,
Peter Németh,,1,No Elo Data,
Peter O'Sullivan,,1,No Elo Data,
Peter Odemwingie,,2,No Elo Data,
Peter Ollerton,,2,No Elo Data,
Peter Pearson,,1,No Elo Data,
Peter Rasmussen,,1,No Elo Data,
Peter Rock,,1,No Elo Data,
Peter Shalulile,,3,No Elo Data,
Peter Stöger,,1,No Elo Data,
Peter Tino,,1,No Elo Data,
Peter Van Der Heyden,,1,No Elo Data,
Peter van Vossen,,3,No Elo Data,
Peterkins Kayira,,2,No Elo Data,
Petit Sory,,1,No Elo Data,
Petr Janečka,,4,No Elo Data,
Petr Jiráček,,3,No Elo Data,
Petr Rada,,1,No Elo Data,
Petri Järvinen,,1,No Elo Data,
Petri Pasanen,,1,No Elo Data,
Petros Mantalos,Greece,1,No Elo Data,75.0
Petros Marinakis,,1,No Elo Data,
Petter Villegas,,1,No Elo Data,
Phan Văn Tài Em,,1,No Elo Data,
Phengta Phounsamay,,1,No Elo Data,
Phil Evans,,1,No Elo Data,
Phil Gray,,2,No Elo Data,
Phil Jagielka,,1,No Elo Data,
Phil Masinga,,6,No Elo Data,
Philibert Jones,,1,No Elo Data,
Philip Mulryne,,2,No Elo Data,
Philip Zialor,,3,No Elo Data,
Philipp Hosiner,,1,No Elo Data,
Philipp Lahm,,1,No Elo Data,
Philippe Albert,,2,No Elo Data,
Philippe Coutinho,,5,No Elo Data,
Philippe Erne,,1,No Elo Data,
Philippe Gondet,,2,No Elo Data,
Philippe Mexès,,1,No Elo Data,
Philippe Senderos,,4,No Elo Data,
Phillip Cocu,,3,No Elo Data,
Phillip Omondi,,2,No Elo Data,
Phạm Tuấn Hải,,1,No Elo Data,
Pierino Prati,,2,No Elo Data,
Pierluigi Casiraghi,,3,No Elo Data,
Piero Alva,,1,No Elo Data,
Piero Hincapié,,1,No Elo Data,
Pieros Sotiriou,Cyprus,7,No Elo Data,68.0
Pierre Bayonne,,2,No Elo Data,
Pierre Kalala Mukendi,,2,No Elo Data,
Pierre Landry Kaboré,Burkina Faso,1,No Elo Data,63.0
Pierre Lingongo,,1,No Elo Data,
Pierre Littbarski,,3,No Elo Data,
Pierre Tchibota,,1,No Elo Data,
Pierre Wajoka,,3,No Elo Data,
Pierre Webó,,5,No Elo Data,
Pierre van Hooijdonk,,4,No Elo Data,
Pierre-Emerick Aubameyang,,14,No Elo Data,
Pierre-Emile Højbjerg,,3,No Elo Data,
Piet Keizer,,1,No Elo Data,
Piet Kruiver,,1,No Elo Data,
Pietro Anastasi,,1,No Elo Data,
Pietro Marsetti,,1,No Elo Data,
Pietro Vierchowod,,1,No Elo Data,
Pijus Širvys,,1,No Elo Data,
Pini Balili,,2,No Elo Data,
Pinula Contreras,,1,No Elo Data,
Piotr Czachowski,,1,No Elo Data,
Piotr Trochowski,,1,No Elo Data,
Piotr Zieliński,,3,No Elo Data,
Pipat Thonkanya,,1,No Elo Data,
Piqueti,,1,No Elo Data,
Pirmurod Burkhanov,,2,No Elo Data,
Pirri,,7,No Elo Data,
Pita Rabo,,1,No Elo Data,
Pius Ndiefi,,1,No Elo Data,
Piyapong Pue-on,,4,No Elo Data,
Plamen Getov,,1,No Elo Data,
Plamen Markov,,1,No Elo Data,
Plamen Nikolov,,1,No Elo Data,
Pokklaw Anan,,2,No Elo Data,
Pollen Ndlanya,,1,No Elo Data,
Polly Ouma,,1,No Elo Data,
Polo Carrera,,1,No Elo Data,
Ponciano Castro,,1,No Elo Data,
Pontus Wernbloom,,1,No Elo Data,
Poramet Arjvirai,,1,No Elo Data,
Porfirio Armando Betancourt,,2,No Elo Data,
Porfirio Jiménez,,2,No Elo Data,
Preben Elkjær,,12,No Elo Data,
Predrag Mijatović,,7,No Elo Data,
Predrag Spasić,,1,No Elo Data,
Predrag Đorđević,,1,No Elo Data,
Preki,,2,No Elo Data,
Preslav Borukov,,1,No Elo Data,
Primož Gliha,,1,No Elo Data,
Prince Oniangué,,1,No Elo Data,
Prince Opoku Polley,,1,No Elo Data,
Prince Polley,,1,No Elo Data,
Prince Tagoe,,3,No Elo Data,
Prins Tjiueza,,2,No Elo Data,
Prvoslav Mihajlović,,1,No Elo Data,
Przemysław Frankowski,Poland,2,No Elo Data,75.0
Préjuce Nakoulma,,3,No Elo Data,
Putut Widjanarko,,1,No Elo Data,
Pyry Soiri,,3,No Elo Data,
Pál Dárdai,,1,No Elo Data,
Pál Titkos,,2,No Elo Data,
Pável Pardo,,4,No Elo Data,
Pär Zetterberg,,2,No Elo Data,
Pål Jacobsen,,1,No Elo Data,
Pål Lydersen,,1,No Elo Data,
Péter Juhász,,1,No Elo Data,
Péter Rajczi,,1,No Elo Data,
Pétur Marteinsson,,1,No Elo Data,
Pétur Ormslev,,1,No Elo Data,
Pétur Pétursson,,4,No Elo Data,
Přemysl Bičovský,,2,No Elo Data,
Qahtan Chathir,,3,No Elo Data,
Qi Hong,,3,No Elo Data,
Qiu Li,,1,No Elo Data,
Qu Bo,,2,No Elo Data,
Quah Kim Song,,2,No Elo Data,
Quentin Clarke,,1,No Elo Data,
Quincy Owusu-Abeyie,,1,No Elo Data,
Quincy Promes,,1,No Elo Data,
Quini,,3,No Elo Data,
Quinton Fortune,,1,No Elo Data,
Quinton Griffith,,1,No Elo Data,
Qusay Munir,,3,No Elo Data,
Quế Ngọc Hải,,1,No Elo Data,
Rabah Madjer,,7,No Elo Data,
Rabia Al-Alawi,,4,No Elo Data,
Rabih Ataya,,1,No Elo Data,
Rachad Chitou,,1,No Elo Data,
Rached Meddeb,,1,No Elo Data,
Rachid Alioui,,1,No Elo Data,
Rachid Benmahmoud,,1,No Elo Data,
Rachid Daoudi,,1,No Elo Data,
Rachid Maâtar,,1,No Elo Data,
Rachid Rokki,,1,No Elo Data,
Radamel Falcao,,10,No Elo Data,
Rade Krunić,,2,No Elo Data,
Radek Bejbl,,3,No Elo Data,
Radek Drulák,,1,No Elo Data,
Radhi Jaïdi,,4,No Elo Data,
Radhwan Nairooz,,1,No Elo Data,
Radja Nainggolan,,3,No Elo Data,
Radoslav Dimitrov,,1,No Elo Data,
Radoslav Kirilov,,1,No Elo Data,
Radoslav Kováč,,2,No Elo Data,
Radoslav Látal,,1,No Elo Data,
Radoslav Vasilev,,1,No Elo Data,
Radostin Kishishev,,1,No Elo Data,
Radosław Kałużny,,1,No Elo Data,
Radosław Matusiak,,1,No Elo Data,
Radu Gînsari,,1,No Elo Data,
Radwan Abduljabar,,1,No Elo Data,
Radwan Al-Sheikh Hassan,,1,No Elo Data,
Raed Ibrahim Saleh,,1,No Elo Data,
Rafael Albrecht,,2,No Elo Data,
Rafael Burgos,,1,No Elo Data,
Rafael Gordillo,,2,No Elo Data,
Rafael Leão,Portugal,1,-39.0,84.0
Rafael Morales,,1,No Elo Data,
Rafael Márquez,,7,No Elo Data,
Rafael Núñez,,1,No Elo Data,
Rafael Santana,,1,No Elo Data,
Rafael Santos Borré,,2,No Elo Data,
Rafael Tejada,,1,No Elo Data,
Rafael van der Vaart,,6,No Elo Data,
Rafael Ávalos,,1,No Elo Data,
Rafał Boguski,,1,No Elo Data,
Rafał Siadaczka,,1,No Elo Data,
Rafi Joulfagi,,1,No Elo Data,
Rafi Levi,,1,No Elo Data,
Rafik Belghali,Algeria,1,-14.0,66.0
Rafik Djebbour,,1,No Elo Data,
Rafik Halliche,,1,No Elo Data,
Rafik Saïfi,,3,No Elo Data,
Rafiki Saïd,Comoros,1,No Elo Data,69.0
Ragnar Klavan,,2,No Elo Data,
Ragnar Margeirsson,,1,No Elo Data,
Ragnar Oratmangoen,,1,No Elo Data,
Ragnar Sigurðsson,,3,No Elo Data,
Rahamim Talbi,,1,No Elo Data,
Raheem Sterling,,8,No Elo Data,
Raheim Sargeant,,1,No Elo Data,
Rahid Amirguliyev,,1,No Elo Data,
Rahmad Darmawan,,1,No Elo Data,
Rahman Rezaei,,1,No Elo Data,
Rahmat Akbari,,1,No Elo Data,
Raimondo Ponte,,1,No Elo Data,
Raimonds Krollis,,1,No Elo Data,
Raimundo Infante,,2,No Elo Data,
Raimundo Orsi,,1,No Elo Data,
Rainer Ernst,,4,No Elo Data,
Rainer Rauffmann,,2,No Elo Data,
Rainford Kalaba,,2,No Elo Data,
Raio Piiroja,,5,No Elo Data,
Raja Rafe,,3,No Elo Data,
Rajko Mitić,,1,No Elo Data,
Raju Kaji Shakya,,1,No Elo Data,
Ralf Edström,,4,No Elo Data,
Ralf Minge,,2,No Elo Data,
Ralf Veidemann,,1,No Elo Data,
Ralph Brand,,1,No Elo Data,
Ralph McPate,,2,No Elo Data,
Ramadan Agab,,1,No Elo Data,
Raman Vasilyuk,,2,No Elo Data,
Raman Vijayan,,1,No Elo Data,
Ramaz Shengelia,,3,No Elo Data,
Ramazan Orazov,,1,No Elo Data,
Ramazan Rragami,,1,No Elo Data,
Ramez Dayoub,,1,No Elo Data,
Rami Bedoui,,1,No Elo Data,
Ramil Sheydayev,,1,No Elo Data,
Ramin Ott,,2,No Elo Data,
Ramin Rezaeian,,2,No Elo Data,
Ramiro Blacut,,1,No Elo Data,
Ramiro Castillo,,2,No Elo Data,
Ramiro Vaca,,2,No Elo Data,
Ramkel James,,1,No Elo Data,
Ramon Menezes,,1,No Elo Data,
Ramoseli Thietsi,,1,No Elo Data,
Ramón Calderé,,1,No Elo Data,
Ramón Castro,,1,No Elo Data,
Ramón Grosso,,1,No Elo Data,
Ramón Hicks,,1,No Elo Data,
Ramón Iriarte,,1,No Elo Data,
Ramón Morales,,1,No Elo Data,
Ramón Núñez,,3,No Elo Data,
Ramón Ramírez,Uruguay,2,-61.5,64.0
Ramón Sánchez,,1,No Elo Data,
Ramón Víctor Castro,,1,No Elo Data,
Ramūnas Stonkus,,1,No Elo Data,
Randal Kolo Muani,France,2,-54.0,81.0
Randall Azofeifa,,1,No Elo Data,
Randall Brenes,,2,No Elo Data,
Randolph Peltier,,1,No Elo Data,
Rangelo Janga,,1,No Elo Data,
Rangsan Viwatchaichok,,1,No Elo Data,
Ranjae Christian,,1,No Elo Data,
Raouf Bouzaiene,,1,No Elo Data,
Raoul Lambert,,3,No Elo Data,
Raphael Lea'i,,2,No Elo Data,
Raphael Rohrer,,1,No Elo Data,
Raphaël Guerreiro,,2,No Elo Data,
Raphaël Varane,,2,No Elo Data,
Raphinha,Brazil,2,-15.5,89.0
Rashad Sadygov,,2,No Elo Data,
Rasheed Yekini,,1,No Elo Data,
Rashid Abdulrahman,,1,No Elo Data,
Rashida Williams,,1,No Elo Data,
Rashidi Yekini,,11,No Elo Data,
Rasmus Elm,,2,No Elo Data,
Rasmus Højlund,,5,No Elo Data,
Rasmus Kristensen,,1,No Elo Data,
Rasmus Peetson,,1,No Elo Data,
Rateb Al-Dawud,,1,No Elo Data,
Ratu Jone,,2,No Elo Data,
Rauf Aliyev,,2,No Elo Data,
Raul Isiordia,,1,No Elo Data,
Raul Meireles,,4,No Elo Data,
Rauno Sappinen,,3,No Elo Data,
Ravel Morrison,,1,No Elo Data,
Ravuame Madigi,,1,No Elo Data,
Ray Baartz,,2,No Elo Data,
Ray Daniel,,1,No Elo Data,
Ray Houghton,,4,No Elo Data,
Ray Kennedy,,1,No Elo Data,
Ray Pointer,,1,No Elo Data,
Ray Richards,,1,No Elo Data,
Ray Treacy,,2,No Elo Data,
Rayan Raveloson,,4,No Elo Data,
Raymond Braine,,1,No Elo Data,
Raymond Davelaar,,1,No Elo Data,
Raymond Kalla,,1,No Elo Data,
Raymond Kopa,,5,No Elo Data,
Razak Omotoyossi,,4,No Elo Data,
Razali Saad,,1,No Elo Data,
Razimie Ramlli,,1,No Elo Data,
Razmik Grigoryan,,1,No Elo Data,
Razundara Tjikuzu,,1,No Elo Data,
Razzaq Farhan,,1,No Elo Data,
Raí,,2,No Elo Data,
Raúl,,11,No Elo Data,
Raúl Alvarez,,1,No Elo Data,
Raúl Arellano Gallo,,1,No Elo Data,
Raúl Armando Savoy,,2,No Elo Data,
Raúl Belén,,1,No Elo Data,
Raúl Bernao,,3,No Elo Data,
Raúl Chacón,,3,No Elo Data,
Raúl Díaz Arce,,10,No Elo Data,
Raúl Echeverría,,2,No Elo Data,
Raúl Jiménez,,9,No Elo Data,
Raúl Leguías,,4,No Elo Data,
Raúl Noriega,,1,No Elo Data,
Raúl Núñez Velloso,,1,No Elo Data,
Raúl Palacios,,1,No Elo Data,
Raúl Pérez,,1,No Elo Data,
Raúl Ruidíaz,,2,No Elo Data,
Raúl Sarro,,1,No Elo Data,
Raúl Schiaffino,,1,No Elo Data,
Raúl Tamudo,,1,No Elo Data,
Raúl Toro Julio,,5,No Elo Data,
Raşit Çetiner,,1,No Elo Data,
Rebin Sulaka,,1,No Elo Data,
Recep Adanır,,1,No Elo Data,
Reda Al-Senussi,,1,No Elo Data,
Redha Tukar,,1,No Elo Data,
Redjep Agabaev,,1,No Elo Data,
Redouane Guezzar,,1,No Elo Data,
Reece James,England,1,36.0,81.0
Reece Styche,,1,No Elo Data,
Regan Charles-Cook,,1,No Elo Data,
Reggie Lambe,,1,No Elo Data,
Reginald Davani,,3,No Elo Data,
Reid Klopp,,1,No Elo Data,
Reidar Kvammen,,2,No Elo Data,
Reinaldo Gomes,,1,No Elo Data,
Reinaldo Navia,,3,No Elo Data,
Reinhard Häfner,,2,No Elo Data,
Reinhard Libuda,,2,No Elo Data,
Reinildo Mandava,,2,No Elo Data,
Remie Olmberg,,1,No Elo Data,
Remo Freuler,,4,No Elo Data,
Renan Bardini Bressan,,1,No Elo Data,
Renato Gaúcho,,2,No Elo Data,
Renato Sanches,Portugal,1,11.0,75.0
Renato Steffen,Switzerland,1,-87.0,75.0
Renato Tapia,,1,No Elo Data,
Renato Zaccarelli,,1,No Elo Data,
Rene N'Djeya,,1,No Elo Data,
Renedy Singh,,2,No Elo Data,
Renne Regis,,1,No Elo Data,
René Aufhauser,,3,No Elo Data,
René Bader,,1,No Elo Data,
René Borjas,,2,No Elo Data,
René Higuita,,1,No Elo Data,
René Houseman,,1,No Elo Data,
René Joensen,,1,No Elo Data,
René Maillard,,1,No Elo Data,
René Meléndez,,3,No Elo Data,
René Nsi-Akoue,,1,No Elo Data,
René Peters,,2,No Elo Data,
René Pontoni,,2,No Elo Data,
René Rodríguez Reyes,,1,No Elo Data,
René Vandereycken,,1,No Elo Data,
René van de Kerkhof,,2,No Elo Data,
René-Pierre Quentin,,2,No Elo Data,
Renārs Rode,,1,No Elo Data,
Renārs Varslavāns,,1,No Elo Data,
Reon Moore,,1,No Elo Data,
Rethabile Rasethuntša,,1,No Elo Data,
Reung Bunheing,,1,No Elo Data,
Reuven Atar,,1,No Elo Data,
Rey Manaj,,5,No Elo Data,
Reynald Temarii,,1,No Elo Data,
Reynier Alcántara,,1,No Elo Data,
Reza Enayati,,1,No Elo Data,
Reza Ghoochannejhad,,5,No Elo Data,
Reza Hassanzadeh,,1,No Elo Data,
Rhyan Grant,,1,No Elo Data,
Rhys Browne,Antigua and Barbuda,1,No Elo Data,59.0
Rhys Norrington-Davies,,1,No Elo Data,
Ri Han-jae,,1,No Elo Data,
Ri Il-song,,1,No Elo Data,
Riadh Bouazizi,,1,No Elo Data,
Riadh Jelassi,,1,No Elo Data,
Ricardas Rutkauskas,,1,No Elo Data,
Ricardo Adé,Haiti,2,-31.0,72.0
Ricardo Alcón,,1,No Elo Data,
Ricardo Bonelli,,1,No Elo Data,
Ricardo Castro,,1,No Elo Data,
Ricardo Clark,,2,No Elo Data,
Ricardo Francisco Rojas,,1,No Elo Data,
Ricardo Fuller,,1,No Elo Data,
Ricardo Gardner,,1,No Elo Data,
Ricardo Gareca,,2,No Elo Data,
Ricardo Gomes,,1,No Elo Data,
Ricardo González,,1,No Elo Data,
Ricardo Horta,Portugal,1,26.0,81.0
Ricardo Hyde,,1,No Elo Data,
Ricardo Osorio,,2,No Elo Data,
Ricardo Pavoni,,1,No Elo Data,
Ricardo Peláez,,2,No Elo Data,
Ricardo Pepi,,2,No Elo Data,
Ricardo Phillips,,1,No Elo Data,
Ricardo Páez,,1,No Elo Data,
Ricardo Quaresma,,1,No Elo Data,
Ricardo Rivera,,2,No Elo Data,
Ricardo Rodríguez,Spain,2,34.5,70.0
Ricardo Sá Pinto,,5,No Elo Data,
Riccardo Calafiori,Italy,1,No Elo Data,78.0
Riccardo Carapellese,,1,No Elo Data,
Riccardo Ferri,,1,No Elo Data,
Riccardo Montolivo,,1,No Elo Data,
Richard Almeida de Oliveira,,1,No Elo Data,
Richard Aquilina,,1,No Elo Data,
Richard Daddy Owubokiri,,1,No Elo Data,
Richard Dunne,,2,No Elo Data,
Richard Gough,,2,No Elo Data,
Richard Hastings,,1,No Elo Data,
Richard Hofmann,,1,No Elo Data,
Richard Iwai,,3,No Elo Data,
Richard Kreß,,1,No Elo Data,
Richard Kuremaa,,2,No Elo Data,
Richard Mbulu,,2,No Elo Data,
Richard Morales,,1,No Elo Data,
Richard O'Connor,,1,No Elo Data,
Richard Orlans,,1,No Elo Data,
Richard Ortiz,Paraguay,1,-1.0,70.0
Richard Rodríguez,,1,No Elo Data,
Richard Sele,,1,No Elo Data,
Richard Smith,,2,No Elo Data,
Richard Witschge,,1,No Elo Data,
Richard Zambrano,,1,No Elo Data,
Richardo Nabuth,,1,No Elo Data,
Richardson Smith,,3,No Elo Data,
Richarlison,Brazil,3,17.33,78.0
Richmond Boakye,,1,No Elo Data,
Richonell Margaret,Suriname,1,No Elo Data,67.0
Ricki Herbert,,2,No Elo Data,
Ricky Charles,,2,No Elo Data,
Ricky Phuka,,1,No Elo Data,
Ricky Shakes,,2,No Elo Data,
Rifaat Turk,,1,No Elo Data,
Rigobert Song,,3,No Elo Data,
Rigoberto Gómez,,3,No Elo Data,
Rigoberto Rivas,,1,No Elo Data,
Rigoberto Rojas,,1,No Elo Data,
Riku Riski,,2,No Elo Data,
Rinaldo Martino,,2,No Elo Data,
Rinus Israël,,1,No Elo Data,
Rio Ferdinand,,2,No Elo Data,
Risto Božinov,,1,No Elo Data,
Risto Radunović,Montenegro,1,No Elo Data,70.0
Ritsu Dōan,Japan,4,29.67,82.0
Rivaldo,,9,No Elo Data,
Rivellino,,3,No Elo Data,
Riyad Mahrez,Algeria,8,34.5,84.0
Riyadh Nouri,,1,No Elo Data,
Rizvi Karim Rumi,,2,No Elo Data,
Ričardas Zdančius,,1,No Elo Data,
Rob Rensenbrink,,2,No Elo Data,
Rob Witschge,,1,No Elo Data,
Rob de Wit,,1,No Elo Data,
Robbie Brady,,3,No Elo Data,
Robbie Dunn,,1,No Elo Data,
Robbie Earle,,1,No Elo Data,
Robbie Hooker,,1,No Elo Data,
Robbie James,,1,No Elo Data,
Robbie Keane,,16,No Elo Data,
Robbie Savage,,1,No Elo Data,
Robbie Slater,,1,No Elo Data,
Robby Langers,,1,No Elo Data,
Robert Arboleda,,1,No Elo Data,
Robert Arzumanyan,,2,No Elo Data,
Robert Ballaman,,1,No Elo Data,
Robert Berić,,1,No Elo Data,
Robert Cavallo,,1,No Elo Data,
Robert Clarke,,1,No Elo Data,
Robert Dienst,,1,No Elo Data,
Robert Earnshaw,,2,No Elo Data,
Robert Gadocha,,3,No Elo Data,
Robert Herbin,,2,No Elo Data,
Robert Jama Mba,,1,No Elo Data,
Robert Jarni,,1,No Elo Data,
Robert Kirss,,1,No Elo Data,
Robert Kizito,,1,No Elo Data,
Robert Koren,,2,No Elo Data,
Robert Lewandowski,Poland,22,No Elo Data,88.0
Robert Lüthi,,1,No Elo Data,
Robert Morales,,1,No Elo Data,
Robert Ng'ambi,,1,No Elo Data,
Robert Pache,,1,No Elo Data,
Robert Prosinečki,,2,No Elo Data,
Robert Prytz,,4,No Elo Data,
Robert Seni,,2,No Elo Data,
Robert Skov,,2,No Elo Data,
Robert Snodgrass,,3,No Elo Data,
Robert Suzette,,1,No Elo Data,
Robert Tasso,,1,No Elo Data,
Robert Taylor,,1,No Elo Data,
Robert Theissen,,1,No Elo Data,
Robertas Fridrikas,,2,No Elo Data,
Roberto Acuña,,1,No Elo Data,
Roberto Alvarado,,1,No Elo Data,
Roberto Ayala,,2,No Elo Data,
Roberto Baggio,,9,No Elo Data,
Roberto Bailey,,1,No Elo Data,
Roberto Batata,,2,No Elo Data,
Roberto Bettega,,4,No Elo Data,
Roberto Boninsegna,,1,No Elo Data,
Roberto Brown,,2,No Elo Data,
Roberto Cabañas,,5,No Elo Data,
Roberto Carlos,Mexico,1,25.0,78.0
Roberto Castillo,,1,No Elo Data,
Roberto Chen,,1,No Elo Data,
Roberto Cherro,,2,No Elo Data,
Roberto Colautti,,2,No Elo Data,
Roberto Di Matteo,,1,No Elo Data,
Roberto Dinamite,,4,No Elo Data,
Roberto Donadoni,,2,No Elo Data,
Roberto Drago,,2,No Elo Data,
Roberto Emílio da Cunha,,2,No Elo Data,
Roberto Fernández Bonillo,,1,No Elo Data,
Roberto Firmino,,2,No Elo Data,
Roberto Guadalupe Martínez,,1,No Elo Data,
Roberto Gámez,,1,No Elo Data,
Roberto Holsen,,3,No Elo Data,
Roberto Kettlun,,1,No Elo Data,
Roberto Linares,,1,No Elo Data,
Roberto Luco,,1,No Elo Data,
Roberto López Ufarte,,1,No Elo Data,
Roberto Mosquera,,1,No Elo Data,
Roberto Osvaldo Díaz,,1,No Elo Data,
Roberto Palacios,,5,No Elo Data,
Roberto Perfumo,,1,No Elo Data,
Roberto Porta,,1,No Elo Data,
Roberto Rodríguez,,2,No Elo Data,
Roberto Soldado,,1,No Elo Data,
Roberto Zárate,,1,No Elo Data,
Roberts Uldriķis,Latvia,3,No Elo Data,64.0
Robin Hranáč,Czechia,1,No Elo Data,71.0
Robin Quaison,,4,No Elo Data,
Robin Singh,,1,No Elo Data,
Robin van Persie,,13,No Elo Data,
Robinho,Brazil,3,41.5,66.0
Robiul Hasan,,1,No Elo Data,
Rocky Siberie,,2,No Elo Data,
Roda Antar,,4,No Elo Data,
Roderick Briffa,,1,No Elo Data,
Rodion Cămătaru,,3,No Elo Data,
Rodney Jack,,5,No Elo Data,
Rodolfo Dubó,,1,No Elo Data,
Rodolfo Herrera González,,1,No Elo Data,
Rodolfo Micheli,,3,No Elo Data,
Rodolfo Pizarro,,1,No Elo Data,
Rodolfo Zelaya,,6,No Elo Data,
Rodolph Austin,,3,No Elo Data,
Rodri,Spain,1,145.0,90.0
Rodrigo,Argentina,4,-25.0,84.0
Rodrigo Aguirre,,3,No Elo Data,
Rodrigo Barrera,,1,No Elo Data,
Rodrigo Bentancur,,1,No Elo Data,
Rodrigo Cordero,,1,No Elo Data,
Rodrigo De Paul,,1,No Elo Data,
Rodrigo Lemos,,1,No Elo Data,
Rodrigo Millar,,1,No Elo Data,
Rodrigo Palacio,,1,No Elo Data,
Rodrigo Ramallo,,3,No Elo Data,
Rodrigo Tello,,1,No Elo Data,
Rodrygo,Brazil,2,-68.5,85.0
Rogelio Farias,,1,No Elo Data,
Rogelio Funes Mori,,2,No Elo Data,
Roger Aholou,,1,No Elo Data,
Roger Hunt,,2,No Elo Data,
Roger Lukaku,,2,No Elo Data,
Roger Marche,,1,No Elo Data,
Roger Martínez,,1,No Elo Data,
Roger Milla,,11,No Elo Data,
Roger Piantoni,,2,No Elo Data,
Roger Proverbs,,1,No Elo Data,
Roger Saint-Vil,,1,No Elo Data,
Roger Suárez,,3,No Elo Data,
Roger Van Gool,,1,No Elo Data,
Rogers Mato,,1,No Elo Data,
Roguy Méyé,,1,No Elo Data,
Rohan Lennon,,1,No Elo Data,
Rok Kronaveter,,1,No Elo Data,
Roland Ducke,,1,No Elo Data,
Roland Juhász,,1,No Elo Data,
Roland Linz,,1,No Elo Data,
Roland Sallai,Hungary,2,No Elo Data,78.0
Roland Sandberg,,3,No Elo Data,
Rolando Blackburn,,4,No Elo Data,
Rolando Fonseca,,5,No Elo Data,
Rolf Blättler,,3,No Elo Data,
Rolf Feltscher,,1,No Elo Data,
Rolf-Christel Guié-Mien,,1,No Elo Data,
Romain Saïss,,3,No Elo Data,
Romaine Sawyers,,1,No Elo Data,
Roman Bezjak,,2,No Elo Data,
Roman Eremenko,,1,No Elo Data,
Roman Hubník,,1,No Elo Data,
Roman Neustädter,Russia,1,No Elo Data,69.0
Roman Ogaza,,1,No Elo Data,
Roman Pavlyuchenko,,6,No Elo Data,
Roman Shirokov,,1,No Elo Data,
Roman Týce,,1,No Elo Data,
Roman Wallner,,1,No Elo Data,
Roman Wójcicki,,1,No Elo Data,
Roman Yaremchuk,Ukraine,7,No Elo Data,74.0
Roman Zozulya,,1,No Elo Data,
Romano Schmid,,1,No Elo Data,
Romaric,,2,No Elo Data,
Romario Ibarra,,1,No Elo Data,
Romario Williams,,1,No Elo Data,
Romel Morales,,1,No Elo Data,
Romell Quioto,,7,No Elo Data,
Romelu Lukaku,,20,No Elo Data,
Romeo Benetti,,1,No Elo Data,
Romeo Castelen,,1,No Elo Data,
Romeo Kambou,,2,No Elo Data,
Romeu Evangelista,,1,No Elo Data,
Romik Khachatryan,,1,No Elo Data,
Romulo Gómez,Argentina,1,42.0,70.0
Román Torres,,4,No Elo Data,
Romário,Portugal,9,35.83,67.0
Ron Davies,,1,No Elo Data,
Ron Flowers,,4,No Elo Data,
Ronald Araújo,,1,No Elo Data,
Ronald Cerritos,,1,No Elo Data,
Ronald Hernández,,1,No Elo Data,
Ronald Koeman,Netherlands,4,48.25,67.0
Ronald Kreer,,1,No Elo Data,
Ronald Raldes,,1,No Elo Data,
Ronald Rivero,,1,No Elo Data,
Ronald Vargas,,1,No Elo Data,
Ronald Worm,,1,No Elo Data,
Ronaldinho,,4,No Elo Data,
Ronaldo,Brazil,16,31.29,83.0
Ronaldo Afonso,,1,No Elo Data,
Ronaldo Rodrigues de Jesus,,1,No Elo Data,
Ronan Carolino Falcão,,1,No Elo Data,
Ronen Harazi,,5,No Elo Data,
Rong Zhixing,,2,No Elo Data,
Ronnie McKinnon,,2,No Elo Data,
Ronnie Rees,,1,No Elo Data,
Ronnie Whelan,,1,No Elo Data,
Ronny Johnsen,,1,No Elo Data,
Ronny Pattinasarany,,1,No Elo Data,
Ronny Rosenthal,,3,No Elo Data,
Rony Martínez,,1,No Elo Data,
Roody Lormera,,1,No Elo Data,
Roosevelt Desir,,1,No Elo Data,
Roque Júnior,Brazil,1,-72.0,65.0
Roque Santa Cruz,,8,No Elo Data,
Rory Fallon,,1,No Elo Data,
Rosdi Talib,,1,No Elo Data,
Ross Barkley,England,2,15.5,77.0
Rostislav Vojáček,,1,No Elo Data,
Rotson Kilambe,,2,No Elo Data,
Rouzbeh Cheshmi,,1,No Elo Data,
Roy Bentley,,1,No Elo Data,
Roy Chipolina,,2,No Elo Data,
Roy Karang,,1,No Elo Data,
Roy Kayara,,2,No Elo Data,
Roy Keane,,3,No Elo Data,
Roy Krishna,,7,No Elo Data,
Roy Lassiter,,1,No Elo Data,
Roy Miller,,2,No Elo Data,
Roy Myers,,1,No Elo Data,
Roy Myrie,,2,No Elo Data,
Roy Revivo,,1,No Elo Data,
Roy Sáenz,,1,No Elo Data,
Roy Vernon,,3,No Elo Data,
Roy Wegerle,,1,No Elo Data,
Ruben Vargas,,1,No Elo Data,
Ruberth Morán,,4,No Elo Data,
Rubin Okotie,,2,No Elo Data,
Rubio Rubin,,3,No Elo Data,
Rubén Aveiro,,1,No Elo Data,
Rubén Ayala,,2,No Elo Data,
Rubén Baraja,,2,No Elo Data,
Rubén Cano,,1,No Elo Data,
Rubén Darío Bustos,,2,No Elo Data,
Rubén Darío Hernández,,1,No Elo Data,
Rubén Fernández,,1,No Elo Data,
Rubén Guevara,,1,No Elo Data,
Rubén Guifarro,,1,No Elo Data,
Rubén Héctor Sosa,,2,No Elo Data,
Rubén Jiménez,,3,No Elo Data,
Rubén Jiménez Rodríguez,,1,No Elo Data,
Rubén Marcos,,3,No Elo Data,
Rubén Sosa,,6,No Elo Data,
Rubén Toribio Díaz,,1,No Elo Data,
Rubén Vargas,,1,No Elo Data,
Rubén de la Red,,1,No Elo Data,
Rubén Óscar Valdez,,1,No Elo Data,
Rudel Calero,,1,No Elo Data,
Rudi Elsener,,1,No Elo Data,
Rudi Flögel,,1,No Elo Data,
Rudi Istenič,,1,No Elo Data,
Rudi Smidts,,1,No Elo Data,
Rudi Vata,,2,No Elo Data,
Rudi Völler,,10,No Elo Data,
Rudinilson Silva,,1,No Elo Data,
Rudis Corrales,,1,No Elo Data,
Rudolf Belin,,1,No Elo Data,
Rudolf Bester,,2,No Elo Data,
Rudolf Kock,,2,No Elo Data,
Rudolf Noack,,1,No Elo Data,
Rudolf Sloup,,1,No Elo Data,
Rudolph Smith,,1,No Elo Data,
Rudy Bhebey,,1,No Elo Data,
Rudy Cardozo,,1,No Elo Data,
Rudy Gestede,,1,No Elo Data,
Rudy Muñoz,,1,No Elo Data,
Rudy Ramírez,,1,No Elo Data,
Rufat Dadashov,,1,No Elo Data,
Ruggiero Rizzitelli,,1,No Elo Data,
Rui Barros,,1,No Elo Data,
Rui Costa,,5,No Elo Data,
Rui Jordão,,6,No Elo Data,
Rui Rodrigues,,2,No Elo Data,
Rui da Gracia,,1,No Elo Data,
Rui Águas,,7,No Elo Data,
Rune Bratseth,,1,No Elo Data,
Rune Börjesson,,1,No Elo Data,
Rupak Ray Sharma,,1,No Elo Data,
Rusi Gochev,,2,No Elo Data,
Ruslan Abishov,,2,No Elo Data,
Ruslan Baltiyev,,1,No Elo Data,
Ruslan Barburoş,,1,No Elo Data,
Ruslan Malinovskyi,Ukraine,4,No Elo Data,76.0
Ruslan Mingazow,,1,No Elo Data,
Ruslan Qurbanov,,1,No Elo Data,
Ruslan Rotan,,3,No Elo Data,
Ruslan Valiullin,,1,No Elo Data,
Rusli Ramang,,1,No Elo Data,
Russel Mwafulirwa,,1,No Elo Data,
Russell Latapy,,5,No Elo Data,
Rustam Soirov,,1,No Elo Data,
Rutger Backe,,1,No Elo Data,
Ruud Geels,,2,No Elo Data,
Ruud Gullit,,7,No Elo Data,
Ruud Krol,,2,No Elo Data,
Ruud van Nistelrooy,,11,No Elo Data,
Ruy Ramos,,1,No Elo Data,
Ryan Babel,,2,No Elo Data,
Ryan Camenzuli,,2,No Elo Data,
Ryan Camilleri,,1,No Elo Data,
Ryan Christie,Scotland,3,24.67,79.0
Ryan Fraser,Scotland,3,30.0,70.0
Ryan Giggs,,6,No Elo Data,
Ryan Henriette,,1,No Elo Data,
Ryan Johnson,,1,No Elo Data,
Ryan Mendes,,3,No Elo Data,
Ryan Mmaee,,2,No Elo Data,
Ryan Nelsen,,2,No Elo Data,
Ryan Ogam,Kenya,2,No Elo Data,63.0
Ryan Thomas,England,1,5.0,59.0
Ryoichi Maeda,,3,No Elo Data,
Ryszard Grzegorczyk,,1,No Elo Data,
Ryszard Tarasiewicz,,3,No Elo Data,
Ryu Song-Gun,,4,No Elo Data,
Régis Manon,,1,No Elo Data,
Rémy Ebanega,,1,No Elo Data,
Ríkharður Daðason,,1,No Elo Data,
Ríkharður Jónsson,,1,No Elo Data,
Ró-Ró,,1,No Elo Data,
Róbert Boženík,Slovakia,3,No Elo Data,70.0
Róbert Feczesin,,1,No Elo Data,
Róbert Mak,,4,No Elo Data,
Róbert Tomaschek,,1,No Elo Data,
Róbert Vittek,,6,No Elo Data,
Róger Flores,,1,No Elo Data,
Róger Gómez,,1,No Elo Data,
Rógvi Baldvinsson,,1,No Elo Data,
Rógvi Jacobsen,,3,No Elo Data,
Rónald González Brenes,,2,No Elo Data,
Rónald Gómez,,6,No Elo Data,
Rôni,,1,No Elo Data,
Rúben Bareño,,1,No Elo Data,
Rúben Dias,Portugal,3,-7.0,86.0
Rúben Neves,Portugal,1,-17.0,84.0
Rúnar Már Sigurjónsson,,1,No Elo Data,
Rüdiger Schnuphase,,1,No Elo Data,
Răzvan Cociş,,1,No Elo Data,
Răzvan Marin,,3,No Elo Data,
Rıdvan Dilmen,,1,No Elo Data,
Rıza Çalımbay,,1,No Elo Data,
Saad Abdul-Amir,,2,No Elo Data,
Saad Al-Harthi,,2,No Elo Data,
Saad Al-Houti,,1,No Elo Data,
Saad Bakheet Mubarak,,1,No Elo Data,
Saad Bguir,,1,No Elo Data,
Saad Natiq,,1,No Elo Data,
Saad Qais,,1,No Elo Data,
Saba Lobzhanidze,,1,No Elo Data,
Sabah Abdul-Jalil,,1,No Elo Data,
Sabah Hatim,,1,No Elo Data,
Saber Khelifa,,1,No Elo Data,
Sacha Kljestan,,1,No Elo Data,
Sacha Schneider,,1,No Elo Data,
Sachiel Ming,,1,No Elo Data,
Saddil Ramdani,,1,No Elo Data,
Sadik Fofana,Togo,1,No Elo Data,65.0
Sadio Diallo,,1,No Elo Data,
Sadio Mané,Senegal,11,29.12,83.0
Saeed Al Kass,,2,No Elo Data,
Saeed Al-Owairan,,5,No Elo Data,
Saeed Murjan,,1,No Elo Data,
Saeed Shaaban Al Busaidy,,1,No Elo Data,
Saeid Ezatolahi,,1,No Elo Data,
Safawi Rasid,,3,No Elo Data,
Safet Sušić,,6,No Elo Data,
Saffet Sancaklı,,1,No Elo Data,
Safuwan Baharudin,,2,No Elo Data,
Saibi Eklou Dodji,,1,No Elo Data,
Said Bayazid,,1,No Elo Data,
Said Benrahma,Algeria,1,-38.0,77.0
Saif Mohammed Al Bishr,,1,No Elo Data,
Saio Ernest Mokili,,1,No Elo Data,
Sairusi Nalaubu,,1,No Elo Data,
Sajjad Jassim,,1,No Elo Data,
Saladin Said,,2,No Elo Data,
Salah Al-Hasawi,,3,No Elo Data,
Salah Assad,,2,No Elo Data,
Salah Ibrahim,,1,No Elo Data,
Salaheddine Bassir,,3,No Elo Data,
Saleh Abu Al-Shamat,,1,No Elo Data,
Saleh Ahmed Farhan,,1,No Elo Data,
Saleh Al-Mutlaq,,1,No Elo Data,
Saleh Al-Shehri,,6,No Elo Data,
Saleh Khalifa Al-Dosari,,1,No Elo Data,
Saleh Obaid,,1,No Elo Data,
Saleh Rabiah Ben,,1,No Elo Data,
Saleh Selim,,1,No Elo Data,
Salem Al-Dawsari,,11,No Elo Data,
Salesh Kumar,,1,No Elo Data,
Salif Coulibaly,,1,No Elo Data,
Salif Diao,,3,No Elo Data,
Salih Sadir,,1,No Elo Data,
Saliou Ciss,,1,No Elo Data,
Sallieu Tarawallie,,1,No Elo Data,
Salman Al-Faraj,,4,No Elo Data,
Salman Ghuloom,,1,No Elo Data,
Salman Isa,,1,No Elo Data,
Salomon Kalou,,4,No Elo Data,
Salomon Olembé,,1,No Elo Data,
Salomón Rondón,Venezuela,13,No Elo Data,74.0
Salvador Cabañas,,4,No Elo Data,
Salvador Reyes Monteón,,2,No Elo Data,
Salvatore Bagni,,1,No Elo Data,
Salvatore Schillaci,,5,No Elo Data,
Sam El Nasa,,1,No Elo Data,
Sam Tabu,,1,No Elo Data,
Sam Vines,,1,No Elo Data,
Sam Vokes,,2,No Elo Data,
Samad Marfavi,,1,No Elo Data,
Samat Smakov,,1,No Elo Data,
Sambégou Bangoura,,4,No Elo Data,
Sami Al-Hashash,,1,No Elo Data,
Sami Al-Jaber,,8,No Elo Data,
Sami Al-Najei,,1,No Elo Data,
Sami Hyypiä,,2,No Elo Data,
Sami Khedira,,4,No Elo Data,
Samir Kamouna,,1,No Elo Data,
Samir Nasri,,4,No Elo Data,
Samir Said,,1,No Elo Data,
Samir Sultan Al Fahad,,1,No Elo Data,
Sammy Morgan,,3,No Elo Data,
Sammy Onyango,,1,No Elo Data,
Samson Siasia,,1,No Elo Data,
Samuel Barlay,,1,No Elo Data,
Samuel Caballero,,4,No Elo Data,
Samuel Chukwueze,,1,No Elo Data,
Samuel Eto'o,,15,No Elo Data,
Samuel Garcia,,1,No Elo Data,
Samuel Johnson,,1,No Elo Data,
Samuel Kuffour,,1,No Elo Data,
Samuel Umtiti,,2,No Elo Data,
Sanad Al Warfali,,1,No Elo Data,
Sander Berge,,1,No Elo Data,
Sander Puri,,1,No Elo Data,
Sandi Lovrić,Slovenia,4,No Elo Data,75.0
Sandile Hlatjwako,,1,No Elo Data,
Sandro Mazzola,,8,No Elo Data,
Sandro Tonali,Italy,3,No Elo Data,86.0
Sandro Wagner,,1,No Elo Data,
Sandro Wolfinger,,1,No Elo Data,
Sandy Kaposa,,1,No Elo Data,
Sanel Jahić,,1,No Elo Data,
Sanjar Kodirkulov,,1,No Elo Data,
Sanjeeb Bista,,1,No Elo Data,
Santana Vander Kross,,1,No Elo Data,
Santi Cazorla,Spain,1,49.0,75.0
Santiago Giménez,,1,No Elo Data,
Santiago Ostolaza,,2,No Elo Data,
Santillana,,4,No Elo Data,
Santino Quaranta,,1,No Elo Data,
Santos Cabrera,,1,No Elo Data,
Santos Iriarte,,1,No Elo Data,
Santos Ortiz,,1,No Elo Data,
Sanzhar Tursunov,,3,No Elo Data,
Saphir Sliti Taïder,,2,No Elo Data,
Sarayoot Chaikamdee,,4,No Elo Data,
Sardar Azmoun,,18,No Elo Data,
Sardor Rashidov,,1,No Elo Data,
Sargis Adamyan,Armenia,1,No Elo Data,67.0
Sarman Panggabean,,1,No Elo Data,
Sath Rosib,,1,No Elo Data,
Saturnino Arrúa,,2,No Elo Data,
Saud Jassem,,1,No Elo Data,
Saud Khariri,,1,No Elo Data,
Saulius Mikoliūnas,,2,No Elo Data,
Savo Milošević,,12,No Elo Data,
Saydrel Lewis,,1,No Elo Data,
Sayed Abdel Razek,,2,No Elo Data,
Sayed Ali Bechir,,1,No Elo Data,
Sayed Baqer,,1,No Elo Data,
Sayed Dhiya Saeed,,2,No Elo Data,
Sayed Jaafar Ahmed,,1,No Elo Data,
Sayed Mahmood Jalal,,1,No Elo Data,
Sayed Mohamed Adnan,,1,No Elo Data,
Saïd Chiba,,2,No Elo Data,
Saïd Makasi,,2,No Elo Data,
Saïdou Panandétiguiri,,2,No Elo Data,
Saúl Coco,Equatorial Guinea,4,No Elo Data,76.0
Saúl Ñíguez,,2,No Elo Data,
Saša Ilić,,1,No Elo Data,
Saša Kalajdžić,Austria,1,9.0,74.0
Sašo Miloševski,,1,No Elo Data,
Sašo Udovič,,2,No Elo Data,
Scott Booth,,1,No Elo Data,
Scott Brown,,1,No Elo Data,
Scott Chipperfield,Switzerland,3,-30.0,63.0
Scott Kennedy,,1,No Elo Data,
Scott McTominay,,6,No Elo Data,
Scott Wiseman,,1,No Elo Data,
Sead Kolašinac,Bosnia and Herzegovina,1,-73.0,79.0
Sean St Ledger,,1,No Elo Data,
Sebastian Andersson,,1,No Elo Data,
Sebastian Berhalter,United States,1,-26.0,67.0
Sebastian Broderick Imasuen,,1,No Elo Data,
Sebastian Deisler,,1,No Elo Data,
Sebastian Giovinco,,1,No Elo Data,
Sebastian Larsson,,2,No Elo Data,
Sebastian Lletget,,1,No Elo Data,
Sebastian Nanasi,Sweden,1,53.0,76.0
Sebastian Prödl,,1,No Elo Data,
Sebastian Rudy,,1,No Elo Data,
Sebastian Szymański,Poland,3,No Elo Data,78.0
Sebastián Abreu,,3,No Elo Data,
Sebastián Córdova,,1,No Elo Data,
Sebastián Eguren,,1,No Elo Data,
Sebastián Rambert,,1,No Elo Data,
Sebastián Soria,,7,No Elo Data,
Sebastião Gilberto,,1,No Elo Data,
Sebastjan Cimirotič,,2,No Elo Data,
Sedat Özden,,2,No Elo Data,
Sefedin Braho,,1,No Elo Data,
Segin Wayewol,,1,No Elo Data,
Segun Odegbami,,2,No Elo Data,
Segundo Castillo,,2,No Elo Data,
Segundo Luna,,1,No Elo Data,
Seif Teiri,,2,No Elo Data,
Seifeddine Jaziri,,1,No Elo Data,
Seiichiro Maki,,1,No Elo Data,
Seiminlen Doungel,India,1,No Elo Data,55.0
Sejad Salihović,,2,No Elo Data,
Seko Fofana,,2,No Elo Data,
Sekou Cissé,,1,No Elo Data,
Seksan Piturat,,4,No Elo Data,
Sele Leboela,,1,No Elo Data,
Selemani Mwalimu,,1,No Elo Data,
Selemani Ndikumana,,2,No Elo Data,
Selim Amallah,Morocco,2,92.5,72.0
Sellam Riahi,,1,No Elo Data,
Selçuk Yula,,1,No Elo Data,
Selçuk İnan,,3,No Elo Data,
Semi Ajayi,,1,No Elo Data,
Semih Şentürk,,3,No Elo Data,
Senad Lulić,,1,No Elo Data,
Senijad Ibričić,,2,No Elo Data,
Seninho,,1,No Elo Data,
Seo Jung-won,,3,No Elo Data,
Seol Ki-hyeon,,2,No Elo Data,
Serdar Annaorazow,,1,No Elo Data,
Serdar Aziz,,1,No Elo Data,
Serdar Dursun,Turkey,1,-26.0,69.0
Serdaraly Ataýew,,1,No Elo Data,
Serey Dié,,1,No Elo Data,
Serge Gnabry,,6,No Elo Data,
Serge Trinchero,,1,No Elo Data,
Sergei Aleinikov,,1,No Elo Data,
Sergei Gurenko,,2,No Elo Data,
Sergei Hohlov-Simson,,2,No Elo Data,
Sergei Ignashevich,,4,No Elo Data,
Sergei Khizhnichenko,,3,No Elo Data,
Sergei Kiriakov,,4,No Elo Data,
Sergei Kornilenko,,5,No Elo Data,
Sergei Omelyanchuk,,1,No Elo Data,
Sergei Ostapenko,,3,No Elo Data,
Sergei Pavlovich Baltacha,,1,No Elo Data,
Sergei Semak,,2,No Elo Data,
Sergei Terehhov,,2,No Elo Data,
Sergei Yuran,,2,No Elo Data,
Sergei Zamorski,,1,No Elo Data,
Sergei Zenjov,,3,No Elo Data,
Sergej Barbarez,,6,No Elo Data,
Sergej Milinković-Savić,Serbia,2,No Elo Data,84.0
Sergen Yalçın,,1,No Elo Data,
Sergey Andreyev,,2,No Elo Data,
Sergey Chikishev,,1,No Elo Data,
Sergey Gridin,,1,No Elo Data,
Sergey Kutsov,,2,No Elo Data,
Sergey Lebedev,,1,No Elo Data,
Serghei Belous,,1,No Elo Data,
Serghei Cleșcenco,,2,No Elo Data,
Serghei Dadu,,2,No Elo Data,
Serghei Rogaciov,,1,No Elo Data,
Serghei Stroenco,,1,No Elo Data,
Sergio Agüero,,9,No Elo Data,
Sergio Ahumada,,1,No Elo Data,
Sergio Angulo,,1,No Elo Data,
Sergio Barila,,1,No Elo Data,
Sergio Berti,,1,No Elo Data,
Sergio Cervato,,1,No Elo Data,
Sergio Herrera,Spain,1,-40.0,79.0
Sergio Méndez,,1,No Elo Data,
Sergio Ramos,,8,No Elo Data,
Sergio Rivera,,1,No Elo Data,
Sergiño Dest,,1,No Elo Data,
Serhat Akın,,1,No Elo Data,
Serhii Rebrov,,4,No Elo Data,
Serhiy Fedorov,,1,No Elo Data,
Serhiy Konovalov,,1,No Elo Data,
Serhiy Malyi,,1,No Elo Data,
Serhiy Nazarenko,,4,No Elo Data,
Serhiy Popov,,2,No Elo Data,
Serhiy Skachenko,,1,No Elo Data,
Serhiy Sydorchuk,,2,No Elo Data,
Serhou Guirassy,,1,No Elo Data,
Serikzhan Muzhikov,,1,No Elo Data,
Servaas Wilkes,,1,No Elo Data,
Server Djeparov,,4,No Elo Data,
Servet Çetin,,1,No Elo Data,
Setareki Hughes,,1,No Elo Data,
Seth Amphadu,,1,No Elo Data,
Severino Varela,,5,No Elo Data,
Severo Orgaz,,1,No Elo Data,
Seweryn Gancarczyk,,1,No Elo Data,
Seydou Doumbia,,1,No Elo Data,
Seydou Keita,,4,No Elo Data,
Seydouba Bangoura,,1,No Elo Data,
Seydouba Cissé,Guinea,1,No Elo Data,73.0
Seydouba Soumah,,1,No Elo Data,
Shabaib Al-Khaldi,,1,No Elo Data,
Shabani Nonda,,3,No Elo Data,
Shaharuddin Abdullah,,1,No Elo Data,
Shahin Bayani,,1,No Elo Data,
Shahrel Fikri,,1,No Elo Data,
Shamar Nicholson,,5,No Elo Data,
Shamveel Qasim,,1,No Elo Data,
Shandel Samuel,,2,No Elo Data,
Shane Duffy,,4,No Elo Data,
Shane Long,,2,No Elo Data,
Shane Marshall,,1,No Elo Data,
Shane Rennie,,1,No Elo Data,
Shane Smeltz,,8,No Elo Data,
Shanon Carmelia,,1,No Elo Data,
Shao Jiayi,,1,No Elo Data,
Shaq Moore,,1,No Elo Data,
Shaquille Pinas,,1,No Elo Data,
Sharif Mukhammad,,1,No Elo Data,
Shaun Bartlett,,8,No Elo Data,
Shaun Francis,,1,No Elo Data,
Shaun Goater,,4,No Elo Data,
Shaun Maloney,,4,No Elo Data,
Shaun Murphy,,3,No Elo Data,
Shaun Wright-Phillips,,2,No Elo Data,
Shawal Anuar,,2,No Elo Data,
Shawky Gharieb,,1,No Elo Data,
Shawn Beveney,,1,No Elo Data,
Shawn Martin,,2,No Elo Data,
Shaye Al Nafeesah,,1,No Elo Data,
Shaye Al-Nafisah,,1,No Elo Data,
Shayne Lavery,,1,No Elo Data,
Shea Charles,,1,No Elo Data,
Shefki Kuqi,,2,No Elo Data,
Sheikh Sesay,,1,No Elo Data,
Shekh Morsalin,,1,No Elo Data,
Sheldon Bateau,,3,No Elo Data,
Sheldon Emmanuel,,1,No Elo Data,
Shen Xiangfu,,1,No Elo Data,
Sheraldo Becker,,2,No Elo Data,
Sheriff Sinyan,Gambia,1,No Elo Data,67.0
Shervoni Mabatshoev,,1,No Elo Data,
Shi Jiayi,,2,No Elo Data,
Shibuzor Ehilegbu,,1,No Elo Data,
Shigeyoshi Mochizuki,,1,No Elo Data,
Shingayi Kaondera,,3,No Elo Data,
Shinji Kagawa,,4,No Elo Data,
Shinji Okazaki,,8,No Elo Data,
Shinji Ono,,1,No Elo Data,
Shiva N'Zigou,,1,No Elo Data,
Shkodran Mustafi,,1,No Elo Data,
Shkëlzen Gashi,,1,No Elo Data,
Shlomo Levi,,2,No Elo Data,
Shoji Jo,,1,No Elo Data,
Shomari Kapombe,,1,No Elo Data,
Shon Weissman,,3,No Elo Data,
Shota Arveladze,,8,No Elo Data,
Show,Angola,1,No Elo Data,66.0
Shoya Nakajima,,1,No Elo Data,
Shunsuke Nakamura,,7,No Elo Data,
Shusaku Hirasawa,,1,No Elo Data,
Siboniso Mamba,,1,No Elo Data,
Sibusiso Zuma,,2,No Elo Data,
Siddiq Manzul,,2,No Elo Data,
Sidi Bouna Amar,,1,No Elo Data,
Sidi Yaya Keita,,1,No Elo Data,
Sidique Mansaray,,1,No Elo Data,
Sidney Govou,,2,No Elo Data,
Sidny Lopes Cabral,Cape Verde,1,-12.0,66.0
Siegfried Haltman,,2,No Elo Data,
Siegfried Schoop,,1,No Elo Data,
Sieng Chanthea,,1,No Elo Data,
Sigfrido Mercado,,1,No Elo Data,
Sigfried Held,,1,No Elo Data,
Sigurd Rushfeldt,,2,No Elo Data,
Sigurður Jónsson,,1,No Elo Data,
Siim Luts,,1,No Elo Data,
Silao Malo,,1,No Elo Data,
Silas Katompa Mvumpa,,1,No Elo Data,
Silvan Widmer,,1,No Elo Data,
Silvestre Igoa,,1,No Elo Data,
Silvestre Varela,,4,No Elo Data,
Silvio Garay,,1,No Elo Data,
Silvio Parodi,,1,No Elo Data,
Silvio Piola,,3,No Elo Data,
Silvio Rojas,,1,No Elo Data,
Silvère Ganvoula,Congo,2,No Elo Data,69.0
Simeon Jackson,,1,No Elo Data,
Simo Syrjävaara,,1,No Elo Data,
Simon Adingra,Ivory Coast,1,-63.0,76.0
Simon Church,,1,No Elo Data,
Simon Davies,,1,No Elo Data,
Simon Elliott,,1,No Elo Data,
Simon Kaushi,,1,No Elo Data,
Simon Kjær,,2,No Elo Data,
Simon Lauru,,2,No Elo Data,
Simon Masaba,,1,No Elo Data,
Simon Msuva,,3,No Elo Data,
Simone Perrotta,,1,No Elo Data,
Simone Zaza,,1,No Elo Data,
Simão Sabrosa,,2,No Elo Data,
Sin Yong-nam,,1,No Elo Data,
Sinha,,3,No Elo Data,
Siniša Gogić,,1,No Elo Data,
Siniša Mihajlović,,3,No Elo Data,
Siphiwe Tshabalala,,1,No Elo Data,
Sirous Dinmohammadi,,1,No Elo Data,
Sitiveni Cavuilagi,,1,No Elo Data,
Siyabonga Nkosi,,1,No Elo Data,
Siyabonga Nomvethe,,3,No Elo Data,
Siyabonga Sangweni,,2,No Elo Data,
Siza Dlamini,,2,No Elo Data,
Sjaak Roggeveen,,1,No Elo Data,
Sjaak Swart,,2,No Elo Data,
Slava Metreveli,,4,No Elo Data,
Slaven Bilić,,2,No Elo Data,
Slaven Zambata,,3,No Elo Data,
Slimane Raho,,1,No Elo Data,
Slobodan Komljenović,,2,No Elo Data,
Smail Prevljak,,3,No Elo Data,
So Kyong-jin,,1,No Elo Data,
Soe Moe Kyaw,,1,No Elo Data,
Sofiane Boufal,Morocco,2,102.0,74.0
Sofiane Feghouli,,2,No Elo Data,
Sohrab Bakhtiarizadeh,,1,No Elo Data,
Sokol Kushta,,3,No Elo Data,
Sokol Çikalleshi,,6,No Elo Data,
Sokratis Papastathopoulos,,1,No Elo Data,
Solome Pita,,1,No Elo Data,
Solomon Sheferahu,,2,No Elo Data,
Somen Tchoyi,,1,No Elo Data,
Sompong Soleb,,1,No Elo Data,
Son Heung-min,South Korea,12,9.5,85.0
Song Chong-gug,,1,No Elo Data,
Songserm Maperm,,1,No Elo Data,
Sonni Nattestad,,1,No Elo Data,
Sotiris Kaiafas,,1,No Elo Data,
Sotiris Ninis,,2,No Elo Data,
Soufiane Alloudi,,1,No Elo Data,
Soufiane Rahimi,Morocco,1,-18.0,78.0
Souleyman Sané,,3,No Elo Data,
Souleymane Camara,,1,No Elo Data,
Souleymane Oularé,,3,No Elo Data,
Souleymane Youla,,2,No Elo Data,
Soumaila Traoré,,1,No Elo Data,
Soumaila Yattaga,,1,No Elo Data,
Soumaïla Coulibaly,France,3,32.0,72.0
Spas Delev,,2,No Elo Data,
Srdjan Luchin,,1,No Elo Data,
Srečko Katanec,,3,No Elo Data,
Srđan Babić,,1,No Elo Data,
Stan Mortensen,,2,No Elo Data,
Stanislav Griga,,1,No Elo Data,
Stanislav Karasi,,1,No Elo Data,
Stanislav Lobotka,Slovakia,1,No Elo Data,83.0
Stanislav Manolev,,1,No Elo Data,
Stanislav Šesták,,4,No Elo Data,
Stanislaw Drahun,,5,No Elo Data,
Stanislovas Vitkovskis,,1,No Elo Data,
Stanisław Terlecki,,2,No Elo Data,
Stanley Mubiru,,2,No Elo Data,
Stanley Simson,,1,No Elo Data,
Stanley Waita,,1,No Elo Data,
Stathis Chaitas,,1,No Elo Data,
Stavros Sarafis,,1,No Elo Data,
Stavros Stylianou,,1,No Elo Data,
Steeven Saba,,1,No Elo Data,
Steevy Chong Hue,,1,No Elo Data,
Stefan Johansen,,1,No Elo Data,
Stefan Kuntz,,1,No Elo Data,
Stefan Maierhofer,,1,No Elo Data,
Stefan Majewski,,1,No Elo Data,
Stefan Mugoša,,5,No Elo Data,
Stefan Posch,Austria,1,-24.0,79.0
Stefan Reshko,,1,No Elo Data,
Stefan Ristovski,,1,No Elo Data,
Stefan Savić,Montenegro,2,No Elo Data,78.0
Stefan de Vrij,Netherlands,2,-3.0,84.0
Stefano Bensi,,3,No Elo Data,
Stefano Cincotta,,2,No Elo Data,
Stefano Eranio,,1,No Elo Data,
Stefano Sensi,,3,No Elo Data,
Steffen Iversen,,8,No Elo Data,
Stefán Teitur Þórðarson,,1,No Elo Data,
Stelios Giannakopoulos,,2,No Elo Data,
Stelios Manolas,,1,No Elo Data,
Stepas Chmelevskis,,2,No Elo Data,
Stephan El Shaarawy,,1,No Elo Data,
Stephan Lichtsteiner,,1,No Elo Data,
Stephan Rabemananjara,,1,No Elo Data,
Stephen Appiah,,4,No Elo Data,
Stephen Elliott,,1,No Elo Data,
Stephen Eustáquio,Canada,2,83.5,77.0
Stephen Ireland,,2,No Elo Data,
Stephen Keshi,,4,No Elo Data,
Stephen McManus,,2,No Elo Data,
Stephen O'Donnell,,1,No Elo Data,
Stephen Wellman,,1,No Elo Data,
Stern John,,11,No Elo Data,
Stevan Jovetić,,12,No Elo Data,
Steve Borg,,1,No Elo Data,
Steve Corica,,1,No Elo Data,
Steve David,,4,No Elo Data,
Steve Fatupua-Lecaill,,1,No Elo Data,
Steve Finnan,,1,No Elo Data,
Steve Hodge,,1,No Elo Data,
Steve Marlet,,1,No Elo Data,
Steve Morison,,1,No Elo Data,
Steve Mounié,,5,No Elo Data,
Steve Ralston,,1,No Elo Data,
Steve Staunton,,3,No Elo Data,
Steve Sumner,,2,No Elo Data,
Steve Wooddin,,6,No Elo Data,
Steven Berghuis,Netherlands,2,-65.0,78.0
Steven Bergwijn,,3,No Elo Data,
Steven Bryce,,1,No Elo Data,
Steven Davis,,4,No Elo Data,
Steven Defour,,2,No Elo Data,
Steven Dias,,1,No Elo Data,
Steven Echevarria,,1,No Elo Data,
Steven Fletcher,,2,No Elo Data,
Steven Gerrard,,5,No Elo Data,
Steven Naismith,,2,No Elo Data,
Steven Pienaar,,2,No Elo Data,
Steven Tan,,1,No Elo Data,
Steven Thompson,,1,No Elo Data,
Steven Vitória,,1,No Elo Data,
Steven Zuber,Switzerland,4,31.67,74.0
Stevenson Morancie,,1,No Elo Data,
Stig Sundqvist,,1,No Elo Data,
Stiliyan Petrov,,1,No Elo Data,
Stjepan Bobek,,2,No Elo Data,
Stock Dandize,,1,No Elo Data,
Stophira Sunzu,,1,No Elo Data,
Stopira,,2,No Elo Data,
Stoycho Mladenov,,2,No Elo Data,
Strahinja Pavlović,Serbia,2,No Elo Data,76.0
Stratos Apostolakis,,2,No Elo Data,
Stuart Armstrong,Scotland,3,36.5,71.0
Stuart Dallas,,2,No Elo Data,
Stuart Elliott,,2,No Elo Data,
Stuart Holden,,1,No Elo Data,
Stuart McCall,,1,No Elo Data,
Styopa Mkrtchyan,,1,No Elo Data,
Ståle Solbakken,,3,No Elo Data,
Stéphane Auvray,,1,No Elo Data,
Stéphane Bahoken,,1,No Elo Data,
Stéphane Chapuisat,,5,No Elo Data,
Stéphane Demol,,1,No Elo Data,
Stéphane Grichting,,1,No Elo Data,
Stéphane Mbia,,2,No Elo Data,
Su Maozhen,,2,No Elo Data,
Suan Lam Mang,,2,No Elo Data,
Suat Mamat,,1,No Elo Data,
Subait Khater,,1,No Elo Data,
Subash Madushan,,1,No Elo Data,
Subhi Al-Gnimaz,,1,No Elo Data,
Sudi Abdallah,,2,No Elo Data,
Sudirman,,1,No Elo Data,
Sukhrob Hamidov,,1,No Elo Data,
Sukumar Samajpati,,1,No Elo Data,
Sulley Muntari,,4,No Elo Data,
Sultan Adil,,3,No Elo Data,
Sun Ke,,2,No Elo Data,
Sun Xiang,,1,No Elo Data,
Sunday Mba,,2,No Elo Data,
Sunday Oliseh,,2,No Elo Data,
Sundayin Moriri,,1,No Elo Data,
Sune Andersson,,2,No Elo Data,
Sunil Chhetri,India,4,No Elo Data,68.0
Supachai Chaided,,1,No Elo Data,
Supachok Sarachat,,2,No Elo Data,
Supakit Meelarpkit,,2,No Elo Data,
Suphanat Mueanta,,2,No Elo Data,
Sutche Wambo,,1,No Elo Data,
Svein Mathisen,,1,No Elo Data,
Sven Jacobsson,,1,No Elo Data,
Sven Jonasson,,2,No Elo Data,
Sven Otto Birkeland,,1,No Elo Data,
Sven Rydell,,1,No Elo Data,
Svetoslav Todorov,,1,No Elo Data,
Syafiq Ahmad,,1,No Elo Data,
Syarhey Herasimets,,2,No Elo Data,
Syarhey Kislyak,,1,No Elo Data,
Sylvain Graglia,,2,No Elo Data,
Sylvain Wiltord,,6,No Elo Data,
Sylwester Czereszewski,,1,No Elo Data,
Syriakata Hassan,,1,No Elo Data,
Szabolcs Huszti,,3,No Elo Data,
Szilárd Németh,,6,No Elo Data,
Sándor Kiss,,1,No Elo Data,
Sándor Kocsis,,2,No Elo Data,
Sándor Müller,,1,No Elo Data,
Sándor Pintér,,1,No Elo Data,
Sándor Torghelle,,5,No Elo Data,
Séamus Coleman,Republic of Ireland,1,No Elo Data,70.0
Sébastien Fournier,,2,No Elo Data,
Sébastien Haller,,5,No Elo Data,
Sébastien Siani,,1,No Elo Data,
Sébastien Thill,,1,No Elo Data,
Sékou Bamba,,1,No Elo Data,
Sérgio Conceição,,3,No Elo Data,
Séïdath Tchomogo,,1,No Elo Data,
Sócrates,,4,No Elo Data,
Søren Busk,,1,No Elo Data,
Søren Larsen,,4,No Elo Data,
Søren Lerby,,3,No Elo Data,
Súni Olsen,,1,No Elo Data,
T. Tapunuu,,1,No Elo Data,
Tab Ramos,,2,No Elo Data,
Tadanari Lee,,1,No Elo Data,
Tadas Kijanskas,,1,No Elo Data,
Tadeusz Kraus,,2,No Elo Data,
Taha Basry,,2,No Elo Data,
Tahar Chaïbi,,1,No Elo Data,
Taher Abouzeid,,5,No Elo Data,
Tai Baribo,Israel,1,No Elo Data,72.0
Taisir Al-Jassim,,1,No Elo Data,
Tajon Buchanan,,1,No Elo Data,
Takashi Fukunishi,,1,No Elo Data,
Takashi Inui,,1,No Elo Data,
Takashi Mizunuma,,2,No Elo Data,
Takayuki Suzuki,,5,No Elo Data,
Takefusa Kubo,Japan,1,54.0,82.0
Takehiro Tomiyasu,,1,No Elo Data,
Takis Nikoloudis,,2,No Elo Data,
Takuma Asano,Japan,2,21.5,75.0
Takumi Horiike,,2,No Elo Data,
Takumi Minamino,Japan,8,26.25,78.0
Takuya Takagi,,3,No Elo Data,
Tal Banin,,4,No Elo Data,
Tal Ben Haim,,1,No Elo Data,
Tala Luvu,,1,No Elo Data,
Talal Al-Meshal,,7,No Elo Data,
Talal El Karkouri,,2,No Elo Data,
Talal Yousef,,4,No Elo Data,
Tamarley Thomas,,2,No Elo Data,
Tamer Abdel Hamid,,1,No Elo Data,
Tamer Seyam,,2,No Elo Data,
Tamirlan Kozubaev,,1,No Elo Data,
Tamkin Khalilzade,,2,No Elo Data,
Tamás Hajnal,,2,No Elo Data,
Tamás Kádár,,1,No Elo Data,
Tamás Priskin,,2,No Elo Data,
Tang Yaodong,,1,No Elo Data,
Tanju Çolak,,2,No Elo Data,
Taoufik Herichi,,1,No Elo Data,
Tapiwa Gadibolae,,1,No Elo Data,
Taqi Mubarak,,1,No Elo Data,
Tarak Dhiab,,2,No Elo Data,
Tarcisio Burgnich,,1,No Elo Data,
Tarcisio Rodríguez Viquez,,1,No Elo Data,
Tarek El-Said,,1,No Elo Data,
Tarek Lazizi,,1,No Elo Data,
Tarik Elyounoussi,,2,No Elo Data,
Tarik Sektioui,,1,No Elo Data,
Tarik Tissoudali,Morocco,1,102.0,74.0
Tariku Ingdawerk,,1,No Elo Data,
Tarlan Ahmadov,,1,No Elo Data,
Tarmo Kink,,1,No Elo Data,
Tasos Bakasetas,,8,No Elo Data,
Tasos Mitropoulos,,1,No Elo Data,
Tatsuhiko Kubo,,2,No Elo Data,
Tatsuya Tanaka,,1,No Elo Data,
Taulant Xhaka,,1,No Elo Data,
Tawanda Chirewa,,2,No Elo Data,
Tawanda Maswanhise,,1,No Elo Data,
Taye Taiwo,,1,No Elo Data,
Tayfun Korkut,,1,No Elo Data,
Tayfur Havutçu,,4,No Elo Data,
Taylor Saghabi,,2,No Elo Data,
Taysir Amer,,1,No Elo Data,
Tchiressoua Guel,,3,No Elo Data,
Teafore Bennett,,1,No Elo Data,
Teaonui Tehau,,5,No Elo Data,
Tebogo Kopelang,,1,No Elo Data,
Teboho Masia,,1,No Elo Data,
Teboho Mokoena,,3,No Elo Data,
Teddy Sheringham,,3,No Elo Data,
Teddy Teuma,Malta,3,No Elo Data,75.0
Tedj Bensaoula,,4,No Elo Data,
Teemu Pukki,,15,No Elo Data,
Teemu Tainio,,3,No Elo Data,
Teerasil Dangda,,5,No Elo Data,
Teeratep Winothai,,2,No Elo Data,
Teet Allas,,1,No Elo Data,
Tekalinge Kassahun,,1,No Elo Data,
Telasco Segovia,,1,No Elo Data,
Telinho,,1,No Elo Data,
Telmo Arcanjo,Cape Verde,1,89.0,71.0
Telmo Zarra,,2,No Elo Data,
Telésforo Báez,,1,No Elo Data,
Temur Ketsbaia,,3,No Elo Data,
Tenant Chilumba,,1,No Elo Data,
Tengiz Sulakvelidze,,1,No Elo Data,
Teodoro Fernández,,6,No Elo Data,
Terence Groothusen,,1,No Elo Data,
Terence Vancooten,,2,No Elo Data,
Terry Harkin,,1,No Elo Data,
Terry McDermott,,1,No Elo Data,
Terry Medwin,,2,No Elo Data,
Terry Neill,,1,No Elo Data,
Terry Sackor,,1,No Elo Data,
Teruki Miyamoto,,1,No Elo Data,
Tesho Akindele,,1,No Elo Data,
Tesourinha,,2,No Elo Data,
Tetahio Auraa,,1,No Elo Data,
Tetsuji Hashiratani,,1,No Elo Data,
Teuvo Moilanen,,1,No Elo Data,
Tevaughn Harriette,,1,No Elo Data,
Tevin Slater,,2,No Elo Data,
Teófilo Cubillas,,6,No Elo Data,
Teófilo Gutiérrez,,1,No Elo Data,
Thabang Sesinyi,,1,No Elo Data,
Thabo Matlaba,,1,No Elo Data,
Thadée Cisowski,,2,No Elo Data,
Thalente Mbatha,,1,No Elo Data,
Thamsanqa Gabuza,,1,No Elo Data,
Thanasis Bembis,,1,No Elo Data,
Thanis Areesngarkul,,1,No Elo Data,
Thapelo Maseko,,1,No Elo Data,
Thapelo Morena,,1,No Elo Data,
Thasmbiayah Pathmanathan,,1,No Elo Data,
Thembinkosi Lorch,,1,No Elo Data,
Themistoklis Tzimopoulos,,1,No Elo Data,
Theo Bongonda,,1,No Elo Data,
Theo Laseroms,,1,No Elo Data,
Theo Walcott,,3,No Elo Data,
Theodor Wagner,,1,No Elo Data,
Theodore Filomina,,2,No Elo Data,
Theodore Whitmore,,6,No Elo Data,
Theodoros Zagorakis,,1,No Elo Data,
Theofanis Gekas,,7,No Elo Data,
Therdsak Chaiman,,1,No Elo Data,
Theódór Elmar Bjarnason,,1,No Elo Data,
Thiago Almada,,2,No Elo Data,
Thiago Cionek,,1,No Elo Data,
Thiago Motta,,1,No Elo Data,
Thiago Silva,,2,No Elo Data,
Thierno Youm,,1,No Elo Data,
Thierry Fondelot,,1,No Elo Data,
Thierry Henry,,14,No Elo Data,
Thierry Issiémou,,1,No Elo Data,
Thierry Tinmar,,1,No Elo Data,
Thievy Bifouma,,3,No Elo Data,
Thitipan Puangchan,,1,No Elo Data,
Thom Haye,,1,No Elo Data,
Thomas Beck,,1,No Elo Data,
Thomas Berthold,,1,No Elo Data,
Thomas Bickel,,2,No Elo Data,
Thomas Delaney,,4,No Elo Data,
Thomas Dooley,,2,No Elo Data,
Thomas Dunn,,1,No Elo Data,
Thomas Elliot,,1,No Elo Data,
Thomas Flögel,,1,No Elo Data,
Thomas Fontaine,,1,No Elo Data,
Thomas Gravesen,,1,No Elo Data,
Thomas Helmer,,1,No Elo Data,
Thomas Hitzlsperger,,1,No Elo Data,
Thomas Häßler,,5,No Elo Data,
Thomas Kahlenberg,,3,No Elo Data,
Thomas Mavros,,1,No Elo Data,
Thomas Meunier,,3,No Elo Data,
Thomas Máximo,,1,No Elo Data,
Thomas Müller,Germany,12,24.14,80.0
Thomas Nordahl,,1,No Elo Data,
Thomas Parits,,2,No Elo Data,
Thomas Partey,,4,No Elo Data,
Thomas Sjöberg,,3,No Elo Data,
Thomas Sunesson,,1,No Elo Data,
Thomas Ulimwengu,,2,No Elo Data,
Thompson Oliha,,1,No Elo Data,
Thompson Usiyan,,2,No Elo Data,
Thorgan Hazard,,4,No Elo Data,
Thorstein Helstad,,3,No Elo Data,
Thrizen Leader,,1,No Elo Data,
Thulani Hlatshwayo,,1,No Elo Data,
Thuwein Waziri,,1,No Elo Data,
Théo Bongonda,,2,No Elo Data,
Théo Hernandez,,2,No Elo Data,
Théodore Nzue Nguema,,1,No Elo Data,
Théophile Abega,,1,No Elo Data,
Tia Koffi,,1,No Elo Data,
Tiberio Godoy,,2,No Elo Data,
Tibor Jančula,,5,No Elo Data,
Tibor Nyilasi,,9,No Elo Data,
Tibor Vigh,,1,No Elo Data,
Tico-Tico,,3,No Elo Data,
Tigran Barseghyan,,4,No Elo Data,
Tijan Jaiteh,,2,No Elo Data,
Tijani Babangida,,1,No Elo Data,
Tijjani Reijnders,,2,No Elo Data,
Tim Bredbury,,1,No Elo Data,
Tim Cahill,,20,No Elo Data,
Tim Kleindienst,Germany,1,-61.0,81.0
Tim Matavž,,5,No Elo Data,
Tim Payne,,1,No Elo Data,
Timmy Simons,,4,No Elo Data,
Timo Werner,Germany,2,-1.0,77.0
Timofei Kalachev,,4,No Elo Data,
Timote Moleni,,1,No Elo Data,
Timothy Castagne,Belgium,1,-139.0,76.0
Timur Kapadze,,2,No Elo Data,
Tin Jedvaj,Croatia,1,68.0,74.0
Tinol Christie,,1,No Elo Data,
Tiquanny Williams,,1,No Elo Data,
Tita,,3,No Elo Data,
Titi Camara,,6,No Elo Data,
Titus Buberník,,2,No Elo Data,
Titus Elva,,1,No Elo Data,
Titus Mulama,,1,No Elo Data,
Titus Ozon,,1,No Elo Data,
Tivadar Monostori,,1,No Elo Data,
Tjaronn Chery,,1,No Elo Data,
Tjay De Barr,,2,No Elo Data,
Toby Alderweireld,,1,No Elo Data,
Todi Jónsson,,3,No Elo Data,
Todor Diev,,2,No Elo Data,
Todor Nedelev,,4,No Elo Data,
Todor Veselinović,,2,No Elo Data,
Tokelo Rantie,,1,No Elo Data,
Tokhirjon Muminov,,1,No Elo Data,
Tol Kimchi,,1,No Elo Data,
Tolu Arokodare,,1,No Elo Data,
Tolutau Vane,,1,No Elo Data,
Tom Boyd,,2,No Elo Data,
Tom Finney,,1,No Elo Data,
Tom Høgli,,1,No Elo Data,
Tom Lawrence,,2,No Elo Data,
Tom Lund,,6,No Elo Data,
Tom McColl,,3,No Elo Data,
Tom McCulloch,,1,No Elo Data,
Tom Rogic,,3,No Elo Data,
Tom Sundby,,1,No Elo Data,
Tom Turesson,,2,No Elo Data,
Tomas Brolin,,7,No Elo Data,
Tomas Danilevičius,,4,No Elo Data,
Tomas Jun,,1,No Elo Data,
Tomas Ramelis,,4,No Elo Data,
Tomas Ražanauskas,,4,No Elo Data,
Tomas Žiukas,,1,No Elo Data,
Tomasz Frankowski,,4,No Elo Data,
Tomasz Hajto,,1,No Elo Data,
Tomasz Radzinski,,1,No Elo Data,
Tomasz Wałdoch,,1,No Elo Data,
Tome Faisi,,1,No Elo Data,
Tome Pačovski,,1,No Elo Data,
Tomer Hemed,,5,No Elo Data,
Tomislav Kaloperović,,1,No Elo Data,
Tommy Casey,,1,No Elo Data,
Tommy Coyne,,1,No Elo Data,
Tommy Lindholm,,1,No Elo Data,
Tommy Ring,,1,No Elo Data,
Tommy Semmy,,3,No Elo Data,
Tommy Smith,,2,No Elo Data,
Tommy Taylor,,3,No Elo Data,
Tomokazu Myojin,,1,No Elo Data,
Tomás Balcázar,,3,No Elo Data,
Tomás Fernández,Argentina,1,16.0,66.0
Tomás Gamboa,,1,No Elo Data,
Tomás Rincón,,1,No Elo Data,
Tomás Rodríguez,,1,No Elo Data,
Tomáš Bobček,Slovakia,1,No Elo Data,66.0
Tomáš Chorý,Czechia,1,No Elo Data,75.0
Tomáš Holeš,Czechia,1,No Elo Data,76.0
Tomáš Hübschman,,1,No Elo Data,
Tomáš Necid,,3,No Elo Data,
Tomáš Pekhart,,1,No Elo Data,
Tomáš Pospíchal,,2,No Elo Data,
Tomáš Rigo,Slovakia,1,No Elo Data,70.0
Tomáš Rosický,,4,No Elo Data,
Tomáš Sivok,,1,No Elo Data,
Tomáš Skuhravý,,6,No Elo Data,
Tomáš Souček,Czechia,6,No Elo Data,78.0
Tomáš Suslov,Slovakia,3,No Elo Data,72.0
Toni Fruk,Croatia,1,46.0,75.0
Toni Kroos,,2,No Elo Data,
Toni Polster,,11,No Elo Data,
Tony Adams,,1,No Elo Data,
Tony Cascarino,,5,No Elo Data,
Tony Galvin,,1,No Elo Data,
Tony Grealish,,1,No Elo Data,
Tony Henderson,,1,No Elo Data,
Tony Laus,,1,No Elo Data,
Tony Mawejje,,2,No Elo Data,
Tony Persson,,1,No Elo Data,
Tony Senechal,,2,No Elo Data,
Tony Varjund,,1,No Elo Data,
Tony Woodcock,,3,No Elo Data,
Tony Yeboah,,4,No Elo Data,
Topu Barman,,1,No Elo Data,
Tor Fuglset,,1,No Elo Data,
Toral Bayramov,,2,No Elo Data,
Torbjörn Jonsson,,1,No Elo Data,
Tore André Dahlum,,1,No Elo Data,
Tore André Flo,,6,No Elo Data,
Tore Reginiussen,,1,No Elo Data,
Torkil Nielsen,,1,No Elo Data,
Tornike Okriashvili,,5,No Elo Data,
Tosaint Ricketts,,2,No Elo Data,
Toshio Iwatani,,1,No Elo Data,
Toshiya Fujita,,1,No Elo Data,
Tosin Aiyegun,Benin,1,No Elo Data,71.0
Tostão,,5,No Elo Data,
Toto Tamuz,,1,No Elo Data,
Traianos Dellas,,1,No Elo Data,
Tranquillo Barnetta,,1,No Elo Data,
Trayon Bobb,,2,No Elo Data,
Tremain Paul,,2,No Elo Data,
Trent Sainsbury,,2,No Elo Data,
Tressor Moreno,,2,No Elo Data,
Tresór Toropité,,1,No Elo Data,
Trevor Anderson,,1,No Elo Data,
Trevor Brooking,,1,No Elo Data,
Trevor Francis,,4,No Elo Data,
Trevor Peters,,1,No Elo Data,
Trifon Ivanov,,4,No Elo Data,
Troy Parrott,,4,No Elo Data,
Tryggvi Guðmundsson,,3,No Elo Data,
Trésor Mputu,,5,No Elo Data,
Trézéguet,,5,No Elo Data,
Trải Văn Đào,,1,No Elo Data,
Trần Phi Sơn,,1,No Elo Data,
Tsepo Lekhoana,,1,No Elo Data,
Tsepo Seturumane,,2,No Elo Data,
Tshepiso Molwantwa,,3,No Elo Data,
Tshering Dorji,,2,No Elo Data,
Tsukasa Shiotani,,1,No Elo Data,
Tuncay,,6,No Elo Data,
Tuncay Şanlı,,1,No Elo Data,
Tuomo Hakala,,1,No Elo Data,
Turbie Terblanche,,1,No Elo Data,
Turlough O'Connor,,1,No Elo Data,
Tursunali Rustamov,,2,No Elo Data,
Tutizama Tanito,,1,No Elo Data,
Tyio Simon,,1,No Elo Data,
Tymerlan Huseynov,,3,No Elo Data,
Tyrese Noslin,Curacao,1,No Elo Data,66.0
Tyrese Spicer,Trinidad and Tobago,1,No Elo Data,63.0
Tyrone Conraad,,1,No Elo Data,
Tyrone Loran,,1,No Elo Data,
Tyrone Marshall,,1,No Elo Data,
Tyrone White,,1,No Elo Data,
Témime Lahzami,,1,No Elo Data,
Túlio Maravilha,,1,No Elo Data,
Tümer Metin,,3,No Elo Data,
Ubaldo Cruche,,1,No Elo Data,
Uche Ikpeazu,,1,No Elo Data,
Uche Okechukwu,,1,No Elo Data,
Ul Radike Mateiwai,,1,No Elo Data,
Uladzimir Makowski,,2,No Elo Data,
Ulan Konysbayev,,1,No Elo Data,
Ulf Eriksson,,1,No Elo Data,
Ulf Kirsten,,8,No Elo Data,
Uli Hoeneß,,1,No Elo Data,
Ulises de la Cruz,,2,No Elo Data,
Ulrich Haynes,,1,No Elo Data,
Ulrich Kapolongo,,1,No Elo Data,
Ulrich Lepaye,,1,No Elo Data,
Ulugbek Bakayev,,3,No Elo Data,
Umar Sadiq,Nigeria,1,No Elo Data,77.0
Umberto Barberis,,2,No Elo Data,
Umut Bulut,,2,No Elo Data,
Umut Nayir,Turkey,1,54.0,70.0
Uni Arge,,2,No Elo Data,
Uri Malmilian,,1,No Elo Data,
Uriel Antuna,,2,No Elo Data,
Urmas Rooba,,1,No Elo Data,
Uwa Elderson Echiéjilé,,1,No Elo Data,
Uwe Rahn,,2,No Elo Data,
Uwe Seeler,,8,No Elo Data,
V. P. Sathyan,,1,No Elo Data,
V. Sundramoorthy,,1,No Elo Data,
Vadim Evseev,,1,No Elo Data,
Vadim Rață,Moldova,1,No Elo Data,63.0
Vadim Vasilyev,,2,No Elo Data,
Vaggelis Panakis,,1,No Elo Data,
Vagif Javadov,,3,No Elo Data,
Vahdat Hanonov,,1,No Elo Data,
Vahid Halilhodžić,,1,No Elo Data,
Vahid Hashemian,,2,No Elo Data,
Vakoun Issouf Bayo,Ivory Coast,1,48.0,69.0
Valdas Ivanauskas,,5,No Elo Data,
Valdes Pasolini,,1,No Elo Data,
Valdir Pereira,,1,No Elo Data,
Valentin Belkevich,,1,No Elo Data,
Valentin Ivanov,,1,No Elo Data,
Valentin Kozmich Ivanov,,4,No Elo Data,
Valentin Mihăilă,Romania,1,No Elo Data,72.0
Valentin Stocker,,2,No Elo Data,
Valentino Lazaro,,3,No Elo Data,
Valentín Mendoza,,1,No Elo Data,
Valeri Aleksanyan,,1,No Elo Data,
Valeri Bojinov,,1,No Elo Data,
Valeri Gromyko,,1,No Elo Data,
Valeri Qazaishvili,Georgia,5,No Elo Data,74.0
Valerian Gvilia,,1,No Elo Data,
Valerijus Mižigurskis,,1,No Elo Data,
Valeriu Andronic,,1,No Elo Data,
Valeriu Călinoiu,,1,No Elo Data,
Valeriu Pogorelov,,1,No Elo Data,
Valeriy Porkujan,,1,No Elo Data,
Valery Gromyko,,1,No Elo Data,
Valery Karpin,,4,No Elo Data,
Valery Kechinov,,2,No Elo Data,
Valery Kichin,,1,No Elo Data,
Valery Ondo,,1,No Elo Data,
Valery Voronin,,2,No Elo Data,
Valon Berisha,Kosovo,2,No Elo Data,68.0
Valter Birsa,,2,No Elo Data,
Valērijs Šabala,,4,No Elo Data,
Vangelis Pavlidis,Greece,1,No Elo Data,82.0
Vaniel Sirin,,1,No Elo Data,
Varazdat Haroyan,,3,No Elo Data,
Vasil Bozhikov,,1,No Elo Data,
Vasili Berezutski,,4,No Elo Data,
Vasili Kulkov,,2,No Elo Data,
Vasilije Adžić,Montenegro,1,No Elo Data,65.0
Vasilis Dimitriadis,,1,No Elo Data,
Vasilis Torosidis,,8,No Elo Data,
Vassilios Tsiartas,,4,No Elo Data,
Vassilis Lambropoulos,,1,No Elo Data,
Vassos Melanarkitis,,1,No Elo Data,
Vasyl Rats,,1,No Elo Data,
Vaughan Coveny,,6,No Elo Data,
Vavá,,4,No Elo Data,
Veaceslav Posmac,,1,No Elo Data,
Vedad Ibišević,,4,No Elo Data,
Vedat Muriqi,Kosovo,13,No Elo Data,79.0
Vedran Ćorluka,,1,No Elo Data,
Vegard Forren,,1,No Elo Data,
Veigar Páll Gunnarsson,,1,No Elo Data,
Veldin Hodža,,1,No Elo Data,
Velibor Vasović,,2,No Elo Data,
Velizar Dimitrov,,1,No Elo Data,
Venancio Ramos,,2,No Elo Data,
Ventsislav Hristov,,1,No Elo Data,
Veresa Toma,,6,No Elo Data,
Viacheslav Knizaev,,2,No Elo Data,
Vicente Aguirre,,3,No Elo Data,
Vicente Flores,,1,No Elo Data,
Vicente Guillot,,1,No Elo Data,
Vicente Matías Vuoso,,2,No Elo Data,
Vicente Pereda,,1,No Elo Data,
Vicente Rodríguez,,1,No Elo Data,
Vicente Sánchez,,3,No Elo Data,
Vicente Wanchope,,1,No Elo Data,
Vicente de la Mata,,2,No Elo Data,
Victor Agali,,2,No Elo Data,
Victor Froholdt,,1,No Elo Data,
Victor Ikpeba,,1,No Elo Data,
Victor Karpenko,,1,No Elo Data,
Victor Lemberechts,,1,No Elo Data,
Victor Lindelöf,,1,No Elo Data,
Victor Moses,,4,No Elo Data,
Victor Núñez,,1,No Elo Data,
Victor Obinna,,3,No Elo Data,
Victor Osimhen,,7,No Elo Data,
Victor Pițurcă,,1,No Elo Data,
Victor Pálsson,Iceland,2,No Elo Data,67.0
Victor Stînă,,1,No Elo Data,
Victorien Adebayor,,3,No Elo Data,
Vidadi Rzayev,,1,No Elo Data,
Vidar Davidsen,,1,No Elo Data,
Vidas Dančenka,,1,No Elo Data,
Viktor Claesson,,4,No Elo Data,
Viktor Fayzulin,,1,No Elo Data,
Viktor Gyökeres,,4,No Elo Data,
Viktor Kolotov,,4,No Elo Data,
Viktor Onopko,,2,No Elo Data,
Viktor Pečovský,,1,No Elo Data,
Viktor Ponedelnik,,4,No Elo Data,
Viktor Popov,Bulgaria,1,No Elo Data,68.0
Viktor Tsyhankov,,7,No Elo Data,
Viktor Zubarev,,1,No Elo Data,
Viliami Tikoipau,,1,No Elo Data,
Viliami Vaitaki,,1,No Elo Data,
Viljormur Davidsen,,3,No Elo Data,
Vilmos Kohut,,1,No Elo Data,
Vilmos Sebők,,1,No Elo Data,
Vilmos Vanczák,,2,No Elo Data,
Vincent Aboubakar,,11,No Elo Data,
Vincent Candela,,1,No Elo Data,
Vincent Casimir,,1,No Elo Data,
Vincent John,,1,No Elo Data,
Vincent Kompany,,1,No Elo Data,
Vincent Kwarula,,1,No Elo Data,
Vincent Laban,,2,No Elo Data,
Vincent Mutale,,1,No Elo Data,
Vincenzo Iaquinta,,1,No Elo Data,
Vinceroy Nelson,,1,No Elo Data,
Vinícius Júnior,,6,No Elo Data,
Viorel Frunză,,3,No Elo Data,
Viorel Mateianu,,1,No Elo Data,
Viorel Moldovan,,7,No Elo Data,
Virgil Ghiță,,1,No Elo Data,
Virgil Misidjan,,1,No Elo Data,
Virgil van Dijk,Netherlands,5,16.5,90.0
Virgilio Ferreira,,2,No Elo Data,
Virgilio Levratto,,1,No Elo Data,
Virgilio Sille,,1,No Elo Data,
Virgilio Sillie,,1,No Elo Data,
Virgiliu Postolachi,Moldova,1,No Elo Data,66.0
Virginijus Baltušnikas,,3,No Elo Data,
Virginio De Paoli,,1,No Elo Data,
Visar Musliu,North Macedonia,1,No Elo Data,68.0
Vita Lutonadio,,1,No Elo Data,
Vital Bulyga,,1,No Elo Data,
Vitali Kutuzov,,5,No Elo Data,
Vitali Rodionov,,2,No Elo Data,
Vitali Sparyshev,,1,No Elo Data,
Vitalie Damașcan,,1,No Elo Data,
Vitalij Lux,,3,No Elo Data,
Vitalis Takawira,,2,No Elo Data,
Vitaliy Khmelnytskyi,,1,No Elo Data,
Vitaliy Kosovskyi,,1,No Elo Data,
Vitaliy Mykolenko,,1,No Elo Data,
Vitaly Daraselia,,1,No Elo Data,
Vitaly Lisakovich,,4,No Elo Data,
Vitālijs Astafjevs,,3,No Elo Data,
Viðar Örn Kjartansson,,1,No Elo Data,
Vladan Lukić,,1,No Elo Data,
Vladica Kovačević,,1,No Elo Data,
Vladimir Bayramov,,1,No Elo Data,
Vladimir Beschastnykh,,6,No Elo Data,
Vladimir Bystrov,,2,No Elo Data,
Vladimir Dvalishvili,,1,No Elo Data,
Vladimir Edouard,,1,No Elo Data,
Vladimir Fedotov,,2,No Elo Data,
Vladimir Jugović,,1,No Elo Data,
Vladimir Koman,,1,No Elo Data,
Vladimir Kragić,,1,No Elo Data,
Vladimir Loginov,,1,No Elo Data,
Vladimir Maminov,,1,No Elo Data,
Vladimir Muntyan,,2,No Elo Data,
Vladimir Petrović,,2,No Elo Data,
Vladimir Shishelov,,1,No Elo Data,
Vladimir Voskoboinikov,,1,No Elo Data,
Vladimiro Schettina,,1,No Elo Data,
Vladimirs Babičevs,,3,No Elo Data,
Vladimirs Kamešs,,1,No Elo Data,
Vladimirs Koļesņičenko,,1,No Elo Data,
Vladimír Coufal,Czechia,1,No Elo Data,73.0
Vladimír Darida,,2,No Elo Data,
Vladimír Hagara,,1,No Elo Data,
Vladimír Hruška,,1,No Elo Data,
Vladimír Labant,,2,No Elo Data,
Vladimír Táborský,,1,No Elo Data,
Vladimír Weiss,,4,No Elo Data,
Vladimír Šmicer,,8,No Elo Data,
Vladislav Baboglo,,2,No Elo Data,
Vladislav Malkevich,,1,No Elo Data,
Vladislav Morozov,,1,No Elo Data,
Vladislav Radimov,,1,No Elo Data,
Vladislavs Gutkovskis,Latvia,4,No Elo Data,64.0
Vladyslav Vanat,Ukraine,2,No Elo Data,76.0
Vlastimil Bubník,,2,No Elo Data,
Vlatko Stojanovski,,1,No Elo Data,
Vokhid Shodiev,,1,No Elo Data,
Voldemārs Plade,,1,No Elo Data,
Volodymyr Muntyan,,1,No Elo Data,
Volodymyr Onyshchenko,,1,No Elo Data,
Volodymyr Yezerskiy,,1,No Elo Data,
Vratislav Greško,,1,No Elo Data,
Vratislav Lokvenc,,3,No Elo Data,
Vurlon Mills,,1,No Elo Data,
Vyacheslav Amin,,1,No Elo Data,
Vyacheslav Sukristov,,1,No Elo Data,
Vykintas Slivka,,2,No Elo Data,
Vytautas Andriuškevičius,,1,No Elo Data,
Václav Daněk,,3,No Elo Data,
Václav Němeček,,4,No Elo Data,
Václav Pilař,,3,No Elo Data,
Václav Svěrkoš,,1,No Elo Data,
Václav Černý,Czechia,1,No Elo Data,77.0
Vágner Love,,1,No Elo Data,
Vénuste Baboula,,1,No Elo Data,
Víctor Aguayo,,1,No Elo Data,
Víctor Aristizábal,,6,No Elo Data,
Víctor Bonilla,,2,No Elo Data,
Víctor Celestino Algañaraz,,1,No Elo Data,
Víctor Espárrago,,1,No Elo Data,
Víctor Pacheco,,1,No Elo Data,
Víctor Pedraza,,1,No Elo Data,
Víctor Rangel,,2,No Elo Data,
Víctor René Mendieta Ocampo,,2,No Elo Data,
Víctor Rogelio Ramos,,1,No Elo Data,
Víctor Ruiz,,3,No Elo Data,
Víctor Turcios,,1,No Elo Data,
Víctor Ugarte,,2,No Elo Data,
Víctor Velásquez,,1,No Elo Data,
Víctor Zegarra,,1,No Elo Data,
Vítor Baía,,1,No Elo Data,
Vüqar Nadirov,,1,No Elo Data,
Vīts Rimkus,,1,No Elo Data,
Wael Nazha,,1,No Elo Data,
Wagdan Mahmoud Shadli,,1,No Elo Data,
Wagner Lopes,,2,No Elo Data,
Wahbi Khazri,,6,No Elo Data,
Wahyt Orazsähedow,,1,No Elo Data,
Waldemar Victorino,,1,No Elo Data,
Waldir Guerra,,1,No Elo Data,
Waldo Ponce,,2,No Elo Data,
Waleed Ali,,2,No Elo Data,
Waleed Hamzah,,2,No Elo Data,
Waleed Salim Al-Lami,,1,No Elo Data,
Walid Abbas,,2,No Elo Data,
Walid Abu Al-Sel,,3,No Elo Data,
Walid Al-Nasser,,1,No Elo Data,
Walid Badir,,4,No Elo Data,
Walieldin Khedr,,1,No Elo Data,
Walt Schmotolocha,,1,No Elo Data,
Walter Ayoví,,2,No Elo Data,
Walter Bahr,,1,No Elo Data,
Walter Bakouma,,1,No Elo Data,
Walter Boyd,,2,No Elo Data,
Walter Casagrande,,2,No Elo Data,
Walter Centeno,,7,No Elo Data,
Walter Dietrich,,1,No Elo Data,
Walter Julián Martínez,,2,No Elo Data,
Walter Pearson,,1,No Elo Data,
Walter Samuel,,1,No Elo Data,
Walter Schachner,,8,No Elo Data,
Wan Chi Keung,,2,No Elo Data,
Wang Baoshan,,2,No Elo Data,
Wang Jilian,,1,No Elo Data,
Wang Lu,,1,No Elo Data,
Wang Rui,,1,No Elo Data,
Wang Shangyuan,China PR,1,No Elo Data,66.0
Wang Yudong,China PR,1,No Elo Data,60.0
Ward Al Salama,,1,No Elo Data,
Warner Brown,,1,No Elo Data,
Warren Archibald,,2,No Elo Data,
Warren Caddy,,2,No Elo Data,
Warren Feeney,,2,No Elo Data,
Warren Granados,,1,No Elo Data,
Warren Madrigal,,1,No Elo Data,
Wartan Ghazarian,,1,No Elo Data,
Waseem Al-Bzour,,1,No Elo Data,
Washington,United States,1,-56.0,62.0
Washington Muñoz,,2,No Elo Data,
Washington Puente,,1,No Elo Data,
Wasieu Sounmonu,,1,No Elo Data,
Wataru Endo,Japan,1,-16.0,79.0
Wayne Rooney,,16,No Elo Data,
Webster Chikabala,,2,No Elo Data,
Wellington Sánchez,,1,No Elo Data,
Wensley Christoph,,2,No Elo Data,
Werner Heine,,1,No Elo Data,
Werner Krämer,,1,No Elo Data,
Werner Otto,,1,No Elo Data,
Wes McLeod,,1,No Elo Data,
Wesam Rizik,,1,No Elo Data,
Wesley Marquette,,1,No Elo Data,
Wesley Robinson,,1,No Elo Data,
Wesley Sneijder,,11,No Elo Data,
Wesley Sonck,,6,No Elo Data,
Wessam Abou Ali,Denmark,3,No Elo Data,67.0
Weston McKennie,,3,No Elo Data,
Widodo Cahyono Putro,,3,No Elo Data,
Wilberforce Mfum,,3,No Elo Data,
Wilbur Cush,,1,No Elo Data,
Wilde-Donald Guerrier,,3,No Elo Data,
Wilfred de Lanoy,,1,No Elo Data,
Wilfredo Alvarado,,1,No Elo Data,
Wilfredo Camacho,,2,No Elo Data,
Wilfried Bony,,6,No Elo Data,
Wilfried Puis,,2,No Elo Data,
Wilfried Urbain Elvis Endzanga,,2,No Elo Data,
Wilfried Van Moer,,4,No Elo Data,
Wilfried Zaha,,1,No Elo Data,
Wilhelm Kreuz,,2,No Elo Data,
Wilko Risser,,1,No Elo Data,
Will Johnson,England,1,35.0,52.0
Willi Lippens,,1,No Elo Data,
Willi Orbán,,4,No Elo Data,
William Carvalho,,3,No Elo Data,
William Chiroque,,1,No Elo Data,
William François,,1,No Elo Data,
William Gallas,,1,No Elo Data,
William Jebor,,1,No Elo Data,
William N'Gounou,,1,No Elo Data,
William Ouma,,3,No Elo Data,
William Ramallo,,1,No Elo Data,
William Renderos Iraheta,,3,No Elo Data,
William Sango,,1,No Elo Data,
William Sunsing,,2,No Elo Data,
William Troost-Ekong,,4,No Elo Data,
William Wilson,,1,No Elo Data,
Willian,Brazil,1,-3.0,78.0
Willie August Marango,,1,No Elo Data,
Willie Irvine,,1,No Elo Data,
Willie Klutse,,2,No Elo Data,
Willington Ortiz,,4,No Elo Data,
Willy Brokamp,,1,No Elo Data,
Willy Jäggi,,2,No Elo Data,
Willy Semedo,,1,No Elo Data,
Willy Stephanus,,1,No Elo Data,
Willy Tröger,,1,No Elo Data,
Willy van de Kerkhof,,2,No Elo Data,
Willy van der Kuijlen,,2,No Elo Data,
Wilmar Cabrera,,2,No Elo Data,
Wilmer Cabrera,,1,No Elo Data,
Wilmer Velásquez,,3,No Elo Data,
Wilson Chevalier,,1,No Elo Data,
Wilson Gaspar,,1,No Elo Data,
Wilson Oruma,,1,No Elo Data,
Wilson Palacios,,1,No Elo Data,
Wim Jansen,,1,No Elo Data,
Wim Jonk,,1,No Elo Data,
Wim Kieft,,3,No Elo Data,
Wim Rijsbergen,,1,No Elo Data,
Wim van Hanegem,,2,No Elo Data,
Winston Kalengo,,1,No Elo Data,
Winston Parks,,1,No Elo Data,
Winston Reid,,1,No Elo Data,
Winston Roberts,,1,No Elo Data,
Wissem Ben Yahia,,1,No Elo Data,
Witi,Mozambique,2,No Elo Data,68.0
Witson Nyirenda,,1,No Elo Data,
Witthaya Laohakul,,1,No Elo Data,
Wladimir Baýramow,,1,No Elo Data,
Wojciech Kowalczyk,,1,No Elo Data,
Wole Odegbami,,1,No Elo Data,
Wolfgang Overath,,3,No Elo Data,
Wolfgang Weber,,1,No Elo Data,
Wolfram Löwe,,1,No Elo Data,
Wong Chi-keung,,1,No Elo Data,
Wong Wai,,1,No Elo Data,
Woo Sang-kwon,,1,No Elo Data,
Wout Weghorst,,6,No Elo Data,
Wouter Brokke,,1,No Elo Data,
Wu Chun-ching,,2,No Elo Data,
Wu Kwok Hung,,1,No Elo Data,
Wu Lei,China PR,8,No Elo Data,71.0
Wu Wei'an,,1,No Elo Data,
Wu Xi,China PR,2,No Elo Data,70.0
Wun Chee Keung,,1,No Elo Data,
Wynton Rufer,,2,No Elo Data,
Wálter Flores,,1,No Elo Data,
Włodzimierz Lubański,,5,No Elo Data,
Włodzimierz Smolarek,,5,No Elo Data,
Xabi Alonso,,4,No Elo Data,
Xaver Schlager,Austria,1,21.0,80.0
Xavi,,4,No Elo Data,
Xavi Simons,,1,No Elo Data,
Xavier Chen,,1,No Elo Data,
Xavier Samin,,1,No Elo Data,
Xherdan Shaqiri,Switzerland,11,27.22,78.0
Xiao Zhi,,2,No Elo Data,
Xie Hui,,2,No Elo Data,
Xie Yuxin,,1,No Elo Data,
Xu Deshuai,,1,No Elo Data,
Xu Hong,China PR,2,No Elo Data,48.0
Xu Yonglai,,1,No Elo Data,
Xu Yunlong,,3,No Elo Data,
Yacine Bezzaz,,1,No Elo Data,
Yacine Brahimi,,1,No Elo Data,
Yahya Al-Shehri,,3,No Elo Data,
Yahya Golmohammadi,,2,No Elo Data,
Yahya Madon,,1,No Elo Data,
Yakubu,Ghana,5,1.25,71.0
Yakubu Mambo,,1,No Elo Data,
Yamba Asha,,1,No Elo Data,
Yan Vorogovsky,,2,No Elo Data,
Yang Chen,,1,No Elo Data,
Yang Xu,,3,No Elo Data,
Yang Zhaohui,,1,No Elo Data,
Yangel Herrera,,1,No Elo Data,
Yanik Frick,,1,No Elo Data,
Yankuba Minteh,Gambia,1,No Elo Data,77.0
Yann Sommer,Switzerland,1,56.0,87.0
Yannick Aristide,,1,No Elo Data,
Yannick Bolasie,,2,No Elo Data,
Yannick Carrasco,,2,No Elo Data,
Yannick Semedo,,1,No Elo Data,
Yannick Stopyra,,2,No Elo Data,
Yaqoob Juma Al-Mukhaini,,2,No Elo Data,
Yarden Shua,,1,No Elo Data,
Yaser Hamed,,1,No Elo Data,
Yaser Kasim,,1,No Elo Data,
Yaser Salem Ali,,4,No Elo Data,
Yasin Ayari,,1,No Elo Data,
Yasser Al-Qahtani,,7,No Elo Data,
Yasser Al-Shahrani,,2,No Elo Data,
Yasser Baldé,,1,No Elo Data,
Yasser Ibrahim,,1,No Elo Data,
Yasser Radwan,,2,No Elo Data,
Yassine Chikhaoui,,3,No Elo Data,
Yassine Meriah,,1,No Elo Data,
Yasuhito Endō,,3,No Elo Data,
Yasuyuki Konno,,1,No Elo Data,
Yasuyuki Kuwahara,,1,No Elo Data,
Yatma Diouck,,1,No Elo Data,
Yaya Touré,,3,No Elo Data,
Yazan Al-Arab,,4,No Elo Data,
Yazan Al-Naimat,,5,No Elo Data,
Ye Nyunt,,1,No Elo Data,
Yeferson Soteldo,,1,No Elo Data,
Yegor Titov,,4,No Elo Data,
Yehoshua Glazer,,4,No Elo Data,
Yeltsin Tejeda,,1,No Elo Data,
Yerkebulan Seydakhmet,,1,No Elo Data,
Yerry Mina,,7,No Elo Data,
Yervand Krbachyan,,1,No Elo Data,
Yevgeniy Yablonskiy,,2,No Elo Data,
Yevhen Konoplyanka,,1,No Elo Data,
Yevhen Seleznyov,,2,No Elo Data,
Yiannos Ioannou,,1,No Elo Data,
Yiasoumis Yiasoumi,,1,No Elo Data,
Yngve Brodd,,2,No Elo Data,
Yoane Wissa,DR Congo,5,28.33,82.0
Yoann Gourcuff,,1,No Elo Data,
Yoann Langlet,,1,No Elo Data,
Yoel Bárcenas,,1,No Elo Data,
Yohan Roche,,1,No Elo Data,
Yohance Marshall,,1,No Elo Data,
Yong Jin-Li,,1,No Elo Data,
Yoo Sang-chul,,3,No Elo Data,
Yoon Bit-garam,,1,No Elo Data,
Yordan Letchkov,,2,No Elo Data,
Yoshinori Muto,,1,No Elo Data,
Yoshito Ōkubo,,1,No Elo Data,
Yossi Abukasis,,1,No Elo Data,
Yossi Benayoun,,8,No Elo Data,
Youcef Belaïli,,3,No Elo Data,
Younis Mahmoud,,9,No Elo Data,
Younès Belhanda,,1,No Elo Data,
Youri Djorkaeff,,5,No Elo Data,
Youri Mulder,,2,No Elo Data,
Youri Tielemans,Belgium,5,-31.67,85.0
Yousef Aboloya,,1,No Elo Data,
Yousef Al-Rawashdeh,,1,No Elo Data,
Yousef Aymen,,1,No Elo Data,
Yousef Nasser,,10,No Elo Data,
Youssef Amyn,,1,No Elo Data,
Youssef Chippo,,1,No Elo Data,
Youssef El-Arabi,,3,No Elo Data,
Youssef En-Nesyri,Morocco,6,23.67,82.0
Youssef Farhat,,1,No Elo Data,
Youssef Fertout,,1,No Elo Data,
Youssef Mohamad,,1,No Elo Data,
Youssef Mokhtari,,3,No Elo Data,
Youssef Msakni,,5,No Elo Data,
Youssef Safri,,3,No Elo Data,
Youssouf Abdi Ahmed,,1,No Elo Data,
Youssouf Arouna,,1,No Elo Data,
Youssouf Fofana,France,1,28.0,81.0
Youssouf Hadji,,4,No Elo Data,
Youssouf M'Changama,,1,No Elo Data,
Youssoufou Niakaté,,1,No Elo Data,
Yousuf Al-Thunayan,,1,No Elo Data,
Yousuf Jazea'a,,1,No Elo Data,
Yousuf Saleh Al-Alawi,,2,No Elo Data,
Yousuf Shaaban,,1,No Elo Data,
Ysrael Zúñiga,,2,No Elo Data,
Yssouf Koné,,2,No Elo Data,
Yu Chia-huang,,1,No Elo Data,
Yu Dabao,,3,No Elo Data,
Yu Genwei,,1,No Elo Data,
Yu Hai,,3,No Elo Data,
Yu Song-chol,,1,No Elo Data,
Yu Yao-hsing,,1,No Elo Data,
Yuen Kuen-Chu,,1,No Elo Data,
Yuji Nakazawa,,4,No Elo Data,
Yukhym Konoplya,Ukraine,1,No Elo Data,72.0
Yuki Abe,,1,No Elo Data,
Yun Jong-su,,2,No Elo Data,
Yunus Akgün,Turkey,1,54.0,78.0
Yura Movsisyan,,5,No Elo Data,
Yuri Chesnokov,,1,No Elo Data,
Yuri Gavrilov,,1,No Elo Data,
Yuri Kovtun,,1,No Elo Data,
Yuriy Kalitvintsev,,1,No Elo Data,
Yuriy Maksymov,,1,No Elo Data,
Yuriy Nikiforov,,2,No Elo Data,
Yuriy Pertsukh,,1,No Elo Data,
Yuriy Voynov,,1,No Elo Data,
Yury Gazinsky,,1,No Elo Data,
Yury Kavalyow,,1,No Elo Data,
Yury Kendysh,,1,No Elo Data,
Yusef Ahmed,,1,No Elo Data,
Yussuf Poulsen,,5,No Elo Data,
Yusuf A'Amer Al Sadi,,2,No Elo Data,
Yusuf Abdurisag,Qatar,1,146.0,65.0
Yusuf Rabiev,,1,No Elo Data,
Yusuf Yazıcı,Turkey,1,54.0,75.0
Yutaka Akita,,2,No Elo Data,
Yuya Kubo,Japan,1,-48.0,70.0
Yuya Osako,,6,No Elo Data,
Yvan Rajoarimanana,,1,No Elo Data,
Yvandro Borges Sanches,Luxembourg,1,No Elo Data,63.0
Yves Bissouma,Mali,1,No Elo Data,78.0
Yves Herbet,,1,No Elo Data,
Yves Vanderhaeghe,,1,No Elo Data,
Yves Yuvuladio,,1,No Elo Data,
Yéremy Pino,Spain,1,-6.0,80.0
Yıldıray Baştürk,,1,No Elo Data,
Zach Muscat,,2,No Elo Data,
Zahi Armeli,,1,No Elo Data,
Zaid Qunbar,,1,No Elo Data,
Zainal Abidin Hassan,,2,No Elo Data,
Zakaria Sanogo,,1,No Elo Data,
Zayed Sultan,,1,No Elo Data,
Zbigniew Boniek,,4,No Elo Data,
Zdeněk Grygera,,1,No Elo Data,
Zdeněk Nehoda,,8,No Elo Data,
Zdeněk Ondrášek,,1,No Elo Data,
Zeca,Brazil,1,26.0,73.0
Zeiko Lewis,,2,No Elo Data,
Zeki Amdouni,Switzerland,1,-87.0,75.0
Zhang Enhua,,1,No Elo Data,
Zhang Linpeng,China PR,2,No Elo Data,62.0
Zhang Xiaowen,,1,No Elo Data,
Zhang Yuning,China PR,3,No Elo Data,66.0
Zhao Dayu,,2,No Elo Data,
Zhao Faqing,,1,No Elo Data,
Zheng Zhi,South Korea,4,26.75,65.0
Zhu Chenjie,China PR,1,No Elo Data,70.0
Ziad Jaziri,,3,No Elo Data,
Ziad Tlemçani,,3,No Elo Data,
Zico,,6,No Elo Data,
Zico Tumba,,1,No Elo Data,
Zidane Banjaqui,,1,No Elo Data,
Zidane Iqbal,Iraq,1,-2.0,68.0
Zineddine Belaïd,,1,No Elo Data,
Zinedine Zidane,France,8,26.29,71.0
Zinho,,1,No Elo Data,
Zini,,2,No Elo Data,
Zisis Vryzas,,2,No Elo Data,
Zito,,1,No Elo Data,
Ziyad Al-Kord,,1,No Elo Data,
Zizi Roberts,,2,No Elo Data,
Zizinho,,3,No Elo Data,
Zlatan Bajramović,,1,No Elo Data,
Zlatan Ibrahimović,,17,No Elo Data,
Zlatan Muslimović,,2,No Elo Data,
Zlatko Dedić,,3,No Elo Data,
Zlatko Junuzović,,1,No Elo Data,
Zlatko Kranjčar,,1,No Elo Data,
Zlatko Vujović,,5,No Elo Data,
Zlatko Zahovič,,14,No Elo Data,
Zola Matumona,,1,No Elo Data,
Zoltan Crişan,,2,No Elo Data,
Zoltán Böőr,,1,No Elo Data,
Zoltán Gera,,8,No Elo Data,
Zoltán Halmosi,,1,No Elo Data,
Zoltán Kereki,,1,No Elo Data,
Zoltán Kovács,,1,No Elo Data,
Zoltán Lipták,,1,No Elo Data,
Zoltán Péter,,1,No Elo Data,
Zoltán Stieber,,1,No Elo Data,
Zoran Boškovski,,1,No Elo Data,
Zoran Filipović,,1,No Elo Data,
Zoran Janković,,1,No Elo Data,
Zoran Mirković,,1,No Elo Data,
Zoran Tošić,,5,No Elo Data,
Zoran Vujović,,1,No Elo Data,
Zoubeir Baya,,3,No Elo Data,
Zouheir Dhaouadi,,1,No Elo Data,
Zsolt Kalmár,,1,No Elo Data,
Zuhair Bakheet,,3,No Elo Data,
Zulkarnaen Zainal,,1,No Elo Data,
Zulkifli Hamzah,,2,No Elo Data,
Zuriko Davitashvili,Georgia,3,No Elo Data,74.0
Zvenyika Makonese,,1,No Elo Data,
Zvezdan Cvetković,,1,No Elo Data,
Zvezdan Čebinac,,2,No Elo Data,
Zvi Farkash,,1,No Elo Data,
Zvjezdan Misimović,,5,No Elo Data,
Zvonimir Boban,,3,No Elo Data,
Zvonimir Vukić,,2,No Elo Data,
Zvonko Ivezić,,1,No Elo Data,
Zyad Chaabo,,1,No Elo Data,
Zé Roberto,,2,No Elo Data,
Ádám Gyurcsó,,1,No Elo Data,
Ádám Szalai,,11,No Elo Data,
Ákos Buzsáky,,1,No Elo Data,
Álex Aguinaga,,9,No Elo Data,
Álex Baena,Spain,1,-7.0,84.0
Álvaro Cascante,,2,No Elo Data,
Álvaro Morata,,12,No Elo Data,
Álvaro Negredo,,2,No Elo Data,
Álvaro Pereira,,1,No Elo Data,
Álvaro Recoba,,3,No Elo Data,
Álvaro Saborío,,8,No Elo Data,
Ángel Berni,,1,No Elo Data,
Ángel Cabrera,,1,No Elo Data,
Ángel Di María,,6,No Elo Data,
Ángel Guirado,,2,No Elo Data,
Ángel Jara Saguier,,1,No Elo Data,
Ángel Labruna,,4,No Elo Data,
Ángel María Villar,,1,No Elo Data,
Ángel Mena,,4,No Elo Data,
Ángel Piedra,,1,No Elo Data,
Ángel Romano,,2,No Elo Data,
Ángel Romero,,2,No Elo Data,
Ángel Sepúlveda,,2,No Elo Data,
Ári Jónsson,Iceland,1,No Elo Data,65.0
Árni Frederiksberg,,1,No Elo Data,
Árni Sveinsson,,1,No Elo Data,
Ásgeir Sigurvinsson,,2,No Elo Data,
Åge Hareide,,1,No Elo Data,
Éder,,2,No Elo Data,
Éder Aleixo de Assis,,2,No Elo Data,
Édgar Benítez,,3,No Elo Data,
Édison Méndez,,10,No Elo Data,
Édouard Crut,,1,No Elo Data,
Élmer Ponciano,,1,No Elo Data,
Émerson Ferreira da Rosa,,1,No Elo Data,
Émile Mpenza,,2,No Elo Data,
Émile Veinante,,1,No Elo Data,
Éric Pécout,,1,No Elo Data,
Étienne Capoue,,1,No Elo Data,
Étienne N'tsunda,,1,No Elo Data,
Éver Banega,,1,No Elo Data,
Éverton Ribeiro,,2,No Elo Data,
Ísak Bergmann Jóhannesson,Iceland,1,No Elo Data,73.0
Ítalo Díaz,,1,No Elo Data,
Óscar Alfaro,,1,No Elo Data,
Óscar Cardozo,,3,No Elo Data,
Óscar Castellanos,,1,No Elo Data,
Óscar Duarte,,1,No Elo Data,
Óscar Gómez Sánchez,,8,No Elo Data,
Óscar Míguez,,7,No Elo Data,
Óscar Rojas,,1,No Elo Data,
Óscar Romero,,1,No Elo Data,
Óscar Santis,,2,No Elo Data,
Óscar Sonejee,,1,No Elo Data,
Óscar Ulloa,,1,No Elo Data,
Örjan Martinsson,,1,No Elo Data,
Örjan Persson,,2,No Elo Data,
Øssur Hansen,,2,No Elo Data,
Øyvind Leonhardsen,,4,No Elo Data,
Ümit Davala,,2,No Elo Data,
Ümit Karan,,1,No Elo Data,
Ünal Karaman,,1,No Elo Data,
Þorvaldur Örlygsson,,2,No Elo Data,
Þórir Jóhann Helgason,Iceland,1,No Elo Data,69.0
Þórður Guðjónsson,,4,No Elo Data,
Đỗ Duy Mạnh,,1,No Elo Data,
Ēriks Pētersons,,7,No Elo Data,
Ēriks Raisters,,1,No Elo Data,
Ģirts Karlsons,,4,No Elo Data,
İlhan Mansız,,2,No Elo Data,
İlkay Gündoğan,Germany,4,-10.33,83.0
İlyas Tüfekçi,,1,No Elo Data,
İrfan Kahveci,,3,No Elo Data,
İsmail Arca,,1,No Elo Data,
İsmail Yüksek,Turkey,1,-15.0,77.0
Ľubomír Michalík,,1,No Elo Data,
Ľubomír Moravčík,,1,No Elo Data,
Ľubomír Reiter,,4,No Elo Data,
Ľubomír Šatka,Slovakia,1,No Elo Data,70.0
Łukasz Piszczek,,1,No Elo Data,
Şanazar Tirkişow,,1,No Elo Data,
Ştefan Sameş,,2,No Elo Data,
Štěpán Vachoušek,,1,No Elo Data,
Žan Vipotnik,Slovenia,3,No Elo Data,68.0
Žarko Odžakov,,1,No Elo Data,
Žarko Tomašević,,2,No Elo Data,
Željko Čajkovski,,1,No Elo Data,
Ștefan Baiaram,Romania,1,No Elo Data,70.0
Ștefan Bodișteanu,Moldova,1,No Elo Data,66.0
Ștefan Dobay,,2,No Elo Data,
Ștefan Iovan,,1,No Elo Data,
