year,snapshot_date,country,rank,rating,rank_max,rating_max,rank_avg,rating_avg,rank_min,rating_min,matches_total,matches_home,matches_away,matches_neutral,wins,losses,draws,goals_for,goals_against,confederation
1901,12/31/1901,England,1,2013,1,2079,2,1989,2,1889,73,38,35,0,46,16,11,262,102,UEFA
1901,12/31/1901,Scotland,2,1973,1,2104,1,2018,2,1926,74,37,37,0,53,9,12,277,101,UEFA
1902,12/31/1902,Argentina,1,2021,1,2021,1,2021,1,2021,1,0,1,0,1,0,0,6,0,CONMEBOL
1902,12/31/1902,England,2,1995,1,2079,2,1989,2,1889,77,39,38,0,47,16,14,266,105,UEFA
1902,12/31/1902,Scotland,3,1983,1,2104,1,2017,3,1926,79,39,40,0,56,9,14,293,106,UEFA
1902,12/31/1902,Austria,4,1914,4,1914,4,1914,4,1914,1,1,0,0,1,0,0,5,0,UEFA
1902,12/31/1902,Uruguay,6,1879,4,1879,5,1879,6,1879,1,1,0,0,0,1,0,0,6,CONMEBOL
1903,12/31/1903,Argentina,1,2005,1,2021,1,2018,1,2005,2,1,1,0,1,1,0,8,3,CONMEBOL
1903,12/31/1903,England,2,1968,1,2079,2,1989,2,1889,80,42,38,0,49,17,14,273,108,UEFA
1903,12/31/1903,Scotland,3,1956,1,2104,2,2015,3,1926,82,40,42,0,58,10,14,296,109,UEFA
1903,12/31/1903,Austria,4,1917,4,1917,4,1912,4,1906,3,2,1,0,2,1,0,11,5,UEFA
1903,12/31/1903,Uruguay,5,1895,4,1895,6,1882,7,1879,2,1,1,0,1,1,0,3,8,CONMEBOL
1904,12/31/1904,Argentina,1,2005,1,2021,1,2013,1,2005,2,1,1,0,1,1,0,8,3,CONMEBOL
1904,12/31/1904,England,2,1981,1,2079,2,1988,3,1889,83,42,41,0,51,17,15,279,111,UEFA
1904,12/31/1904,Austria,3,1910,3,1917,4,1912,4,1903,5,3,2,0,3,2,0,16,12,UEFA
1904,12/31/1904,Scotland,4,1898,1,2104,2,2012,5,1898,85,42,43,0,58,11,16,298,112,UEFA
1904,12/31/1904,Uruguay,6,1895,4,1895,6,1888,7,1879,2,1,1,0,1,1,0,3,8,CONMEBOL
1904,12/31/1904,Belgium,8,1790,8,1790,8,1790,8,1790,1,1,0,0,0,0,1,3,3,UEFA
1904,12/31/1904,France,9,1610,9,1610,9,1610,9,1610,1,0,1,0,0,0,1,3,3,UEFA
1905,12/31/1905,Argentina,1,1997,1,2021,1,2009,1,1997,3,2,1,0,1,1,1,8,3,CONMEBOL
1905,12/31/1905,England,2,1973,1,2079,2,1988,3,1889,86,45,41,0,53,17,16,284,113,UEFA
1905,12/31/1905,Netherlands,3,1936,3,1936,3,1935,3,1925,2,1,1,0,2,0,0,8,1,UEFA
1905,12/31/1905,Austria,4,1912,3,1917,4,1911,4,1903,6,3,3,0,3,2,1,16,12,UEFA
1905,12/31/1905,Uruguay,5,1903,4,1903,6,1891,7,1879,3,1,2,0,1,1,1,3,8,CONMEBOL
1905,12/31/1905,Scotland,8,1841,1,2104,2,2007,8,1841,88,43,45,0,59,13,16,303,116,UEFA
1905,12/31/1905,Belgium,9,1763,8,1790,8,1779,9,1763,4,3,1,0,1,2,1,11,11,UEFA
1905,12/31/1905,France,10,1606,9,1615,9,1609,10,1606,3,1,2,0,1,1,1,4,10,UEFA
1905,12/31/1905,Switzerland,13,1495,11,1495,12,1495,13,1495,1,0,1,0,0,1,0,0,1,UEFA
1906,12/31/1906,Argentina,1,2008,1,2021,1,2007,1,1980,6,4,2,0,3,2,1,12,5,CONMEBOL
1906,12/31/1906,England,2,1973,1,2079,2,1987,3,1889,90,45,45,0,56,18,16,306,115,UEFA
1906,12/31/1906,Austria,4,1901,3,1917,4,1911,4,1901,7,3,4,0,3,3,1,17,15,UEFA
1906,12/31/1906,Netherlands,6,1879,3,1936,4,1913,7,1879,4,2,2,0,2,2,0,10,9,UEFA
1906,12/31/1906,South Africa,7,1847,7,1847,8,1845,10,1817,2,0,2,0,2,0,0,7,1,CAF
1906,12/31/1906,Uruguay,8,1845,4,1903,6,1888,8,1845,6,3,3,0,1,4,1,5,18,CONMEBOL
1906,12/31/1906,Belgium,9,1837,8,1837,9,1792,9,1763,7,4,3,0,4,2,1,24,13,UEFA
1906,12/31/1906,Scotland,10,1820,1,2104,2,2001,10,1785,91,45,46,0,61,14,16,306,119,UEFA
1906,12/31/1906,France,11,1578,9,1615,10,1603,11,1578,5,3,2,0,1,3,1,4,30,UEFA
1906,12/31/1906,Switzerland,14,1495,11,1495,13,1495,14,1495,1,0,1,0,0,1,0,0,1,UEFA
1907,12/31/1907,Argentina,1,2025,1,2025,1,2008,1,1980,8,5,3,0,5,2,1,16,7,CONMEBOL
1907,12/31/1907,England,2,1979,1,2079,2,1987,3,1889,95,49,46,0,59,18,18,329,120,UEFA
1907,12/31/1907,Austria,4,1900,3,1917,4,1910,4,1900,9,4,5,0,4,4,1,21,20,UEFA
1907,12/31/1907,Netherlands,6,1848,3,1936,5,1896,7,1848,8,4,4,0,3,5,0,17,32,UEFA
1907,12/31/1907,South Africa,7,1847,7,1847,7,1847,10,1817,2,0,2,0,2,0,0,7,1,CAF
1907,12/31/1907,Uruguay,8,1828,4,1903,6,1879,8,1828,8,4,4,0,1,6,1,7,22,CONMEBOL
1907,12/31/1907,Belgium,9,1815,8,1837,9,1799,10,1763,10,6,4,0,5,4,1,28,19,UEFA
1907,12/31/1907,Scotland,10,1810,1,2104,2,1996,10,1785,94,46,48,0,62,15,17,310,121,UEFA
1907,12/31/1907,France,12,1595,9,1615,10,1599,12,1578,6,3,3,0,2,3,1,6,31,UEFA
1907,12/31/1907,Switzerland,14,1495,11,1495,13,1495,14,1495,1,0,1,0,0,1,0,0,1,UEFA
1908,12/31/1908,England,1,2146,1,2146,2,1989,3,1889,109,53,56,0,72,18,19,417,130,UEFA
1908,12/31/1908,Argentina,2,2001,1,2026,1,2010,3,1980,11,7,4,0,6,3,2,20,11,CONMEBOL
1908,12/31/1908,Netherlands,4,1904,3,1936,5,1892,7,1848,14,7,6,1,8,6,0,35,42,UEFA
1908,12/31/1908,Austria,7,1865,3,1917,4,1906,7,1865,14,8,6,0,6,7,1,33,44,UEFA
1908,12/31/1908,Uruguay,8,1852,4,1903,6,1872,9,1827,11,5,6,0,2,7,2,11,26,CONMEBOL
1908,12/31/1908,South Africa,9,1847,7,1847,7,1847,10,1817,2,0,2,0,2,0,0,7,1,CAF
1908,12/31/1908,Scotland,10,1835,1,2104,2,1991,10,1785,97,48,49,0,64,15,18,318,123,UEFA
1908,12/31/1908,Belgium,11,1771,8,1837,9,1795,11,1763,15,9,6,0,7,7,1,36,36,UEFA
1908,12/31/1908,Germany,12,1669,11,1680,12,1670,13,1669,3,1,2,0,0,3,0,6,13,UEFA
1908,12/31/1908,Sweden,13,1657,11,1704,12,1683,13,1657,6,2,3,1,1,5,0,17,30,UEFA
1908,12/31/1908,France,14,1573,9,1615,11,1597,14,1573,11,4,6,1,3,7,1,11,67,UEFA
1908,12/31/1908,Switzerland,17,1505,11,1505,14,1497,17,1485,3,2,1,0,1,2,0,6,6,UEFA
1908,12/31/1908,Norway,20,1396,19,1396,19,1396,20,1396,1,0,1,0,0,1,0,3,11,UEFA
1909,12/31/1909,England,1,2207,1,2207,2,1994,3,1889,122,60,62,0,85,18,19,505,138,UEFA
1909,12/31/1909,Argentina,2,2012,1,2026,1,2009,3,1980,14,9,5,0,8,3,3,27,15,CONMEBOL
1909,12/31/1909,Netherlands,4,1920,3,1936,5,1898,7,1848,18,9,8,1,10,8,0,44,57,UEFA
1909,12/31/1909,Austria,7,1852,3,1917,4,1899,8,1848,18,10,8,0,6,9,3,40,59,UEFA
1909,12/31/1909,South Africa,8,1847,7,1847,8,1847,10,1817,2,0,2,0,2,0,0,7,1,CAF
1909,12/31/1909,Uruguay,9,1841,4,1903,7,1869,9,1827,14,6,8,0,2,9,3,15,33,CONMEBOL
1909,12/31/1909,Scotland,10,1807,1,2104,3,1986,10,1785,100,49,51,0,65,17,18,325,128,UEFA
1909,12/31/1909,Belgium,11,1742,8,1837,9,1787,11,1736,19,11,8,0,8,10,1,45,57,UEFA
1909,12/31/1909,Germany,12,1678,11,1680,12,1673,13,1667,6,2,4,0,1,4,1,10,25,UEFA
1909,12/31/1909,Sweden,13,1656,11,1704,13,1665,13,1656,7,2,4,1,1,6,0,17,37,UEFA
1909,12/31/1909,France,15,1564,9,1615,12,1592,15,1564,13,5,7,1,3,9,1,13,83,UEFA
1909,12/31/1909,Switzerland,17,1499,11,1505,14,1498,17,1485,5,3,2,0,1,4,0,6,16,UEFA
1909,12/31/1909,Norway,20,1396,19,1396,20,1396,20,1396,1,0,1,0,0,1,0,3,11,UEFA
1910,12/31/1910,England,1,2149,1,2207,2,1998,3,1889,132,62,70,0,91,20,21,541,152,UEFA
1910,12/31/1910,Argentina,3,1946,1,2026,1,2008,3,1946,21,14,7,0,12,5,4,46,28,CONMEBOL
1910,12/31/1910,Netherlands,4,1927,3,1936,4,1902,7,1848,22,11,10,1,13,9,0,59,63,UEFA
1910,12/31/1910,Uruguay,5,1915,4,1915,7,1867,9,1827,19,7,11,1,5,10,4,29,41,CONMEBOL
1910,12/31/1910,Austria,8,1848,3,1917,5,1894,8,1848,20,11,9,0,7,10,3,42,63,UEFA
1910,12/31/1910,Scotland,9,1832,1,2104,3,1982,10,1781,103,51,52,0,67,18,18,328,129,UEFA
1910,12/31/1910,South Africa,10,1821,7,1847,8,1844,10,1817,5,3,2,0,2,3,0,12,16,CAF
1910,12/31/1910,Belgium,11,1783,8,1837,10,1785,11,1736,24,13,11,0,11,11,2,57,68,UEFA
1910,12/31/1910,Sweden,13,1667,11,1704,13,1663,14,1656,8,2,5,1,2,6,0,21,37,UEFA
1910,12/31/1910,Germany,14,1658,11,1686,12,1672,14,1658,10,4,6,0,2,7,1,16,36,UEFA
1910,12/31/1910,France,16,1543,9,1615,12,1586,16,1543,16,6,9,1,3,12,1,16,103,UEFA
1910,12/31/1910,Switzerland,18,1490,11,1505,15,1497,18,1485,7,4,3,0,1,6,0,9,25,UEFA
1910,12/31/1910,Norway,22,1385,19,1396,20,1395,22,1385,2,1,1,0,0,2,0,3,15,UEFA
1911,12/31/1911,England,1,2147,1,2207,2,2002,3,1889,141,67,74,0,98,20,23,564,157,UEFA
1911,12/31/1911,Netherlands,3,1950,3,1958,4,1909,7,1848,25,13,11,1,15,10,0,67,66,UEFA
1911,12/31/1911,Argentina,4,1939,1,2026,2,2002,5,1926,27,16,11,0,15,7,5,54,37,CONMEBOL
1911,12/31/1911,Uruguay,5,1922,4,1935,7,1872,9,1827,25,11,13,1,7,13,5,38,49,CONMEBOL
1911,12/31/1911,Austria,8,1852,3,1917,5,1890,8,1848,23,12,11,0,9,11,3,47,67,UEFA
1911,12/31/1911,Scotland,9,1847,1,2104,3,1979,10,1781,106,52,54,0,68,18,20,333,132,UEFA
1911,12/31/1911,South Africa,10,1821,7,1847,8,1840,10,1817,5,3,2,0,2,3,0,12,16,CAF
1911,12/31/1911,Belgium,11,1760,8,1837,10,1782,11,1736,29,16,13,0,13,14,2,68,82,UEFA
1911,12/31/1911,Sweden,12,1691,11,1704,13,1664,14,1648,12,4,7,1,5,7,0,35,45,UEFA
1911,12/31/1911,Germany,14,1648,11,1687,12,1671,14,1648,17,9,8,0,4,11,2,32,53,UEFA
1911,12/31/1911,Switzerland,17,1543,11,1549,15,1502,18,1485,14,8,6,0,4,9,1,24,48,UEFA
1911,12/31/1911,France,18,1529,9,1615,13,1578,19,1517,22,9,12,1,4,16,2,25,124,UEFA
1911,12/31/1911,Norway,23,1381,19,1396,21,1392,23,1381,3,1,2,0,0,3,0,4,19,UEFA
1912,12/31/1912,England,1,2213,1,2213,2,2007,3,1889,150,69,78,3,106,20,24,598,162,UEFA
1912,12/31/1912,Netherlands,3,1977,3,2003,4,1916,7,1848,34,15,15,4,21,12,1,98,89,UEFA
1912,12/31/1912,Uruguay,5,1935,4,1968,6,1878,9,1827,31,14,16,1,10,15,6,48,57,CONMEBOL
1912,12/31/1912,Argentina,6,1926,1,2026,2,1995,6,1893,33,19,14,0,17,10,6,62,47,CONMEBOL
1912,12/31/1912,Scotland,7,1873,1,2104,3,1976,10,1781,109,54,55,0,70,18,21,339,134,UEFA
1912,12/31/1912,Austria,9,1827,3,1917,5,1885,10,1816,31,13,13,5,13,14,4,63,81,UEFA
1912,12/31/1912,South Africa,10,1821,7,1847,9,1837,10,1817,5,3,2,0,2,3,0,12,16,CAF
1912,12/31/1912,Belgium,11,1742,8,1837,10,1778,11,1736,35,19,16,0,14,18,3,83,97,UEFA
1912,12/31/1912,Germany,12,1689,11,1723,13,1672,14,1642,25,10,12,3,6,15,4,64,77,UEFA
1912,12/31/1912,Sweden,13,1649,11,1708,13,1665,14,1646,18,9,8,1,8,9,1,53,56,UEFA
1912,12/31/1912,France,17,1562,9,1615,13,1575,19,1517,25,11,13,1,6,16,3,34,129,UEFA
1912,12/31/1912,Switzerland,19,1515,11,1549,16,1504,20,1485,17,9,8,0,4,12,1,28,63,UEFA
1912,12/31/1912,Norway,24,1374,19,1396,21,1389,24,1364,9,3,3,3,1,8,0,9,40,UEFA
1913,12/31/1913,England,1,2174,1,2213,2,2011,3,1889,157,72,82,3,111,22,24,614,171,UEFA
1913,12/31/1913,Netherlands,4,1943,3,2003,4,1920,7,1848,38,17,17,4,22,14,2,106,99,UEFA
1913,12/31/1913,Argentina,5,1942,1,2026,2,1989,6,1893,45,26,19,0,22,14,9,84,63,CONMEBOL
1913,12/31/1913,Uruguay,6,1921,4,1968,6,1883,9,1827,42,18,23,1,14,19,9,64,77,CONMEBOL
1913,12/31/1913,Scotland,7,1867,1,2104,3,1973,10,1781,112,54,58,0,71,19,22,341,136,UEFA
1913,12/31/1913,South Africa,9,1821,7,1847,9,1835,10,1817,5,3,2,0,2,3,0,12,16,CAF
1913,12/31/1913,Austria,10,1803,3,1917,6,1878,10,1803,34,15,14,5,14,16,4,69,89,UEFA
1913,12/31/1913,Belgium,11,1800,8,1837,10,1778,11,1736,42,23,19,0,19,19,4,103,106,UEFA
1913,12/31/1913,Germany,12,1651,11,1723,12,1672,14,1642,29,13,13,3,6,19,4,68,92,UEFA
1913,12/31/1913,Sweden,13,1649,11,1708,13,1663,14,1646,24,11,12,1,10,12,2,67,78,UEFA
1913,12/31/1913,France,17,1587,9,1615,14,1576,19,1517,30,14,15,1,9,18,3,48,137,UEFA
1913,12/31/1913,Switzerland,20,1504,11,1549,16,1505,20,1485,21,11,10,0,5,15,1,32,72,UEFA
1913,12/31/1913,Norway,25,1379,19,1396,22,1386,25,1364,12,4,5,3,1,9,2,11,51,UEFA
1914,12/31/1914,England,1,2073,1,2213,2,2013,3,1889,164,73,88,3,115,25,24,635,182,UEFA
1914,12/31/1914,Netherlands,4,1955,3,2003,4,1924,7,1848,42,19,19,4,24,15,3,121,111,UEFA
1914,12/31/1914,Argentina,5,1935,1,2026,2,1985,6,1893,52,31,21,0,25,17,10,97,72,CONMEBOL
1914,12/31/1914,Uruguay,6,1918,4,1968,6,1886,9,1827,47,20,26,1,16,21,10,72,87,CONMEBOL
1914,12/31/1914,Brazil,7,1910,7,1910,7,1909,7,1889,2,0,2,0,1,1,0,1,3,CONMEBOL
1914,12/31/1914,Scotland,8,1886,1,2104,3,1971,10,1781,115,56,59,0,72,19,24,345,138,UEFA
1914,12/31/1914,Austria,10,1826,3,1917,6,1874,10,1801,38,17,16,5,15,17,6,74,93,UEFA
1914,12/31/1914,South Africa,11,1821,7,1847,9,1833,11,1817,5,3,2,0,2,3,0,12,16,CAF
1914,12/31/1914,Belgium,12,1752,8,1837,10,1776,12,1736,46,25,21,0,19,23,4,111,126,UEFA
1914,12/31/1914,Germany,13,1659,11,1723,12,1670,14,1642,30,13,14,3,6,19,5,72,96,UEFA
1914,12/31/1914,Sweden,14,1646,11,1708,13,1660,14,1636,32,18,13,1,13,15,4,84,99,UEFA
1914,12/31/1914,France,19,1568,9,1615,14,1576,19,1517,35,16,18,1,10,21,4,59,154,UEFA
1914,12/31/1914,Switzerland,22,1505,11,1549,17,1505,22,1485,24,12,12,0,5,16,3,35,76,UEFA
1914,12/31/1914,Norway,26,1377,19,1396,23,1385,26,1364,16,7,6,3,2,11,3,14,61,UEFA
1915,12/31/1915,England,1,2073,1,2213,2,2014,3,1889,164,73,88,3,115,25,24,635,182,UEFA
1915,12/31/1915,Netherlands,3,1955,3,2003,4,1927,7,1848,42,19,19,4,24,15,3,121,111,UEFA
1915,12/31/1915,Argentina,5,1940,1,2026,3,1982,6,1893,56,33,23,0,27,18,11,102,77,CONMEBOL
1915,12/31/1915,Uruguay,6,1913,4,1968,6,1888,9,1827,51,22,28,1,17,23,11,77,92,CONMEBOL
1915,12/31/1915,Brazil,7,1910,6,1910,7,1910,7,1889,2,0,2,0,1,1,0,1,3,CONMEBOL
1915,12/31/1915,Scotland,8,1886,1,2104,3,1969,10,1781,115,56,59,0,72,19,24,345,138,UEFA
1915,12/31/1915,Austria,10,1849,3,1917,6,1871,10,1801,42,19,18,5,17,19,6,86,105,UEFA
1915,12/31/1915,South Africa,11,1821,7,1847,9,1832,11,1817,5,3,2,0,2,3,0,12,16,CAF
1915,12/31/1915,Belgium,12,1752,8,1837,10,1774,12,1736,46,25,21,0,19,23,4,111,126,UEFA
1915,12/31/1915,Germany,13,1659,11,1723,12,1669,14,1642,30,13,14,3,6,19,5,72,96,UEFA
1915,12/31/1915,Sweden,14,1641,11,1708,13,1658,14,1636,36,20,15,1,14,17,5,90,106,UEFA
1915,12/31/1915,France,19,1568,9,1615,15,1575,20,1517,35,16,18,1,10,21,4,59,154,UEFA
1915,12/31/1915,Switzerland,22,1499,11,1549,17,1504,22,1485,25,12,13,0,5,17,3,36,79,UEFA
1915,12/31/1915,Norway,27,1377,19,1396,23,1384,27,1364,19,8,8,3,2,13,4,18,75,UEFA
1916,12/31/1916,England,1,2073,1,2213,2,2015,3,1889,164,73,88,3,115,25,24,635,182,UEFA
1916,12/31/1916,Argentina,3,1970,1,2026,3,1980,6,1893,65,39,26,0,33,19,13,124,86,CONMEBOL
1916,12/31/1916,Netherlands,4,1955,3,2003,4,1929,7,1848,42,19,19,4,24,15,3,121,111,UEFA
1916,12/31/1916,Uruguay,6,1890,4,1968,6,1889,10,1827,61,27,31,3,21,28,12,94,109,CONMEBOL
1916,12/31/1916,Brazil,7,1888,6,1910,7,1905,8,1873,6,0,4,2,2,2,2,5,7,CONMEBOL
1916,12/31/1916,Scotland,8,1886,1,2104,3,1967,10,1781,115,56,59,0,72,19,24,345,138,UEFA
1916,12/31/1916,Austria,9,1873,3,1917,7,1870,10,1801,46,21,20,5,19,20,7,96,113,UEFA
1916,12/31/1916,South Africa,11,1821,7,1847,9,1831,11,1817,5,3,2,0,2,3,0,12,16,CAF
1916,12/31/1916,Belgium,12,1765,8,1837,10,1773,12,1736,47,25,22,0,20,23,4,115,127,UEFA
1916,12/31/1916,United States,13,1705,13,1711,13,1706,13,1705,2,0,2,0,1,0,1,4,3,CONCACAF
1916,12/31/1916,Sweden,14,1663,11,1708,13,1657,16,1630,41,23,17,1,16,19,6,102,111,UEFA
1916,12/31/1916,Germany,15,1659,11,1723,13,1668,15,1642,30,13,14,3,6,19,5,72,96,UEFA
1916,12/31/1916,France,20,1555,9,1615,15,1574,20,1517,36,17,18,1,10,22,4,60,158,UEFA
1916,12/31/1916,Switzerland,23,1499,11,1549,18,1504,23,1485,25,12,13,0,5,17,3,36,79,UEFA
1916,12/31/1916,Norway,27,1380,19,1396,24,1383,28,1364,24,11,10,3,2,16,6,19,92,UEFA
1917,12/31/1917,England,1,2073,1,2213,1,2017,3,1889,164,73,88,3,115,25,24,635,182,UEFA
1917,12/31/1917,Argentina,3,1976,1,2026,3,1979,6,1893,72,41,29,2,37,21,14,133,91,CONMEBOL
1917,12/31/1917,Netherlands,5,1955,3,2003,4,1931,7,1848,42,19,19,4,24,15,3,121,111,UEFA
1917,12/31/1917,Uruguay,6,1943,4,1968,6,1890,10,1827,68,33,32,3,26,30,12,107,113,CONMEBOL
1917,12/31/1917,Scotland,7,1886,1,2104,4,1965,10,1781,115,56,59,0,72,19,24,345,138,UEFA
1917,12/31/1917,Brazil,9,1831,6,1910,7,1896,10,1830,10,0,6,4,3,5,2,13,18,CONMEBOL
1917,12/31/1917,South Africa,10,1821,7,1847,9,1830,11,1817,5,3,2,0,2,3,0,12,16,CAF
1917,12/31/1917,Austria,11,1816,3,1917,7,1869,11,1801,53,24,24,5,20,25,8,105,131,UEFA
1917,12/31/1917,Belgium,12,1774,8,1837,11,1773,12,1736,48,25,23,0,21,23,4,119,130,UEFA
1917,12/31/1917,United States,13,1705,13,1711,13,1705,13,1705,2,0,2,0,1,0,1,4,3,CONCACAF
1917,12/31/1917,Sweden,14,1668,11,1708,13,1658,16,1630,45,25,19,1,17,20,8,109,117,UEFA
1917,12/31/1917,Germany,15,1659,11,1723,13,1667,15,1642,30,13,14,3,6,19,5,72,96,UEFA
1917,12/31/1917,France,21,1555,9,1615,15,1572,21,1517,36,17,18,1,10,22,4,60,158,UEFA
1917,12/31/1917,Switzerland,23,1511,11,1549,18,1503,24,1485,27,14,13,0,6,18,3,39,82,UEFA
1917,12/31/1917,Norway,28,1378,19,1396,24,1383,28,1364,28,13,12,3,2,19,7,23,111,UEFA
1917,12/31/1917,Japan,31,1196,30,1275,31,1196,31,1196,2,2,0,0,0,2,0,2,20,AFC
1918,12/31/1918,England,1,2073,1,2213,1,2018,3,1889,164,73,88,3,115,25,24,635,182,UEFA
1918,12/31/1918,Argentina,4,1986,1,2026,3,1979,6,1893,78,44,32,2,39,22,17,140,97,CONMEBOL
1918,12/31/1918,Netherlands,5,1955,3,2003,4,1933,7,1848,42,19,19,4,24,15,3,121,111,UEFA
1918,12/31/1918,Uruguay,6,1933,4,1968,6,1893,10,1827,74,36,35,3,27,32,15,113,120,CONMEBOL
1918,12/31/1918,Scotland,7,1886,1,2104,4,1964,10,1781,115,56,59,0,72,19,24,345,138,UEFA
1918,12/31/1918,Brazil,9,1831,6,1910,8,1881,10,1830,10,0,6,4,3,5,2,13,18,CONMEBOL
1918,12/31/1918,South Africa,10,1821,7,1847,9,1829,11,1817,5,3,2,0,2,3,0,12,16,CAF
1918,12/31/1918,Austria,11,1788,3,1917,7,1865,11,1788,57,27,25,5,21,28,8,110,139,UEFA
1918,12/31/1918,Belgium,12,1777,8,1837,11,1773,12,1736,51,26,25,0,22,23,6,126,134,UEFA
1918,12/31/1918,United States,13,1705,13,1711,13,1705,13,1705,2,0,2,0,1,0,1,4,3,CONCACAF
1918,12/31/1918,Germany,14,1659,11,1723,13,1666,15,1642,30,13,14,3,6,19,5,72,96,UEFA
1918,12/31/1918,Sweden,15,1651,11,1708,13,1658,16,1630,49,27,21,1,18,23,8,113,124,UEFA
1918,12/31/1918,France,21,1550,9,1615,16,1571,21,1517,37,17,19,1,10,23,4,62,163,UEFA
1918,12/31/1918,Switzerland,23,1507,11,1549,18,1504,24,1485,29,14,15,0,6,20,3,41,89,UEFA
1918,12/31/1918,Norway,26,1417,19,1418,24,1384,28,1364,32,15,14,3,4,21,7,28,119,UEFA
1918,12/31/1918,Japan,31,1196,30,1275,31,1196,31,1196,2,2,0,0,0,2,0,2,20,AFC
1919,12/31/1919,England,1,2042,1,2213,1,2019,3,1889,169,75,91,3,117,26,26,645,190,UEFA
1919,12/31/1919,Uruguay,3,1977,2,1990,6,1896,10,1827,83,39,39,5,33,34,16,133,136,CONMEBOL
1919,12/31/1919,Argentina,5,1927,1,2026,3,1978,6,1893,91,46,41,4,45,28,18,173,123,CONMEBOL
1919,12/31/1919,Netherlands,6,1923,3,2003,4,1934,7,1848,45,20,21,4,25,16,4,126,117,UEFA
1919,12/31/1919,Brazil,7,1900,6,1910,8,1879,10,1830,15,5,6,4,6,5,4,28,24,CONMEBOL
1919,12/31/1919,Scotland,8,1882,1,2104,4,1962,10,1781,119,58,61,0,73,20,26,352,145,UEFA
1919,12/31/1919,South Africa,10,1821,7,1847,9,1829,11,1817,5,3,2,0,2,3,0,12,16,CAF
1919,12/31/1919,Austria,11,1802,3,1917,7,1861,12,1785,60,28,27,5,22,30,8,115,144,UEFA
1919,12/31/1919,Belgium,12,1770,8,1837,11,1773,13,1736,52,27,25,0,22,23,7,128,136,UEFA
1919,12/31/1919,Paraguay,13,1757,11,1786,13,1758,13,1757,4,4,0,0,0,4,0,3,12,CONMEBOL
1919,12/31/1919,United States,14,1705,13,1711,13,1705,14,1705,2,0,2,0,1,0,1,4,3,CONCACAF
1919,12/31/1919,Sweden,15,1663,11,1708,14,1658,16,1630,57,31,25,1,21,27,9,129,143,UEFA
1919,12/31/1919,Germany,16,1659,11,1723,13,1665,16,1642,30,13,14,3,6,19,5,72,96,UEFA
1919,12/31/1919,France,22,1557,9,1615,16,1570,22,1517,38,17,20,1,10,23,5,64,165,UEFA
1919,12/31/1919,Switzerland,24,1507,11,1549,19,1504,24,1485,29,14,15,0,6,20,3,41,89,UEFA
1919,12/31/1919,Norway,26,1490,19,1490,24,1389,28,1364,37,18,16,3,7,22,8,42,131,UEFA
1919,12/31/1919,Japan,32,1196,30,1275,31,1196,32,1196,2,2,0,0,0,2,0,2,20,AFC
1920,12/31/1920,Uruguay,1,2034,1,2034,6,1902,10,1827,89,40,42,7,37,35,17,147,140,CONMEBOL
1920,12/31/1920,Spain,2,2016,1,2026,2,2014,3,1963,5,0,1,4,4,1,0,9,5,UEFA
1920,12/31/1920,England,3,1954,1,2213,1,2018,4,1889,178,78,96,4,123,29,26,675,205,UEFA
1920,12/31/1920,Argentina,5,1933,1,2026,3,1975,7,1890,98,49,43,6,48,30,20,182,131,CONMEBOL
1920,12/31/1920,Belgium,7,1928,5,1928,11,1776,13,1736,57,31,26,0,26,24,7,140,140,UEFA
1920,12/31/1920,Czech Republic,8,1889,4,1925,7,1874,10,1867,11,3,5,3,4,5,2,30,27,UEFA
1920,12/31/1920,Scotland,9,1872,1,2104,4,1960,11,1781,122,59,63,0,74,21,27,360,151,UEFA
1920,12/31/1920,Netherlands,10,1846,3,2003,4,1931,11,1846,52,21,24,7,28,19,5,139,130,UEFA
1920,12/31/1920,Austria,11,1824,3,1917,8,1858,12,1785,63,30,28,5,24,30,9,122,149,UEFA
1920,12/31/1920,Brazil,12,1822,6,1910,8,1879,12,1822,19,5,8,6,7,8,4,30,35,CONMEBOL
1920,12/31/1920,South Africa,13,1782,7,1847,10,1827,13,1782,8,6,2,0,2,6,0,15,31,CAF
1920,12/31/1920,Paraguay,14,1757,11,1786,13,1757,14,1757,4,4,0,0,0,4,0,3,12,CONMEBOL
1920,12/31/1920,United States,15,1705,13,1711,13,1705,15,1705,2,0,2,0,1,0,1,4,3,CONCACAF
1920,12/31/1920,Egypt,16,1675,16,1675,16,1674,17,1664,2,0,0,2,1,1,0,5,4,CAF
1920,12/31/1920,Germany,18,1653,11,1723,14,1664,20,1637,33,14,16,3,7,21,5,76,103,UEFA
1920,12/31/1920,Sweden,19,1649,11,1708,14,1658,19,1630,66,35,27,4,24,32,10,150,154,UEFA
1920,12/31/1920,France,20,1621,9,1640,16,1571,23,1517,45,19,22,4,14,26,5,84,185,UEFA
1920,12/31/1920,Switzerland,26,1560,11,1560,19,1506,27,1485,34,18,16,0,10,21,3,51,93,UEFA
1920,12/31/1920,Norway,27,1535,19,1569,25,1398,28,1364,43,20,17,6,8,25,10,47,142,UEFA
1920,12/31/1920,Japan,37,1196,30,1275,32,1196,37,1196,2,2,0,0,0,2,0,2,20,AFC
1921,12/31/1921,Spain,1,2024,1,2026,2,2017,3,1963,7,2,1,4,6,1,0,14,6,UEFA
1921,12/31/1921,Uruguay,2,1990,1,2034,6,1908,10,1827,93,41,43,9,39,37,17,154,146,CONMEBOL
1921,12/31/1921,Argentina,3,1961,1,2026,3,1973,7,1890,105,52,47,6,52,31,22,195,138,CONMEBOL
1921,12/31/1921,England,5,1926,1,2213,2,2017,8,1889,182,78,100,4,124,30,28,678,209,UEFA
1921,12/31/1921,Scotland,6,1925,1,2104,4,1959,11,1781,125,61,64,0,77,21,27,367,152,UEFA
1921,12/31/1921,Czech Republic,8,1884,4,1925,7,1875,10,1867,13,5,5,3,5,5,3,38,30,UEFA
1921,12/31/1921,Belgium,9,1882,5,1930,11,1783,13,1736,62,35,27,0,27,27,8,146,149,UEFA
1921,12/31/1921,Netherlands,10,1865,3,2003,5,1926,11,1842,57,23,27,7,30,19,8,150,134,UEFA
1921,12/31/1921,Austria,11,1846,3,1917,8,1857,12,1785,69,32,32,5,27,30,12,139,160,UEFA
1921,12/31/1921,Brazil,12,1839,6,1910,8,1872,14,1810,22,5,9,8,8,10,4,34,38,CONMEBOL
1921,12/31/1921,South Africa,14,1782,7,1847,10,1824,15,1782,8,6,2,0,2,6,0,15,31,CAF
1921,12/31/1921,Paraguay,15,1751,11,1817,14,1761,15,1751,10,6,2,2,2,7,1,12,26,CONMEBOL
1921,12/31/1921,United States,17,1705,13,1711,14,1705,17,1705,2,0,2,0,1,0,1,4,3,CONCACAF
1921,12/31/1921,Portugal,18,1698,18,1698,18,1698,18,1698,1,0,1,0,0,1,0,1,3,UEFA
1921,12/31/1921,Egypt,20,1675,16,1675,17,1675,20,1664,2,0,0,2,1,1,0,5,4,CAF
1921,12/31/1921,Germany,22,1653,11,1723,14,1663,22,1637,36,15,18,3,7,22,7,82,112,UEFA
1921,12/31/1921,France,24,1607,9,1640,17,1573,24,1517,50,22,24,4,15,30,5,92,197,UEFA
1921,12/31/1921,Sweden,27,1592,11,1708,14,1655,27,1580,75,39,32,4,24,37,14,158,174,UEFA
1921,12/31/1921,Norway,29,1580,19,1582,25,1410,29,1364,47,22,19,6,11,26,10,57,148,UEFA
1921,12/31/1921,Switzerland,31,1557,11,1560,20,1509,31,1485,38,20,18,0,10,23,5,55,100,UEFA
1921,12/31/1921,Japan,44,1170,30,1275,33,1193,44,1170,5,2,2,1,0,5,0,3,30,AFC
1922,12/31/1922,Spain,1,2034,1,2034,1,2022,3,1963,9,2,3,4,8,1,0,20,7,UEFA
1922,12/31/1922,Uruguay,2,1996,1,2034,6,1912,10,1827,104,44,48,12,45,39,20,171,158,CONMEBOL
1922,12/31/1922,Scotland,3,1930,1,2104,4,1958,11,1781,128,62,66,0,79,22,27,371,155,UEFA
1922,12/31/1922,England,5,1912,1,2213,2,2015,8,1889,185,81,100,4,126,31,28,681,210,UEFA
1922,12/31/1922,Brazil,6,1899,6,1910,9,1869,14,1805,29,12,9,8,12,10,7,46,42,CONMEBOL
1922,12/31/1922,Czech Republic,7,1897,4,1925,7,1876,10,1867,17,5,9,3,7,6,4,47,35,UEFA
1922,12/31/1922,Argentina,8,1891,1,2026,3,1971,8,1890,118,57,52,9,56,38,24,214,157,CONMEBOL
1922,12/31/1922,Belgium,9,1882,5,1930,10,1789,13,1736,67,37,30,0,29,29,9,155,156,UEFA
1922,12/31/1922,Austria,11,1845,3,1917,8,1856,13,1785,75,35,35,5,29,31,15,154,170,UEFA
1922,12/31/1922,Netherlands,13,1812,3,2003,5,1922,13,1812,61,25,29,7,31,22,8,153,145,UEFA
1922,12/31/1922,South Africa,14,1782,7,1847,10,1821,15,1782,8,6,2,0,2,6,0,15,31,CAF
1922,12/31/1922,Paraguay,15,1751,11,1817,14,1759,15,1751,16,6,5,5,4,10,2,18,35,CONMEBOL
1922,12/31/1922,United States,17,1705,13,1711,14,1705,17,1705,2,0,2,0,1,0,1,4,3,CONCACAF
1922,12/31/1922,Portugal,18,1694,18,1698,18,1698,19,1694,2,1,1,0,0,2,0,2,5,UEFA
1922,12/31/1922,Germany,20,1677,11,1723,14,1664,22,1637,39,17,19,3,8,22,9,86,114,UEFA
1922,12/31/1922,Egypt,22,1675,16,1675,19,1675,22,1664,2,0,0,2,1,1,0,5,4,CAF
1922,12/31/1922,Sweden,23,1643,11,1708,15,1652,29,1579,82,43,35,4,27,39,16,171,181,UEFA
1922,12/31/1922,Norway,26,1607,19,1634,25,1423,29,1364,53,26,21,6,14,27,12,72,158,UEFA
1922,12/31/1922,Switzerland,27,1600,11,1600,20,1512,32,1485,43,21,22,0,11,24,8,66,112,UEFA
1922,12/31/1922,France,28,1598,9,1640,17,1575,28,1517,53,24,25,4,16,32,5,94,209,UEFA
1922,12/31/1922,Australia,32,1572,30,1586,31,1573,32,1572,3,0,3,0,0,2,1,3,7,AFC
1922,12/31/1922,New Zealand,34,1528,34,1528,34,1527,35,1514,3,3,0,0,2,0,1,7,3,OFC
1922,12/31/1922,Japan,48,1170,30,1275,36,1189,48,1170,5,2,2,1,0,5,0,3,30,AFC
1923,12/31/1923,Spain,1,2027,1,2036,1,2023,3,1963,12,4,4,4,10,2,0,26,8,UEFA
1923,12/31/1923,Uruguay,2,1999,1,2034,5,1916,10,1827,116,52,52,12,50,41,25,189,172,CONMEBOL
1923,12/31/1923,Scotland,3,1943,1,2104,4,1958,11,1781,131,64,67,0,81,22,28,376,157,UEFA
1923,12/31/1923,Czech Republic,5,1913,4,1925,7,1878,10,1867,21,8,10,3,10,6,5,64,40,UEFA
1923,12/31/1923,England,6,1904,1,2213,2,2013,8,1889,193,82,107,4,129,33,31,702,225,UEFA
1923,12/31/1923,Argentina,7,1903,1,2026,3,1968,10,1855,134,66,57,11,63,42,29,241,177,CONMEBOL
1923,12/31/1923,Belgium,8,1897,5,1930,10,1794,13,1736,73,41,32,0,32,30,11,167,166,UEFA
1923,12/31/1923,Brazil,10,1869,6,1910,8,1872,14,1805,35,12,12,11,14,14,7,52,49,CONMEBOL
1923,12/31/1923,Netherlands,12,1820,3,2003,5,1916,13,1812,65,28,30,7,33,22,10,166,148,UEFA
1923,12/31/1923,Austria,13,1805,3,1917,8,1854,13,1785,81,38,38,5,31,34,16,159,179,UEFA
1923,12/31/1923,South Africa,14,1782,7,1847,10,1819,15,1782,8,6,2,0,2,6,0,15,31,CAF
1923,12/31/1923,Paraguay,15,1767,11,1817,14,1760,15,1751,22,6,8,8,6,14,2,24,44,CONMEBOL
1923,12/31/1923,United States,17,1705,13,1711,15,1705,18,1705,2,0,2,0,1,0,1,4,3,CONCACAF
1923,12/31/1923,Mexico,18,1701,16,1708,18,1701,20,1687,6,3,3,0,4,1,1,15,10,CONCACAF
1923,12/31/1923,Portugal,20,1691,18,1698,19,1696,20,1691,3,1,2,0,0,3,0,2,8,UEFA
1923,12/31/1923,Egypt,21,1675,16,1675,20,1675,22,1664,2,0,0,2,1,1,0,5,4,CAF
1923,12/31/1923,Sweden,22,1665,11,1708,16,1652,29,1579,90,48,38,4,31,42,17,191,201,UEFA
1923,12/31/1923,Germany,23,1661,11,1723,15,1664,24,1637,45,20,22,3,10,25,10,92,122,UEFA
1923,12/31/1923,Norway,25,1614,19,1634,25,1435,29,1364,59,29,24,6,16,30,13,82,166,UEFA
1923,12/31/1923,Switzerland,27,1598,11,1621,21,1517,32,1485,50,24,26,0,12,28,10,77,131,UEFA
1923,12/31/1923,New Zealand,32,1572,32,1572,34,1542,35,1514,6,3,3,0,4,1,1,15,8,OFC
1923,12/31/1923,Australia,34,1562,30,1586,33,1566,35,1528,12,9,3,0,5,5,2,27,24,AFC
1923,12/31/1923,France,35,1560,9,1640,18,1575,35,1517,59,27,28,4,16,37,6,99,232,UEFA
1923,12/31/1923,Turkey,38,1500,37,1500,38,1500,38,1500,1,1,0,0,0,0,1,2,2,UEFA
1923,12/31/1923,Japan,50,1144,30,1275,38,1184,50,1144,7,4,2,1,0,7,0,5,37,AFC
1924,12/31/1924,Uruguay,1,2032,1,2065,5,1920,10,1827,132,59,57,16,60,44,28,225,185,CONMEBOL
1924,12/31/1924,Spain,2,1972,1,2036,1,2015,3,1963,15,5,5,5,11,3,1,28,10,UEFA
1924,12/31/1924,Argentina,3,1954,1,2026,3,1966,10,1855,146,69,64,13,68,45,33,257,187,CONMEBOL
1924,12/31/1924,Scotland,4,1912,1,2104,4,1957,11,1781,134,65,69,0,82,23,29,379,160,UEFA
1924,12/31/1924,England,5,1902,1,2213,2,2010,10,1867,200,88,108,4,134,34,32,720,234,UEFA
1924,12/31/1924,Sweden,6,1891,5,1893,15,1661,29,1579,106,53,44,9,42,44,20,254,227,UEFA
1924,12/31/1924,Brazil,7,1869,6,1910,8,1872,14,1805,35,12,12,11,14,14,7,52,49,CONMEBOL
1924,12/31/1924,Czech Republic,8,1866,3,1925,7,1878,10,1856,26,9,11,6,13,7,6,76,45,UEFA
1924,12/31/1924,Austria,11,1842,3,1917,8,1853,13,1785,91,43,43,5,37,36,18,189,192,UEFA
1924,12/31/1924,Netherlands,13,1790,3,2003,6,1910,15,1783,74,31,31,12,36,25,13,181,159,UEFA
1924,12/31/1924,Paraguay,14,1777,11,1817,14,1762,18,1747,27,8,9,10,8,16,3,31,52,CONMEBOL
1924,12/31/1924,Belgium,15,1776,5,1930,10,1795,16,1736,81,44,36,1,34,34,13,179,184,UEFA
1924,12/31/1924,Switzerland,16,1775,11,1795,21,1527,32,1485,60,27,27,6,19,29,12,102,140,UEFA
1924,12/31/1924,South Africa,17,1769,7,1847,11,1817,17,1769,13,6,7,0,3,10,0,22,41,CAF
1924,12/31/1924,Mexico,20,1701,16,1708,19,1701,23,1687,6,3,3,0,4,1,1,15,10,CONCACAF
1924,12/31/1924,Egypt,21,1692,16,1761,20,1678,25,1664,7,0,2,5,3,4,0,19,17,CAF
1924,12/31/1924,Portugal,22,1691,18,1698,20,1694,24,1691,3,1,2,0,0,3,0,2,8,UEFA
1924,12/31/1924,United States,23,1689,13,1713,15,1704,25,1689,6,0,4,2,3,2,1,9,11,CONCACAF
1924,12/31/1924,Germany,25,1671,11,1723,15,1665,25,1637,52,24,25,3,13,28,11,102,135,UEFA
1924,12/31/1924,Curaçao,26,1609,26,1609,26,1609,27,1609,1,0,1,0,1,0,0,4,0,CONCACAF
1924,12/31/1924,Canada,28,1603,26,1612,28,1602,29,1589,6,0,6,0,2,3,1,8,9,CONCACAF
1924,12/31/1924,New Zealand,30,1572,30,1572,33,1554,35,1514,6,3,3,0,4,1,1,15,8,OFC
1924,12/31/1924,Norway,32,1566,19,1634,25,1445,33,1364,63,31,26,6,16,34,13,84,179,UEFA
1924,12/31/1924,France,34,1563,9,1640,19,1575,35,1517,66,32,30,4,18,42,6,110,247,UEFA
1924,12/31/1924,Australia,35,1559,30,1586,34,1564,36,1528,18,15,3,0,8,7,3,36,32,AFC
1924,12/31/1924,Turkey,39,1515,37,1541,39,1512,40,1491,7,1,5,1,3,3,1,15,16,UEFA
1924,12/31/1924,Japan,54,1144,30,1275,40,1178,54,1144,7,4,2,1,0,7,0,5,37,AFC
1925,12/31/1925,Spain,1,2012,1,2036,1,2010,3,1963,20,6,9,5,16,3,1,36,10,UEFA
1925,12/31/1925,Argentina,2,1989,1,2026,3,1965,10,1855,153,76,64,13,72,45,36,271,193,CONMEBOL
1925,12/31/1925,Scotland,3,1987,1,2104,4,1957,11,1781,138,67,71,0,86,23,29,390,161,UEFA
1925,12/31/1925,Uruguay,4,1966,1,2065,5,1924,10,1827,138,61,61,16,61,48,29,226,189,CONMEBOL
1925,12/31/1925,England,5,1925,1,2213,2,2008,10,1867,209,88,117,4,141,35,33,747,243,UEFA
1925,12/31/1925,Brazil,6,1923,6,1923,8,1872,14,1805,39,12,14,13,16,15,8,63,58,CONMEBOL
1925,12/31/1925,Czech Republic,7,1890,3,1925,7,1878,10,1856,29,12,11,6,16,7,6,88,46,UEFA
1925,12/31/1925,Sweden,8,1883,5,1894,15,1673,29,1579,113,58,46,9,47,46,20,280,240,UEFA
1925,12/31/1925,Austria,9,1866,3,1917,8,1853,13,1785,101,46,50,5,43,39,19,210,206,UEFA
1925,12/31/1925,Netherlands,12,1824,3,2003,6,1905,15,1783,79,34,33,12,40,26,13,194,166,UEFA
1925,12/31/1925,South Africa,14,1769,7,1847,11,1815,17,1769,13,6,7,0,3,10,0,22,41,CAF
1925,12/31/1925,Belgium,15,1761,5,1930,11,1794,17,1736,86,46,39,1,35,37,14,185,195,UEFA
1925,12/31/1925,Paraguay,16,1754,10,1864,14,1768,18,1747,38,11,15,12,11,21,6,40,68,CONMEBOL
1925,12/31/1925,Switzerland,17,1746,11,1795,20,1538,32,1485,67,32,29,6,21,33,13,108,155,UEFA
1925,12/31/1925,Germany,20,1707,11,1723,16,1666,25,1637,56,24,29,3,15,30,11,112,141,UEFA
1925,12/31/1925,Mexico,21,1701,16,1708,19,1701,23,1687,6,3,3,0,4,1,1,15,10,CONCACAF
1925,12/31/1925,Egypt,22,1692,16,1761,20,1680,25,1664,7,0,2,5,3,4,0,19,17,CAF
1925,12/31/1925,Portugal,23,1691,18,1698,21,1693,24,1683,5,3,2,0,1,4,0,3,10,UEFA
1925,12/31/1925,United States,24,1690,13,1713,16,1702,25,1679,8,1,5,2,4,3,1,15,13,CONCACAF
1925,12/31/1925,Curaçao,26,1609,26,1609,26,1609,27,1609,1,0,1,0,1,0,0,4,0,CONCACAF
1925,12/31/1925,Canada,29,1602,26,1613,28,1605,29,1589,8,1,7,0,3,4,1,10,15,CONCACAF
1925,12/31/1925,New Zealand,30,1572,30,1572,32,1559,35,1514,6,3,3,0,4,1,1,15,8,OFC
1925,12/31/1925,Norway,33,1554,19,1634,26,1451,34,1364,66,33,27,6,17,36,13,89,191,UEFA
1925,12/31/1925,France,36,1541,9,1640,19,1574,38,1517,69,34,31,4,18,45,6,112,261,UEFA
1925,12/31/1925,Australia,38,1528,30,1586,34,1558,38,1528,23,20,3,0,8,12,3,40,54,AFC
1925,12/31/1925,Turkey,39,1507,37,1541,39,1514,40,1491,11,4,6,1,5,5,1,21,22,UEFA
1925,12/31/1925,Haiti,55,1265,54,1290,55,1265,55,1265,3,3,0,0,0,3,0,1,6,CONCACAF
1925,12/31/1925,Japan,56,1129,30,1275,41,1173,56,1129,9,4,3,2,0,9,0,5,43,AFC
1926,12/31/1926,Uruguay,1,2032,1,2065,5,1926,10,1827,142,61,62,19,65,48,29,243,191,CONMEBOL
1926,12/31/1926,Scotland,2,2021,1,2104,4,1958,11,1781,141,69,72,0,89,23,29,398,161,UEFA
1926,12/31/1926,Spain,3,2017,1,2036,1,2011,3,1963,21,7,9,5,17,3,1,40,12,UEFA
1926,12/31/1926,Argentina,4,1956,1,2026,3,1966,10,1855,159,78,65,16,76,46,37,289,198,CONMEBOL
1926,12/31/1926,Brazil,5,1923,5,1923,8,1876,14,1805,39,12,14,13,16,15,8,63,58,CONMEBOL
1926,12/31/1926,Austria,6,1913,3,1917,8,1855,13,1785,108,51,52,5,49,40,19,233,213,UEFA
1926,12/31/1926,Czech Republic,7,1870,3,1925,7,1877,10,1852,37,15,16,6,19,11,7,106,62,UEFA
1926,12/31/1926,England,9,1855,1,2213,2,2006,10,1853,213,91,118,4,142,37,34,756,253,UEFA
1926,12/31/1926,Sweden,12,1820,5,1894,15,1684,29,1579,125,62,54,9,52,51,22,311,270,UEFA
1926,12/31/1926,South Africa,13,1769,7,1847,11,1812,17,1769,13,6,7,0,3,10,0,22,41,CAF
1926,12/31/1926,Netherlands,14,1768,3,2003,6,1900,15,1768,85,37,36,12,41,30,14,206,183,UEFA
1926,12/31/1926,Switzerland,16,1735,11,1795,20,1547,32,1485,74,34,34,6,23,37,14,120,176,UEFA
1926,12/31/1926,Germany,17,1726,11,1739,16,1669,25,1637,60,27,30,3,17,31,12,124,151,UEFA
1926,12/31/1926,Belgium,19,1722,5,1930,11,1792,20,1722,93,50,42,1,36,41,16,201,215,UEFA
1926,12/31/1926,Mexico,21,1701,16,1708,20,1701,23,1687,6,3,3,0,4,1,1,15,10,CONCACAF
1926,12/31/1926,United States,22,1699,13,1713,17,1701,25,1679,9,2,5,2,5,3,1,21,15,CONCACAF
1926,12/31/1926,Egypt,23,1692,16,1761,21,1682,25,1664,7,0,2,5,3,4,0,19,17,CAF
1926,12/31/1926,Portugal,24,1676,18,1698,21,1690,25,1674,7,4,3,0,1,5,1,8,17,UEFA
1926,12/31/1926,Paraguay,25,1647,10,1864,15,1764,25,1647,44,11,18,15,12,26,6,50,92,CONMEBOL
1926,12/31/1926,France,29,1597,9,1640,20,1574,38,1517,75,38,33,4,22,46,7,128,273,UEFA
1926,12/31/1926,Canada,31,1593,26,1613,28,1603,31,1589,9,1,8,0,3,5,1,12,21,CONCACAF
1926,12/31/1926,New Zealand,33,1572,29,1572,32,1562,35,1514,6,3,3,0,4,1,1,15,8,OFC
1926,12/31/1926,Curaçao,35,1569,26,1609,29,1596,35,1569,6,0,6,0,2,2,2,9,7,CONCACAF
1926,12/31/1926,Norway,36,1566,19,1634,26,1457,37,1364,70,35,29,6,18,38,14,101,202,UEFA
1926,12/31/1926,Australia,37,1528,30,1586,35,1552,39,1528,23,20,3,0,8,12,3,40,54,AFC
1926,12/31/1926,Turkey,44,1464,37,1541,40,1504,44,1464,14,6,7,1,5,8,1,26,36,UEFA
1926,12/31/1926,Haiti,57,1280,54,1290,56,1276,57,1265,8,7,1,0,1,5,2,6,17,CONCACAF
1926,12/31/1926,Japan,59,1129,30,1275,43,1169,59,1129,9,4,3,2,0,9,0,5,43,AFC
1927,12/31/1927,Uruguay,1,2012,1,2065,5,1930,10,1827,148,62,65,21,69,50,29,262,197,CONMEBOL
1927,12/31/1927,Argentina,2,2007,1,2026,3,1966,10,1855,164,79,67,18,80,47,37,305,203,CONMEBOL
1927,12/31/1927,Spain,3,2003,1,2036,2,2010,3,1963,24,8,11,5,19,4,1,45,15,UEFA
1927,12/31/1927,Scotland,4,1992,1,2104,4,1959,11,1781,144,70,74,0,90,24,30,403,165,UEFA
1927,12/31/1927,Czech Republic,5,1932,3,1942,7,1879,10,1852,48,21,21,6,27,11,10,137,75,UEFA
1927,12/31/1927,Brazil,6,1923,5,1923,8,1879,14,1805,39,12,14,13,16,15,8,63,58,CONMEBOL
1927,12/31/1927,Austria,7,1898,3,1928,8,1857,13,1785,115,54,56,5,53,43,19,252,224,UEFA
1927,12/31/1927,England,9,1846,1,2213,2,2004,10,1846,220,92,124,4,146,39,35,782,264,UEFA
1927,12/31/1927,Sweden,10,1828,5,1894,14,1691,29,1579,134,67,58,9,57,53,24,347,281,UEFA
1927,12/31/1927,Netherlands,14,1772,3,2003,7,1894,15,1748,90,39,39,12,43,31,16,213,190,UEFA
1927,12/31/1927,South Africa,15,1769,7,1847,11,1810,17,1769,13,6,7,0,3,10,0,22,41,CAF
1927,12/31/1927,Germany,18,1725,11,1739,16,1672,25,1637,63,29,31,3,18,32,13,133,158,UEFA
1927,12/31/1927,Mexico,19,1701,16,1708,20,1701,23,1687,6,3,3,0,4,1,1,15,10,CONCACAF
1927,12/31/1927,United States,20,1699,13,1713,17,1701,25,1679,9,2,5,2,5,3,1,21,15,CONCACAF
1927,12/31/1927,Switzerland,21,1698,11,1795,20,1554,32,1485,78,37,35,6,23,40,15,124,188,UEFA
1927,12/31/1927,Egypt,22,1692,16,1761,21,1683,25,1664,7,0,2,5,3,4,0,19,17,CAF
1927,12/31/1927,Belgium,23,1689,5,1930,11,1788,23,1689,102,54,47,1,38,48,16,211,250,UEFA
1927,12/31/1927,Portugal,24,1678,18,1698,22,1688,25,1674,9,5,4,0,2,6,1,13,20,UEFA
1927,12/31/1927,Paraguay,25,1647,10,1864,16,1750,25,1647,44,11,18,15,12,26,6,50,92,CONMEBOL
1927,12/31/1927,Canada,26,1619,26,1619,28,1604,31,1589,13,1,12,0,5,6,2,20,26,CONCACAF
1927,12/31/1927,Curaçao,34,1569,26,1609,30,1589,35,1569,6,0,6,0,2,2,2,9,7,CONCACAF
1927,12/31/1927,France,35,1568,9,1640,20,1574,38,1517,80,41,35,4,22,50,8,133,303,UEFA
1927,12/31/1927,Australia,37,1560,30,1586,36,1550,39,1528,26,23,3,0,10,12,4,54,60,AFC
1927,12/31/1927,New Zealand,38,1546,29,1572,33,1562,38,1514,10,7,3,0,5,3,2,20,16,OFC
1927,12/31/1927,Norway,39,1545,19,1634,27,1463,39,1364,75,38,31,6,19,42,14,110,218,UEFA
1927,12/31/1927,Turkey,45,1470,37,1541,41,1494,45,1463,16,7,8,1,6,8,2,32,40,UEFA
1927,12/31/1927,Haiti,58,1280,54,1290,56,1278,58,1265,8,7,1,0,1,5,2,6,17,CONCACAF
1927,12/31/1927,Japan,60,1156,30,1275,45,1166,60,1126,11,4,4,3,1,10,0,8,49,AFC
1928,12/31/1928,Uruguay,1,2053,1,2104,5,1934,10,1827,157,63,69,25,73,52,32,278,209,CONMEBOL
1928,12/31/1928,Argentina,2,2047,1,2059,3,1968,10,1855,172,80,69,23,84,48,40,333,213,CONMEBOL
1928,12/31/1928,Scotland,3,2001,1,2104,4,1960,11,1781,147,72,75,0,92,25,30,412,169,UEFA
1928,12/31/1928,Czech Republic,5,1944,3,1956,7,1881,10,1852,54,24,24,6,32,12,10,156,81,UEFA
1928,12/31/1928,Austria,6,1924,3,1928,8,1859,13,1785,122,57,60,5,57,44,21,271,236,UEFA
1928,12/31/1928,Brazil,7,1923,5,1923,8,1882,14,1805,39,12,14,13,16,15,8,63,58,CONMEBOL
1928,12/31/1928,Spain,8,1901,1,2036,2,2002,8,1901,29,9,12,8,20,5,4,57,27,UEFA
1928,12/31/1928,England,10,1868,1,2213,2,2001,12,1810,225,94,127,4,150,40,35,796,274,UEFA
1928,12/31/1928,Sweden,12,1814,5,1894,14,1697,29,1579,142,70,63,9,62,56,24,367,292,UEFA
1928,12/31/1928,Germany,14,1777,11,1786,16,1676,25,1637,69,30,34,5,22,34,13,145,167,UEFA
1928,12/31/1928,South Africa,15,1769,7,1847,11,1808,17,1769,13,6,7,0,3,10,0,22,41,CAF
1928,12/31/1928,Netherlands,18,1720,3,2003,7,1888,19,1720,101,47,42,12,46,36,19,229,207,UEFA
1928,12/31/1928,Portugal,19,1716,17,1749,22,1691,25,1674,16,8,5,3,5,7,4,27,29,UEFA
1928,12/31/1928,Egypt,20,1698,16,1761,21,1685,25,1664,13,0,4,9,6,6,1,34,38,CAF
1928,12/31/1928,Paraguay,21,1681,10,1864,17,1741,25,1647,46,13,18,15,13,26,7,54,94,CONMEBOL
1928,12/31/1928,United States,22,1672,13,1713,18,1699,25,1671,12,2,7,3,5,5,2,28,32,CONCACAF
1928,12/31/1928,Belgium,23,1652,5,1930,12,1783,24,1647,112,58,51,3,41,53,18,230,275,UEFA
1928,12/31/1928,Canada,25,1619,25,1619,28,1607,31,1589,13,1,12,0,5,6,2,20,26,CONCACAF
1928,12/31/1928,Switzerland,26,1616,11,1795,20,1558,32,1485,86,41,38,7,25,46,15,137,210,UEFA
1928,12/31/1928,Mexico,27,1613,16,1708,20,1693,27,1613,8,3,3,2,4,3,1,17,20,CONCACAF
1928,12/31/1928,Curaçao,35,1569,26,1609,31,1585,36,1569,6,0,6,0,2,2,2,9,7,CONCACAF
1928,12/31/1928,Australia,37,1551,30,1586,36,1551,39,1528,27,23,4,0,10,13,4,55,62,AFC
1928,12/31/1928,Norway,38,1546,19,1634,27,1467,39,1364,79,40,33,6,20,45,14,119,229,UEFA
1928,12/31/1928,New Zealand,38,1546,29,1572,33,1559,39,1514,10,7,3,0,5,3,2,20,16,OFC
1928,12/31/1928,France,40,1545,9,1640,21,1573,40,1517,87,46,36,5,23,55,9,147,322,UEFA
1928,12/31/1928,Turkey,48,1433,37,1541,42,1485,48,1433,19,7,10,2,6,11,2,36,53,UEFA
1928,12/31/1928,Haiti,59,1280,54,1290,57,1278,59,1265,8,7,1,0,1,5,2,6,17,CONCACAF
1928,12/31/1928,Japan,61,1156,30,1275,46,1165,61,1126,11,4,4,3,1,10,0,8,49,AFC
1929,12/31/1929,Argentina,1,2081,1,2081,3,1972,10,1855,179,85,71,23,88,49,42,346,217,CONMEBOL
1929,12/31/1929,Scotland,2,2054,1,2104,4,1961,11,1781,154,73,81,0,98,25,31,438,178,UEFA
1929,12/31/1929,Uruguay,3,1960,1,2104,5,1938,10,1827,164,65,72,27,75,55,34,285,219,CONMEBOL
1929,12/31/1929,England,4,1956,1,2213,2,1999,12,1810,236,95,137,4,159,42,35,835,286,UEFA
1929,12/31/1929,Austria,5,1955,3,1956,8,1862,13,1785,128,60,63,5,60,45,23,285,245,UEFA
1929,12/31/1929,Brazil,7,1923,5,1923,8,1885,14,1805,39,12,14,13,16,15,8,63,58,CONMEBOL
1929,12/31/1929,Czech Republic,8,1921,3,1956,7,1882,10,1852,62,28,28,6,35,14,13,179,98,UEFA
1929,12/31/1929,Spain,9,1917,1,2036,3,1993,9,1901,32,12,12,8,23,5,4,74,31,UEFA
1929,12/31/1929,Germany,12,1821,11,1821,16,1682,25,1637,74,34,35,5,26,34,14,162,170,UEFA
1929,12/31/1929,Sweden,14,1807,5,1894,14,1703,29,1579,149,75,65,9,67,58,24,394,303,UEFA
1929,12/31/1929,Paraguay,15,1777,10,1864,17,1737,25,1647,49,13,19,17,15,27,7,63,98,CONMEBOL
1929,12/31/1929,South Africa,16,1737,7,1847,11,1806,17,1737,16,9,7,0,3,13,0,26,49,CAF
1929,12/31/1929,Egypt,18,1698,16,1761,21,1686,25,1664,13,0,4,9,6,6,1,34,38,CAF
1929,12/31/1929,Portugal,19,1688,17,1749,21,1692,25,1674,19,8,8,3,5,10,4,28,42,UEFA
1929,12/31/1929,United States,21,1672,13,1713,18,1697,25,1671,12,2,7,3,5,5,2,28,32,CONCACAF
1929,12/31/1929,Netherlands,22,1670,3,2003,8,1880,22,1663,108,51,45,12,48,40,20,241,228,UEFA
1929,12/31/1929,Belgium,23,1648,5,1930,12,1778,24,1637,117,61,53,3,43,56,18,238,287,UEFA
1929,12/31/1929,Norway,24,1646,19,1646,27,1472,39,1364,86,45,35,6,24,47,15,141,248,UEFA
1929,12/31/1929,Canada,26,1619,25,1619,27,1609,31,1589,13,1,12,0,5,6,2,20,26,CONCACAF
1929,12/31/1929,Mexico,27,1613,16,1708,21,1681,28,1613,8,3,3,2,4,3,1,17,20,CONCACAF
1929,12/31/1929,Curaçao,34,1569,26,1609,32,1582,36,1569,6,0,6,0,2,2,2,9,7,CONCACAF
1929,12/31/1929,Switzerland,35,1557,11,1795,21,1559,36,1485,92,44,41,7,25,52,15,146,237,UEFA
1929,12/31/1929,Australia,36,1551,30,1586,36,1551,39,1528,27,23,4,0,10,13,4,55,62,AFC
1929,12/31/1929,France,37,1547,9,1640,22,1573,40,1517,93,50,38,5,25,59,9,156,341,UEFA
1929,12/31/1929,New Zealand,38,1546,29,1572,34,1557,39,1514,10,7,3,0,5,3,2,20,16,OFC
1929,12/31/1929,Turkey,49,1433,37,1541,43,1477,49,1433,19,7,10,2,6,11,2,36,53,UEFA
1929,12/31/1929,Haiti,61,1280,54,1290,58,1279,61,1265,8,7,1,0,1,5,2,6,17,CONCACAF
1929,12/31/1929,Japan,63,1156,30,1275,47,1164,63,1126,11,4,4,3,1,10,0,8,49,AFC
1930,12/31/1930,Argentina,1,2060,1,2106,3,1975,10,1855,186,87,72,27,93,50,43,368,228,CONMEBOL
1930,12/31/1930,Uruguay,2,2034,1,2104,5,1940,10,1827,169,69,73,27,79,55,35,301,223,CONMEBOL
1930,12/31/1930,England,3,2017,1,2213,2,1999,12,1810,241,97,140,4,162,42,37,852,292,UEFA
1930,12/31/1930,Scotland,4,2010,1,2104,4,1962,11,1781,158,75,83,0,100,26,32,446,185,UEFA
1930,12/31/1930,Spain,6,1932,1,2036,3,1986,9,1901,36,13,15,8,26,6,4,79,35,UEFA
1930,12/31/1930,Austria,6,1932,3,1956,8,1865,13,1785,133,63,65,5,61,47,25,294,253,UEFA
1930,12/31/1930,Czech Republic,8,1915,3,1956,7,1883,10,1852,70,31,33,6,38,16,16,191,108,UEFA
1930,12/31/1930,Brazil,9,1885,5,1923,8,1886,14,1805,44,15,14,15,20,16,8,79,66,CONMEBOL
1930,12/31/1930,Germany,13,1814,11,1821,16,1687,25,1637,80,38,37,5,28,36,16,179,185,UEFA
1930,12/31/1930,Sweden,14,1761,5,1894,14,1707,29,1579,158,78,71,9,71,61,26,419,326,UEFA
1930,12/31/1930,United States,14,1761,13,1784,18,1698,25,1671,16,2,8,6,7,7,2,38,42,CONCACAF
1930,12/31/1930,Paraguay,16,1737,10,1864,17,1738,25,1647,51,13,19,19,16,28,7,64,101,CONMEBOL
1930,12/31/1930,South Africa,16,1737,7,1847,12,1803,17,1737,16,9,7,0,3,13,0,26,49,CAF
1930,12/31/1930,Egypt,19,1698,16,1761,20,1688,25,1664,13,0,4,9,6,6,1,34,38,CAF
1930,12/31/1930,Portugal,20,1692,17,1749,21,1693,25,1674,23,11,9,3,7,12,4,32,45,UEFA
1930,12/31/1930,Norway,22,1676,19,1676,27,1480,39,1364,91,48,37,6,27,48,16,155,257,UEFA
1930,12/31/1930,Canada,28,1619,25,1619,27,1611,31,1589,13,1,12,0,5,6,2,20,26,CONCACAF
1930,12/31/1930,Netherlands,29,1615,3,2003,8,1871,29,1615,114,53,49,12,48,44,22,251,250,UEFA
1930,12/31/1930,Belgium,30,1604,5,1930,13,1772,32,1589,129,68,56,5,47,61,21,263,309,UEFA
1930,12/31/1930,France,33,1573,9,1640,22,1572,40,1514,105,55,41,9,28,66,11,176,368,UEFA
1930,12/31/1930,Curaçao,34,1571,26,1609,32,1580,36,1569,7,1,6,0,3,2,2,11,8,CONCACAF
1930,12/31/1930,Switzerland,35,1557,11,1795,21,1558,40,1485,99,47,45,7,26,56,17,159,258,UEFA
1930,12/31/1930,Australia,37,1551,30,1586,36,1551,39,1528,27,23,4,0,10,13,4,55,62,AFC
1930,12/31/1930,New Zealand,38,1546,29,1572,34,1556,39,1514,10,7,3,0,5,3,2,20,16,OFC
1930,12/31/1930,Mexico,40,1498,16,1708,23,1666,40,1498,11,3,3,5,4,6,1,21,33,CONCACAF
1930,12/31/1930,Turkey,48,1433,37,1541,44,1471,50,1433,19,7,10,2,6,11,2,36,53,UEFA
1930,12/31/1930,Haiti,63,1280,54,1290,58,1279,63,1265,8,7,1,0,1,5,2,6,17,CONCACAF
1930,12/31/1930,Japan,66,1214,30,1275,49,1166,66,1126,13,6,4,3,2,10,1,18,54,AFC
1931,12/31/1931,Argentina,1,2049,1,2106,3,1978,10,1855,190,89,74,27,95,50,45,374,231,CONMEBOL
1931,12/31/1931,Scotland,2,2008,1,2104,4,1963,11,1781,165,77,88,0,104,28,33,457,198,UEFA
1931,12/31/1931,Uruguay,2,2008,1,2104,4,1943,10,1827,170,69,74,27,79,56,35,301,225,CONMEBOL
1931,12/31/1931,England,4,2007,1,2213,2,1999,12,1810,247,99,144,4,166,44,37,874,304,UEFA
1931,12/31/1931,Austria,6,1982,3,1982,8,1868,13,1785,142,68,69,5,67,48,27,325,259,UEFA
1931,12/31/1931,Spain,7,1923,1,2036,3,1981,9,1901,40,15,17,8,27,7,6,86,43,UEFA
1931,12/31/1931,Brazil,8,1911,5,1923,8,1887,14,1805,45,16,14,15,21,16,8,81,66,CONMEBOL
1931,12/31/1931,Czech Republic,9,1891,3,1956,7,1884,10,1852,78,33,39,6,41,19,18,211,124,UEFA
1931,12/31/1931,Germany,12,1786,11,1821,16,1692,25,1637,87,40,42,5,29,39,19,186,202,UEFA
1931,12/31/1931,Sweden,13,1762,5,1894,14,1709,29,1579,165,83,73,9,75,63,27,441,335,UEFA
1931,12/31/1931,United States,14,1761,13,1784,18,1703,25,1671,16,2,8,6,7,7,2,38,42,CONCACAF
1931,12/31/1931,Paraguay,16,1748,10,1864,17,1739,25,1647,55,15,21,19,16,30,9,67,107,CONMEBOL
1931,12/31/1931,South Africa,17,1737,7,1847,12,1801,17,1737,16,9,7,0,3,13,0,26,49,CAF
1931,12/31/1931,Egypt,19,1698,16,1761,20,1688,25,1664,13,0,4,9,6,6,1,34,38,CAF
1931,12/31/1931,Portugal,20,1689,17,1749,21,1692,25,1674,25,13,9,3,8,13,4,35,49,UEFA
1931,12/31/1931,Norway,21,1678,19,1678,27,1489,39,1364,95,50,39,6,28,49,18,164,267,UEFA
1931,12/31/1931,Netherlands,26,1644,3,2003,9,1862,31,1606,119,55,52,12,51,45,23,263,260,UEFA
1931,12/31/1931,Canada,29,1619,25,1619,27,1612,31,1589,13,1,12,0,5,6,2,20,26,CONCACAF
1931,12/31/1931,Belgium,30,1616,5,1930,13,1766,32,1589,135,72,58,5,50,64,21,276,323,UEFA
1931,12/31/1931,France,31,1599,9,1640,23,1573,40,1514,110,59,42,9,30,69,11,186,381,UEFA
1931,12/31/1931,Curaçao,34,1573,26,1609,32,1579,36,1569,8,2,6,0,4,2,2,12,8,CONCACAF
1931,12/31/1931,Australia,37,1551,30,1586,36,1551,39,1528,27,23,4,0,10,13,4,55,62,AFC
1931,12/31/1931,New Zealand,38,1546,29,1572,35,1555,39,1514,10,7,3,0,5,3,2,20,16,OFC
1931,12/31/1931,Switzerland,39,1535,11,1795,22,1558,40,1485,106,50,49,7,26,62,18,169,287,UEFA
1931,12/31/1931,Mexico,43,1498,16,1708,25,1647,44,1498,11,3,3,5,4,6,1,21,33,CONCACAF
1931,12/31/1931,Turkey,51,1432,37,1541,44,1466,55,1383,23,7,13,3,7,14,2,41,63,UEFA
1931,12/31/1931,Haiti,65,1280,54,1290,59,1279,65,1265,8,7,1,0,1,5,2,6,17,CONCACAF
1931,12/31/1931,Japan,68,1214,30,1275,50,1169,68,1126,13,6,4,3,2,10,1,18,54,AFC
1932,12/31/1932,Argentina,1,2049,1,2106,3,1980,10,1855,192,90,75,27,96,51,45,376,232,CONMEBOL
1932,12/31/1932,England,2,2031,1,2213,2,1999,12,1810,251,102,145,4,169,44,38,882,307,UEFA
1932,12/31/1932,Austria,3,2017,3,2018,8,1872,13,1785,150,71,74,5,73,49,28,355,274,UEFA
1932,12/31/1932,Uruguay,4,1985,1,2104,4,1945,10,1827,173,71,75,27,80,58,35,303,229,CONMEBOL
1932,12/31/1932,Scotland,6,1943,1,2104,4,1963,11,1781,169,78,91,0,106,30,33,466,207,UEFA
1932,12/31/1932,Brazil,7,1934,5,1934,8,1888,14,1805,46,16,15,15,22,16,8,83,67,CONMEBOL
1932,12/31/1932,Spain,8,1924,1,2036,4,1976,9,1901,41,16,17,8,28,7,6,88,44,UEFA
1932,12/31/1932,Czech Republic,10,1834,3,1956,7,1882,11,1808,85,37,42,6,44,22,19,221,138,UEFA
1932,12/31/1932,Germany,12,1770,11,1821,16,1696,25,1637,92,43,44,5,32,41,19,197,210,UEFA
1932,12/31/1932,United States,13,1761,13,1784,17,1706,25,1671,16,2,8,6,7,7,2,38,42,CONCACAF
1932,12/31/1932,Paraguay,15,1748,10,1864,17,1739,25,1647,55,15,21,19,16,30,9,67,107,CONMEBOL
1932,12/31/1932,South Africa,17,1737,7,1847,12,1798,17,1737,16,9,7,0,3,13,0,26,49,CAF
1932,12/31/1932,Norway,18,1705,17,1724,27,1497,39,1364,99,53,40,6,31,50,18,174,271,UEFA
1932,12/31/1932,Egypt,19,1699,16,1761,20,1689,25,1664,14,1,4,9,6,6,2,34,38,CAF
1932,12/31/1932,Portugal,20,1693,17,1749,21,1692,25,1674,26,14,9,3,9,13,4,38,51,UEFA
1932,12/31/1932,Sweden,21,1692,5,1894,14,1710,29,1579,177,88,80,9,80,69,28,474,359,UEFA
1932,12/31/1932,Algeria,22,1690,22,1690,22,1690,22,1690,1,0,1,0,0,1,0,0,1,CAF
1932,12/31/1932,Netherlands,24,1678,3,2003,10,1854,31,1606,126,59,55,12,55,48,23,277,271,UEFA
1932,12/31/1932,Switzerland,29,1637,11,1795,22,1560,40,1485,113,54,52,7,29,65,19,183,301,UEFA
1932,12/31/1932,Canada,30,1619,25,1619,28,1613,31,1589,13,1,12,0,5,6,2,20,26,CONCACAF
1932,12/31/1932,Tunisia,31,1610,31,1610,31,1610,31,1610,1,1,0,0,1,0,0,1,0,CAF
1932,12/31/1932,Belgium,32,1595,5,1930,14,1761,32,1589,143,76,62,5,53,69,21,294,348,UEFA
1932,12/31/1932,France,36,1573,9,1640,23,1573,40,1514,117,61,47,9,31,74,12,202,405,UEFA
1932,12/31/1932,Curaçao,36,1573,26,1609,33,1579,36,1569,8,2,6,0,4,2,2,12,8,CONCACAF
1932,12/31/1932,Australia,40,1551,30,1586,36,1551,40,1528,27,23,4,0,10,13,4,55,62,AFC
1932,12/31/1932,New Zealand,41,1546,29,1572,35,1554,41,1514,10,7,3,0,5,3,2,20,16,OFC
1932,12/31/1932,Mexico,47,1498,16,1708,27,1632,47,1498,11,3,3,5,4,6,1,21,33,CONCACAF
1932,12/31/1932,Turkey,58,1382,37,1541,45,1461,58,1382,28,12,13,3,7,18,3,47,76,UEFA
1932,12/31/1932,Haiti,65,1290,54,1300,60,1280,67,1265,10,9,1,0,2,6,2,10,19,CONCACAF
1932,12/31/1932,Japan,72,1214,30,1275,51,1172,72,1126,13,6,4,3,2,10,1,18,54,AFC
1933,12/31/1933,Argentina,1,2062,1,2106,3,1982,10,1855,195,91,77,27,98,52,45,382,235,CONMEBOL
1933,12/31/1933,England,3,2003,1,2213,2,1999,12,1810,257,104,149,4,172,46,39,896,313,UEFA
1933,12/31/1933,Austria,4,2000,2,2022,8,1876,13,1785,158,74,79,5,76,50,32,373,285,UEFA
1933,12/31/1933,Uruguay,5,1972,1,2104,4,1946,10,1827,176,73,76,27,81,60,35,306,235,CONMEBOL
1933,12/31/1933,Brazil,6,1934,5,1934,8,1890,14,1805,46,16,15,15,22,16,8,83,67,CONMEBOL
1933,12/31/1933,Spain,7,1910,1,2036,4,1971,9,1901,45,18,19,8,30,8,7,105,46,UEFA
1933,12/31/1933,Scotland,8,1902,1,2104,4,1963,11,1781,173,81,92,0,107,32,34,473,215,UEFA
1933,12/31/1933,Czech Republic,10,1837,3,1956,7,1881,11,1808,92,39,47,6,47,25,20,233,149,UEFA
1933,12/31/1933,Germany,13,1779,11,1821,15,1698,25,1637,98,47,46,5,35,42,21,214,219,UEFA
1933,12/31/1933,United States,14,1761,12,1784,17,1709,25,1671,16,2,8,6,7,7,2,38,42,CONCACAF
1933,12/31/1933,Paraguay,16,1748,10,1864,17,1740,25,1647,55,15,21,19,16,30,9,67,107,CONMEBOL
1933,12/31/1933,South Africa,17,1737,7,1847,12,1796,17,1737,16,9,7,0,3,13,0,26,49,CAF
1933,12/31/1933,Sweden,18,1722,5,1894,14,1710,29,1579,184,92,83,9,85,70,29,493,367,UEFA
1933,12/31/1933,Norway,19,1713,17,1729,26,1506,39,1364,103,54,43,6,32,51,20,183,277,UEFA
1933,12/31/1933,Portugal,20,1699,17,1749,21,1693,25,1674,28,15,10,3,10,14,4,39,54,UEFA
1933,12/31/1933,Egypt,20,1699,16,1761,20,1690,25,1664,14,1,4,9,6,6,2,34,38,CAF
1933,12/31/1933,Algeria,25,1664,21,1690,22,1687,25,1664,2,1,1,0,0,2,0,0,4,CAF
1933,12/31/1933,Netherlands,26,1658,3,2003,10,1847,31,1606,132,64,56,12,57,52,23,288,284,UEFA
1933,12/31/1933,Australia,28,1650,28,1650,36,1555,41,1528,34,26,8,0,17,13,4,87,76,AFC
1933,12/31/1933,Tunisia,30,1636,30,1636,31,1613,33,1610,2,1,1,0,2,0,0,4,0,CAF
1933,12/31/1933,Canada,32,1619,25,1619,28,1613,33,1589,13,1,12,0,5,6,2,20,26,CONCACAF
1933,12/31/1933,Switzerland,33,1607,11,1795,23,1562,40,1485,123,60,56,7,31,70,22,198,326,UEFA
1933,12/31/1933,France,35,1599,9,1640,23,1574,40,1514,124,65,50,9,33,77,14,211,421,UEFA
1933,12/31/1933,Belgium,37,1588,5,1930,15,1755,38,1566,152,79,68,5,55,74,23,307,375,UEFA
1933,12/31/1933,Curaçao,37,1588,26,1609,33,1578,41,1569,10,2,8,0,6,2,2,17,9,CONCACAF
1933,12/31/1933,New Zealand,46,1503,29,1572,36,1551,46,1503,13,7,6,0,5,6,2,28,30,OFC
1933,12/31/1933,Mexico,47,1498,16,1708,29,1620,48,1498,11,3,3,5,4,6,1,21,33,CONCACAF
1933,12/31/1933,Turkey,60,1398,37,1541,47,1454,60,1382,29,12,14,3,8,18,3,49,77,UEFA
1933,12/31/1933,Haiti,65,1290,54,1300,61,1281,67,1265,10,9,1,0,2,6,2,10,19,CONCACAF
1933,12/31/1933,Japan,74,1214,30,1275,52,1175,74,1126,13,6,4,3,2,10,1,18,54,AFC
1934,12/31/1934,England,2,2032,1,2213,2,2000,12,1810,262,106,152,4,175,48,39,908,319,UEFA
1934,12/31/1934,Argentina,3,2018,1,2106,3,1984,10,1855,198,92,78,28,99,53,46,387,240,CONMEBOL
1934,12/31/1934,Spain,4,1969,1,2036,4,1970,9,1901,50,19,22,9,33,9,8,120,50,UEFA
1934,12/31/1934,Uruguay,5,1964,1,2104,4,1947,10,1827,178,74,77,27,81,61,36,308,238,CONMEBOL
1934,12/31/1934,Austria,6,1957,1,2070,7,1880,13,1785,169,78,83,8,83,53,33,404,304,UEFA
1934,12/31/1934,Czech Republic,7,1907,3,1956,7,1881,11,1808,102,42,51,9,53,26,23,255,164,UEFA
1934,12/31/1934,Germany,9,1878,8,1878,15,1704,25,1637,106,48,49,9,42,43,21,247,233,UEFA
1934,12/31/1934,Scotland,10,1870,1,2104,4,1962,11,1781,176,82,94,0,108,34,34,477,222,UEFA
1934,12/31/1934,Brazil,11,1859,5,1934,8,1890,14,1805,48,16,16,16,22,18,8,88,78,CONMEBOL
1934,12/31/1934,United States,14,1758,12,1784,17,1712,25,1671,18,2,9,7,8,8,2,43,51,CONCACAF
1934,12/31/1934,Sweden,15,1756,5,1894,15,1712,29,1579,191,95,85,11,89,72,30,516,385,UEFA
1934,12/31/1934,Paraguay,16,1748,10,1864,16,1741,25,1647,55,15,21,19,16,30,9,67,107,CONMEBOL
1934,12/31/1934,Norway,17,1741,17,1741,26,1514,39,1364,106,56,44,6,34,51,21,193,283,UEFA
1934,12/31/1934,Netherlands,19,1687,3,2003,11,1841,31,1606,138,67,58,13,61,54,23,316,301,UEFA
1934,12/31/1934,South Africa,21,1677,7,1847,12,1793,21,1677,19,12,7,0,3,16,0,27,55,CAF
1934,12/31/1934,Egypt,21,1677,16,1761,20,1690,25,1664,18,2,6,10,8,7,3,49,46,CAF
1934,12/31/1934,Portugal,23,1673,17,1749,21,1692,25,1673,30,16,11,3,10,16,4,40,65,UEFA
1934,12/31/1934,Algeria,25,1660,21,1690,23,1676,25,1660,3,2,1,0,0,2,1,2,6,CAF
1934,12/31/1934,Australia,26,1650,25,1650,35,1562,41,1528,34,26,8,0,17,13,4,87,76,AFC
1934,12/31/1934,Tunisia,28,1640,28,1640,31,1624,33,1610,3,1,2,0,2,0,1,6,2,CAF
1934,12/31/1934,France,30,1627,9,1640,24,1575,40,1514,131,68,53,10,37,80,14,231,436,UEFA
1934,12/31/1934,Switzerland,32,1624,11,1795,23,1564,40,1485,130,63,58,9,33,74,23,210,343,UEFA
1934,12/31/1934,Canada,34,1619,25,1619,28,1614,35,1589,13,1,12,0,5,6,2,20,26,CONCACAF
1934,12/31/1934,Curaçao,36,1595,26,1609,34,1580,41,1569,13,5,8,0,8,2,3,25,14,CONCACAF
1934,12/31/1934,Mexico,39,1580,16,1708,30,1616,48,1498,15,6,3,6,7,7,1,35,40,CONCACAF
1934,12/31/1934,Belgium,44,1529,5,1930,16,1748,44,1529,158,82,70,6,56,78,24,324,401,UEFA
1934,12/31/1934,New Zealand,48,1503,29,1572,37,1548,48,1503,13,7,6,0,5,6,2,28,30,OFC
1934,12/31/1934,Turkey,62,1391,37,1541,48,1449,62,1382,31,12,16,3,8,20,3,53,83,UEFA
1934,12/31/1934,Haiti,71,1279,54,1300,61,1281,71,1265,13,12,1,0,2,8,3,12,29,CONCACAF
1934,12/31/1934,Japan,77,1224,30,1275,54,1177,77,1126,16,6,5,5,3,12,1,26,68,AFC
1935,12/31/1935,England,2,2012,1,2213,2,2000,12,1810,268,108,156,4,179,50,39,919,327,UEFA
1935,12/31/1935,Argentina,3,2010,1,2106,3,1984,10,1855,203,93,80,30,102,54,47,399,246,CONMEBOL
1935,12/31/1935,Uruguay,4,1999,1,2104,4,1949,10,1827,183,75,79,29,84,62,37,315,243,CONMEBOL
1935,12/31/1935,Spain,5,1977,1,2036,4,1970,9,1901,53,20,24,9,35,9,9,127,54,UEFA
1935,12/31/1935,Scotland,6,1951,1,2104,4,1961,11,1781,182,85,97,0,113,34,35,495,228,UEFA
1935,12/31/1935,Czech Republic,7,1903,3,1956,7,1881,11,1808,108,45,54,9,55,28,25,261,169,UEFA
1935,12/31/1935,Austria,8,1892,1,2070,7,1882,13,1785,175,81,86,8,84,56,35,416,319,UEFA
1935,12/31/1935,Germany,9,1888,7,1907,15,1710,25,1637,123,58,56,9,55,46,22,295,252,UEFA
1935,12/31/1935,Brazil,11,1859,5,1934,8,1889,14,1805,48,16,16,16,22,18,8,88,78,CONMEBOL
1935,12/31/1935,Sweden,14,1765,5,1894,15,1714,29,1579,200,99,90,11,95,74,31,539,398,UEFA
1935,12/31/1935,Paraguay,15,1748,10,1864,16,1741,25,1647,55,15,21,19,16,30,9,67,107,CONMEBOL
1935,12/31/1935,Mexico,16,1739,16,1739,29,1622,48,1498,21,6,4,11,13,7,1,66,46,CONCACAF
1935,12/31/1935,United States,17,1728,12,1784,17,1713,25,1671,20,4,9,7,8,10,2,45,60,CONCACAF
1935,12/31/1935,Netherlands,18,1713,3,2003,11,1836,31,1606,145,72,60,13,65,57,23,334,313,UEFA
1935,12/31/1935,Norway,19,1707,16,1747,26,1522,39,1364,111,58,47,6,35,54,22,199,290,UEFA
1935,12/31/1935,Switzerland,20,1684,11,1795,23,1568,40,1485,138,67,62,9,37,77,24,225,361,UEFA
1935,12/31/1935,Portugal,22,1678,17,1749,21,1691,25,1673,31,17,11,3,10,16,5,43,68,UEFA
1935,12/31/1935,South Africa,23,1677,7,1847,13,1789,23,1677,19,12,7,0,3,16,0,27,55,CAF
1935,12/31/1935,Egypt,23,1677,16,1761,20,1689,25,1664,18,2,6,10,8,7,3,49,46,CAF
1935,12/31/1935,Tunisia,28,1660,27,1660,30,1630,33,1610,4,1,3,0,3,0,1,10,4,CAF
1935,12/31/1935,Australia,29,1650,25,1650,35,1569,41,1528,34,26,8,0,17,13,4,87,76,AFC
1935,12/31/1935,France,30,1648,9,1648,24,1577,40,1514,138,71,57,10,39,84,15,239,446,UEFA
1935,12/31/1935,Algeria,31,1640,21,1690,25,1670,31,1640,4,3,1,0,0,3,1,4,10,CAF
1935,12/31/1935,Canada,33,1619,25,1619,29,1614,35,1589,13,1,12,0,5,6,2,20,26,CONCACAF
1935,12/31/1935,Curaçao,39,1575,26,1611,34,1579,41,1562,21,9,12,0,13,5,3,39,24,CONCACAF
1935,12/31/1935,Belgium,43,1534,5,1930,17,1741,49,1504,164,87,71,6,57,81,26,335,417,UEFA
1935,12/31/1935,New Zealand,50,1503,29,1572,38,1544,50,1503,13,7,6,0,5,6,2,28,30,OFC
1935,12/31/1935,Turkey,62,1371,37,1541,49,1444,62,1369,37,18,16,3,8,23,6,65,98,UEFA
1935,12/31/1935,Haiti,72,1279,54,1300,62,1281,72,1265,13,12,1,0,2,8,3,12,29,CONCACAF
1935,12/31/1935,Japan,78,1224,30,1275,55,1180,78,1126,16,6,5,5,3,12,1,26,68,AFC
1936,12/31/1936,Argentina,2,2011,1,2106,3,1985,10,1855,206,95,81,30,104,55,47,403,249,CONMEBOL
1936,12/31/1936,Uruguay,3,2001,1,2104,4,1950,10,1827,185,76,80,29,85,63,37,317,245,CONMEBOL
1936,12/31/1936,Scotland,4,1949,1,2104,4,1961,11,1781,186,87,99,0,115,35,36,502,232,UEFA
1936,12/31/1936,Spain,5,1947,1,2036,4,1969,9,1901,57,22,26,9,36,12,9,134,62,UEFA
1936,12/31/1936,England,6,1939,1,2213,2,1999,12,1810,275,112,159,4,181,54,40,934,340,UEFA
1936,12/31/1936,Czech Republic,7,1931,3,1956,7,1883,11,1808,114,48,57,9,58,30,26,272,176,UEFA
1936,12/31/1936,Austria,8,1901,1,2070,7,1882,13,1785,183,84,91,8,88,58,37,438,340,UEFA
1936,12/31/1936,Brazil,10,1867,5,1934,8,1888,14,1805,49,16,16,17,23,18,8,91,80,CONMEBOL
1936,12/31/1936,Germany,13,1817,7,1913,15,1716,25,1637,134,62,63,9,60,50,24,325,272,UEFA
1936,12/31/1936,Paraguay,14,1748,10,1864,16,1741,25,1647,55,15,21,19,16,30,9,67,107,CONMEBOL
1936,12/31/1936,Norway,15,1747,14,1793,25,1529,39,1364,121,61,51,9,39,58,24,220,309,UEFA
1936,12/31/1936,Mexico,16,1739,15,1739,28,1631,48,1498,21,6,4,11,13,7,1,66,46,CONCACAF
1936,12/31/1936,Netherlands,17,1726,3,2003,11,1833,31,1606,150,75,62,13,67,58,25,352,319,UEFA
1936,12/31/1936,Australia,19,1721,17,1721,34,1577,41,1528,37,26,11,0,20,13,4,108,78,AFC
1936,12/31/1936,United States,20,1720,12,1784,17,1714,25,1671,21,4,9,8,8,11,2,45,61,CONCACAF
1936,12/31/1936,Sweden,21,1709,5,1894,15,1715,29,1579,206,102,92,12,98,77,31,556,412,UEFA
1936,12/31/1936,South Africa,22,1677,7,1847,13,1785,23,1677,19,12,7,0,3,16,0,27,55,CAF
1936,12/31/1936,Portugal,24,1662,17,1749,21,1689,26,1662,33,19,11,3,10,18,5,46,74,UEFA
1936,12/31/1936,Tunisia,25,1660,25,1660,29,1637,33,1610,4,1,3,0,3,0,1,10,4,CAF
1936,12/31/1936,Egypt,27,1646,16,1761,21,1687,30,1646,20,4,6,10,9,8,3,54,52,CAF
1936,12/31/1936,Algeria,30,1640,21,1690,26,1663,31,1640,4,3,1,0,0,3,1,4,10,CAF
1936,12/31/1936,Switzerland,31,1639,11,1795,23,1571,40,1485,146,71,66,9,38,83,25,234,380,UEFA
1936,12/31/1936,France,32,1633,9,1648,24,1578,40,1514,142,75,57,10,41,86,15,244,455,UEFA
1936,12/31/1936,Canada,34,1619,25,1619,29,1615,35,1589,13,1,12,0,5,6,2,20,26,CONCACAF
1936,12/31/1936,Curaçao,40,1573,26,1611,34,1579,41,1562,23,10,13,0,14,6,3,43,29,CONCACAF
1936,12/31/1936,Belgium,45,1531,5,1930,17,1734,49,1503,170,90,74,6,58,84,28,340,434,UEFA
1936,12/31/1936,New Zealand,58,1432,29,1572,39,1539,58,1432,16,10,6,0,5,9,2,30,51,OFC
1936,12/31/1936,Turkey,63,1364,37,1541,50,1438,63,1364,40,20,16,4,8,24,8,71,108,UEFA
1936,12/31/1936,Haiti,74,1279,54,1300,63,1281,74,1265,13,12,1,0,2,8,3,12,29,CONCACAF
1936,12/31/1936,Japan,74,1279,30,1281,56,1183,79,1126,18,6,5,7,4,13,1,29,78,AFC
1937,12/31/1937,Argentina,1,2054,1,2106,3,1986,10,1855,213,101,82,30,110,56,47,423,254,CONMEBOL
1937,12/31/1937,England,3,1986,1,2213,2,1998,12,1810,282,114,164,4,187,55,40,965,349,UEFA
1937,12/31/1937,Scotland,4,1961,1,2104,4,1961,11,1781,192,90,102,0,118,36,38,516,238,UEFA
1937,12/31/1937,Spain,6,1947,1,2036,4,1968,9,1901,57,22,26,9,36,12,9,134,62,UEFA
1937,12/31/1937,Brazil,7,1904,5,1939,8,1888,14,1805,54,16,18,20,26,20,8,105,89,CONMEBOL
1937,12/31/1937,Austria,8,1902,1,2070,7,1883,13,1785,191,89,94,8,92,60,39,453,352,UEFA
1937,12/31/1937,Germany,10,1872,7,1913,15,1720,25,1637,145,69,67,9,70,50,25,361,278,UEFA
1937,12/31/1937,Uruguay,11,1857,1,2104,5,1948,12,1827,192,77,82,33,87,68,37,329,267,CONMEBOL
1937,12/31/1937,Czech Republic,12,1856,3,1956,7,1883,12,1808,125,54,62,9,62,35,28,298,208,UEFA
1937,12/31/1937,Mexico,14,1789,14,1789,27,1639,48,1498,24,9,4,11,16,7,1,85,52,CONCACAF
1937,12/31/1937,Paraguay,15,1736,10,1864,16,1741,25,1647,60,15,22,23,18,33,9,75,123,CONMEBOL
1937,12/31/1937,Norway,17,1729,14,1793,25,1536,39,1364,129,65,55,9,42,62,25,233,333,UEFA
1937,12/31/1937,Australia,18,1721,17,1721,33,1586,41,1528,37,26,11,0,20,13,4,108,78,AFC
1937,12/31/1937,Netherlands,19,1713,3,2003,11,1830,31,1606,156,79,64,13,70,60,26,364,327,UEFA
1937,12/31/1937,South Africa,20,1677,7,1847,13,1782,23,1677,19,12,7,0,3,16,0,27,55,CAF
1937,12/31/1937,United States,21,1670,12,1784,17,1714,25,1670,24,4,12,8,8,14,2,51,80,CONCACAF
1937,12/31/1937,Portugal,22,1662,17,1749,21,1687,26,1662,33,19,11,3,10,18,5,46,74,UEFA
1937,12/31/1937,Tunisia,24,1660,24,1660,28,1642,33,1610,4,1,3,0,3,0,1,10,4,CAF
1937,12/31/1937,Sweden,27,1652,5,1894,15,1714,29,1579,214,106,96,12,100,82,32,573,433,UEFA
1937,12/31/1937,Egypt,28,1646,16,1761,21,1685,30,1646,20,4,6,10,9,8,3,54,52,CAF
1937,12/31/1937,Algeria,29,1640,21,1690,27,1658,31,1640,4,3,1,0,0,3,1,4,10,CAF
1937,12/31/1937,France,33,1620,9,1648,25,1579,40,1514,149,79,60,10,43,90,16,251,469,UEFA
1937,12/31/1937,Canada,34,1619,25,1619,30,1615,35,1589,13,1,12,0,5,6,2,20,26,CONCACAF
1937,12/31/1937,Switzerland,37,1601,11,1795,23,1572,40,1485,156,75,72,9,39,91,26,247,405,UEFA
1937,12/31/1937,Curaçao,42,1561,26,1611,35,1578,42,1561,25,10,15,0,14,6,5,45,31,CONCACAF
1937,12/31/1937,Belgium,45,1541,5,1930,18,1728,49,1503,177,93,78,6,60,88,29,348,443,UEFA
1937,12/31/1937,New Zealand,56,1432,29,1572,40,1532,58,1432,16,10,6,0,5,9,2,30,51,OFC
1937,12/31/1937,Turkey,64,1358,37,1541,51,1433,64,1358,42,20,18,4,8,26,8,73,114,UEFA
1937,12/31/1937,Haiti,75,1279,54,1300,64,1281,75,1265,13,12,1,0,2,8,3,12,29,CONCACAF
1937,12/31/1937,Japan,75,1279,30,1281,57,1188,79,1126,18,6,5,7,4,13,1,29,78,AFC
1938,12/31/1938,Argentina,2,2070,1,2106,3,1988,10,1855,215,102,83,30,112,56,47,427,256,CONMEBOL
1938,12/31/1938,Scotland,3,2027,1,2104,4,1961,11,1781,197,92,105,0,123,36,38,528,242,UEFA
1938,12/31/1938,England,4,1952,1,2213,2,1998,12,1810,289,117,168,4,191,58,40,989,361,UEFA
1938,12/31/1938,Spain,5,1947,1,2036,4,1967,9,1901,57,22,26,9,36,12,9,134,62,UEFA
1938,12/31/1938,Brazil,7,1935,5,1939,8,1890,14,1805,59,16,18,25,29,21,9,119,100,CONMEBOL
1938,12/31/1938,Austria,8,1911,1,2070,7,1884,13,1785,192,90,94,8,93,60,39,455,352,UEFA
1938,12/31/1938,Czech Republic,10,1858,3,1956,8,1882,14,1803,134,57,65,12,67,37,30,326,222,UEFA
1938,12/31/1938,Uruguay,11,1841,1,2104,5,1946,12,1827,194,78,83,33,87,70,37,331,271,CONMEBOL
1938,12/31/1938,Mexico,13,1813,13,1813,26,1650,48,1498,29,9,5,15,20,7,2,99,56,CONCACAF
1938,12/31/1938,Germany,14,1774,7,1913,15,1723,25,1637,155,75,69,11,73,53,29,380,297,UEFA
1938,12/31/1938,Norway,15,1737,14,1793,25,1542,39,1364,137,69,58,10,46,64,27,252,345,UEFA
1938,12/31/1938,Paraguay,16,1736,10,1864,16,1741,25,1647,60,15,22,23,18,33,9,75,123,CONMEBOL
1938,12/31/1938,Australia,17,1714,16,1729,32,1594,41,1528,42,31,11,0,23,14,5,126,94,AFC
1938,12/31/1938,Switzerland,19,1710,11,1795,23,1575,40,1485,168,80,75,13,44,95,29,265,425,UEFA
1938,12/31/1938,Netherlands,22,1680,3,2003,12,1826,31,1606,162,82,66,14,72,62,28,384,340,UEFA
1938,12/31/1938,South Africa,23,1677,7,1847,14,1779,24,1677,19,12,7,0,3,16,0,27,55,CAF
1938,12/31/1938,United States,24,1670,12,1784,18,1712,28,1670,24,4,12,8,8,14,2,51,80,CONCACAF
1938,12/31/1938,Portugal,26,1668,17,1749,21,1687,27,1662,37,20,13,4,11,20,6,52,78,UEFA
1938,12/31/1938,Tunisia,28,1660,24,1660,28,1645,33,1610,4,1,3,0,3,0,1,10,4,CAF
1938,12/31/1938,Sweden,30,1656,5,1894,15,1712,32,1579,224,110,99,15,104,87,33,599,458,UEFA
1938,12/31/1938,Egypt,31,1646,16,1761,22,1683,32,1646,20,4,6,10,9,8,3,54,52,CAF
1938,12/31/1938,France,32,1641,9,1655,25,1581,40,1514,155,84,61,10,46,93,16,268,482,UEFA
1938,12/31/1938,Algeria,33,1640,21,1690,28,1655,33,1640,4,3,1,0,0,3,1,4,10,CAF
1938,12/31/1938,Canada,37,1619,25,1619,30,1615,38,1589,13,1,12,0,5,6,2,20,26,CONCACAF
1938,12/31/1938,Curaçao,40,1593,26,1611,35,1578,45,1561,28,13,15,0,17,6,5,52,33,CONCACAF
1938,12/31/1938,Belgium,45,1542,5,1930,19,1723,49,1503,185,95,84,6,62,92,31,364,469,UEFA
1938,12/31/1938,New Zealand,57,1432,29,1572,41,1526,58,1432,16,10,6,0,5,9,2,30,51,OFC
1938,12/31/1938,Turkey,64,1358,37,1541,52,1428,67,1358,42,20,18,4,8,26,8,73,114,UEFA
1938,12/31/1938,Colombia,66,1345,56,1444,62,1384,66,1345,9,4,1,4,3,6,0,16,19,CONMEBOL
1938,12/31/1938,Haiti,70,1324,54,1324,65,1283,79,1265,16,15,1,0,5,8,3,21,31,CONCACAF
1938,12/31/1938,Ecuador,72,1318,69,1340,72,1318,76,1297,5,0,1,4,2,2,1,10,15,CONMEBOL
1938,12/31/1938,Japan,81,1279,30,1281,58,1192,81,1126,18,6,5,7,4,13,1,29,78,AFC
1938,12/31/1938,Panama,82,1272,69,1314,81,1273,82,1272,5,5,0,0,1,3,1,7,20,CONCACAF
1939,12/31/1939,Argentina,1,2085,1,2106,3,1991,10,1855,219,102,87,30,114,56,49,437,261,CONMEBOL
1939,12/31/1939,Scotland,3,1998,1,2104,4,1962,11,1781,198,93,105,0,123,37,38,529,244,UEFA
1939,12/31/1939,England,4,1997,1,2213,2,1998,12,1810,296,117,175,4,196,59,41,1009,369,UEFA
1939,12/31/1939,Spain,5,1947,1,2036,4,1966,9,1901,57,22,26,9,36,12,9,134,62,UEFA
1939,12/31/1939,Austria,6,1922,1,2070,7,1885,13,1785,195,91,96,8,94,60,41,467,358,UEFA
1939,12/31/1939,Brazil,7,1914,5,1939,8,1891,14,1805,61,18,18,25,29,22,10,122,107,CONMEBOL
1939,12/31/1939,Uruguay,11,1849,1,2104,5,1943,12,1827,198,78,84,36,90,71,37,344,276,CONMEBOL
1939,12/31/1939,Germany,12,1830,7,1913,15,1725,25,1637,173,83,79,11,82,57,34,425,328,UEFA
1939,12/31/1939,Mexico,14,1813,13,1813,26,1659,48,1498,29,9,5,15,20,7,2,99,56,CONCACAF
1939,12/31/1939,Switzerland,15,1784,11,1795,23,1580,40,1485,175,84,78,13,49,95,31,280,432,UEFA
1939,12/31/1939,Australia,17,1714,16,1729,31,1601,41,1528,42,31,11,0,23,14,5,126,94,AFC
1939,12/31/1939,Sweden,21,1701,5,1894,16,1711,32,1579,230,114,100,16,109,88,33,621,465,UEFA
1939,12/31/1939,Paraguay,22,1698,10,1864,16,1739,25,1647,67,17,24,26,20,37,10,88,138,CONMEBOL
1939,12/31/1939,Netherlands,23,1696,3,2003,12,1822,31,1606,168,86,68,14,76,64,28,404,354,UEFA
1939,12/31/1939,France,26,1684,9,1684,25,1583,40,1514,159,87,62,10,49,93,17,279,486,UEFA
1939,12/31/1939,United States,27,1670,12,1784,18,1710,28,1670,24,4,12,8,8,14,2,51,80,CONCACAF
1939,12/31/1939,Norway,28,1664,14,1793,25,1547,39,1364,144,71,62,11,48,69,27,263,366,UEFA
1939,12/31/1939,Tunisia,29,1660,24,1660,28,1647,33,1610,4,1,3,0,3,0,1,10,4,CAF
1939,12/31/1939,South Africa,31,1654,7,1847,14,1775,31,1654,22,15,7,0,3,19,0,30,68,CAF
1939,12/31/1939,Portugal,33,1651,17,1749,22,1685,33,1651,38,21,13,4,11,21,6,54,82,UEFA
1939,12/31/1939,Egypt,34,1646,16,1761,22,1681,34,1646,20,4,6,10,9,8,3,54,52,CAF
1939,12/31/1939,Algeria,35,1640,21,1690,28,1653,35,1640,4,3,1,0,0,3,1,4,10,CAF
1939,12/31/1939,Canada,37,1619,25,1619,30,1616,38,1589,13,1,12,0,5,6,2,20,26,CONCACAF
1939,12/31/1939,Curaçao,41,1593,26,1611,36,1579,45,1561,28,13,15,0,17,6,5,52,33,CONCACAF
1939,12/31/1939,Belgium,49,1516,5,1930,20,1718,49,1503,192,99,87,6,63,97,32,379,493,UEFA
1939,12/31/1939,New Zealand,58,1432,29,1572,42,1521,58,1432,16,10,6,0,5,9,2,30,51,OFC
1939,12/31/1939,Turkey,65,1358,37,1541,53,1423,67,1358,42,20,18,4,8,26,8,73,114,UEFA
1939,12/31/1939,Colombia,67,1345,56,1444,64,1364,67,1345,9,4,1,4,3,6,0,16,19,CONMEBOL
1939,12/31/1939,Haiti,70,1336,54,1336,65,1287,79,1265,19,18,1,0,7,8,4,26,32,CONCACAF
1939,12/31/1939,Ecuador,79,1284,69,1340,76,1296,79,1284,9,0,2,7,2,6,1,14,33,CONMEBOL
1939,12/31/1939,Japan,81,1279,30,1281,59,1196,81,1126,18,6,5,7,4,13,1,29,78,AFC
1939,12/31/1939,Panama,83,1260,69,1314,82,1267,83,1260,8,5,3,0,1,5,2,8,25,CONCACAF
1940,12/31/1940,Argentina,1,2079,1,2120,3,1994,10,1855,230,110,90,30,122,58,50,474,275,CONMEBOL
1940,12/31/1940,Scotland,3,1998,1,2104,4,1963,11,1781,198,93,105,0,123,37,38,529,244,UEFA
1940,12/31/1940,England,4,1997,1,2213,3,1998,12,1810,296,117,175,4,196,59,41,1009,369,UEFA
1940,12/31/1940,Spain,5,1947,1,2036,4,1965,9,1901,57,22,26,9,36,12,9,134,62,UEFA
1940,12/31/1940,Austria,6,1922,1,2070,7,1886,13,1785,195,91,96,8,94,60,41,467,358,UEFA
1940,12/31/1940,Croatia,7,1905,7,1917,7,1909,8,1905,4,2,2,0,2,1,1,6,2,UEFA
1940,12/31/1940,Uruguay,8,1901,1,2104,5,1941,12,1827,203,80,87,36,93,72,38,355,287,CONMEBOL
1940,12/31/1940,Brazil,10,1879,5,1939,8,1890,14,1805,68,22,21,25,30,26,12,133,130,CONMEBOL
1940,12/31/1940,Germany,13,1816,7,1913,15,1728,25,1637,183,89,83,11,87,60,36,463,345,UEFA
1940,12/31/1940,Mexico,14,1813,13,1813,25,1668,48,1498,29,9,5,15,20,7,2,99,56,CONCACAF
1940,12/31/1940,Switzerland,16,1766,11,1795,23,1585,40,1485,179,85,81,13,49,98,32,281,441,UEFA
1940,12/31/1940,Australia,18,1714,16,1729,31,1607,41,1528,42,31,11,0,23,14,5,126,94,AFC
1940,12/31/1940,Sweden,21,1708,5,1894,16,1711,32,1579,234,116,102,16,111,88,35,633,471,UEFA
1940,12/31/1940,Paraguay,23,1692,10,1864,17,1737,25,1647,69,17,26,26,20,39,10,89,145,CONMEBOL
1940,12/31/1940,France,24,1690,9,1690,25,1586,40,1514,160,88,62,10,50,93,17,282,488,UEFA
1940,12/31/1940,United States,27,1670,12,1784,18,1708,28,1670,24,4,12,8,8,14,2,51,80,CONCACAF
1940,12/31/1940,Norway,28,1664,14,1793,25,1551,39,1364,144,71,62,11,48,69,27,263,366,UEFA
1940,12/31/1940,Tunisia,29,1660,24,1660,28,1648,33,1610,4,1,3,0,3,0,1,10,4,CAF
1940,12/31/1940,Netherlands,30,1658,3,2003,13,1817,33,1606,171,88,69,14,77,66,28,413,368,UEFA
1940,12/31/1940,South Africa,32,1654,7,1847,15,1772,32,1654,22,15,7,0,3,19,0,30,68,CAF
1940,12/31/1940,Egypt,34,1646,16,1761,23,1679,34,1646,20,4,6,10,9,8,3,54,52,CAF
1940,12/31/1940,Portugal,35,1645,17,1749,23,1683,35,1645,39,21,14,4,11,22,6,56,85,UEFA
1940,12/31/1940,Algeria,36,1640,21,1690,29,1652,36,1640,4,3,1,0,0,3,1,4,10,CAF
1940,12/31/1940,Canada,39,1619,25,1619,31,1616,39,1589,13,1,12,0,5,6,2,20,26,CONCACAF
1940,12/31/1940,Curaçao,43,1593,26,1611,36,1580,45,1561,28,13,15,0,17,6,5,52,33,CONCACAF
1940,12/31/1940,Belgium,48,1535,5,1930,21,1712,49,1503,194,100,88,6,64,98,32,388,498,UEFA
1940,12/31/1940,New Zealand,60,1432,29,1572,43,1516,60,1432,16,10,6,0,5,9,2,30,51,OFC
1940,12/31/1940,Turkey,64,1358,37,1541,53,1420,67,1358,42,20,18,4,8,26,8,73,114,UEFA
1940,12/31/1940,Colombia,67,1345,56,1444,65,1357,68,1345,9,4,1,4,3,6,0,16,19,CONMEBOL
1940,12/31/1940,Haiti,70,1336,54,1336,65,1290,79,1265,19,18,1,0,7,8,4,26,32,CONCACAF
1940,12/31/1940,Japan,77,1291,30,1291,60,1200,82,1126,19,7,5,7,5,13,1,30,78,AFC
1940,12/31/1940,Ecuador,79,1284,69,1340,77,1291,80,1284,9,0,2,7,2,6,1,14,33,CONMEBOL
1940,12/31/1940,Panama,85,1260,69,1314,83,1265,87,1260,8,5,3,0,1,5,2,8,25,CONCACAF
1941,12/31/1941,Argentina,1,2107,1,2120,3,1996,10,1855,239,110,96,33,129,58,52,496,282,CONMEBOL
1941,12/31/1941,Scotland,3,1998,1,2104,4,1963,11,1781,198,93,105,0,123,37,38,529,244,UEFA
1941,12/31/1941,England,4,1997,1,2213,3,1998,12,1810,296,117,175,4,196,59,41,1009,369,UEFA
1941,12/31/1941,Spain,5,1949,1,2036,4,1964,9,1901,60,24,27,9,38,12,10,144,67,UEFA
1941,12/31/1941,Uruguay,6,1929,1,2104,5,1941,12,1827,207,80,88,39,96,73,38,365,288,CONMEBOL
1941,12/31/1941,Austria,7,1922,1,2070,7,1887,13,1785,195,91,96,8,94,60,41,467,358,UEFA
1941,12/31/1941,Croatia,8,1892,7,1917,8,1902,8,1886,7,3,4,0,3,2,2,13,10,UEFA
1941,12/31/1941,Brazil,9,1879,5,1939,8,1890,14,1805,68,22,21,25,30,26,12,133,130,CONMEBOL
1941,12/31/1941,Germany,13,1848,7,1913,15,1731,25,1637,192,94,87,11,93,62,37,497,356,UEFA
1941,12/31/1941,Mexico,15,1813,13,1813,24,1675,48,1498,29,9,5,15,20,7,2,99,56,CONCACAF
1941,12/31/1941,Switzerland,16,1754,11,1795,23,1590,40,1485,183,87,83,13,50,101,32,288,451,UEFA
1941,12/31/1941,Sweden,18,1715,5,1894,16,1711,32,1579,237,118,103,16,112,89,36,640,477,UEFA
1941,12/31/1941,Australia,19,1714,16,1729,30,1612,41,1528,42,31,11,0,23,14,5,126,94,AFC
1941,12/31/1941,Paraguay,22,1692,10,1864,17,1735,25,1647,69,17,26,26,20,39,10,89,145,CONMEBOL
1941,12/31/1941,France,23,1690,9,1690,25,1589,40,1514,160,88,62,10,50,93,17,282,488,UEFA
1941,12/31/1941,United States,27,1670,12,1784,19,1707,28,1670,24,4,12,8,8,14,2,51,80,CONCACAF
1941,12/31/1941,Norway,28,1664,14,1793,25,1554,39,1364,144,71,62,11,48,69,27,263,366,UEFA
1941,12/31/1941,Tunisia,29,1660,24,1660,28,1650,33,1610,4,1,3,0,3,0,1,10,4,CAF
1941,12/31/1941,Netherlands,30,1658,3,2003,13,1813,33,1606,171,88,69,14,77,66,28,413,368,UEFA
1941,12/31/1941,South Africa,32,1654,7,1847,15,1768,32,1654,22,15,7,0,3,19,0,30,68,CAF
1941,12/31/1941,Portugal,34,1646,17,1749,23,1681,35,1645,41,22,15,4,11,23,7,59,92,UEFA
1941,12/31/1941,Egypt,34,1646,16,1761,23,1678,35,1646,20,4,6,10,9,8,3,54,52,CAF
1941,12/31/1941,Algeria,36,1640,21,1690,30,1650,36,1640,4,3,1,0,0,3,1,4,10,CAF
1941,12/31/1941,Canada,38,1619,25,1619,31,1616,40,1589,13,1,12,0,5,6,2,20,26,CONCACAF
1941,12/31/1941,Iran,45,1571,45,1571,45,1571,45,1571,1,0,1,0,0,1,0,0,1,AFC
1941,12/31/1941,Curaçao,47,1556,26,1611,37,1579,47,1552,36,15,18,3,20,7,9,76,48,CONCACAF
1941,12/31/1941,Belgium,49,1535,5,1930,21,1708,49,1503,194,100,88,6,64,98,32,388,498,UEFA
1941,12/31/1941,New Zealand,61,1432,29,1572,44,1512,61,1432,16,10,6,0,5,9,2,30,51,OFC
1941,12/31/1941,Turkey,65,1358,37,1541,54,1416,67,1358,42,20,18,4,8,26,8,73,114,UEFA
1941,12/31/1941,Colombia,68,1345,56,1444,66,1354,68,1345,9,4,1,4,3,6,0,16,19,CONMEBOL
1941,12/31/1941,Haiti,71,1336,54,1336,66,1292,79,1265,19,18,1,0,7,8,4,26,32,CONCACAF
1941,12/31/1941,Japan,79,1291,30,1291,61,1203,82,1126,19,7,5,7,5,13,1,30,78,AFC
1941,12/31/1941,Panama,83,1277,69,1314,83,1266,87,1260,12,5,4,3,2,7,3,19,41,CONCACAF
1941,12/31/1941,Ecuador,85,1264,69,1340,79,1284,85,1264,13,0,3,10,2,10,1,15,54,CONMEBOL
1942,12/31/1942,Argentina,1,2093,1,2129,3,1999,10,1855,247,111,98,38,134,59,54,522,290,CONMEBOL
1942,12/31/1942,Scotland,3,1998,1,2104,4,1964,11,1781,198,93,105,0,123,37,38,529,244,UEFA
1942,12/31/1942,England,4,1997,1,2213,3,1998,12,1810,296,117,175,4,196,59,41,1009,369,UEFA
1942,12/31/1942,Uruguay,5,1985,1,2104,5,1942,12,1827,215,87,89,39,102,74,39,388,295,CONMEBOL
1942,12/31/1942,Spain,6,1945,1,2036,5,1963,9,1901,63,25,29,9,39,13,11,149,72,UEFA
1942,12/31/1942,Austria,7,1922,1,2070,7,1888,13,1785,195,91,96,8,94,60,41,467,358,UEFA
1942,12/31/1942,Germany,8,1909,7,1913,14,1735,25,1637,202,98,92,12,100,64,38,533,371,UEFA
1942,12/31/1942,Brazil,9,1872,5,1939,8,1889,14,1805,74,22,22,30,33,28,13,148,137,CONMEBOL
1942,12/31/1942,Croatia,11,1865,7,1917,8,1892,11,1865,15,6,9,0,6,5,4,31,26,UEFA
1942,12/31/1942,Mexico,15,1813,13,1813,24,1682,48,1498,29,9,5,15,20,7,2,99,56,CONCACAF
1942,12/31/1942,Switzerland,16,1756,11,1795,23,1595,40,1485,189,89,87,13,53,104,32,298,464,UEFA
1942,12/31/1942,Sweden,17,1749,5,1894,16,1711,32,1579,241,119,106,16,115,90,36,649,483,UEFA
1942,12/31/1942,Paraguay,18,1722,10,1864,17,1734,25,1647,75,17,27,31,22,41,12,100,155,CONMEBOL
1942,12/31/1942,Australia,19,1714,16,1729,29,1617,41,1528,42,31,11,0,23,14,5,126,94,AFC
1942,12/31/1942,South Korea,21,1702,21,1702,21,1702,21,1702,1,1,0,0,1,0,0,5,0,AFC
1942,12/31/1942,United States,25,1670,12,1784,19,1705,28,1670,24,4,12,8,8,14,2,51,80,CONCACAF
1942,12/31/1942,France,27,1669,9,1690,25,1591,40,1514,162,89,63,10,50,95,17,282,494,UEFA
1942,12/31/1942,Portugal,29,1664,17,1749,23,1680,35,1645,42,23,15,4,12,23,7,62,92,UEFA
1942,12/31/1942,Norway,29,1664,14,1793,25,1557,39,1364,144,71,62,11,48,69,27,263,366,UEFA
1942,12/31/1942,Tunisia,31,1660,24,1660,29,1651,33,1610,4,1,3,0,3,0,1,10,4,CAF
1942,12/31/1942,Netherlands,32,1658,3,2003,13,1809,33,1606,171,88,69,14,77,66,28,413,368,UEFA
1942,12/31/1942,South Africa,34,1654,7,1847,16,1765,34,1654,22,15,7,0,3,19,0,30,68,CAF
1942,12/31/1942,Egypt,36,1646,16,1761,24,1676,36,1646,20,4,6,10,9,8,3,54,52,CAF
1942,12/31/1942,Algeria,37,1640,21,1690,31,1649,37,1640,4,3,1,0,0,3,1,4,10,CAF
1942,12/31/1942,Canada,39,1619,25,1619,32,1616,40,1589,13,1,12,0,5,6,2,20,26,CONCACAF
1942,12/31/1942,Iran,46,1571,44,1571,45,1571,46,1571,1,0,1,0,0,1,0,0,1,AFC
1942,12/31/1942,Curaçao,49,1549,26,1611,37,1578,49,1549,37,16,18,3,20,7,10,78,50,CONCACAF
1942,12/31/1942,Belgium,50,1535,5,1930,22,1703,50,1503,194,100,88,6,64,98,32,388,498,UEFA
1942,12/31/1942,New Zealand,62,1432,29,1572,45,1508,62,1432,16,10,6,0,5,9,2,30,51,OFC
1942,12/31/1942,Turkey,67,1358,37,1541,55,1413,67,1358,42,20,18,4,8,26,8,73,114,UEFA
1942,12/31/1942,Colombia,71,1345,56,1444,67,1352,71,1345,9,4,1,4,3,6,0,16,19,CONMEBOL
1942,12/31/1942,Haiti,73,1336,54,1336,66,1295,79,1265,19,18,1,0,7,8,4,26,32,CONCACAF
1942,12/31/1942,Japan,81,1289,30,1291,61,1207,82,1126,20,7,6,7,5,14,1,30,83,AFC
1942,12/31/1942,Panama,84,1277,69,1314,83,1269,87,1260,12,5,4,3,2,7,3,19,41,CONCACAF
1942,12/31/1942,Ecuador,89,1244,69,1340,81,1275,89,1244,19,0,4,15,2,16,1,19,85,CONMEBOL
1943,12/31/1943,Argentina,2,2072,1,2129,3,2001,10,1855,253,113,102,38,137,61,55,535,303,CONMEBOL
1943,12/31/1943,Scotland,3,1998,1,2104,4,1964,11,1781,198,93,105,0,123,37,38,529,244,UEFA
1943,12/31/1943,England,4,1997,1,2213,3,1998,12,1810,296,117,175,4,196,59,41,1009,369,UEFA
1943,12/31/1943,Uruguay,5,1990,1,2104,5,1943,12,1827,219,89,91,39,103,76,40,397,302,CONMEBOL
1943,12/31/1943,Spain,6,1945,1,2036,5,1962,9,1901,63,25,29,9,39,13,11,149,72,UEFA
1943,12/31/1943,Austria,7,1922,1,2070,7,1889,13,1785,195,91,96,8,94,60,41,467,358,UEFA
1943,12/31/1943,Germany,8,1909,7,1913,14,1740,25,1637,202,98,92,12,100,64,38,533,371,UEFA
1943,12/31/1943,Brazil,9,1872,5,1939,8,1889,14,1805,74,22,22,30,33,28,13,148,137,CONMEBOL
1943,12/31/1943,Croatia,11,1869,7,1917,9,1885,12,1855,18,7,11,0,8,6,4,35,28,UEFA
1943,12/31/1943,Mexico,14,1813,13,1813,24,1688,48,1498,29,9,5,15,20,7,2,99,56,CONCACAF
1943,12/31/1943,Sweden,15,1764,5,1894,16,1712,32,1579,246,121,109,16,117,92,37,662,492,UEFA
1943,12/31/1943,Switzerland,16,1744,11,1795,22,1599,40,1485,192,91,88,13,54,106,32,300,468,UEFA
1943,12/31/1943,Paraguay,17,1738,10,1864,17,1734,25,1647,77,19,27,31,23,42,12,104,161,CONMEBOL
1943,12/31/1943,Australia,18,1714,16,1729,29,1622,41,1528,42,31,11,0,23,14,5,126,94,AFC
1943,12/31/1943,South Korea,20,1702,20,1702,21,1702,21,1702,1,1,0,0,1,0,0,5,0,AFC
1943,12/31/1943,United States,25,1670,12,1784,19,1704,28,1670,24,4,12,8,8,14,2,51,80,CONCACAF
1943,12/31/1943,France,27,1669,9,1690,25,1593,40,1514,162,89,63,10,50,95,17,282,494,UEFA
1943,12/31/1943,Portugal,28,1664,17,1749,24,1679,35,1645,42,23,15,4,12,23,7,62,92,UEFA
1943,12/31/1943,Norway,28,1664,14,1793,25,1560,39,1364,144,71,62,11,48,69,27,263,366,UEFA
1943,12/31/1943,Tunisia,30,1660,24,1660,29,1652,33,1610,4,1,3,0,3,0,1,10,4,CAF
1943,12/31/1943,Netherlands,31,1658,3,2003,14,1805,33,1606,171,88,69,14,77,66,28,413,368,UEFA
1943,12/31/1943,South Africa,33,1654,7,1847,16,1762,34,1654,22,15,7,0,3,19,0,30,68,CAF
1943,12/31/1943,Egypt,36,1646,16,1761,24,1675,36,1646,20,4,6,10,9,8,3,54,52,CAF
1943,12/31/1943,Algeria,37,1640,21,1690,31,1648,37,1640,4,3,1,0,0,3,1,4,10,CAF
1943,12/31/1943,Canada,39,1619,25,1619,32,1616,40,1589,13,1,12,0,5,6,2,20,26,CONCACAF
1943,12/31/1943,Iran,46,1571,44,1571,46,1571,46,1571,1,0,1,0,0,1,0,0,1,AFC
1943,12/31/1943,Curaçao,49,1541,26,1611,38,1576,50,1535,41,18,20,3,21,7,13,86,57,CONCACAF
1943,12/31/1943,Belgium,50,1535,5,1930,23,1699,51,1503,194,100,88,6,64,98,32,388,498,UEFA
1943,12/31/1943,New Zealand,63,1432,29,1572,45,1504,63,1432,16,10,6,0,5,9,2,30,51,OFC
1943,12/31/1943,Turkey,68,1358,37,1541,55,1410,68,1358,42,20,18,4,8,26,8,73,114,UEFA
1943,12/31/1943,Colombia,71,1345,56,1444,67,1351,71,1345,9,4,1,4,3,6,0,16,19,CONMEBOL
1943,12/31/1943,Haiti,73,1336,54,1336,66,1297,79,1265,19,18,1,0,7,8,4,26,32,CONCACAF
1943,12/31/1943,Japan,81,1289,30,1291,62,1210,82,1126,20,7,6,7,5,14,1,30,83,AFC
1943,12/31/1943,Panama,84,1277,69,1314,83,1270,87,1260,12,5,4,3,2,7,3,19,41,CONCACAF
1943,12/31/1943,Ecuador,89,1244,69,1340,83,1269,89,1244,19,0,4,15,2,16,1,19,85,CONMEBOL
1944,12/31/1944,Argentina,2,2081,1,2129,3,2002,10,1855,257,115,104,38,139,62,56,548,311,CONMEBOL
1944,12/31/1944,Scotland,3,1998,1,2104,4,1965,11,1781,198,93,105,0,123,37,38,529,244,UEFA
1944,12/31/1944,England,4,1997,1,2213,3,1998,12,1810,296,117,175,4,196,59,41,1009,369,UEFA
1944,12/31/1944,Spain,5,1945,1,2036,5,1962,9,1901,63,25,29,9,39,13,11,149,72,UEFA
1944,12/31/1944,Uruguay,6,1943,1,2104,5,1944,12,1827,225,91,95,39,104,80,41,406,325,CONMEBOL
1944,12/31/1944,Austria,7,1922,1,2070,7,1889,13,1785,195,91,96,8,94,60,41,467,358,UEFA
1944,12/31/1944,Brazil,8,1910,5,1939,8,1889,14,1805,76,24,22,30,35,28,13,158,138,CONMEBOL
1944,12/31/1944,Germany,9,1909,7,1913,14,1745,25,1637,202,98,92,12,100,64,38,533,371,UEFA
1944,12/31/1944,Croatia,10,1874,7,1917,9,1882,12,1855,19,8,11,0,9,6,4,42,31,UEFA
1944,12/31/1944,Mexico,14,1813,13,1813,23,1694,48,1498,29,9,5,15,20,7,2,99,56,CONCACAF
1944,12/31/1944,Sweden,15,1764,5,1894,16,1714,32,1579,246,121,109,16,117,92,37,662,492,UEFA
1944,12/31/1944,Switzerland,16,1744,11,1795,22,1602,40,1485,192,91,88,13,54,106,32,300,468,UEFA
1944,12/31/1944,Paraguay,17,1738,10,1864,17,1734,25,1647,77,19,27,31,23,42,12,104,161,CONMEBOL
1944,12/31/1944,Australia,18,1714,16,1729,28,1626,41,1528,42,31,11,0,23,14,5,126,94,AFC
1944,12/31/1944,South Korea,20,1702,20,1702,21,1702,21,1702,1,1,0,0,1,0,0,5,0,AFC
1944,12/31/1944,Iraq,25,1676,25,1676,25,1676,25,1670,2,0,2,0,1,1,0,3,5,AFC
1944,12/31/1944,France,26,1675,9,1690,25,1595,40,1514,163,90,63,10,51,95,17,285,495,UEFA
1944,12/31/1944,United States,27,1670,12,1784,19,1703,28,1670,24,4,12,8,8,14,2,51,80,CONCACAF
1944,12/31/1944,Portugal,29,1664,17,1749,24,1679,35,1645,42,23,15,4,12,23,7,62,92,UEFA
1944,12/31/1944,Norway,29,1664,14,1793,25,1563,39,1364,144,71,62,11,48,69,27,263,366,UEFA
1944,12/31/1944,Tunisia,31,1660,24,1660,29,1652,33,1610,4,1,3,0,3,0,1,10,4,CAF
1944,12/31/1944,Netherlands,32,1658,3,2003,14,1801,33,1606,171,88,69,14,77,66,28,413,368,UEFA
1944,12/31/1944,South Africa,34,1654,7,1847,17,1759,34,1654,22,15,7,0,3,19,0,30,68,CAF
1944,12/31/1944,Egypt,36,1646,16,1761,25,1674,37,1646,20,4,6,10,9,8,3,54,52,CAF
1944,12/31/1944,Algeria,38,1640,21,1690,32,1648,38,1640,4,3,1,0,0,3,1,4,10,CAF
1944,12/31/1944,Canada,40,1619,25,1619,32,1616,40,1589,13,1,12,0,5,6,2,20,26,CONCACAF
1944,12/31/1944,Iran,46,1571,44,1571,46,1571,47,1571,1,0,1,0,0,1,0,0,1,AFC
1944,12/31/1944,Curaçao,47,1570,26,1611,38,1575,57,1501,50,23,22,5,27,9,14,112,71,CONCACAF
1944,12/31/1944,Belgium,51,1529,5,1930,23,1695,51,1503,195,100,89,6,64,99,32,389,501,UEFA
1944,12/31/1944,New Zealand,64,1432,29,1572,46,1501,64,1432,16,10,6,0,5,9,2,30,51,OFC
1944,12/31/1944,Turkey,68,1358,37,1541,56,1408,69,1358,42,20,18,4,8,26,8,73,114,UEFA
1944,12/31/1944,Colombia,72,1345,56,1444,68,1350,73,1345,9,4,1,4,3,6,0,16,19,CONMEBOL
1944,12/31/1944,Haiti,82,1301,54,1336,67,1298,82,1265,22,18,2,2,7,10,5,27,40,CONCACAF
1944,12/31/1944,Japan,83,1289,30,1291,63,1213,83,1126,20,7,6,7,5,14,1,30,83,AFC
1944,12/31/1944,Panama,87,1277,69,1314,84,1271,87,1260,12,5,4,3,2,7,3,19,41,CONCACAF
1944,12/31/1944,Ecuador,90,1244,69,1340,84,1265,91,1244,19,0,4,15,2,16,1,19,85,CONMEBOL
1945,12/31/1945,Argentina,2,2033,1,2129,3,2004,10,1855,273,118,112,43,149,65,59,600,344,CONMEBOL
1945,12/31/1945,Scotland,3,2013,1,2104,4,1965,11,1781,199,94,105,0,124,37,38,531,244,UEFA
1945,12/31/1945,Brazil,4,1993,4,1993,8,1891,14,1805,85,27,23,35,42,30,13,189,150,CONMEBOL
1945,12/31/1945,Spain,5,1943,1,2036,5,1961,9,1901,65,26,30,9,40,13,12,155,76,UEFA
1945,12/31/1945,England,6,1937,1,2213,3,1997,12,1810,300,119,177,4,197,61,42,1013,375,UEFA
1945,12/31/1945,Germany,7,1909,7,1913,14,1749,25,1637,202,98,92,12,100,64,38,533,371,UEFA
1945,12/31/1945,Austria,8,1899,1,2070,7,1890,13,1785,198,92,98,8,95,62,41,473,366,UEFA
1945,12/31/1945,Uruguay,11,1855,1,2104,5,1942,12,1827,234,93,97,44,107,84,43,425,340,CONMEBOL
1945,12/31/1945,Mexico,13,1813,13,1813,23,1699,48,1498,29,9,5,15,20,7,2,99,56,CONCACAF
1945,12/31/1945,Switzerland,14,1803,11,1803,22,1606,40,1485,197,96,88,13,58,106,33,312,473,UEFA
1945,12/31/1945,Sweden,15,1793,5,1894,16,1715,32,1579,253,125,112,16,123,93,37,695,503,UEFA
1945,12/31/1945,Paraguay,16,1766,10,1864,17,1735,25,1647,81,21,29,31,24,45,12,115,175,CONMEBOL
1945,12/31/1945,Australia,17,1714,16,1729,28,1630,41,1528,42,31,11,0,23,14,5,126,94,AFC
1945,12/31/1945,South Korea,20,1702,19,1702,20,1702,21,1702,1,1,0,0,1,0,0,5,0,AFC
1945,12/31/1945,Iraq,24,1678,24,1678,25,1677,25,1670,3,1,2,0,2,1,0,7,6,AFC
1945,12/31/1945,United States,25,1670,12,1784,20,1702,28,1670,24,4,12,8,8,14,2,51,80,CONCACAF
1945,12/31/1945,France,27,1661,9,1690,25,1597,40,1514,167,90,67,10,51,98,18,289,504,UEFA
1945,12/31/1945,Portugal,27,1661,17,1749,24,1678,35,1645,45,24,17,4,12,25,8,66,99,UEFA
1945,12/31/1945,Tunisia,29,1660,24,1660,29,1653,33,1610,4,1,3,0,3,0,1,10,4,CAF
1945,12/31/1945,Netherlands,30,1658,3,2003,15,1798,33,1606,171,88,69,14,77,66,28,413,368,UEFA
1945,12/31/1945,South Africa,33,1654,7,1847,17,1757,35,1654,22,15,7,0,3,19,0,30,68,CAF
1945,12/31/1945,Egypt,34,1646,16,1761,25,1673,37,1646,20,4,6,10,9,8,3,54,52,CAF
1945,12/31/1945,Algeria,36,1640,21,1690,32,1647,39,1640,4,3,1,0,0,3,1,4,10,CAF
1945,12/31/1945,Norway,38,1623,14,1793,25,1566,39,1364,147,72,64,11,48,72,27,266,385,UEFA
1945,12/31/1945,Canada,40,1619,25,1619,33,1616,42,1589,13,1,12,0,5,6,2,20,26,CONCACAF
1945,12/31/1945,Iran,44,1571,44,1571,45,1571,47,1571,1,0,1,0,0,1,0,0,1,AFC
1945,12/31/1945,Curaçao,48,1545,26,1611,39,1574,57,1501,52,23,24,5,27,11,14,114,75,CONCACAF
1945,12/31/1945,Belgium,51,1516,5,1930,24,1691,54,1503,197,101,90,6,65,100,32,392,506,UEFA
1945,12/31/1945,New Zealand,62,1432,29,1572,47,1498,64,1432,16,10,6,0,5,9,2,30,51,OFC
1945,12/31/1945,Turkey,67,1358,37,1541,56,1406,69,1358,42,20,18,4,8,26,8,73,114,UEFA
1945,12/31/1945,Colombia,68,1354,56,1444,68,1350,75,1330,15,4,2,9,4,10,1,23,44,CONMEBOL
1945,12/31/1945,Haiti,80,1301,54,1336,68,1298,82,1265,22,18,2,2,7,10,5,27,40,CONCACAF
1945,12/31/1945,Japan,82,1289,30,1291,64,1215,83,1126,20,7,6,7,5,14,1,30,83,AFC
1945,12/31/1945,Panama,86,1277,69,1314,84,1272,87,1260,12,5,4,3,2,7,3,19,41,CONCACAF
1945,12/31/1945,Ecuador,90,1210,69,1340,85,1258,92,1210,25,0,5,20,2,21,2,28,112,CONMEBOL
1946,12/31/1946,Argentina,2,2081,1,2129,3,2006,10,1855,278,123,112,43,154,65,59,617,347,CONMEBOL
1946,12/31/1946,England,3,1975,1,2213,3,1996,12,1810,309,124,181,4,203,63,43,1041,385,UEFA
1946,12/31/1946,Brazil,4,1973,4,1996,8,1894,14,1805,92,27,26,39,45,32,15,206,162,CONMEBOL
1946,12/31/1946,Scotland,4,1973,1,2104,4,1966,11,1781,206,98,108,0,127,38,41,543,254,UEFA
1946,12/31/1946,Spain,6,1925,1,2036,5,1960,9,1901,66,27,30,9,40,14,12,155,77,UEFA
1946,12/31/1946,Germany,7,1909,7,1913,14,1753,25,1637,202,98,92,12,100,64,38,533,371,UEFA
1946,12/31/1946,Austria,10,1847,1,2070,7,1890,13,1785,204,94,102,8,96,67,41,482,381,UEFA
1946,12/31/1946,Uruguay,11,1823,1,2104,5,1939,12,1823,241,95,98,48,110,87,44,441,353,CONMEBOL
1946,12/31/1946,Mexico,12,1813,12,1813,22,1704,48,1498,29,9,5,15,20,7,2,99,56,CONCACAF
1946,12/31/1946,Czech Republic,13,1806,3,1956,8,1876,14,1791,146,61,73,12,70,41,35,358,261,UEFA
1946,12/31/1946,Sweden,13,1806,5,1894,16,1717,32,1579,258,127,115,16,126,94,38,716,511,UEFA
1946,12/31/1946,Paraguay,15,1780,10,1864,17,1736,25,1647,86,21,30,35,26,47,13,123,183,CONMEBOL
1946,12/31/1946,Switzerland,15,1780,11,1803,22,1611,40,1485,202,97,92,13,59,110,33,319,490,UEFA
1946,12/31/1946,Australia,18,1714,16,1729,28,1633,41,1528,42,31,11,0,23,14,5,126,94,AFC
1946,12/31/1946,France,20,1709,9,1709,25,1599,40,1514,171,93,68,10,54,99,18,298,508,UEFA
1946,12/31/1946,South Korea,21,1702,19,1702,20,1702,21,1702,1,1,0,0,1,0,0,5,0,AFC
1946,12/31/1946,Portugal,24,1680,17,1749,24,1678,35,1645,47,26,17,4,14,25,8,71,101,UEFA
1946,12/31/1946,Iraq,25,1678,23,1678,25,1677,26,1670,3,1,2,0,2,1,0,7,6,AFC
1946,12/31/1946,United States,28,1670,12,1784,20,1701,29,1670,24,4,12,8,8,14,2,51,80,CONCACAF
1946,12/31/1946,Netherlands,30,1667,3,2003,15,1795,33,1606,175,89,72,14,79,67,29,429,383,UEFA
1946,12/31/1946,Tunisia,32,1660,24,1660,29,1653,33,1610,4,1,3,0,3,0,1,10,4,CAF
1946,12/31/1946,South Africa,34,1654,7,1847,17,1754,35,1654,22,15,7,0,3,19,0,30,68,CAF
1946,12/31/1946,Egypt,35,1646,16,1761,26,1672,37,1646,20,4,6,10,9,8,3,54,52,CAF
1946,12/31/1946,Algeria,36,1640,21,1690,33,1647,39,1640,4,3,1,0,0,3,1,4,10,CAF
1946,12/31/1946,Canada,39,1619,25,1619,33,1617,42,1589,13,1,12,0,5,6,2,20,26,CONCACAF
1946,12/31/1946,Norway,42,1592,14,1793,26,1567,43,1364,153,75,67,11,50,76,27,283,401,UEFA
1946,12/31/1946,Iran,44,1571,44,1571,45,1571,47,1571,1,0,1,0,0,1,0,0,1,AFC
1946,12/31/1946,Curaçao,45,1563,26,1611,39,1574,57,1501,62,25,27,10,33,13,16,152,89,CONCACAF
1946,12/31/1946,Belgium,51,1524,5,1930,25,1687,54,1503,202,103,93,6,66,102,34,406,518,UEFA
1946,12/31/1946,Colombia,55,1495,55,1495,68,1352,75,1330,21,10,2,9,10,10,1,43,51,CONMEBOL
1946,12/31/1946,New Zealand,62,1432,29,1572,48,1495,64,1432,16,10,6,0,5,9,2,30,51,OFC
1946,12/31/1946,Panama,69,1385,69,1385,84,1269,89,1213,25,5,8,12,8,11,6,53,70,CONCACAF
1946,12/31/1946,Turkey,71,1358,37,1541,57,1404,71,1358,42,20,18,4,8,26,8,73,114,UEFA
1946,12/31/1946,Haiti,81,1301,54,1336,68,1298,82,1265,22,18,2,2,7,10,5,27,40,CONCACAF
1946,12/31/1946,Japan,83,1289,30,1291,64,1218,83,1126,20,7,6,7,5,14,1,30,83,AFC
1946,12/31/1946,Ecuador,91,1210,69,1340,85,1253,92,1210,25,0,5,20,2,21,2,28,112,CONMEBOL
1947,12/31/1947,Argentina,1,2097,1,2129,3,2008,10,1855,287,124,114,49,161,65,61,651,356,CONMEBOL
1947,12/31/1947,England,3,2001,1,2213,3,1996,12,1810,317,128,185,4,208,64,45,1069,393,UEFA
1947,12/31/1947,Brazil,4,1977,3,1996,8,1896,14,1805,94,28,27,39,46,32,16,209,164,CONMEBOL
1947,12/31/1947,Germany,6,1909,6,1913,14,1757,25,1637,202,98,92,12,100,64,38,533,371,UEFA
1947,12/31/1947,Spain,7,1888,1,2036,5,1957,9,1888,68,27,32,9,40,16,12,158,84,UEFA
1947,12/31/1947,Scotland,7,1888,1,2104,4,1966,11,1781,211,99,112,0,128,41,42,552,261,UEFA
1947,12/31/1947,Austria,9,1864,1,2070,7,1889,13,1785,208,96,104,8,98,69,41,495,393,UEFA
1947,12/31/1947,Sweden,10,1862,5,1894,16,1720,32,1579,265,131,117,17,132,95,38,749,523,UEFA
1947,12/31/1947,Mexico,11,1860,9,1860,22,1709,48,1498,31,9,6,16,22,7,2,107,57,CONCACAF
1947,12/31/1947,Paraguay,12,1841,10,1864,17,1738,25,1647,93,21,31,41,31,48,14,139,194,CONMEBOL
1947,12/31/1947,Czech Republic,14,1833,3,1956,9,1874,15,1791,152,64,76,12,74,42,36,379,274,UEFA
1947,12/31/1947,Uruguay,15,1820,1,2104,5,1937,15,1815,252,97,101,54,115,91,46,469,370,CONMEBOL
1947,12/31/1947,Switzerland,16,1762,11,1803,22,1614,40,1485,208,100,95,13,61,113,34,331,505,UEFA
1947,12/31/1947,France,17,1760,9,1760,25,1602,40,1514,177,96,71,10,59,100,18,313,516,UEFA
1947,12/31/1947,South Africa,19,1726,7,1847,18,1753,35,1654,31,15,16,0,10,20,1,66,89,CAF
1947,12/31/1947,South Korea,24,1702,19,1702,21,1702,24,1702,1,1,0,0,1,0,0,5,0,AFC
1947,12/31/1947,Netherlands,26,1687,3,2003,15,1792,33,1606,179,91,74,14,82,68,29,439,391,UEFA
1947,12/31/1947,Portugal,27,1683,17,1749,24,1679,35,1645,53,30,19,4,16,28,9,81,119,UEFA
1947,12/31/1947,Australia,29,1678,16,1729,27,1635,41,1528,47,36,11,0,24,17,6,138,106,AFC
1947,12/31/1947,Iraq,29,1678,23,1678,25,1678,29,1670,3,1,2,0,2,1,0,7,6,AFC
1947,12/31/1947,Tunisia,31,1660,24,1660,29,1654,33,1610,4,1,3,0,3,0,1,10,4,CAF
1947,12/31/1947,Egypt,33,1646,16,1761,26,1671,37,1646,20,4,6,10,9,8,3,54,52,CAF
1947,12/31/1947,Algeria,35,1640,21,1690,33,1646,39,1640,4,3,1,0,0,3,1,4,10,CAF
1947,12/31/1947,Canada,37,1619,25,1619,33,1617,42,1589,13,1,12,0,5,6,2,20,26,CONCACAF
1947,12/31/1947,United States,39,1591,12,1784,20,1699,41,1591,26,4,13,9,8,16,2,53,90,CONCACAF
1947,12/31/1947,Norway,41,1572,14,1793,26,1567,43,1364,160,77,71,12,53,79,28,300,422,UEFA
1947,12/31/1947,Iran,42,1571,42,1571,45,1571,47,1571,1,0,1,0,0,1,0,0,1,AFC
1947,12/31/1947,Belgium,51,1515,5,1930,25,1683,54,1503,208,106,96,6,67,107,34,414,536,UEFA
1947,12/31/1947,Curaçao,57,1477,26,1611,40,1571,58,1477,73,29,34,10,36,18,19,169,116,CONCACAF
1947,12/31/1947,Colombia,66,1408,54,1495,67,1366,75,1330,28,10,3,15,10,15,3,45,70,CONMEBOL
1947,12/31/1947,New Zealand,68,1396,29,1572,48,1492,68,1396,20,14,6,0,5,13,2,39,75,OFC
1947,12/31/1947,Haiti,69,1395,54,1395,68,1301,82,1265,26,22,2,2,11,10,5,45,41,CONCACAF
1947,12/31/1947,Panama,74,1385,69,1385,83,1281,89,1213,25,5,8,12,8,11,6,53,70,CONCACAF
1947,12/31/1947,Turkey,76,1358,37,1541,58,1402,76,1358,42,20,18,4,8,26,8,73,114,UEFA
1947,12/31/1947,Japan,86,1289,30,1291,65,1220,87,1126,20,7,6,7,5,14,1,30,83,AFC
1947,12/31/1947,Ecuador,94,1218,69,1340,86,1248,95,1205,32,7,5,20,2,25,5,31,129,CONMEBOL
1948,12/31/1948,England,1,2077,1,2213,3,1997,12,1810,323,130,189,4,213,64,46,1088,395,UEFA
1948,12/31/1948,Argentina,2,2076,1,2129,3,2009,10,1855,289,125,115,49,162,66,61,652,358,CONMEBOL
1948,12/31/1948,Sweden,3,1997,3,2012,16,1725,32,1579,275,133,121,21,139,97,39,783,536,UEFA
1948,12/31/1948,Brazil,5,1949,3,1996,8,1898,14,1805,96,28,29,39,46,33,17,212,169,CONMEBOL
1948,12/31/1948,Germany,7,1909,6,1913,13,1761,25,1637,202,98,92,12,100,64,38,533,371,UEFA
1948,12/31/1948,Spain,8,1894,1,2036,5,1955,9,1888,71,29,33,9,42,16,13,165,88,UEFA
1948,12/31/1948,Scotland,9,1881,1,2104,4,1964,14,1781,217,102,115,0,131,44,42,561,271,UEFA
1948,12/31/1948,Uruguay,10,1869,1,2104,6,1935,15,1815,256,100,102,54,117,92,47,476,374,CONMEBOL
1948,12/31/1948,Paraguay,11,1841,10,1864,17,1741,25,1647,93,21,31,41,31,48,14,139,194,CONMEBOL
1948,12/31/1948,Austria,13,1804,1,2070,7,1888,15,1785,216,99,108,9,102,73,41,508,408,UEFA
1948,12/31/1948,Mexico,15,1796,9,1860,21,1714,48,1498,32,9,6,17,22,8,2,110,62,CONCACAF
1948,12/31/1948,France,16,1768,9,1775,25,1606,40,1514,182,99,73,10,61,102,19,326,526,UEFA
1948,12/31/1948,Switzerland,18,1755,11,1803,22,1618,40,1485,215,103,99,13,63,116,36,343,526,UEFA
1948,12/31/1948,Czech Republic,19,1738,3,1956,9,1872,26,1699,159,66,81,12,75,47,37,386,288,UEFA
1948,12/31/1948,Australia,20,1733,16,1733,27,1638,41,1528,51,36,15,0,28,17,6,163,107,AFC
1948,12/31/1948,South Africa,21,1726,7,1847,18,1752,35,1654,31,15,16,0,10,20,1,66,89,CAF
1948,12/31/1948,South Korea,23,1714,16,1766,21,1703,25,1702,3,1,0,2,2,1,0,10,15,AFC
1948,12/31/1948,Netherlands,26,1701,3,2003,16,1790,33,1606,185,93,77,15,85,68,32,447,396,UEFA
1948,12/31/1948,Portugal,27,1690,17,1749,24,1679,35,1645,55,31,20,4,17,29,9,83,121,UEFA
1948,12/31/1948,Iraq,29,1678,23,1678,26,1678,29,1670,3,1,2,0,2,1,0,7,6,AFC
1948,12/31/1948,Tunisia,30,1660,24,1660,29,1654,33,1610,4,1,3,0,3,0,1,10,4,CAF
1948,12/31/1948,Algeria,34,1640,21,1690,33,1646,39,1640,4,3,1,0,0,3,1,4,10,CAF
1948,12/31/1948,Canada,35,1619,25,1619,33,1617,42,1589,13,1,12,0,5,6,2,20,26,CONCACAF
1948,12/31/1948,Norway,36,1607,14,1793,26,1568,44,1364,166,81,73,12,56,81,29,320,431,UEFA
1948,12/31/1948,Egypt,36,1607,16,1761,26,1669,37,1607,22,5,6,11,9,9,4,56,56,CAF
1948,12/31/1948,DR Congo,39,1587,39,1587,40,1587,41,1587,1,1,0,0,0,1,0,2,3,CAF
1948,12/31/1948,Iran,42,1571,41,1571,45,1571,47,1571,1,0,1,0,0,1,0,0,1,AFC
1948,12/31/1948,United States,44,1564,12,1784,21,1695,45,1564,28,4,15,9,8,18,2,53,106,CONCACAF
1948,12/31/1948,Belgium,47,1552,5,1930,26,1680,54,1503,214,109,99,6,68,108,38,425,547,UEFA
1948,12/31/1948,Panama,60,1470,57,1470,81,1297,89,1213,33,5,10,18,12,15,6,72,94,CONCACAF
1948,12/31/1948,Turkey,61,1454,37,1541,58,1402,77,1358,49,23,20,6,12,29,8,89,124,UEFA
1948,12/31/1948,Curaçao,67,1418,26,1611,41,1566,76,1361,84,29,38,17,38,24,22,185,137,CONCACAF
1948,12/31/1948,Colombia,69,1408,54,1495,67,1370,75,1330,28,10,3,15,10,15,3,45,70,CONMEBOL
1948,12/31/1948,Haiti,72,1387,54,1427,68,1306,82,1265,36,22,12,2,13,16,7,56,60,CONCACAF
1948,12/31/1948,New Zealand,78,1341,29,1572,49,1488,78,1341,24,18,6,0,5,17,2,40,100,OFC
1948,12/31/1948,Japan,89,1289,30,1291,66,1222,89,1126,20,7,6,7,5,14,1,30,83,AFC
1948,12/31/1948,Ecuador,97,1218,69,1340,87,1245,97,1205,32,7,5,20,2,25,5,31,129,CONMEBOL
1949,12/31/1949,Argentina,1,2076,1,2129,3,2011,10,1855,289,125,115,49,162,66,61,652,358,CONMEBOL
1949,12/31/1949,England,2,2039,1,2213,3,1997,12,1810,331,134,193,4,218,67,46,1112,408,UEFA
1949,12/31/1949,Brazil,4,1982,3,1996,8,1900,14,1805,104,36,29,39,53,34,17,258,176,CONMEBOL
1949,12/31/1949,Scotland,5,1977,1,2104,4,1964,14,1781,222,104,118,0,136,44,42,580,274,UEFA
1949,12/31/1949,Sweden,6,1970,2,2013,15,1732,32,1579,283,138,124,21,143,99,41,807,553,UEFA
1949,12/31/1949,Germany,8,1909,6,1913,13,1764,25,1637,202,98,92,12,100,64,38,533,371,UEFA
1949,12/31/1949,Spain,9,1895,1,2036,5,1953,11,1867,76,31,36,9,44,17,15,177,95,UEFA
1949,12/31/1949,Paraguay,10,1870,8,1904,17,1745,25,1647,101,21,33,47,37,50,14,160,207,CONMEBOL
1949,12/31/1949,Mexico,11,1834,9,1860,21,1717,48,1498,36,13,6,17,26,8,2,127,64,CONCACAF
1949,12/31/1949,Austria,12,1824,1,2070,8,1886,15,1785,223,102,112,9,106,76,41,524,425,UEFA
1949,12/31/1949,Australia,16,1733,16,1733,27,1641,41,1528,51,36,15,0,28,17,6,163,107,AFC
1949,12/31/1949,South Africa,18,1730,7,1847,18,1752,35,1654,32,16,16,0,11,20,1,69,91,CAF
1949,12/31/1949,Czech Republic,19,1729,3,1956,9,1869,26,1699,166,71,83,12,78,50,38,400,301,UEFA
1949,12/31/1949,Switzerland,20,1728,11,1803,22,1620,40,1485,221,106,102,13,66,119,36,358,539,UEFA
1949,12/31/1949,France,21,1727,9,1775,24,1609,40,1514,191,104,76,11,63,107,21,338,547,UEFA
1949,12/31/1949,South Korea,22,1725,16,1766,21,1706,25,1702,7,1,4,2,5,1,1,25,22,AFC
1949,12/31/1949,Uruguay,23,1720,1,2104,6,1931,24,1720,263,100,103,60,119,96,48,490,394,CONMEBOL
1949,12/31/1949,Netherlands,25,1705,3,2003,16,1788,33,1606,191,97,79,15,88,70,33,460,404,UEFA
1949,12/31/1949,Portugal,26,1691,17,1749,24,1679,35,1645,59,33,22,4,18,31,10,88,129,UEFA
1949,12/31/1949,Iraq,28,1678,23,1678,26,1678,29,1670,3,1,2,0,2,1,0,7,6,AFC
1949,12/31/1949,Tunisia,29,1660,24,1660,29,1655,33,1610,4,1,3,0,3,0,1,10,4,CAF
1949,12/31/1949,Algeria,32,1640,21,1690,33,1645,39,1640,4,3,1,0,0,3,1,4,10,CAF
1949,12/31/1949,Belgium,35,1636,5,1930,26,1678,54,1503,221,111,104,6,72,109,40,439,557,UEFA
1949,12/31/1949,Canada,36,1619,25,1619,34,1617,42,1589,13,1,12,0,5,6,2,20,26,CONCACAF
1949,12/31/1949,Egypt,37,1595,16,1761,27,1667,40,1579,24,5,7,12,10,10,4,61,60,CAF
1949,12/31/1949,DR Congo,40,1587,39,1587,40,1587,41,1587,1,1,0,0,0,1,0,2,3,CAF
1949,12/31/1949,United States,41,1580,12,1784,22,1691,54,1535,33,5,17,11,9,21,3,61,125,CONCACAF
1949,12/31/1949,Norway,42,1577,14,1793,27,1568,46,1364,171,84,75,12,56,84,31,326,444,UEFA
1949,12/31/1949,Iran,43,1571,41,1571,44,1571,47,1571,2,1,1,0,1,1,0,4,1,AFC
1949,12/31/1949,Turkey,54,1522,37,1541,58,1405,77,1358,53,24,22,7,15,30,8,101,128,UEFA
1949,12/31/1949,Panama,62,1467,57,1470,79,1311,89,1213,35,5,12,18,13,16,6,76,99,CONCACAF
1949,12/31/1949,Curaçao,66,1433,26,1611,42,1560,76,1361,86,31,38,17,39,24,23,189,138,CONCACAF
1949,12/31/1949,Haiti,67,1417,54,1427,68,1310,82,1265,40,26,12,2,15,17,8,67,65,CONCACAF
1949,12/31/1949,New Zealand,81,1341,29,1572,50,1483,82,1341,24,18,6,0,5,17,2,40,100,OFC
1949,12/31/1949,Colombia,88,1305,54,1495,68,1367,88,1305,35,10,4,21,10,20,5,49,93,CONMEBOL
1949,12/31/1949,Japan,93,1289,30,1291,66,1224,93,1126,20,7,6,7,5,14,1,30,83,AFC
1949,12/31/1949,Ecuador,98,1253,69,1340,88,1245,100,1183,39,7,6,26,3,31,5,38,150,CONMEBOL
1950,12/31/1950,Argentina,1,2074,1,2129,3,2012,10,1855,291,127,115,49,163,66,62,658,360,CONMEBOL
1950,12/31/1950,Brazil,2,2013,2,2066,7,1903,14,1805,115,47,29,39,60,36,19,292,191,CONMEBOL
1950,12/31/1950,England,3,1999,1,2213,3,1998,12,1810,340,136,197,7,224,69,47,1134,419,UEFA
1950,12/31/1950,Scotland,5,1972,1,2104,4,1964,14,1781,229,108,121,0,140,46,43,595,281,UEFA
1950,12/31/1950,Sweden,7,1935,2,2013,15,1737,32,1579,294,141,128,25,149,103,42,833,576,UEFA
1950,12/31/1950,Germany,8,1913,6,1913,13,1768,25,1637,203,99,92,12,101,64,38,534,371,UEFA
1950,12/31/1950,Austria,9,1888,1,2070,8,1885,15,1785,230,107,114,9,111,77,42,549,438,UEFA
1950,12/31/1950,Uruguay,11,1872,1,2104,6,1929,24,1718,273,100,109,64,124,100,49,519,412,CONMEBOL
1950,12/31/1950,Spain,12,1868,1,2036,5,1950,12,1867,84,32,38,14,48,19,17,194,110,UEFA
1950,12/31/1950,Paraguay,13,1850,8,1904,16,1749,25,1647,108,21,37,50,38,53,17,170,224,CONMEBOL
1950,12/31/1950,Australia,14,1772,14,1772,27,1645,41,1528,57,36,21,0,32,19,6,179,114,AFC
1950,12/31/1950,Switzerland,15,1758,11,1803,22,1623,40,1485,231,109,107,15,69,124,38,378,568,UEFA
1950,12/31/1950,Czech Republic,16,1748,3,1956,9,1866,26,1699,171,72,87,12,81,51,39,410,309,UEFA
1950,12/31/1950,Mexico,19,1729,9,1860,21,1720,48,1498,39,13,7,19,26,11,2,129,74,CONCACAF
1950,12/31/1950,South Korea,21,1721,16,1766,21,1708,25,1702,10,1,7,2,7,2,1,35,27,AFC
1950,12/31/1950,South Africa,22,1714,7,1847,18,1751,35,1654,36,20,16,0,13,22,1,75,98,CAF
1950,12/31/1950,France,23,1711,9,1775,24,1611,40,1514,195,107,77,11,64,109,22,347,557,UEFA
1950,12/31/1950,Belgium,26,1689,5,1930,26,1678,54,1503,228,116,106,6,76,111,41,462,571,UEFA
1950,12/31/1950,Portugal,27,1687,17,1749,24,1680,35,1645,63,36,23,4,18,33,12,96,143,UEFA
1950,12/31/1950,Iraq,28,1678,23,1678,27,1678,29,1670,3,1,2,0,2,1,0,7,6,AFC
1950,12/31/1950,Tunisia,29,1660,24,1660,29,1655,33,1610,4,1,3,0,3,0,1,10,4,CAF
1950,12/31/1950,Algeria,32,1640,21,1690,33,1645,39,1640,4,3,1,0,0,3,1,4,10,CAF
1950,12/31/1950,Netherlands,34,1628,3,2003,16,1786,34,1606,197,97,85,15,88,76,33,471,433,UEFA
1950,12/31/1950,Canada,36,1619,25,1619,34,1617,42,1589,13,1,12,0,5,6,2,20,26,CONCACAF
1950,12/31/1950,Norway,39,1590,14,1793,27,1569,46,1364,178,87,79,12,58,87,33,339,461,UEFA
1950,12/31/1950,Egypt,41,1584,16,1761,27,1664,41,1579,26,7,7,12,11,11,4,63,61,CAF
1950,12/31/1950,DR Congo,43,1580,39,1587,40,1585,43,1580,2,1,1,0,0,2,0,2,4,CAF
1950,12/31/1950,United States,45,1566,12,1784,22,1688,54,1535,36,5,17,14,10,23,3,65,133,CONCACAF
1950,12/31/1950,Iran,46,1561,41,1571,44,1570,47,1554,4,2,2,0,2,2,0,10,8,AFC
1950,12/31/1950,Turkey,52,1529,37,1541,58,1410,77,1358,56,26,23,7,17,31,8,111,136,UEFA
1950,12/31/1950,Curaçao,61,1476,26,1611,42,1557,76,1361,99,33,41,25,45,29,25,223,158,CONCACAF
1950,12/31/1950,Panama,63,1467,57,1470,78,1323,89,1213,35,5,12,18,13,16,6,76,99,CONCACAF
1950,12/31/1950,Haiti,80,1360,54,1427,69,1312,82,1265,44,26,13,5,16,20,8,72,73,CONCACAF
1950,12/31/1950,New Zealand,81,1341,29,1572,51,1478,82,1341,24,18,6,0,5,17,2,40,100,OFC
1950,12/31/1950,Colombia,87,1305,54,1495,70,1362,88,1305,35,10,4,21,10,20,5,49,93,CONMEBOL
1950,12/31/1950,Japan,95,1289,30,1291,67,1226,95,1126,20,7,6,7,5,14,1,30,83,AFC
1950,12/31/1950,Ecuador,100,1253,69,1340,89,1245,100,1183,39,7,6,26,3,31,5,38,150,CONMEBOL
1951,12/31/1951,Argentina,1,2066,1,2129,2,2013,10,1855,293,127,117,49,164,67,62,660,362,CONMEBOL
1951,12/31/1951,Brazil,2,2013,2,2066,7,1906,14,1805,115,47,29,39,60,36,19,292,191,CONMEBOL
1951,12/31/1951,Scotland,4,1970,1,2104,4,1964,14,1781,236,111,125,0,145,48,43,610,289,UEFA
1951,12/31/1951,England,4,1970,1,2213,3,1998,12,1810,347,142,198,7,227,70,50,1150,430,UEFA
1951,12/31/1951,Germany,7,1917,6,1925,13,1771,25,1637,210,102,96,12,106,66,38,555,380,UEFA
1951,12/31/1951,Austria,8,1906,1,2070,8,1886,15,1785,236,109,118,9,113,78,45,568,448,UEFA
1951,12/31/1951,Spain,10,1877,1,2036,5,1948,12,1867,87,33,40,14,49,19,19,203,116,UEFA
1951,12/31/1951,Uruguay,11,1872,1,2104,6,1927,24,1718,273,100,109,64,124,100,49,519,412,CONMEBOL
1951,12/31/1951,Paraguay,12,1850,8,1904,16,1752,25,1647,108,21,37,50,38,53,17,170,224,CONMEBOL
1951,12/31/1951,Sweden,13,1844,2,2013,15,1741,32,1579,303,145,133,25,151,108,44,848,594,UEFA
1951,12/31/1951,Australia,15,1772,14,1772,26,1649,41,1528,57,36,21,0,32,19,6,179,114,AFC
1951,12/31/1951,France,16,1740,9,1775,24,1614,40,1514,202,109,82,11,66,111,25,358,570,UEFA
1951,12/31/1951,Czech Republic,18,1735,3,1956,9,1864,26,1699,173,74,87,12,81,52,40,413,313,UEFA
1951,12/31/1951,Mexico,21,1729,9,1860,21,1720,48,1498,39,13,7,19,26,11,2,129,74,CONCACAF
1951,12/31/1951,Switzerland,22,1724,11,1803,21,1625,40,1485,237,112,110,15,69,129,39,390,590,UEFA
1951,12/31/1951,South Korea,23,1721,16,1766,21,1709,25,1702,10,1,7,2,7,2,1,35,27,AFC
1951,12/31/1951,South Africa,24,1714,7,1847,18,1750,35,1654,36,20,16,0,13,22,1,75,98,CAF
1951,12/31/1951,Iraq,25,1678,23,1678,27,1678,29,1670,3,1,2,0,2,1,0,7,6,AFC
1951,12/31/1951,Belgium,28,1673,5,1930,26,1678,54,1503,234,119,109,6,77,114,43,478,599,UEFA
1951,12/31/1951,Portugal,29,1667,17,1749,25,1679,35,1645,67,38,25,4,18,36,13,101,155,UEFA
1951,12/31/1951,Tunisia,30,1660,24,1660,29,1655,33,1610,4,1,3,0,3,0,1,10,4,CAF
1951,12/31/1951,Algeria,32,1640,21,1690,33,1645,39,1640,4,3,1,0,0,3,1,4,10,CAF
1951,12/31/1951,Norway,34,1636,14,1793,27,1570,46,1364,185,91,82,12,62,89,34,356,475,UEFA
1951,12/31/1951,Canada,35,1619,25,1619,34,1617,42,1589,13,1,12,0,5,6,2,20,26,CONCACAF
1951,12/31/1951,Netherlands,38,1608,3,2003,16,1782,38,1606,202,102,85,15,90,78,34,492,452,UEFA
1951,12/31/1951,DR Congo,43,1580,39,1587,41,1584,44,1580,2,1,1,0,0,2,0,2,4,CAF
1951,12/31/1951,United States,45,1566,12,1784,23,1684,54,1535,36,5,17,14,10,23,3,65,133,CONCACAF
1951,12/31/1951,Iran,47,1557,41,1572,45,1569,48,1554,8,2,3,3,4,3,1,15,11,AFC
1951,12/31/1951,Turkey,48,1555,37,1561,58,1415,77,1358,60,28,25,7,19,33,8,115,142,UEFA
1951,12/31/1951,Egypt,53,1529,16,1761,28,1661,53,1529,31,10,9,12,13,13,5,76,66,CAF
1951,12/31/1951,Panama,56,1506,55,1508,77,1336,89,1213,39,9,12,18,16,16,7,89,102,CONCACAF
1951,12/31/1951,Curaçao,59,1490,26,1611,43,1554,76,1361,101,34,42,25,46,29,26,230,163,CONCACAF
1951,12/31/1951,New Zealand,76,1392,29,1572,52,1473,83,1334,30,18,11,1,9,19,2,64,113,OFC
1951,12/31/1951,Haiti,81,1365,54,1427,69,1314,82,1265,47,26,16,5,17,21,9,76,77,CONCACAF
1951,12/31/1951,Colombia,89,1305,54,1495,71,1358,89,1305,35,10,4,21,10,20,5,49,93,CONMEBOL
1951,12/31/1951,Japan,93,1301,30,1302,68,1228,95,1126,23,7,6,10,6,15,2,34,86,AFC
1951,12/31/1951,Ecuador,103,1253,69,1340,90,1246,103,1183,39,7,6,26,3,31,5,38,150,CONMEBOL
1952,12/31/1952,Argentina,2,2077,1,2129,2,2014,10,1855,295,127,119,49,166,67,62,664,363,CONMEBOL
1952,12/31/1952,Brazil,3,2057,2,2066,7,1909,14,1805,120,47,30,43,64,36,20,306,193,CONMEBOL
1952,12/31/1952,England,4,2015,1,2213,3,1998,12,1810,354,144,203,7,232,70,52,1171,438,UEFA
1952,12/31/1952,Scotland,5,1940,1,2104,4,1964,14,1781,242,114,128,0,148,50,44,623,297,UEFA
1952,12/31/1952,Germany,6,1925,6,1925,13,1774,25,1637,217,105,100,12,111,67,39,576,391,UEFA
1952,12/31/1952,Austria,9,1874,1,2070,8,1886,15,1785,243,113,121,9,115,81,47,583,459,UEFA
1952,12/31/1952,Spain,10,1868,1,2036,6,1946,12,1867,91,36,41,14,50,20,21,211,119,UEFA
1952,12/31/1952,Uruguay,11,1856,1,2104,6,1926,24,1718,278,100,110,68,127,102,49,535,422,CONMEBOL
1952,12/31/1952,Paraguay,12,1850,8,1904,16,1755,25,1647,108,21,37,50,38,53,17,170,224,CONMEBOL
1952,12/31/1952,Sweden,13,1843,2,2013,15,1743,32,1579,314,148,137,29,158,110,46,874,611,UEFA
1952,12/31/1952,France,15,1775,9,1792,24,1617,40,1514,210,114,85,11,71,113,26,372,577,UEFA
1952,12/31/1952,Australia,16,1772,14,1772,26,1653,41,1528,57,36,21,0,32,19,6,179,114,AFC
1952,12/31/1952,South Korea,20,1721,16,1766,21,1710,25,1702,10,1,7,2,7,2,1,35,27,AFC
1952,12/31/1952,South Africa,21,1714,7,1847,18,1749,35,1654,36,20,16,0,13,22,1,75,98,CAF
1952,12/31/1952,Belgium,22,1705,5,1930,26,1678,54,1503,241,123,112,6,81,117,43,488,611,UEFA
1952,12/31/1952,Switzerland,23,1704,11,1803,21,1627,40,1485,243,115,113,15,70,133,40,399,606,UEFA
1952,12/31/1952,Czech Republic,24,1686,3,1956,9,1861,26,1686,178,75,91,12,81,56,41,419,328,UEFA
1952,12/31/1952,Iraq,25,1678,23,1678,26,1678,29,1670,3,1,2,0,2,1,0,7,6,AFC
1952,12/31/1952,Tunisia,28,1660,24,1660,29,1655,33,1610,4,1,3,0,3,0,1,10,4,CAF
1952,12/31/1952,Portugal,29,1656,17,1749,25,1679,35,1645,70,40,26,4,18,38,14,103,162,UEFA
1952,12/31/1952,Algeria,31,1640,21,1690,33,1645,39,1640,4,3,1,0,0,3,1,4,10,CAF
1952,12/31/1952,Mexico,32,1637,9,1860,21,1718,48,1498,44,13,8,23,27,15,2,134,88,CONCACAF
1952,12/31/1952,Norway,36,1623,14,1793,28,1571,46,1364,191,94,84,13,64,93,34,370,490,UEFA
1952,12/31/1952,Canada,37,1619,25,1619,34,1617,42,1589,13,1,12,0,5,6,2,20,26,CONCACAF
1952,12/31/1952,Netherlands,42,1590,3,2003,17,1778,42,1590,207,104,88,15,90,81,36,498,462,UEFA
1952,12/31/1952,DR Congo,43,1580,39,1587,41,1583,44,1580,2,1,1,0,0,2,0,2,4,CAF
1952,12/31/1952,United States,46,1563,12,1784,24,1681,54,1535,37,5,18,14,10,24,3,65,139,CONCACAF
1952,12/31/1952,Iran,47,1555,41,1572,45,1568,48,1554,10,2,5,3,4,3,3,15,11,AFC
1952,12/31/1952,Turkey,50,1536,37,1561,57,1419,77,1358,64,31,26,7,20,35,9,120,152,UEFA
1952,12/31/1952,Egypt,51,1532,16,1761,28,1657,53,1529,33,10,11,12,13,14,6,77,72,CAF
1952,12/31/1952,Curaçao,55,1512,26,1611,44,1553,76,1361,105,36,44,25,49,29,27,239,166,CONCACAF
1952,12/31/1952,New Zealand,65,1455,29,1572,53,1471,83,1334,35,18,16,1,13,19,3,87,120,OFC
1952,12/31/1952,Panama,71,1435,55,1508,76,1344,89,1213,44,9,13,22,16,21,7,94,130,CONCACAF
1952,12/31/1952,Haiti,81,1387,54,1427,70,1316,82,1265,51,30,16,5,20,21,10,88,83,CONCACAF
1952,12/31/1952,Colombia,90,1305,54,1495,72,1354,90,1305,35,10,4,21,10,20,5,49,93,CONMEBOL
1952,12/31/1952,Japan,93,1301,30,1302,69,1231,95,1126,23,7,6,10,6,15,2,34,86,AFC
1952,12/31/1952,Ecuador,104,1253,69,1340,91,1246,104,1183,39,7,6,26,3,31,5,38,150,CONMEBOL
1953,12/31/1953,Argentina,2,2083,1,2129,2,2016,10,1855,298,130,119,49,168,67,63,668,364,CONMEBOL
1953,12/31/1953,England,3,2009,1,2213,3,1998,12,1810,363,147,209,7,236,73,54,1193,457,UEFA
1953,12/31/1953,Brazil,4,1970,2,2072,7,1911,14,1805,127,47,31,49,68,39,20,323,202,CONMEBOL
1953,12/31/1953,Scotland,6,1933,1,2104,4,1964,14,1781,246,116,130,0,149,51,46,632,305,UEFA
1953,12/31/1953,Germany,7,1928,6,1928,13,1778,25,1637,222,109,101,12,114,67,41,587,393,UEFA
1953,12/31/1953,Paraguay,8,1926,6,1926,16,1759,25,1647,115,21,38,56,42,53,20,184,232,CONMEBOL
1953,12/31/1953,Uruguay,9,1884,1,2104,6,1925,24,1718,285,101,111,73,131,104,50,552,429,CONMEBOL
1953,12/31/1953,Spain,10,1874,1,2036,6,1944,12,1867,95,38,43,14,52,21,22,218,124,UEFA
1953,12/31/1953,Austria,12,1861,1,2070,8,1885,15,1785,249,115,125,9,116,83,50,595,468,UEFA
1953,12/31/1953,Sweden,13,1805,2,2013,15,1745,32,1579,325,153,143,29,162,113,50,895,629,UEFA
1953,12/31/1953,France,14,1787,9,1806,24,1620,40,1514,219,119,89,11,76,117,26,402,592,UEFA
1953,12/31/1953,Australia,15,1772,14,1772,25,1657,41,1528,57,36,21,0,32,19,6,179,114,AFC
1953,12/31/1953,Belgium,17,1754,5,1930,26,1679,54,1503,250,126,118,6,85,120,45,505,626,UEFA
1953,12/31/1953,Czech Republic,18,1748,3,1956,10,1858,26,1686,187,80,95,12,86,58,43,433,338,UEFA
1953,12/31/1953,South Korea,19,1731,16,1766,21,1712,25,1702,12,1,8,3,9,2,1,41,29,AFC
1953,12/31/1953,South Africa,24,1700,7,1847,18,1749,35,1654,37,20,17,0,13,23,1,76,101,CAF
1953,12/31/1953,Iraq,26,1678,23,1678,26,1678,29,1670,3,1,2,0,2,1,0,7,6,AFC
1953,12/31/1953,Switzerland,27,1671,11,1803,22,1629,40,1485,250,118,117,15,72,137,41,409,624,UEFA
1953,12/31/1953,Mexico,28,1670,9,1860,22,1716,48,1498,46,14,9,23,29,15,2,146,88,CONCACAF
1953,12/31/1953,Portugal,29,1662,17,1749,25,1678,35,1642,73,42,27,4,19,39,15,107,172,UEFA
1953,12/31/1953,Tunisia,30,1660,24,1660,29,1656,33,1610,4,1,3,0,3,0,1,10,4,CAF
1953,12/31/1953,Algeria,32,1640,21,1690,33,1644,39,1640,4,3,1,0,0,3,1,4,10,CAF
1953,12/31/1953,Norway,34,1631,14,1793,28,1572,46,1364,200,99,88,13,67,96,37,385,502,UEFA
1953,12/31/1953,Canada,38,1619,25,1619,34,1617,42,1589,13,1,12,0,5,6,2,20,26,CONCACAF
1953,12/31/1953,DR Congo,41,1596,39,1596,41,1583,44,1580,3,2,1,0,1,2,0,5,5,CAF
1953,12/31/1953,Netherlands,44,1574,3,2003,18,1774,45,1561,213,108,90,15,92,85,36,503,473,UEFA
1953,12/31/1953,Egypt,45,1572,16,1761,29,1654,53,1527,39,16,11,12,16,16,7,104,83,CAF
1953,12/31/1953,Turkey,47,1560,37,1561,57,1423,77,1358,66,32,27,7,21,35,10,124,155,UEFA
1953,12/31/1953,United States,48,1559,12,1784,24,1678,54,1535,38,6,18,14,10,25,3,68,145,CONCACAF
1953,12/31/1953,Iran,50,1555,41,1572,45,1567,50,1554,10,2,5,3,4,3,3,15,11,AFC
1953,12/31/1953,Curaçao,66,1464,26,1611,44,1550,76,1361,114,37,47,30,51,32,31,262,184,CONCACAF
1953,12/31/1953,New Zealand,71,1455,29,1572,54,1471,83,1334,35,18,16,1,13,19,3,87,120,OFC
1953,12/31/1953,Haiti,83,1369,54,1427,70,1319,83,1265,55,33,17,5,22,23,10,93,96,CONCACAF
1953,12/31/1953,Colombia,91,1305,54,1495,73,1351,93,1305,35,10,4,21,10,20,5,49,93,CONMEBOL
1953,12/31/1953,Japan,93,1301,30,1302,69,1232,95,1126,23,7,6,10,6,15,2,34,86,AFC
1953,12/31/1953,Panama,101,1282,55,1508,77,1342,101,1213,50,9,14,27,16,26,8,100,146,CONCACAF
1953,12/31/1953,Ecuador,103,1275,69,1340,91,1248,104,1183,45,7,7,31,3,35,7,39,163,CONMEBOL
1953,12/31/1953,Jordan,111,1217,108,1224,110,1217,111,1179,3,0,0,3,1,2,0,7,7,AFC
1954,12/31/1954,Argentina,2,2066,1,2129,2,2017,10,1855,300,130,121,49,169,68,63,671,367,CONMEBOL
1954,12/31/1954,Germany,3,2040,2,2098,13,1783,25,1637,234,110,106,18,122,71,41,625,419,UEFA
1954,12/31/1954,Brazil,4,2011,2,2072,7,1914,14,1805,134,49,33,52,73,40,21,339,208,CONMEBOL
1954,12/31/1954,England,5,2002,1,2213,3,1998,12,1810,372,149,214,9,241,76,55,1214,478,UEFA
1954,12/31/1954,Austria,6,1949,1,2070,8,1886,15,1785,260,119,128,13,122,87,51,623,489,UEFA
1954,12/31/1954,Uruguay,7,1941,1,2104,6,1925,24,1718,294,102,114,78,135,107,52,580,447,CONMEBOL
1954,12/31/1954,Paraguay,9,1930,5,1956,16,1764,25,1647,121,24,41,56,45,55,21,197,240,CONMEBOL
1954,12/31/1954,Spain,11,1836,1,2036,6,1941,12,1836,98,39,44,15,53,22,23,224,128,UEFA
1954,12/31/1954,Sweden,12,1825,2,2013,15,1747,32,1579,334,159,146,29,169,114,51,931,644,UEFA
1954,12/31/1954,Scotland,13,1809,1,2104,4,1962,14,1781,255,120,133,2,152,55,48,643,325,UEFA
1954,12/31/1954,France,14,1805,9,1809,24,1623,40,1514,225,121,91,13,78,119,28,414,604,UEFA
1954,12/31/1954,Belgium,15,1782,5,1930,26,1681,54,1503,259,131,120,8,89,121,49,527,642,UEFA
1954,12/31/1954,Australia,16,1755,14,1772,25,1660,41,1528,60,39,21,0,34,20,6,188,118,AFC
1954,12/31/1954,Switzerland,20,1723,11,1803,22,1630,40,1485,259,125,119,15,75,141,43,430,648,UEFA
1954,12/31/1954,South Africa,21,1702,7,1847,18,1748,35,1654,38,21,17,0,14,23,1,78,102,CAF
1954,12/31/1954,Czech Republic,23,1687,3,1956,10,1856,26,1686,190,80,96,14,86,61,43,434,349,UEFA
1954,12/31/1954,Iraq,25,1678,23,1678,26,1678,29,1670,3,1,2,0,2,1,0,7,6,AFC
1954,12/31/1954,Ivory Coast,26,1661,26,1661,29,1661,31,1661,4,3,1,0,2,2,0,12,9,CAF
1954,12/31/1954,Mexico,27,1659,9,1860,22,1714,48,1498,50,16,9,25,31,17,2,155,97,CONCACAF
1954,12/31/1954,Portugal,28,1657,17,1749,25,1678,35,1642,76,44,28,4,19,41,16,108,178,UEFA
1954,12/31/1954,Tunisia,30,1650,24,1660,29,1655,33,1610,5,1,4,0,3,1,1,10,6,CAF
1954,12/31/1954,Norway,34,1645,14,1793,28,1573,46,1364,210,102,94,14,70,101,39,394,518,UEFA
1954,12/31/1954,Turkey,35,1641,27,1667,56,1429,77,1358,73,33,29,11,23,39,11,139,177,UEFA
1954,12/31/1954,Algeria,36,1640,21,1690,33,1644,39,1640,4,3,1,0,0,3,1,4,10,CAF
1954,12/31/1954,Canada,41,1619,25,1619,34,1617,42,1589,13,1,12,0,5,6,2,20,26,CONCACAF
1954,12/31/1954,DR Congo,43,1596,39,1596,42,1585,45,1580,3,2,1,0,1,2,0,5,5,CAF
1954,12/31/1954,South Korea,48,1574,16,1766,22,1706,48,1574,20,1,10,9,11,5,4,63,60,AFC
1954,12/31/1954,Egypt,48,1574,16,1761,30,1652,53,1527,44,18,14,12,17,19,8,108,96,CAF
1954,12/31/1954,United States,50,1573,12,1784,25,1675,55,1530,42,6,22,14,12,27,3,75,154,CONCACAF
1954,12/31/1954,Iran,53,1555,41,1572,46,1566,54,1554,10,2,5,3,4,3,3,15,11,AFC
1954,12/31/1954,Netherlands,54,1553,3,2003,18,1770,54,1553,217,108,94,15,92,89,36,508,490,UEFA
1954,12/31/1954,Curaçao,66,1486,26,1611,45,1547,76,1361,116,37,49,30,52,32,32,265,185,CONCACAF
1954,12/31/1954,New Zealand,72,1472,29,1572,54,1471,83,1334,38,18,19,1,14,21,3,91,129,OFC
1954,12/31/1954,Haiti,94,1326,54,1427,71,1319,95,1265,57,35,17,5,22,25,10,95,102,CONCACAF
1954,12/31/1954,Panama,96,1319,55,1508,78,1340,107,1213,52,9,14,29,17,27,8,104,147,CONCACAF
1954,12/31/1954,Colombia,98,1305,54,1495,75,1349,100,1305,35,10,4,21,10,20,5,49,93,CONMEBOL
1954,12/31/1954,Japan,108,1283,30,1306,70,1234,108,1126,27,9,6,12,6,18,3,42,101,AFC
1954,12/31/1954,Ecuador,111,1275,69,1340,93,1250,111,1183,45,7,7,31,3,35,7,39,163,CONMEBOL
1954,12/31/1954,Jordan,118,1217,108,1224,116,1217,118,1179,3,0,0,3,1,2,0,7,7,AFC
1955,12/31/1955,Argentina,2,2115,1,2129,2,2018,10,1855,305,130,122,53,173,68,64,689,373,CONMEBOL
1955,12/31/1955,Brazil,3,2000,2,2072,7,1916,14,1805,138,53,33,52,75,40,23,348,213,CONMEBOL
1955,12/31/1955,Germany,4,1986,2,2098,12,1787,25,1637,240,113,109,18,124,75,41,634,430,UEFA
1955,12/31/1955,England,5,1970,1,2213,3,1998,12,1810,380,152,219,9,245,79,56,1236,489,UEFA
1955,12/31/1955,Austria,7,1932,1,2070,8,1887,15,1785,267,122,132,13,125,90,52,636,508,UEFA
1955,12/31/1955,Uruguay,8,1892,1,2104,6,1925,24,1718,299,102,115,82,137,109,53,592,459,CONMEBOL
1955,12/31/1955,France,9,1839,9,1850,23,1627,40,1514,232,124,95,13,82,120,30,425,611,UEFA
1955,12/31/1955,Spain,11,1830,1,2036,6,1938,12,1822,103,41,47,15,54,24,25,232,137,UEFA
1955,12/31/1955,Scotland,12,1826,1,2104,4,1961,14,1781,262,122,138,2,155,58,49,658,340,UEFA
1955,12/31/1955,South Africa,13,1812,7,1847,18,1747,35,1654,43,21,22,0,19,23,1,101,103,CAF
1955,12/31/1955,Paraguay,14,1809,5,1956,16,1766,25,1647,128,24,44,60,46,59,23,207,260,CONMEBOL
1955,12/31/1955,Sweden,15,1791,2,2013,15,1748,32,1579,343,164,150,29,172,118,53,953,670,UEFA
1955,12/31/1955,Belgium,20,1729,5,1930,26,1682,54,1503,266,133,125,8,90,126,50,534,656,UEFA
1955,12/31/1955,Czech Republic,23,1719,3,1956,10,1853,26,1686,195,83,98,14,89,63,43,446,360,UEFA
1955,12/31/1955,Iraq,26,1678,23,1678,26,1678,29,1670,3,1,2,0,2,1,0,7,6,AFC
1955,12/31/1955,Switzerland,26,1678,11,1803,22,1631,40,1485,265,129,121,15,75,146,44,438,665,UEFA
1955,12/31/1955,Portugal,28,1663,17,1749,25,1677,35,1642,81,46,31,4,21,44,16,118,191,UEFA
1955,12/31/1955,Ivory Coast,30,1661,26,1661,29,1661,32,1661,4,3,1,0,2,2,0,12,9,CAF
1955,12/31/1955,Mexico,31,1659,9,1860,22,1713,48,1498,50,16,9,25,31,17,2,155,97,CONCACAF
1955,12/31/1955,Turkey,33,1652,27,1667,56,1436,77,1358,74,34,29,11,24,39,11,142,178,UEFA
1955,12/31/1955,Tunisia,34,1650,24,1660,30,1655,34,1610,5,1,4,0,3,1,1,10,6,CAF
1955,12/31/1955,Australia,35,1645,14,1772,25,1662,41,1528,65,44,21,0,34,25,6,189,141,AFC
1955,12/31/1955,Algeria,36,1640,21,1690,33,1644,39,1640,4,3,1,0,0,3,1,4,10,CAF
1955,12/31/1955,Canada,39,1619,25,1619,34,1617,42,1589,13,1,12,0,5,6,2,20,26,CONCACAF
1955,12/31/1955,Norway,40,1616,14,1793,28,1574,46,1364,218,106,98,14,71,106,41,400,535,UEFA
1955,12/31/1955,Netherlands,41,1609,3,2003,19,1766,55,1553,224,113,96,15,96,90,38,521,496,UEFA
1955,12/31/1955,DR Congo,44,1596,39,1596,42,1587,45,1580,3,2,1,0,1,2,0,5,5,CAF
1955,12/31/1955,South Korea,45,1574,16,1766,24,1696,48,1574,20,1,10,9,11,5,4,63,60,AFC
1955,12/31/1955,United States,48,1559,12,1784,25,1672,55,1530,43,6,23,14,12,28,3,77,157,CONCACAF
1955,12/31/1955,Iran,51,1555,41,1572,46,1565,54,1554,10,2,5,3,4,3,3,15,11,AFC
1955,12/31/1955,Curaçao,55,1542,26,1611,46,1546,78,1361,128,39,52,37,59,36,33,289,203,CONCACAF
1955,12/31/1955,Egypt,58,1535,16,1761,30,1649,59,1527,50,22,15,13,19,22,9,115,106,CAF
1955,12/31/1955,New Zealand,70,1472,29,1572,55,1471,83,1334,38,18,19,1,14,21,3,91,129,OFC
1955,12/31/1955,Haiti,93,1326,54,1427,71,1320,95,1265,57,35,17,5,22,25,10,95,102,CONCACAF
1955,12/31/1955,Panama,95,1319,55,1508,79,1339,107,1213,52,9,14,29,17,27,8,104,147,CONCACAF
1955,12/31/1955,Colombia,97,1305,54,1495,76,1346,100,1305,35,10,4,21,10,20,5,49,93,CONMEBOL
1955,12/31/1955,Japan,102,1293,30,1306,71,1236,108,1126,29,10,7,12,7,18,4,43,101,AFC
1955,12/31/1955,Ecuador,112,1258,69,1340,94,1250,112,1183,50,7,8,35,3,40,7,43,185,CONMEBOL
1955,12/31/1955,Jordan,118,1217,108,1224,117,1217,118,1179,3,0,0,3,1,2,0,7,7,AFC
1956,12/31/1956,Argentina,2,2096,1,2138,2,2019,10,1855,323,134,128,61,184,70,69,714,386,CONMEBOL
1956,12/31/1956,Brazil,3,2025,2,2072,7,1919,14,1805,163,58,45,60,89,45,29,390,239,CONMEBOL
1956,12/31/1956,England,4,2004,1,2213,3,1997,12,1810,389,156,224,9,251,79,59,1261,498,UEFA
1956,12/31/1956,Uruguay,5,1934,1,2104,6,1925,24,1718,310,110,118,82,142,112,56,609,473,CONMEBOL
1956,12/31/1956,Germany,7,1894,2,2098,12,1791,25,1637,249,119,112,18,127,80,42,651,448,UEFA
1956,12/31/1956,Austria,8,1891,1,2070,8,1887,15,1785,274,125,136,13,126,94,54,649,520,UEFA
1956,12/31/1956,France,11,1858,9,1858,23,1631,40,1514,237,128,96,13,85,122,30,437,620,UEFA
1956,12/31/1956,Scotland,12,1848,1,2104,4,1959,14,1781,267,126,139,2,157,58,52,665,344,UEFA
1956,12/31/1956,Czech Republic,13,1845,3,1956,10,1852,26,1686,206,86,106,14,94,67,45,467,376,UEFA
1956,12/31/1956,Spain,14,1812,1,2036,6,1935,15,1812,104,41,48,15,54,25,25,233,140,UEFA
1956,12/31/1956,South Africa,15,1784,7,1847,18,1748,35,1654,44,21,23,0,19,24,1,101,107,CAF
1956,12/31/1956,Sweden,16,1775,2,2013,15,1749,32,1579,349,167,153,29,174,119,56,962,677,UEFA
1956,12/31/1956,Paraguay,20,1726,5,1956,16,1765,25,1647,137,28,45,64,46,65,26,214,278,CONMEBOL
1956,12/31/1956,Portugal,26,1695,17,1749,25,1677,35,1642,85,50,31,4,23,45,17,126,196,UEFA
1956,12/31/1956,Belgium,29,1678,5,1930,26,1682,54,1503,272,137,127,8,91,131,50,546,677,UEFA
1956,12/31/1956,Iraq,29,1678,23,1678,26,1678,30,1670,3,1,2,0,2,1,0,7,6,AFC
1956,12/31/1956,Switzerland,31,1675,11,1803,22,1632,40,1485,272,133,124,15,77,148,47,450,679,UEFA
1956,12/31/1956,South Korea,32,1669,16,1766,25,1690,56,1541,31,4,16,11,20,6,5,88,71,AFC
1956,12/31/1956,Turkey,33,1666,26,1680,55,1443,77,1358,79,37,31,11,25,41,13,148,185,UEFA
1956,12/31/1956,Ivory Coast,34,1661,26,1661,30,1661,34,1661,4,3,1,0,2,2,0,12,9,CAF
1956,12/31/1956,Netherlands,35,1658,3,2003,19,1763,55,1553,231,115,101,15,101,91,39,536,509,UEFA
1956,12/31/1956,Mexico,35,1658,9,1860,22,1711,48,1498,55,21,9,25,32,19,4,159,103,CONCACAF
1956,12/31/1956,Tunisia,37,1650,24,1660,30,1655,37,1610,5,1,4,0,3,1,1,10,6,CAF
1956,12/31/1956,Algeria,39,1640,21,1690,33,1644,40,1640,4,3,1,0,0,3,1,4,10,CAF
1956,12/31/1956,Canada,42,1619,25,1619,34,1617,44,1589,13,1,12,0,5,6,2,20,26,CONCACAF
1956,12/31/1956,Norway,43,1618,14,1793,28,1575,46,1364,225,110,101,14,73,109,43,411,549,UEFA
1956,12/31/1956,Egypt,47,1593,16,1761,31,1647,59,1527,52,23,16,13,21,22,9,124,109,CAF
1956,12/31/1956,DR Congo,49,1572,39,1596,43,1585,50,1572,4,3,1,0,1,3,0,7,9,CAF
1956,12/31/1956,Curaçao,51,1561,26,1611,46,1547,78,1361,133,41,54,38,63,37,33,299,208,CONCACAF
1956,12/31/1956,Iran,54,1555,41,1572,47,1564,56,1554,10,2,5,3,4,3,3,15,11,AFC
1956,12/31/1956,United States,61,1526,12,1784,26,1669,62,1526,47,6,26,15,13,31,3,87,174,CONCACAF
1956,12/31/1956,Australia,64,1515,14,1772,25,1662,64,1515,72,51,21,0,36,30,6,202,177,AFC
1956,12/31/1956,New Zealand,72,1472,29,1572,55,1471,83,1334,38,18,19,1,14,21,3,91,129,OFC
1956,12/31/1956,Haiti,91,1378,54,1427,72,1321,95,1265,62,40,17,5,26,25,11,106,107,CONCACAF
1956,12/31/1956,Japan,96,1349,30,1387,72,1239,108,1126,35,12,10,13,10,21,4,52,112,AFC
1956,12/31/1956,Colombia,101,1305,54,1495,77,1344,101,1305,35,10,4,21,10,20,5,49,93,CONMEBOL
1956,12/31/1956,Panama,117,1262,55,1508,81,1335,117,1213,56,9,16,31,17,31,8,109,157,CONCACAF
1956,12/31/1956,Ecuador,118,1258,69,1340,95,1251,118,1183,50,7,8,35,3,40,7,43,185,CONMEBOL
1956,12/31/1956,Jordan,122,1217,108,1224,118,1217,123,1179,3,0,0,3,1,2,0,7,7,AFC
1957,12/31/1957,Argentina,2,2060,1,2159,2,2021,10,1855,338,137,135,66,194,73,71,756,399,CONMEBOL
1957,12/31/1957,England,3,2006,1,2213,3,1998,12,1810,396,160,227,9,256,80,60,1283,505,UEFA
1957,12/31/1957,Brazil,4,1973,2,2072,7,1920,14,1805,177,63,49,65,97,49,31,424,254,CONMEBOL
1957,12/31/1957,Germany,5,1910,2,2098,12,1793,25,1637,254,122,114,18,131,81,42,659,454,UEFA
1957,12/31/1957,Uruguay,6,1908,1,2104,6,1925,24,1718,322,113,122,87,148,115,59,629,492,CONMEBOL
1957,12/31/1957,Austria,8,1890,1,2070,8,1887,15,1785,283,130,140,13,131,95,57,671,533,UEFA
1957,12/31/1957,Czech Republic,10,1884,3,1956,10,1852,26,1686,213,89,110,14,99,68,46,481,382,UEFA
1957,12/31/1957,Spain,11,1873,1,2036,6,1932,15,1805,111,45,51,15,59,26,26,258,149,UEFA
1957,12/31/1957,Scotland,12,1851,1,2104,4,1958,14,1781,275,129,144,2,161,60,54,681,358,UEFA
1957,12/31/1957,France,13,1849,9,1873,23,1636,40,1514,244,130,101,13,88,124,32,453,629,UEFA
1957,12/31/1957,Sweden,15,1799,2,2013,15,1750,32,1579,357,170,157,30,178,121,58,979,684,UEFA
1957,12/31/1957,South Africa,16,1784,7,1847,18,1749,35,1654,44,21,23,0,19,24,1,101,107,CAF
1957,12/31/1957,Mexico,18,1776,9,1860,22,1711,48,1498,61,25,11,25,37,19,5,180,106,CONCACAF
1957,12/31/1957,Paraguay,21,1735,5,1956,16,1765,25,1647,146,32,50,64,51,68,27,236,291,CONMEBOL
1957,12/31/1957,Morocco,22,1726,21,1743,22,1726,26,1699,4,0,0,4,2,0,2,12,6,CAF
1957,12/31/1957,Turkey,26,1710,20,1722,54,1450,77,1358,83,38,34,11,27,42,14,154,189,UEFA
1957,12/31/1957,Ghana,27,1699,20,1726,24,1691,28,1676,17,9,8,0,10,4,3,33,27,CAF
1957,12/31/1957,Belgium,30,1682,5,1930,26,1682,54,1503,280,141,131,8,94,133,53,564,694,UEFA
1957,12/31/1957,Portugal,32,1674,17,1749,25,1678,35,1642,92,53,35,4,24,50,18,131,209,UEFA
1957,12/31/1957,Netherlands,34,1669,3,2003,19,1761,55,1553,239,121,103,15,104,94,41,556,526,UEFA
1957,12/31/1957,South Korea,34,1669,16,1766,26,1688,56,1541,31,4,16,11,20,6,5,88,71,AFC
1957,12/31/1957,Iraq,36,1663,23,1679,27,1678,39,1648,6,1,2,3,3,2,1,15,14,AFC
1957,12/31/1957,Ivory Coast,38,1661,26,1661,31,1661,38,1661,4,3,1,0,2,2,0,12,9,CAF
1957,12/31/1957,Algeria,39,1640,21,1690,33,1644,41,1640,4,3,1,0,0,3,1,4,10,CAF
1957,12/31/1957,Switzerland,40,1628,11,1803,22,1633,40,1485,277,135,127,15,77,152,48,456,694,UEFA
1957,12/31/1957,Tunisia,41,1626,24,1697,30,1655,41,1610,11,2,5,4,7,3,1,28,21,CAF
1957,12/31/1957,Canada,42,1619,25,1634,35,1617,45,1589,17,2,15,0,7,8,2,28,34,CONCACAF
1957,12/31/1957,Egypt,43,1616,16,1761,31,1646,59,1527,57,25,18,14,24,24,9,135,119,CAF
1957,12/31/1957,Norway,47,1603,14,1793,29,1576,48,1364,236,113,106,17,77,114,45,428,574,UEFA
1957,12/31/1957,DR Congo,51,1572,39,1596,43,1584,51,1572,4,3,1,0,1,3,0,7,9,CAF
1957,12/31/1957,Iran,55,1555,41,1572,47,1564,56,1554,10,2,5,3,4,3,3,15,11,AFC
1957,12/31/1957,Australia,62,1515,14,1772,26,1657,64,1515,72,51,21,0,36,30,6,202,177,AFC
1957,12/31/1957,Curaçao,63,1511,26,1611,46,1547,78,1361,140,46,56,38,66,40,34,310,219,CONCACAF
1957,12/31/1957,Haiti,69,1490,54,1504,72,1324,95,1265,68,40,20,8,30,26,12,123,116,CONCACAF
1957,12/31/1957,New Zealand,73,1472,29,1572,56,1471,83,1334,38,18,19,1,14,21,3,91,129,OFC
1957,12/31/1957,United States,80,1443,12,1784,27,1664,81,1443,51,8,28,15,13,35,3,92,195,CONCACAF
1957,12/31/1957,Saudi Arabia,89,1397,89,1399,89,1396,94,1368,3,0,1,2,1,1,1,4,3,AFC
1957,12/31/1957,Colombia,95,1375,54,1495,78,1345,102,1304,46,13,7,26,12,28,6,63,128,CONMEBOL
1957,12/31/1957,Japan,98,1349,30,1387,72,1241,108,1126,35,12,10,13,10,21,4,52,112,AFC
1957,12/31/1957,Panama,117,1253,55,1508,83,1332,117,1213,61,9,18,34,18,34,9,114,167,CONCACAF
1957,12/31/1957,Ecuador,120,1239,69,1340,96,1250,120,1183,56,7,9,40,3,45,8,50,208,CONMEBOL
1957,12/31/1957,Jordan,123,1192,108,1224,118,1214,125,1179,7,0,2,5,2,5,0,13,25,AFC
1958,12/31/1958,Brazil,1,2142,1,2142,7,1924,14,1805,187,67,50,70,105,49,33,452,260,CONMEBOL
1958,12/31/1958,England,3,1950,1,2213,3,1997,12,1810,407,163,231,13,259,82,66,1304,522,UEFA
1958,12/31/1958,France,4,1938,2,1965,23,1640,40,1514,257,135,103,19,94,126,37,492,653,UEFA
1958,12/31/1958,Argentina,6,1921,1,2159,2,2020,10,1855,345,139,137,69,197,77,71,765,411,CONMEBOL
1958,12/31/1958,Uruguay,7,1912,1,2104,6,1925,24,1718,324,114,123,87,149,116,59,630,494,CONMEBOL
1958,12/31/1958,Sweden,8,1903,2,2013,15,1752,32,1579,367,178,159,30,185,122,60,1007,698,UEFA
1958,12/31/1958,Spain,10,1878,1,2036,6,1930,15,1805,115,47,53,15,61,27,27,267,155,UEFA
1958,12/31/1958,Germany,11,1870,2,2098,12,1795,25,1637,269,125,121,23,137,85,47,688,479,UEFA
1958,12/31/1958,Czech Republic,12,1863,3,1956,10,1853,26,1686,223,93,112,18,102,73,48,497,396,UEFA
1958,12/31/1958,Austria,13,1822,1,2070,8,1887,15,1785,291,134,141,16,133,99,59,685,551,UEFA
1958,12/31/1958,Scotland,14,1809,1,2104,4,1956,19,1770,283,132,146,5,163,63,57,693,372,UEFA
1958,12/31/1958,Paraguay,18,1765,5,1956,16,1764,29,1647,153,33,53,67,53,71,29,247,310,CONMEBOL
1958,12/31/1958,South Africa,19,1764,7,1847,18,1749,35,1654,45,21,24,0,19,25,1,104,116,CAF
1958,12/31/1958,Netherlands,25,1723,3,2003,20,1760,55,1553,249,128,106,15,110,96,43,595,542,UEFA
1958,12/31/1958,Mexico,25,1723,9,1860,22,1712,48,1498,64,25,12,27,37,21,6,181,114,CONCACAF
1958,12/31/1958,Morocco,27,1718,21,1743,25,1722,27,1699,8,2,0,6,5,1,2,21,11,CAF
1958,12/31/1958,Algeria,29,1712,21,1712,33,1645,41,1640,7,3,3,1,3,3,1,16,13,CAF
1958,12/31/1958,Ghana,30,1707,20,1726,24,1691,32,1676,21,12,9,0,13,5,3,47,34,CAF
1958,12/31/1958,Turkey,31,1700,20,1723,53,1458,77,1358,88,40,37,11,29,43,16,158,194,UEFA
1958,12/31/1958,South Korea,33,1691,16,1766,26,1688,56,1541,38,4,18,16,24,8,6,106,81,AFC
1958,12/31/1958,Portugal,35,1670,17,1749,25,1678,35,1642,94,53,37,4,24,52,18,132,212,UEFA
1958,12/31/1958,Iraq,37,1663,23,1679,27,1677,39,1648,6,1,2,3,3,2,1,15,14,AFC
1958,12/31/1958,Ivory Coast,38,1661,26,1661,32,1661,39,1661,4,3,1,0,2,2,0,12,9,CAF
1958,12/31/1958,Belgium,39,1648,5,1930,26,1682,54,1503,286,145,133,8,95,137,54,572,710,UEFA
1958,12/31/1958,Egypt,40,1630,16,1761,31,1646,59,1527,58,26,18,14,25,24,9,137,120,CAF
1958,12/31/1958,Canada,41,1619,25,1634,35,1617,45,1589,17,2,15,0,7,8,2,28,34,CONCACAF
1958,12/31/1958,Norway,45,1597,14,1793,29,1577,48,1364,242,117,108,17,80,116,46,439,586,UEFA
1958,12/31/1958,Switzerland,45,1597,11,1803,22,1632,47,1485,283,137,131,15,77,157,49,460,705,UEFA
1958,12/31/1958,Tunisia,50,1581,24,1697,31,1653,50,1581,14,5,5,4,8,5,1,34,32,CAF
1958,12/31/1958,DR Congo,53,1572,39,1596,44,1583,53,1572,4,3,1,0,1,3,0,7,9,CAF
1958,12/31/1958,Australia,60,1528,14,1772,27,1654,64,1515,74,51,23,0,37,30,7,207,181,AFC
1958,12/31/1958,New Zealand,65,1504,29,1572,56,1471,83,1334,43,20,22,1,17,22,4,104,137,OFC
1958,12/31/1958,Curaçao,69,1497,26,1611,47,1545,78,1361,142,46,58,38,66,42,34,313,230,CONCACAF
1958,12/31/1958,Haiti,70,1490,54,1504,72,1329,95,1265,68,40,20,8,30,26,12,123,116,CONCACAF
1958,12/31/1958,Iran,74,1482,41,1572,48,1561,74,1482,12,2,5,5,4,5,3,15,20,AFC
1958,12/31/1958,United States,80,1443,12,1784,28,1659,81,1443,51,8,28,15,13,35,3,92,195,CONCACAF
1958,12/31/1958,Saudi Arabia,91,1397,89,1399,89,1397,94,1368,3,0,1,2,1,1,1,4,3,AFC
1958,12/31/1958,Colombia,95,1375,54,1495,79,1346,102,1304,46,13,7,26,12,28,6,63,128,CONMEBOL
1958,12/31/1958,Japan,111,1276,30,1387,73,1243,111,1126,39,14,12,13,10,25,4,56,126,AFC
1958,12/31/1958,Panama,116,1253,55,1508,84,1328,117,1213,61,9,18,34,18,34,9,114,167,CONCACAF
1958,12/31/1958,Ecuador,120,1239,69,1340,97,1250,120,1183,56,7,9,40,3,45,8,50,208,CONMEBOL
1958,12/31/1958,Jordan,124,1192,108,1224,119,1210,125,1179,7,0,2,5,2,5,0,13,25,AFC
1959,12/31/1959,Brazil,1,2025,1,2165,7,1928,14,1805,201,70,53,78,115,51,35,488,278,CONMEBOL
1959,12/31/1959,Argentina,3,1974,1,2159,2,2019,10,1855,356,145,139,72,204,79,73,795,429,CONMEBOL
1959,12/31/1959,France,5,1945,2,1965,22,1646,40,1514,262,139,104,19,97,127,38,508,664,UEFA
1959,12/31/1959,Uruguay,6,1939,1,2104,6,1923,24,1718,335,115,125,95,154,121,60,659,512,CONMEBOL
1959,12/31/1959,Sweden,7,1920,2,2013,15,1755,32,1579,374,181,163,30,190,124,60,1031,709,UEFA
1959,12/31/1959,England,8,1909,1,2213,3,1997,12,1810,416,167,236,13,262,86,68,1322,538,UEFA
1959,12/31/1959,Spain,9,1906,1,2036,6,1929,15,1805,120,49,56,15,64,28,28,284,165,UEFA
1959,12/31/1959,Germany,11,1867,2,2098,12,1796,25,1637,275,128,124,23,139,87,49,706,488,UEFA
1959,12/31/1959,Czech Republic,12,1860,3,1956,10,1853,26,1686,229,96,115,18,105,75,49,511,405,UEFA
1959,12/31/1959,Scotland,13,1844,1,2104,5,1955,19,1770,289,134,150,5,166,65,58,703,378,UEFA
1959,12/31/1959,Austria,14,1827,1,2070,8,1886,15,1785,297,136,145,16,137,101,59,702,566,UEFA
1959,12/31/1959,Mexico,16,1775,9,1860,22,1714,48,1498,67,27,13,27,40,21,6,188,117,CONCACAF
1959,12/31/1959,South Africa,19,1764,7,1847,18,1750,35,1654,45,21,24,0,19,25,1,104,116,CAF
1959,12/31/1959,Algeria,22,1751,21,1751,33,1649,41,1640,10,3,6,1,6,3,1,33,13,CAF
1959,12/31/1959,Ghana,25,1743,20,1743,25,1692,34,1676,28,16,12,0,18,7,3,72,42,CAF
1959,12/31/1959,Netherlands,28,1721,3,2003,20,1759,55,1553,257,133,109,15,113,99,45,620,559,UEFA
1959,12/31/1959,Paraguay,29,1720,5,1956,16,1765,29,1647,164,33,56,75,57,77,30,268,334,CONMEBOL
1959,12/31/1959,Turkey,30,1717,20,1723,53,1465,77,1358,90,42,37,11,30,43,17,160,194,UEFA
1959,12/31/1959,Egypt,31,1714,16,1761,31,1646,59,1527,63,29,20,14,29,25,9,151,126,CAF
1959,12/31/1959,Morocco,33,1697,21,1743,26,1719,35,1683,11,4,1,6,7,2,2,25,14,CAF
1959,12/31/1959,Portugal,34,1695,17,1749,26,1678,39,1642,100,55,41,4,27,55,18,144,225,UEFA
1959,12/31/1959,Iraq,36,1680,23,1680,28,1676,39,1648,8,2,3,3,5,2,1,26,14,AFC
1959,12/31/1959,Ivory Coast,38,1661,26,1661,33,1661,39,1661,4,3,1,0,2,2,0,12,9,CAF
1959,12/31/1959,South Korea,39,1634,16,1766,27,1687,56,1541,49,4,23,22,30,11,8,130,96,AFC
1959,12/31/1959,Belgium,41,1630,5,1930,26,1681,54,1503,291,146,137,8,95,140,56,579,729,UEFA
1959,12/31/1959,Canada,42,1619,25,1634,35,1617,45,1589,17,2,15,0,7,8,2,28,34,CONCACAF
1959,12/31/1959,Senegal,45,1604,44,1604,45,1604,45,1604,1,0,1,0,1,0,0,2,1,CAF
1959,12/31/1959,Switzerland,49,1573,11,1803,23,1631,50,1485,287,140,132,15,78,160,49,465,725,UEFA
1959,12/31/1959,DR Congo,51,1572,39,1596,45,1582,54,1572,4,3,1,0,1,3,0,7,9,CAF
1959,12/31/1959,Tunisia,54,1556,24,1697,32,1649,57,1533,20,10,6,4,9,9,2,37,50,CAF
1959,12/31/1959,Australia,60,1528,14,1772,28,1650,64,1515,74,51,23,0,37,30,7,207,181,AFC
1959,12/31/1959,Iran,62,1511,41,1572,50,1557,79,1450,18,2,7,9,7,7,4,27,30,AFC
1959,12/31/1959,Haiti,64,1507,54,1507,72,1333,95,1265,69,40,20,9,31,26,12,131,118,CONCACAF
1959,12/31/1959,Norway,66,1506,14,1793,29,1577,66,1364,252,121,114,17,83,123,46,454,615,UEFA
1959,12/31/1959,New Zealand,68,1504,29,1572,56,1472,83,1334,43,20,22,1,17,22,4,104,137,OFC
1959,12/31/1959,Curaçao,74,1474,26,1611,47,1544,78,1361,147,47,60,40,68,43,36,336,239,CONCACAF
1959,12/31/1959,United States,80,1438,12,1784,30,1654,82,1438,52,9,28,15,13,36,3,93,203,CONCACAF
1959,12/31/1959,Saudi Arabia,94,1397,89,1399,91,1397,94,1368,3,0,1,2,1,1,1,4,3,AFC
1959,12/31/1959,Colombia,97,1375,54,1495,80,1348,102,1304,46,13,7,26,12,28,6,63,128,CONMEBOL
1959,12/31/1959,Japan,103,1336,30,1387,74,1244,112,1126,49,16,15,18,14,29,6,74,144,AFC
1959,12/31/1959,Ecuador,104,1324,69,1340,98,1249,121,1183,61,12,9,40,4,48,9,56,219,CONMEBOL
1959,12/31/1959,Panama,116,1254,55,1508,86,1324,119,1213,64,9,19,36,19,35,10,119,173,CONCACAF
1959,12/31/1959,Jordan,123,1192,108,1224,120,1207,125,1179,7,0,2,5,2,5,0,13,25,AFC
1959,12/31/1959,Cape Verde,123,1192,123,1192,123,1192,123,1192,1,0,1,0,0,1,0,2,3,CAF
1960,12/31/1960,Brazil,1,2066,1,2165,6,1931,14,1805,216,72,62,82,125,55,36,526,295,CONMEBOL
1960,12/31/1960,Argentina,2,2016,1,2159,2,2019,10,1855,370,151,143,76,214,82,74,828,447,CONMEBOL
1960,12/31/1960,England,5,1949,1,2213,3,1996,12,1810,424,170,241,13,266,88,70,1349,552,UEFA
1960,12/31/1960,Uruguay,7,1939,1,2104,6,1924,24,1718,340,118,127,95,157,122,61,667,521,CONMEBOL
1960,12/31/1960,Czech Republic,8,1923,3,1956,10,1853,26,1686,235,99,117,19,110,76,49,526,408,UEFA
1960,12/31/1960,Spain,9,1920,1,2036,7,1929,15,1805,128,51,62,15,69,31,28,303,177,UEFA
1960,12/31/1960,Sweden,10,1910,2,2013,14,1758,32,1579,380,185,165,30,195,125,60,1044,713,UEFA
1960,12/31/1960,Germany,11,1878,2,2098,12,1798,25,1637,282,131,128,23,144,89,49,723,496,UEFA
1960,12/31/1960,France,12,1858,2,1965,22,1650,40,1514,272,143,110,19,101,132,39,531,684,UEFA
1960,12/31/1960,Austria,13,1848,1,2070,8,1885,16,1785,305,140,149,16,142,104,59,718,580,UEFA
1960,12/31/1960,Mexico,14,1812,9,1860,22,1716,48,1498,76,29,16,31,43,24,9,206,131,CONCACAF
1960,12/31/1960,Scotland,15,1796,1,2104,5,1953,19,1770,296,137,154,5,167,69,60,717,397,UEFA
1960,12/31/1960,Ghana,16,1795,16,1800,25,1695,34,1676,36,19,16,1,23,7,6,98,53,CAF
1960,12/31/1960,South Africa,20,1764,7,1847,18,1750,35,1654,45,21,24,0,19,25,1,104,116,CAF
1960,12/31/1960,Algeria,21,1761,19,1761,33,1653,41,1640,11,3,7,1,7,3,1,40,13,CAF
1960,12/31/1960,Turkey,24,1726,20,1732,52,1472,77,1358,92,43,38,11,31,44,17,165,198,UEFA
1960,12/31/1960,Netherlands,25,1722,3,2003,20,1758,55,1553,266,135,116,15,117,103,46,638,578,UEFA
1960,12/31/1960,South Korea,26,1709,16,1766,27,1685,56,1541,60,8,26,26,37,12,11,151,104,AFC
1960,12/31/1960,Portugal,28,1704,17,1749,26,1678,39,1642,103,56,43,4,28,57,18,148,233,UEFA
1960,12/31/1960,Paraguay,31,1682,5,1956,16,1764,31,1647,169,34,60,75,57,82,30,272,346,CONMEBOL
1960,12/31/1960,Iraq,32,1673,23,1680,28,1676,39,1648,10,3,4,3,6,3,1,30,18,AFC
1960,12/31/1960,Switzerland,36,1658,11,1803,23,1631,53,1485,293,143,135,15,82,162,49,483,738,UEFA
1960,12/31/1960,Egypt,37,1651,16,1765,31,1647,59,1527,77,37,24,16,33,32,12,166,151,CAF
1960,12/31/1960,Morocco,39,1649,21,1743,29,1707,40,1649,15,7,2,6,8,5,2,30,25,CAF
1960,12/31/1960,Canada,41,1619,25,1634,35,1618,45,1589,17,2,15,0,7,8,2,28,34,CONCACAF
1960,12/31/1960,Ivory Coast,44,1618,26,1681,34,1661,44,1618,9,4,3,2,4,5,0,21,22,CAF
1960,12/31/1960,Senegal,45,1604,43,1604,44,1604,45,1604,1,0,1,0,1,0,0,2,1,CAF
1960,12/31/1960,Belgium,47,1599,5,1930,26,1680,54,1503,300,153,139,8,99,144,57,592,747,UEFA
1960,12/31/1960,DR Congo,51,1572,39,1596,45,1581,54,1572,4,3,1,0,1,3,0,7,9,CAF
1960,12/31/1960,Norway,57,1538,14,1793,30,1575,70,1364,258,125,116,17,86,126,46,469,627,UEFA
1960,12/31/1960,New Zealand,59,1535,29,1572,56,1473,83,1334,45,20,24,1,19,22,4,111,139,OFC
1960,12/31/1960,Australia,61,1528,14,1772,29,1647,64,1515,74,51,23,0,37,30,7,207,181,AFC
1960,12/31/1960,Curaçao,64,1522,26,1611,48,1543,78,1361,158,51,63,44,73,45,40,354,255,CONCACAF
1960,12/31/1960,Iran,66,1511,41,1572,50,1554,79,1450,18,2,7,9,7,7,4,27,30,AFC
1960,12/31/1960,Haiti,68,1507,54,1507,72,1338,95,1265,69,40,20,9,31,26,12,131,118,CONCACAF
1960,12/31/1960,Tunisia,71,1496,24,1697,32,1645,71,1496,37,16,13,8,13,20,4,61,99,CAF
1960,12/31/1960,United States,79,1446,12,1784,31,1649,82,1438,54,10,29,15,13,37,4,96,209,CONCACAF
1960,12/31/1960,Saudi Arabia,94,1397,89,1399,92,1397,95,1368,3,0,1,2,1,1,1,4,3,AFC
1960,12/31/1960,Colombia,100,1375,54,1495,81,1349,102,1304,46,13,7,26,12,28,6,63,128,CONMEBOL
1960,12/31/1960,Japan,105,1334,30,1387,74,1247,112,1126,50,16,16,18,14,30,6,75,146,AFC
1960,12/31/1960,Ecuador,106,1321,69,1340,99,1253,121,1183,63,13,10,40,4,50,9,59,230,CONMEBOL
1960,12/31/1960,Panama,117,1254,55,1508,87,1321,119,1213,64,9,19,36,19,35,10,119,173,CONCACAF
1960,12/31/1960,Cape Verde,125,1201,123,1201,124,1199,125,1192,2,0,2,0,0,1,1,3,4,CAF
1960,12/31/1960,Jordan,127,1192,108,1224,121,1205,127,1179,7,0,2,5,2,5,0,13,25,AFC
1961,12/31/1961,Brazil,1,2090,1,2165,6,1934,14,1805,221,73,66,82,130,55,36,537,300,CONMEBOL
1961,12/31/1961,Czech Republic,3,1983,3,1983,10,1855,26,1686,243,104,119,20,116,77,50,553,420,UEFA
1961,12/31/1961,Argentina,5,1975,1,2159,2,2019,10,1855,378,153,149,76,216,85,77,840,459,CONMEBOL
1961,12/31/1961,Spain,6,1963,1,2036,7,1929,15,1805,135,55,65,15,74,31,30,315,182,UEFA
1961,12/31/1961,England,8,1945,1,2213,3,1995,12,1810,433,175,245,13,271,89,73,1379,564,UEFA
1961,12/31/1961,Uruguay,9,1921,1,2104,6,1924,24,1718,345,121,129,95,159,123,63,675,528,CONMEBOL
1961,12/31/1961,Austria,10,1912,1,2070,8,1885,16,1785,311,142,153,16,147,105,59,732,585,UEFA
1961,12/31/1961,Germany,11,1887,2,2098,12,1799,25,1637,288,135,130,23,149,90,49,736,502,UEFA
1961,12/31/1961,Sweden,12,1877,2,2013,14,1761,32,1579,388,188,169,31,200,128,60,1062,721,UEFA
1961,12/31/1961,Scotland,13,1864,1,2104,5,1952,19,1770,304,140,158,6,172,72,60,740,418,UEFA
1961,12/31/1961,Mexico,15,1808,9,1860,22,1718,48,1498,86,32,23,31,47,27,12,222,145,CONCACAF
1961,12/31/1961,France,17,1783,2,1965,22,1654,40,1514,279,146,113,20,102,136,41,538,694,UEFA
1961,12/31/1961,Ghana,19,1767,14,1800,24,1698,34,1676,43,24,18,1,26,8,9,111,57,CAF
1961,12/31/1961,South Africa,20,1764,7,1847,18,1750,35,1654,45,21,24,0,19,25,1,104,116,CAF
1961,12/31/1961,Algeria,21,1761,19,1761,32,1656,41,1640,11,3,7,1,7,3,1,40,13,CAF
1961,12/31/1961,Switzerland,23,1725,11,1803,23,1631,53,1485,299,147,136,16,86,164,49,498,752,UEFA
1961,12/31/1961,Turkey,25,1705,20,1732,51,1478,77,1358,99,47,41,11,34,48,17,170,207,UEFA
1961,12/31/1961,Netherlands,27,1698,3,2003,20,1757,55,1553,274,141,118,15,120,106,48,658,593,UEFA
1961,12/31/1961,Egypt,29,1695,16,1765,31,1648,59,1527,84,39,25,20,37,34,13,197,161,CAF
1961,12/31/1961,South Korea,30,1688,16,1766,27,1687,56,1541,67,9,32,26,40,15,12,163,116,AFC
1961,12/31/1961,Iraq,34,1673,23,1680,29,1676,39,1648,10,3,4,3,6,3,1,30,18,AFC
1961,12/31/1961,Morocco,36,1668,21,1743,30,1697,40,1641,29,15,7,7,15,9,5,66,48,CAF
1961,12/31/1961,Paraguay,38,1660,5,1956,17,1761,38,1647,177,38,64,75,57,87,33,277,360,CONMEBOL
1961,12/31/1961,Portugal,39,1652,17,1749,26,1679,39,1642,108,59,45,4,29,60,19,157,242,UEFA
1961,12/31/1961,Belgium,40,1651,5,1930,27,1679,54,1503,308,156,144,8,102,148,58,607,759,UEFA
1961,12/31/1961,Ivory Coast,41,1641,26,1681,35,1655,45,1618,13,8,3,2,7,5,1,40,24,CAF
1961,12/31/1961,Canada,42,1619,25,1634,35,1618,45,1589,17,2,15,0,7,8,2,28,34,CONCACAF
1961,12/31/1961,Senegal,44,1609,42,1636,45,1604,47,1585,8,1,4,3,5,2,1,22,15,CAF
1961,12/31/1961,DR Congo,53,1572,39,1596,46,1580,54,1572,4,3,1,0,1,3,0,7,9,CAF
1961,12/31/1961,New Zealand,59,1535,29,1572,57,1475,83,1334,45,20,24,1,19,22,4,111,139,OFC
1961,12/31/1961,Australia,61,1528,14,1772,30,1644,64,1515,74,51,23,0,37,30,7,207,181,AFC
1961,12/31/1961,Curaçao,63,1514,26,1611,48,1542,78,1361,165,53,65,47,75,48,42,360,273,CONCACAF
1961,12/31/1961,Iran,64,1511,41,1572,51,1552,79,1450,18,2,7,9,7,7,4,27,30,AFC
1961,12/31/1961,Tunisia,69,1497,24,1697,34,1640,71,1495,40,17,14,9,13,21,6,65,104,CAF
1961,12/31/1961,Haiti,75,1463,54,1544,72,1342,95,1265,78,40,24,14,36,30,12,144,136,CONCACAF
1961,12/31/1961,Norway,76,1454,14,1793,31,1574,77,1364,267,129,121,17,86,133,48,475,650,UEFA
1961,12/31/1961,Colombia,80,1438,54,1495,81,1352,102,1304,49,15,8,26,14,28,7,67,129,CONMEBOL
1961,12/31/1961,United States,83,1432,12,1784,32,1644,83,1432,55,10,30,15,13,38,4,96,211,CONCACAF
1961,12/31/1961,Japan,105,1332,30,1387,75,1248,112,1126,57,19,17,21,16,35,6,85,160,AFC
1961,12/31/1961,Ecuador,107,1321,69,1340,99,1256,121,1183,63,13,10,40,4,50,9,59,230,CONMEBOL
1961,12/31/1961,Saudi Arabia,111,1301,89,1399,94,1390,114,1282,8,0,2,6,2,5,1,8,41,AFC
1961,12/31/1961,Cape Verde,129,1201,123,1201,125,1200,129,1192,2,0,2,0,0,1,1,3,4,CAF
1961,12/31/1961,Jordan,130,1192,108,1224,122,1204,130,1179,7,0,2,5,2,5,0,13,25,AFC
1961,12/31/1961,Panama,134,1174,55,1508,88,1317,134,1174,73,12,20,41,20,42,11,124,198,CONCACAF
1962,12/31/1962,Brazil,1,2195,1,2195,6,1939,14,1805,233,79,67,87,141,55,37,570,308,CONMEBOL
1962,12/31/1962,Czech Republic,4,1969,2,2027,10,1857,26,1686,255,106,123,26,122,82,51,574,437,UEFA
1962,12/31/1962,Argentina,5,1961,1,2159,3,2018,10,1855,386,156,151,79,220,86,80,849,465,CONMEBOL
1962,12/31/1962,England,6,1942,1,2213,3,1994,12,1810,444,179,248,17,277,92,75,1402,576,UEFA
1962,12/31/1962,Germany,7,1939,2,2098,12,1801,25,1637,296,138,132,26,154,91,51,753,509,UEFA
1962,12/31/1962,Scotland,9,1908,1,2104,5,1951,19,1770,308,143,159,6,175,73,60,752,424,UEFA
1962,12/31/1962,Spain,10,1896,1,2036,7,1930,15,1805,141,56,67,18,76,34,31,325,189,UEFA
1962,12/31/1962,Sweden,12,1876,2,2013,14,1763,32,1579,402,192,179,31,210,130,62,1098,731,UEFA
1962,12/31/1962,Uruguay,13,1857,1,2104,7,1923,24,1718,356,123,135,98,162,129,65,689,553,CONMEBOL
1962,12/31/1962,Austria,14,1852,1,2070,8,1885,16,1785,320,146,158,16,149,111,60,741,604,UEFA
1962,12/31/1962,Mexico,15,1848,9,1860,22,1721,48,1498,94,34,26,34,51,30,13,231,153,CONCACAF
1962,12/31/1962,Ghana,17,1797,14,1800,24,1701,34,1676,52,25,25,2,33,8,11,146,63,CAF
1962,12/31/1962,France,18,1768,2,1965,22,1655,40,1514,284,148,116,20,102,139,43,545,705,UEFA
1962,12/31/1962,South Africa,19,1764,7,1847,18,1750,35,1654,45,21,24,0,19,25,1,104,116,CAF
1962,12/31/1962,Algeria,20,1761,19,1761,32,1660,41,1640,11,3,7,1,7,3,1,40,13,CAF
1962,12/31/1962,Turkey,24,1714,20,1738,51,1485,77,1358,107,50,46,11,38,50,19,183,216,UEFA
1962,12/31/1962,South Korea,27,1697,16,1766,27,1687,56,1541,78,11,36,31,49,17,12,185,127,AFC
1962,12/31/1962,Netherlands,29,1685,3,2003,20,1756,55,1553,281,144,122,15,123,110,48,676,605,UEFA
1962,12/31/1962,Iraq,31,1679,23,1680,29,1676,39,1648,12,3,6,3,7,3,2,33,20,AFC
1962,12/31/1962,Belgium,32,1668,5,1930,27,1679,54,1503,315,160,147,8,105,151,59,618,770,UEFA
1962,12/31/1962,Morocco,33,1666,21,1743,31,1691,40,1641,34,18,9,7,17,11,6,74,58,CAF
1962,12/31/1962,Egypt,34,1664,16,1765,32,1648,59,1527,87,40,26,21,39,35,13,202,166,CAF
1962,12/31/1962,Portugal,35,1658,17,1749,26,1678,41,1624,113,61,48,4,30,64,19,163,251,UEFA
1962,12/31/1962,Ivory Coast,37,1644,26,1681,35,1654,45,1618,16,8,6,2,8,6,2,43,29,CAF
1962,12/31/1962,Paraguay,42,1619,5,1956,17,1759,42,1619,181,38,68,75,57,91,33,280,376,CONMEBOL
1962,12/31/1962,Canada,42,1619,25,1634,36,1618,45,1589,17,2,15,0,7,8,2,28,34,CONCACAF
1962,12/31/1962,Switzerland,44,1614,11,1803,24,1632,53,1485,306,147,141,18,86,171,49,504,774,UEFA
1962,12/31/1962,Senegal,45,1607,42,1636,45,1605,47,1585,9,2,4,3,5,2,2,23,16,CAF
1962,12/31/1962,DR Congo,53,1572,39,1596,46,1580,54,1572,4,3,1,0,1,3,0,7,9,CAF
1962,12/31/1962,New Zealand,56,1550,29,1572,57,1476,83,1334,47,22,24,1,21,22,4,119,142,OFC
1962,12/31/1962,Curaçao,60,1537,26,1611,48,1542,78,1361,174,53,71,50,80,51,43,381,296,CONCACAF
1962,12/31/1962,Australia,63,1528,14,1772,31,1641,64,1515,74,51,23,0,37,30,7,207,181,AFC
1962,12/31/1962,Norway,65,1523,14,1793,32,1572,80,1364,275,134,124,17,91,135,49,491,663,UEFA
1962,12/31/1962,Haiti,67,1506,54,1544,72,1346,95,1265,81,40,27,14,39,30,12,156,142,CONCACAF
1962,12/31/1962,Iran,68,1505,41,1572,52,1550,79,1450,20,4,7,9,7,8,5,29,33,AFC
1962,12/31/1962,Tunisia,77,1474,24,1697,35,1635,79,1464,44,18,16,10,14,23,7,75,116,CAF
1962,12/31/1962,Colombia,80,1458,54,1495,81,1356,102,1304,55,17,9,29,14,32,9,74,144,CONMEBOL
1962,12/31/1962,United States,85,1432,12,1784,33,1640,87,1432,55,10,30,15,13,38,4,96,211,CONCACAF
1962,12/31/1962,Ecuador,106,1321,69,1340,99,1258,121,1183,63,13,10,40,4,50,9,59,230,CONMEBOL
1962,12/31/1962,Saudi Arabia,111,1301,89,1399,97,1372,114,1282,8,0,2,6,2,5,1,8,41,AFC
1962,12/31/1962,Japan,114,1294,30,1387,76,1250,114,1126,65,20,19,26,17,40,8,94,177,AFC
1962,12/31/1962,Cape Verde,130,1201,123,1201,127,1200,130,1192,2,0,2,0,0,1,1,3,4,CAF
1962,12/31/1962,Jordan,131,1192,108,1224,123,1202,132,1179,7,0,2,5,2,5,0,13,25,AFC
1962,12/31/1962,Panama,134,1174,55,1508,90,1312,135,1174,73,12,20,41,20,42,11,124,198,CONCACAF
1963,12/31/1963,England,3,1954,1,2213,3,1994,12,1810,452,182,253,17,282,94,76,1432,591,UEFA
1963,12/31/1963,Brazil,4,1948,1,2195,6,1940,14,1805,251,81,78,92,148,63,40,604,342,CONMEBOL
1963,12/31/1963,Argentina,5,1936,1,2159,3,2017,10,1855,396,157,155,84,225,90,81,875,485,CONMEBOL
1963,12/31/1963,Germany,6,1932,2,2098,12,1804,25,1637,300,140,134,26,156,93,51,762,514,UEFA
1963,12/31/1963,Scotland,9,1913,1,2104,5,1950,19,1770,316,146,164,6,180,76,60,776,437,UEFA
1963,12/31/1963,Sweden,10,1904,2,2013,14,1765,32,1579,410,197,182,31,214,130,66,1108,737,UEFA
1963,12/31/1963,Czech Republic,11,1892,2,2027,10,1858,26,1686,261,109,126,26,122,86,53,580,450,UEFA
1963,12/31/1963,Uruguay,12,1869,1,2104,7,1922,24,1718,358,124,136,98,163,129,66,692,555,CONMEBOL
1963,12/31/1963,Spain,13,1850,1,2036,7,1928,15,1805,146,60,68,18,77,36,33,330,198,UEFA
1963,12/31/1963,Ghana,14,1822,14,1822,24,1706,34,1676,58,30,26,2,37,8,13,163,66,CAF
1963,12/31/1963,Mexico,16,1806,9,1860,22,1723,48,1498,97,34,26,37,52,31,14,240,155,CONCACAF
1963,12/31/1963,Austria,17,1801,1,2070,8,1884,17,1785,327,149,162,16,150,116,61,748,616,UEFA
1963,12/31/1963,France,18,1780,2,1965,22,1658,40,1514,292,153,119,20,104,143,45,558,717,UEFA
1963,12/31/1963,South Africa,20,1764,7,1847,18,1751,35,1654,45,21,24,0,19,25,1,104,116,CAF
1963,12/31/1963,Paraguay,22,1762,5,1956,17,1758,42,1619,192,42,70,80,64,93,35,306,392,CONMEBOL
1963,12/31/1963,Egypt,23,1761,16,1765,32,1649,59,1527,103,42,31,30,48,36,19,258,184,CAF
1963,12/31/1963,Algeria,24,1755,18,1768,31,1663,41,1640,15,6,8,1,8,3,4,45,17,CAF
1963,12/31/1963,Belgium,27,1730,5,1930,27,1679,54,1503,321,162,151,8,109,152,60,629,775,UEFA
1963,12/31/1963,Turkey,31,1693,20,1738,50,1490,77,1358,111,52,48,11,38,52,21,183,220,UEFA
1963,12/31/1963,Portugal,33,1658,17,1749,26,1677,41,1624,115,62,48,5,31,65,19,164,252,UEFA
1963,12/31/1963,Netherlands,37,1642,3,2003,20,1755,55,1553,288,150,123,15,125,112,51,682,611,UEFA
1963,12/31/1963,Morocco,40,1640,21,1743,32,1686,40,1630,44,24,11,9,21,16,7,85,75,CAF
1963,12/31/1963,South Korea,41,1639,16,1766,28,1686,56,1541,85,12,38,35,52,20,13,196,136,AFC
1963,12/31/1963,Iraq,43,1633,23,1680,29,1676,43,1633,13,3,7,3,7,4,2,33,24,AFC
1963,12/31/1963,Canada,45,1619,25,1634,36,1618,45,1589,17,2,15,0,7,8,2,28,34,CONCACAF
1963,12/31/1963,Ivory Coast,47,1607,26,1681,36,1651,48,1600,23,10,7,6,12,9,2,55,38,CAF
1963,12/31/1963,Senegal,48,1587,42,1636,45,1603,56,1560,17,8,4,5,8,5,4,36,29,CAF
1963,12/31/1963,Switzerland,50,1579,11,1803,24,1631,53,1485,311,150,143,18,86,174,51,508,788,UEFA
1963,12/31/1963,Tunisia,53,1572,24,1697,36,1633,79,1464,66,23,22,21,26,29,11,118,143,CAF
1963,12/31/1963,DR Congo,54,1565,39,1596,46,1579,60,1541,8,3,1,4,3,5,0,15,12,CAF
1963,12/31/1963,Curaçao,55,1562,26,1618,49,1542,78,1361,187,55,76,56,88,55,44,402,313,CONCACAF
1963,12/31/1963,New Zealand,60,1550,29,1572,57,1478,83,1334,47,22,24,1,21,22,4,119,142,OFC
1963,12/31/1963,Iran,61,1543,41,1572,53,1548,79,1450,23,6,8,9,9,9,5,37,35,AFC
1963,12/31/1963,Australia,67,1528,14,1772,32,1639,67,1515,74,51,23,0,37,30,7,207,181,AFC
1963,12/31/1963,Haiti,68,1504,54,1544,72,1350,95,1265,84,40,29,15,40,31,13,161,145,CONCACAF
1963,12/31/1963,Norway,71,1495,14,1793,32,1571,80,1364,283,137,129,17,93,140,50,500,692,UEFA
1963,12/31/1963,United States,83,1432,12,1784,34,1636,87,1432,55,10,30,15,13,38,4,96,211,CONCACAF
1963,12/31/1963,Colombia,84,1431,54,1495,81,1359,102,1304,63,19,10,34,15,38,10,89,168,CONMEBOL
1963,12/31/1963,Japan,97,1391,30,1391,76,1252,114,1126,71,21,20,30,21,41,9,110,186,AFC
1963,12/31/1963,Ecuador,103,1379,69,1379,99,1263,121,1183,69,13,11,45,5,53,11,73,248,CONMEBOL
1963,12/31/1963,Saudi Arabia,114,1295,89,1399,100,1361,114,1282,9,0,2,7,2,6,1,8,48,AFC
1963,12/31/1963,Panama,126,1223,55,1508,92,1308,135,1174,77,12,21,44,21,43,13,132,202,CONCACAF
1963,12/31/1963,Cape Verde,131,1201,123,1201,128,1200,131,1192,2,0,2,0,0,1,1,3,4,CAF
1963,12/31/1963,Jordan,142,1113,108,1224,124,1196,142,1113,12,0,4,8,2,10,0,14,44,AFC
1964,12/31/1964,Argentina,2,1974,1,2159,3,2016,10,1855,403,159,158,86,230,91,82,895,490,CONMEBOL
1964,12/31/1964,Brazil,4,1940,1,2195,6,1940,14,1805,254,84,78,92,150,64,40,613,347,CONMEBOL
1964,12/31/1964,Spain,5,1926,1,2036,7,1928,15,1805,151,63,70,18,81,37,33,342,203,UEFA
1964,12/31/1964,England,7,1924,1,2213,3,1993,12,1810,464,185,260,19,288,97,79,1462,611,UEFA
1964,12/31/1964,Scotland,8,1913,1,2104,5,1950,19,1770,321,149,166,6,183,77,61,787,445,UEFA
1964,12/31/1964,Germany,10,1893,2,2098,12,1805,25,1637,305,143,136,26,157,95,53,772,524,UEFA
1964,12/31/1964,Czech Republic,11,1888,2,2027,10,1859,26,1686,266,110,130,26,123,88,55,589,460,UEFA
1964,12/31/1964,Egypt,12,1869,12,1869,31,1652,59,1527,111,47,32,32,53,36,22,287,193,CAF
1964,12/31/1964,Sweden,13,1865,2,2013,14,1767,32,1579,418,200,187,31,216,132,70,1120,748,UEFA
1964,12/31/1964,Uruguay,14,1862,1,2104,7,1921,24,1718,363,124,141,98,165,132,66,696,561,CONMEBOL
1964,12/31/1964,Austria,16,1818,1,2070,8,1883,17,1785,332,153,163,16,153,117,62,754,621,UEFA
1964,12/31/1964,Mexico,18,1806,9,1860,21,1725,48,1498,97,34,26,37,52,31,14,240,155,CONCACAF
1964,12/31/1964,Paraguay,19,1786,5,1956,17,1758,42,1619,194,43,71,80,65,94,35,310,400,CONMEBOL
1964,12/31/1964,South Africa,21,1764,7,1847,18,1751,35,1654,45,21,24,0,19,25,1,104,116,CAF
1964,12/31/1964,Algeria,22,1760,18,1773,31,1666,41,1640,22,10,11,1,10,6,6,54,27,CAF
1964,12/31/1964,France,23,1752,2,1965,22,1660,40,1514,297,155,122,20,106,146,45,563,725,UEFA
1964,12/31/1964,Belgium,25,1722,5,1930,27,1679,54,1503,327,166,153,8,111,154,62,636,781,UEFA
1964,12/31/1964,Ghana,27,1717,14,1827,24,1709,34,1676,69,33,30,6,43,12,14,189,88,CAF
1964,12/31/1964,Portugal,29,1687,17,1749,27,1677,41,1624,122,64,51,7,34,68,20,176,267,UEFA
1964,12/31/1964,Turkey,29,1687,20,1738,50,1495,77,1358,114,55,48,11,39,53,22,189,224,UEFA
1964,12/31/1964,Netherlands,32,1685,3,2003,21,1753,55,1553,295,154,126,15,127,114,54,688,615,UEFA
1964,12/31/1964,Morocco,34,1674,21,1743,32,1684,40,1630,50,27,12,11,25,18,7,94,81,CAF
1964,12/31/1964,Iraq,40,1630,23,1680,30,1673,44,1623,18,4,8,6,10,4,4,39,26,AFC
1964,12/31/1964,Canada,42,1619,25,1634,36,1618,45,1589,17,2,15,0,7,8,2,28,34,CONCACAF
1964,12/31/1964,Ivory Coast,45,1602,26,1681,37,1647,48,1596,27,14,7,6,13,9,5,63,44,CAF
1964,12/31/1964,Iran,46,1595,41,1612,52,1550,79,1450,28,7,11,10,11,11,6,43,38,AFC
1964,12/31/1964,Switzerland,50,1576,11,1803,25,1630,56,1485,318,155,145,18,88,179,51,517,801,UEFA
1964,12/31/1964,DR Congo,51,1575,39,1596,47,1579,60,1541,15,5,4,6,6,6,3,23,17,CAF
1964,12/31/1964,Tunisia,51,1575,24,1697,36,1631,79,1464,73,26,25,22,28,32,13,126,155,CAF
1964,12/31/1964,Senegal,53,1565,42,1636,46,1597,56,1560,19,8,6,5,8,7,4,37,34,CAF
1964,12/31/1964,Curaçao,54,1563,26,1618,49,1543,78,1361,189,55,78,56,89,56,44,404,315,CONCACAF
1964,12/31/1964,South Korea,56,1557,16,1766,28,1683,56,1541,92,13,41,38,55,23,14,205,153,AFC
1964,12/31/1964,New Zealand,60,1536,29,1572,57,1479,83,1334,48,22,25,1,21,23,4,120,145,OFC
1964,12/31/1964,Australia,64,1528,14,1772,32,1636,68,1515,74,51,23,0,37,30,7,207,181,AFC
1964,12/31/1964,Norway,67,1523,14,1793,33,1570,80,1364,290,141,132,17,96,143,51,509,702,UEFA
1964,12/31/1964,Haiti,72,1504,54,1544,72,1354,95,1265,84,40,29,15,40,31,13,161,145,CONCACAF
1964,12/31/1964,Colombia,82,1431,54,1495,81,1361,102,1304,63,19,10,34,15,38,10,89,168,CONMEBOL
1964,12/31/1964,United States,83,1428,12,1784,35,1631,87,1428,56,11,30,15,13,39,4,96,221,CONCACAF
1964,12/31/1964,Japan,98,1391,30,1410,77,1255,114,1126,75,23,22,30,22,43,10,115,196,AFC
1964,12/31/1964,Ecuador,104,1379,69,1379,100,1267,121,1183,69,13,11,45,5,53,11,73,248,CONMEBOL
1964,12/31/1964,Saudi Arabia,115,1295,89,1399,102,1352,115,1282,9,0,2,7,2,6,1,8,48,AFC
1964,12/31/1964,Panama,131,1208,55,1508,93,1304,135,1174,78,12,21,45,21,44,13,133,208,CONCACAF
1964,12/31/1964,Cape Verde,132,1201,123,1201,128,1200,133,1192,2,0,2,0,0,1,1,3,4,CAF
1964,12/31/1964,Jordan,143,1099,108,1224,126,1188,143,1099,16,0,5,11,2,13,1,17,54,AFC
1965,12/31/1965,Brazil,1,2011,1,2195,6,1941,14,1805,264,90,82,92,157,64,43,638,353,CONMEBOL
1965,12/31/1965,Argentina,2,1996,1,2159,3,2015,10,1855,412,163,163,86,234,91,87,907,494,CONMEBOL
1965,12/31/1965,England,5,1952,1,2213,3,1992,12,1810,473,189,265,19,293,98,82,1475,619,UEFA
1965,12/31/1965,Germany,7,1916,2,2098,12,1807,25,1637,313,147,140,26,162,97,54,791,530,UEFA
1965,12/31/1965,Czech Republic,8,1909,2,2027,10,1859,26,1686,273,114,133,26,127,90,56,603,465,UEFA
1965,12/31/1965,Spain,9,1899,1,2036,7,1927,15,1805,156,65,72,19,83,39,34,347,207,UEFA
1965,12/31/1965,Mexico,10,1871,9,1871,21,1728,48,1498,110,38,31,41,62,31,17,273,161,CONCACAF
1965,12/31/1965,Scotland,12,1862,1,2104,5,1950,19,1770,330,153,171,6,186,80,64,800,458,UEFA
1965,12/31/1965,Uruguay,13,1849,1,2104,7,1920,24,1718,374,130,146,98,170,136,68,714,574,CONMEBOL
1965,12/31/1965,Ghana,14,1839,13,1850,24,1709,34,1676,80,36,36,8,52,13,15,235,101,CAF
1965,12/31/1965,Egypt,15,1810,12,1872,31,1656,59,1527,119,53,33,33,59,37,23,320,203,CAF
1965,12/31/1965,Sweden,16,1794,2,2013,14,1769,32,1579,427,207,189,31,218,136,73,1136,760,UEFA
1965,12/31/1965,Paraguay,19,1781,5,1956,18,1759,42,1619,205,46,79,80,70,98,37,323,412,CONMEBOL
1965,12/31/1965,Portugal,20,1778,15,1795,26,1679,41,1624,129,68,54,7,38,69,22,185,271,UEFA
1965,12/31/1965,Austria,22,1774,1,2070,8,1882,22,1774,341,155,170,16,155,122,64,762,636,UEFA
1965,12/31/1965,France,23,1773,2,1965,22,1661,40,1514,303,159,124,20,109,148,46,570,729,UEFA
1965,12/31/1965,South Africa,25,1764,7,1847,18,1751,35,1654,45,21,24,0,19,25,1,104,116,CAF
1965,12/31/1965,Belgium,27,1761,5,1930,27,1680,54,1503,335,169,157,9,115,157,63,650,791,UEFA
1965,12/31/1965,Ivory Coast,31,1692,26,1714,37,1648,48,1596,42,17,11,14,23,13,6,89,57,CAF
1965,12/31/1965,Algeria,33,1683,18,1773,31,1668,41,1640,30,12,12,6,12,10,8,60,36,CAF
1965,12/31/1965,Netherlands,37,1648,3,2003,21,1752,55,1553,301,157,129,15,129,116,56,694,619,UEFA
1965,12/31/1965,Morocco,38,1644,21,1743,33,1680,40,1630,56,28,15,13,26,20,10,96,83,CAF
1965,12/31/1965,Switzerland,39,1638,11,1803,25,1630,56,1485,323,158,147,18,91,180,52,522,803,UEFA
1965,12/31/1965,Senegal,40,1634,37,1657,46,1598,56,1559,29,12,10,7,13,10,6,54,45,CAF
1965,12/31/1965,Turkey,41,1630,20,1738,49,1498,77,1358,123,58,53,12,41,59,23,197,248,UEFA
1965,12/31/1965,Canada,43,1619,25,1634,36,1618,45,1589,17,2,15,0,7,8,2,28,34,CONCACAF
1965,12/31/1965,Tunisia,45,1614,24,1697,37,1630,79,1464,82,31,27,24,32,33,17,137,160,CAF
1965,12/31/1965,DR Congo,47,1602,36,1665,47,1581,60,1541,34,12,9,13,17,12,5,77,52,CAF
1965,12/31/1965,Iran,48,1599,41,1612,52,1551,79,1450,30,9,11,10,12,11,7,47,39,AFC
1965,12/31/1965,Iraq,49,1597,23,1680,30,1671,49,1597,23,4,10,9,11,5,7,46,28,AFC
1965,12/31/1965,Norway,53,1566,14,1793,33,1569,80,1364,298,146,135,17,99,145,54,526,712,UEFA
1965,12/31/1965,South Korea,54,1564,16,1766,30,1678,61,1531,98,13,42,43,58,24,16,212,157,AFC
1965,12/31/1965,New Zealand,57,1536,29,1572,57,1481,83,1334,48,22,25,1,21,23,4,120,145,OFC
1965,12/31/1965,Australia,68,1496,14,1772,33,1633,77,1475,80,51,27,2,39,33,8,213,191,AFC
1965,12/31/1965,United States,71,1490,12,1784,36,1628,87,1428,62,12,35,15,16,40,6,109,228,CONCACAF
1965,12/31/1965,Curaçao,79,1466,26,1618,49,1541,79,1361,202,59,81,62,93,61,48,416,336,CONCACAF
1965,12/31/1965,Japan,83,1439,30,1440,77,1258,114,1126,81,23,28,30,25,44,12,128,203,AFC
1965,12/31/1965,Colombia,84,1432,54,1495,81,1364,102,1304,67,21,12,34,16,41,10,93,178,CONMEBOL
1965,12/31/1965,Ecuador,86,1430,69,1440,99,1272,121,1183,74,15,13,46,7,55,12,80,255,CONMEBOL
1965,12/31/1965,Haiti,91,1415,54,1544,72,1356,95,1265,89,40,30,19,40,35,14,164,158,CONCACAF
1965,12/31/1965,Saudi Arabia,117,1295,89,1399,103,1345,118,1282,9,0,2,7,2,6,1,8,48,AFC
1965,12/31/1965,Panama,132,1214,55,1508,95,1301,135,1174,80,12,21,47,22,45,13,135,211,CONCACAF
1965,12/31/1965,Cape Verde,134,1201,123,1201,129,1201,134,1192,2,0,2,0,0,1,1,3,4,CAF
1965,12/31/1965,Jordan,146,1107,108,1224,127,1181,146,1099,17,1,5,11,2,13,2,17,54,AFC
1966,12/31/1966,England,1,2091,1,2213,3,1993,12,1810,490,200,271,19,307,98,85,1513,628,UEFA
1966,12/31/1966,Germany,2,2043,1,2098,12,1810,25,1637,328,151,146,31,174,99,55,825,539,UEFA
1966,12/31/1966,Argentina,3,1984,1,2159,3,2015,10,1855,418,164,165,89,236,93,89,912,500,CONMEBOL
1966,12/31/1966,Portugal,4,1983,3,2018,26,1684,41,1624,141,72,57,12,48,71,22,215,282,UEFA
1966,12/31/1966,Brazil,8,1919,1,2195,6,1941,14,1805,281,100,86,95,168,67,46,671,372,CONMEBOL
1966,12/31/1966,Czech Republic,9,1904,2,2027,10,1860,26,1686,279,115,138,26,128,93,58,609,473,UEFA
1966,12/31/1966,Spain,10,1867,1,2036,7,1926,15,1805,162,67,73,22,85,41,36,354,213,UEFA
1966,12/31/1966,Uruguay,12,1846,1,2104,7,1919,24,1718,384,131,152,101,173,139,72,724,588,CONMEBOL
1966,12/31/1966,Mexico,13,1843,8,1904,21,1731,48,1498,119,40,36,43,65,34,20,285,174,CONCACAF
1966,12/31/1966,Ghana,14,1839,10,1877,23,1714,34,1676,89,39,41,9,57,14,18,256,110,CAF
1966,12/31/1966,Sweden,15,1815,2,2013,14,1769,32,1579,436,211,194,31,222,139,75,1153,775,UEFA
1966,12/31/1966,Scotland,16,1811,1,2104,5,1948,19,1770,336,158,172,6,187,83,66,807,469,UEFA
1966,12/31/1966,Egypt,20,1777,12,1872,31,1659,59,1527,122,54,35,33,59,38,25,324,213,CAF
1966,12/31/1966,Belgium,21,1766,5,1930,27,1682,54,1503,341,173,159,9,118,160,63,659,799,UEFA
1966,12/31/1966,South Africa,22,1764,7,1847,18,1751,35,1654,45,21,24,0,19,25,1,104,116,CAF
1966,12/31/1966,Paraguay,24,1751,5,1956,18,1759,42,1619,210,48,82,80,71,100,39,331,427,CONMEBOL
1966,12/31/1966,Austria,26,1747,1,2070,9,1880,26,1747,348,158,174,16,157,126,65,767,646,UEFA
1966,12/31/1966,France,27,1740,2,1965,22,1662,40,1514,313,162,129,22,111,153,49,583,747,UEFA
1966,12/31/1966,Netherlands,31,1695,3,2003,21,1751,55,1553,308,162,131,15,132,119,57,708,630,UEFA
1966,12/31/1966,Ivory Coast,33,1692,26,1714,36,1652,48,1596,45,19,12,14,24,14,7,92,60,CAF
1966,12/31/1966,Algeria,34,1687,18,1773,31,1668,41,1640,34,15,13,6,13,12,9,66,43,CAF
1966,12/31/1966,Morocco,38,1654,21,1743,33,1677,42,1620,63,29,18,16,30,22,11,107,96,CAF
1966,12/31/1966,Turkey,39,1639,20,1738,49,1501,77,1358,129,59,58,12,42,62,25,201,254,UEFA
1966,12/31/1966,Iraq,40,1629,23,1680,31,1669,49,1597,33,10,11,12,18,7,8,71,36,AFC
1966,12/31/1966,Canada,41,1619,25,1634,36,1618,45,1589,17,2,15,0,7,8,2,28,34,CONCACAF
1966,12/31/1966,DR Congo,43,1613,36,1665,47,1581,60,1541,42,16,12,14,22,15,5,98,65,CAF
1966,12/31/1966,Switzerland,45,1605,11,1803,25,1630,56,1485,332,161,150,21,92,186,54,535,827,UEFA
1966,12/31/1966,Senegal,47,1598,37,1657,46,1600,56,1559,31,13,11,7,13,12,6,56,53,CAF
1966,12/31/1966,Tunisia,48,1579,24,1697,37,1629,79,1464,85,31,28,26,32,35,18,137,163,CAF
1966,12/31/1966,Iran,49,1578,41,1612,52,1553,79,1450,39,11,11,17,17,14,8,58,46,AFC
1966,12/31/1966,Japan,52,1553,30,1558,77,1262,114,1126,89,23,30,36,31,46,12,148,212,AFC
1966,12/31/1966,Norway,58,1540,14,1793,34,1569,80,1364,305,149,139,17,100,150,55,533,734,UEFA
1966,12/31/1966,New Zealand,60,1536,29,1572,57,1482,83,1334,48,22,25,1,21,23,4,120,145,OFC
1966,12/31/1966,Curaçao,64,1518,26,1618,50,1540,83,1361,211,59,83,69,98,63,50,432,343,CONCACAF
1966,12/31/1966,Australia,69,1496,14,1772,34,1630,77,1475,80,51,27,2,39,33,8,213,191,AFC
1966,12/31/1966,United States,70,1490,12,1784,37,1625,87,1428,62,12,35,15,16,40,6,109,228,CONCACAF
1966,12/31/1966,South Korea,76,1471,16,1766,31,1672,78,1471,106,13,45,48,62,28,16,220,167,AFC
1966,12/31/1966,Haiti,88,1446,54,1544,73,1358,95,1265,94,45,30,19,44,36,14,175,164,CONCACAF
1966,12/31/1966,Colombia,89,1436,54,1495,81,1366,102,1304,69,22,13,34,16,42,11,95,183,CONMEBOL
1966,12/31/1966,Ecuador,89,1436,69,1441,99,1278,121,1183,76,16,14,46,7,56,13,83,260,CONMEBOL
1966,12/31/1966,Saudi Arabia,116,1295,89,1399,105,1339,118,1282,9,0,2,7,2,6,1,8,48,AFC
1966,12/31/1966,Panama,130,1230,55,1508,96,1298,135,1174,83,15,21,47,24,46,13,139,213,CONCACAF
1966,12/31/1966,Cape Verde,136,1201,123,1201,130,1201,137,1192,2,0,2,0,0,1,1,3,4,CAF
1966,12/31/1966,Jordan,148,1111,108,1224,129,1176,148,1099,21,1,6,14,3,16,2,24,63,AFC
1967,12/31/1967,England,1,2076,1,2213,3,1994,12,1810,496,204,273,19,311,99,86,1525,633,UEFA
1967,12/31/1967,Germany,2,2001,1,2098,11,1814,25,1637,336,156,149,31,179,101,56,845,544,UEFA
1967,12/31/1967,Portugal,6,1951,3,2018,26,1690,41,1624,147,74,61,12,50,72,25,221,287,UEFA
1967,12/31/1967,Argentina,7,1948,1,2159,3,2014,10,1855,427,164,170,93,240,97,90,927,510,CONMEBOL
1967,12/31/1967,Brazil,8,1936,1,2195,6,1941,14,1805,285,100,90,95,169,67,49,675,375,CONMEBOL
1967,12/31/1967,Uruguay,9,1897,1,2104,7,1919,24,1718,395,140,154,101,179,139,77,744,595,CONMEBOL
1967,12/31/1967,Czech Republic,10,1880,2,2027,10,1861,26,1686,286,118,142,26,132,95,59,619,478,UEFA
1967,12/31/1967,Spain,11,1873,1,2036,7,1925,15,1805,167,69,76,22,87,43,37,358,217,UEFA
1967,12/31/1967,Scotland,13,1851,1,2104,5,1947,19,1770,346,160,180,6,195,85,66,831,481,UEFA
1967,12/31/1967,Mexico,15,1830,8,1904,21,1733,48,1498,132,45,40,47,74,38,20,305,184,CONCACAF
1967,12/31/1967,South Africa,19,1764,7,1847,18,1752,35,1654,45,21,24,0,19,25,1,104,116,CAF
1967,12/31/1967,France,21,1753,2,1965,22,1664,40,1514,319,166,131,22,113,156,50,595,761,UEFA
1967,12/31/1967,Egypt,22,1752,12,1872,30,1661,59,1527,127,58,36,33,61,40,26,331,222,CAF
1967,12/31/1967,Ghana,23,1743,10,1877,23,1717,34,1676,104,48,47,9,63,18,23,282,132,CAF
1967,12/31/1967,Algeria,23,1743,18,1773,31,1670,41,1640,42,19,16,7,19,13,10,81,49,CAF
1967,12/31/1967,Paraguay,26,1718,5,1956,18,1758,42,1619,216,49,83,84,73,103,40,341,441,CONMEBOL
1967,12/31/1967,Sweden,27,1717,2,2013,14,1769,32,1579,444,216,197,31,224,143,77,1163,788,UEFA
1967,12/31/1967,Belgium,28,1716,5,1930,27,1683,54,1503,347,176,162,9,121,162,64,672,807,UEFA
1967,12/31/1967,Ivory Coast,29,1714,25,1731,36,1656,48,1596,55,22,19,14,28,15,12,111,70,CAF
1967,12/31/1967,Austria,30,1708,1,2070,9,1878,32,1689,355,163,176,16,159,130,66,776,660,UEFA
1967,12/31/1967,Netherlands,32,1695,3,2003,21,1750,55,1553,315,165,135,15,134,124,57,719,643,UEFA
1967,12/31/1967,Switzerland,34,1685,11,1803,25,1630,56,1485,341,165,155,21,95,190,56,554,842,UEFA
1967,12/31/1967,Turkey,36,1677,20,1738,49,1505,77,1358,137,62,62,13,45,64,28,211,264,UEFA
1967,12/31/1967,DR Congo,38,1666,35,1666,46,1585,60,1541,61,23,23,15,33,20,8,139,90,CAF
1967,12/31/1967,Iraq,39,1645,23,1680,31,1668,49,1597,36,11,12,13,19,7,10,75,39,AFC
1967,12/31/1967,Morocco,41,1626,21,1743,34,1673,43,1620,67,30,20,17,30,24,13,110,105,CAF
1967,12/31/1967,South Korea,43,1612,16,1766,32,1666,84,1445,126,13,49,64,76,31,19,269,184,AFC
1967,12/31/1967,Japan,47,1604,30,1604,77,1268,114,1126,100,28,33,39,38,47,15,182,221,AFC
1967,12/31/1967,Senegal,50,1599,37,1657,46,1599,56,1558,41,19,14,8,18,15,8,70,62,CAF
1967,12/31/1967,Australia,53,1589,14,1772,35,1627,77,1475,91,54,31,6,47,36,8,241,203,AFC
1967,12/31/1967,Tunisia,55,1581,24,1697,37,1628,79,1464,93,36,31,26,34,37,22,146,172,CAF
1967,12/31/1967,Iran,56,1578,41,1612,52,1554,79,1450,41,11,12,18,18,15,8,60,47,AFC
1967,12/31/1967,Canada,59,1551,25,1634,37,1617,59,1551,20,5,15,0,7,10,3,32,44,CONCACAF
1967,12/31/1967,Norway,62,1547,14,1793,34,1569,80,1364,312,153,142,17,102,154,56,542,749,UEFA
1967,12/31/1967,United States,68,1490,12,1784,37,1623,87,1428,62,12,35,15,16,40,6,109,228,CONCACAF
1967,12/31/1967,New Zealand,71,1484,29,1572,57,1483,83,1334,53,22,28,3,23,26,4,135,162,OFC
1967,12/31/1967,Haiti,80,1447,54,1544,73,1359,95,1265,108,47,35,26,51,42,15,205,183,CONCACAF
1967,12/31/1967,Curaçao,82,1438,26,1618,51,1538,84,1361,219,62,85,72,101,66,52,442,353,CONCACAF
1967,12/31/1967,Colombia,84,1436,54,1495,82,1368,102,1304,69,22,13,34,16,42,11,95,183,CONMEBOL
1967,12/31/1967,Ecuador,84,1436,69,1441,98,1283,121,1183,76,16,14,46,7,56,13,83,260,CONMEBOL
1967,12/31/1967,Saudi Arabia,106,1345,89,1399,106,1337,118,1282,14,1,6,7,4,7,3,20,56,AFC
1967,12/31/1967,Cape Verde,134,1201,123,1201,130,1201,137,1192,2,0,2,0,0,1,1,3,4,CAF
1967,12/31/1967,Panama,140,1177,55,1508,97,1294,140,1174,85,15,22,48,24,48,13,141,219,CONCACAF
1967,12/31/1967,Jordan,149,1111,108,1224,130,1171,149,1099,21,1,6,14,3,16,2,24,63,AFC
1968,12/31/1968,England,1,2060,1,2213,3,1994,12,1810,505,207,277,21,315,101,89,1535,639,UEFA
1968,12/31/1968,Germany,2,2011,1,2098,11,1817,25,1637,347,158,158,31,184,102,61,859,552,UEFA
1968,12/31/1968,Brazil,3,1995,1,2195,6,1941,14,1805,305,109,100,96,182,72,51,727,402,CONMEBOL
1968,12/31/1968,Czech Republic,7,1925,2,2027,10,1861,26,1686,290,121,143,26,136,95,59,629,480,UEFA
1968,12/31/1968,Portugal,8,1900,3,2018,25,1696,41,1624,150,75,62,13,51,74,25,226,293,UEFA
1968,12/31/1968,Argentina,9,1895,1,2159,3,2013,10,1855,438,168,177,93,243,102,93,943,527,CONMEBOL
1968,12/31/1968,Scotland,11,1877,1,2104,5,1946,19,1770,351,162,183,6,198,85,68,840,483,UEFA
1968,12/31/1968,Spain,12,1865,1,2036,7,1924,15,1805,174,72,80,22,89,45,40,367,224,UEFA
1968,12/31/1968,Mexico,13,1862,8,1904,21,1736,48,1498,148,55,46,47,80,41,27,329,203,CONCACAF
1968,12/31/1968,Uruguay,15,1847,1,2104,7,1918,24,1718,403,142,160,101,180,143,80,751,611,CONMEBOL
1968,12/31/1968,Belgium,17,1792,5,1930,27,1684,54,1503,356,179,168,9,127,164,65,690,815,UEFA
1968,12/31/1968,South Africa,20,1764,7,1847,18,1752,35,1654,45,21,24,0,19,25,1,104,116,CAF
1968,12/31/1968,Sweden,23,1753,2,2013,15,1768,32,1579,453,220,202,31,228,145,80,1182,799,UEFA
1968,12/31/1968,DR Congo,24,1752,21,1758,45,1592,60,1541,68,24,25,19,38,22,8,150,96,CAF
1968,12/31/1968,Paraguay,25,1748,5,1956,18,1758,42,1619,220,53,83,84,75,104,41,344,445,CONMEBOL
1968,12/31/1968,Egypt,26,1730,12,1872,30,1663,59,1527,129,58,38,33,61,41,27,333,227,CAF
1968,12/31/1968,Ivory Coast,27,1720,20,1761,35,1662,48,1596,67,25,25,17,33,18,16,128,82,CAF
1968,12/31/1968,France,30,1689,2,1965,22,1665,40,1514,324,170,132,22,113,159,52,599,772,UEFA
1968,12/31/1968,Netherlands,31,1687,3,2003,22,1749,55,1553,321,168,138,15,135,126,60,722,647,UEFA
1968,12/31/1968,Austria,32,1677,1,2070,9,1875,33,1674,363,167,180,16,160,134,69,790,674,UEFA
1968,12/31/1968,Morocco,33,1673,21,1743,34,1671,43,1620,70,32,21,17,32,24,14,114,107,CAF
1968,12/31/1968,Ghana,38,1652,10,1877,23,1717,40,1643,118,53,48,17,69,22,27,306,160,CAF
1968,12/31/1968,Switzerland,38,1652,11,1803,26,1631,56,1485,347,168,158,21,97,193,57,558,848,UEFA
1968,12/31/1968,Japan,38,1652,30,1652,76,1275,114,1126,105,28,37,40,40,49,16,191,230,AFC
1968,12/31/1968,Iran,41,1636,39,1636,52,1557,79,1450,45,15,12,18,22,15,8,71,49,AFC
1968,12/31/1968,Algeria,42,1628,18,1773,31,1669,44,1624,51,22,18,11,20,17,14,91,62,CAF
1968,12/31/1968,Iraq,45,1611,23,1680,32,1665,55,1584,42,12,14,16,21,9,12,85,45,AFC
1968,12/31/1968,Senegal,49,1594,37,1657,46,1600,56,1558,51,22,18,11,20,19,12,84,78,CAF
1968,12/31/1968,Tunisia,50,1592,24,1697,38,1627,79,1464,98,37,35,26,35,39,24,150,178,CAF
1968,12/31/1968,Turkey,51,1591,20,1738,49,1508,77,1358,142,65,64,13,45,68,29,212,281,UEFA
1968,12/31/1968,Australia,53,1580,14,1772,35,1626,77,1475,94,57,31,6,48,37,9,247,209,AFC
1968,12/31/1968,South Korea,56,1571,16,1766,33,1663,84,1445,132,13,50,69,80,33,19,282,196,AFC
1968,12/31/1968,Norway,57,1566,14,1793,35,1568,80,1364,319,156,146,17,105,157,57,554,767,UEFA
1968,12/31/1968,Canada,61,1551,25,1634,37,1615,61,1551,24,7,17,0,9,11,4,40,47,CONCACAF
1968,12/31/1968,United States,67,1517,12,1784,38,1620,87,1428,71,16,40,15,20,44,7,131,250,CONCACAF
1968,12/31/1968,New Zealand,75,1467,29,1572,57,1483,83,1334,55,24,28,3,24,27,4,141,165,OFC
1968,12/31/1968,Haiti,77,1461,54,1544,73,1361,95,1265,114,53,35,26,55,44,15,222,195,CONCACAF
1968,12/31/1968,Curaçao,82,1440,26,1618,51,1536,86,1361,225,65,88,72,103,69,53,454,363,CONCACAF
1968,12/31/1968,Ecuador,84,1436,69,1441,98,1288,121,1183,76,16,14,46,7,56,13,83,260,CONMEBOL
1968,12/31/1968,Colombia,85,1433,54,1495,82,1371,102,1304,70,23,13,34,16,43,11,95,184,CONMEBOL
1968,12/31/1968,Saudi Arabia,106,1345,89,1399,106,1338,118,1282,14,1,6,7,4,7,3,20,56,AFC
1968,12/31/1968,Cape Verde,134,1201,123,1201,131,1201,137,1192,2,0,2,0,0,1,1,3,4,CAF
1968,12/31/1968,Panama,141,1177,55,1508,99,1291,141,1174,85,15,22,48,24,48,13,141,219,CONCACAF
1968,12/31/1968,Jordan,150,1111,108,1224,131,1167,150,1099,21,1,6,14,3,16,2,24,63,AFC
1969,12/31/1969,England,1,2090,1,2213,3,1995,12,1810,516,212,283,21,323,102,91,1559,646,UEFA
1969,12/31/1969,Brazil,2,2040,1,2195,6,1943,14,1805,314,115,103,96,191,72,51,757,408,CONMEBOL
1969,12/31/1969,Germany,3,2020,1,2098,11,1820,25,1637,354,162,161,31,188,102,64,879,557,UEFA
1969,12/31/1969,Czech Republic,6,1948,2,2027,10,1862,26,1686,296,123,146,27,139,97,60,641,489,UEFA
1969,12/31/1969,Uruguay,9,1863,1,2104,7,1917,24,1718,410,145,164,101,184,145,81,758,614,CONMEBOL
1969,12/31/1969,Scotland,12,1832,1,2104,5,1946,19,1770,359,165,188,6,200,88,71,859,498,UEFA
1969,12/31/1969,Sweden,13,1822,2,2013,15,1769,32,1579,465,226,208,31,238,147,80,1209,811,UEFA
1969,12/31/1969,Argentina,14,1816,1,2159,3,2011,16,1816,446,172,181,93,245,104,97,951,536,CONMEBOL
1969,12/31/1969,Spain,15,1811,1,2036,7,1922,17,1805,180,76,82,22,92,47,41,377,229,UEFA
1969,12/31/1969,Portugal,16,1807,3,2018,25,1699,41,1624,156,78,65,13,51,77,28,229,300,UEFA
1969,12/31/1969,Belgium,20,1786,5,1930,27,1685,54,1503,360,181,170,9,129,166,65,694,821,UEFA
1969,12/31/1969,DR Congo,21,1782,20,1782,44,1600,60,1541,72,28,25,19,42,22,8,171,98,CAF
1969,12/31/1969,South Africa,23,1764,7,1847,18,1752,35,1654,45,21,24,0,19,25,1,104,116,CAF
1969,12/31/1969,France,24,1748,2,1965,22,1665,40,1514,329,172,135,22,116,161,52,606,780,UEFA
1969,12/31/1969,Egypt,25,1747,12,1872,30,1664,59,1527,138,61,44,33,66,43,29,350,243,CAF
1969,12/31/1969,Austria,27,1735,1,2070,10,1872,33,1674,369,169,184,16,163,135,71,799,679,UEFA
1969,12/31/1969,Paraguay,28,1732,5,1956,18,1757,42,1619,232,58,90,84,79,109,44,353,456,CONMEBOL
1969,12/31/1969,Ivory Coast,29,1726,20,1761,35,1665,48,1596,72,28,27,17,35,18,19,135,84,CAF
1969,12/31/1969,Netherlands,30,1714,3,2003,22,1748,55,1553,327,173,139,15,138,128,61,731,651,UEFA
1969,12/31/1969,Mexico,35,1673,8,1904,21,1737,48,1498,172,66,55,51,88,51,33,356,227,CONCACAF
1969,12/31/1969,Morocco,36,1670,21,1743,34,1670,43,1620,85,38,28,19,37,30,18,129,122,CAF
1969,12/31/1969,Switzerland,40,1643,11,1803,26,1631,56,1485,353,170,162,21,98,197,58,562,858,UEFA
1969,12/31/1969,Ghana,41,1637,10,1877,24,1715,46,1625,122,55,50,17,71,23,28,323,164,CAF
1969,12/31/1969,Iran,42,1630,38,1656,51,1560,79,1450,49,17,13,19,25,16,8,86,57,AFC
1969,12/31/1969,Algeria,43,1626,18,1773,31,1668,46,1624,58,27,20,11,23,20,15,98,68,CAF
1969,12/31/1969,Australia,46,1615,14,1772,35,1626,77,1475,106,61,34,11,52,39,15,262,221,AFC
1969,12/31/1969,Turkey,48,1611,20,1738,49,1510,77,1358,149,70,66,13,49,71,29,227,293,UEFA
1969,12/31/1969,South Korea,52,1600,16,1766,33,1660,84,1445,141,17,51,73,85,34,22,296,201,AFC
1969,12/31/1969,Japan,53,1591,30,1652,75,1282,114,1126,109,28,39,42,40,51,18,195,238,AFC
1969,12/31/1969,Tunisia,55,1578,24,1697,38,1626,79,1464,103,39,37,27,35,40,28,154,185,CAF
1969,12/31/1969,Senegal,56,1559,37,1657,47,1598,58,1558,59,25,21,13,22,24,13,93,97,CAF
1969,12/31/1969,Iraq,57,1558,23,1680,33,1661,57,1558,48,16,15,17,21,14,13,89,55,AFC
1969,12/31/1969,Canada,61,1551,25,1634,38,1614,63,1551,24,7,17,0,9,11,4,40,47,CONCACAF
1969,12/31/1969,Norway,63,1546,14,1793,35,1568,80,1364,330,162,151,17,109,163,58,572,795,UEFA
1969,12/31/1969,Haiti,68,1521,54,1544,73,1365,95,1265,122,57,38,27,59,47,16,234,201,CONCACAF
1969,12/31/1969,Curaçao,74,1468,26,1618,52,1534,94,1361,232,67,89,76,107,71,54,475,375,CONCACAF
1969,12/31/1969,United States,76,1465,12,1784,38,1618,87,1428,73,17,41,15,20,46,7,131,253,CONCACAF
1969,12/31/1969,New Zealand,79,1455,29,1572,58,1483,83,1334,62,24,35,3,26,31,5,148,176,OFC
1969,12/31/1969,Ecuador,83,1444,69,1448,97,1293,121,1183,81,19,16,46,8,59,14,89,269,CONMEBOL
1969,12/31/1969,Colombia,89,1423,54,1495,82,1372,102,1304,83,30,19,34,17,52,14,109,212,CONMEBOL
1969,12/31/1969,Saudi Arabia,105,1339,89,1399,106,1338,118,1282,15,2,6,7,4,8,3,21,58,AFC
1969,12/31/1969,Cape Verde,135,1201,123,1201,131,1201,137,1192,2,0,2,0,0,1,1,3,4,CAF
1969,12/31/1969,Panama,140,1174,55,1508,100,1287,141,1174,87,15,24,48,24,49,14,143,222,CONCACAF
1969,12/31/1969,Jordan,149,1109,108,1224,132,1164,150,1099,22,2,6,14,3,17,2,25,69,AFC
1970,12/31/1970,Brazil,1,2178,1,2195,6,1946,14,1805,329,123,104,102,203,73,53,793,421,CONMEBOL
1970,12/31/1970,England,2,2041,1,2213,3,1996,12,1810,528,215,288,25,330,104,94,1579,654,UEFA
1970,12/31/1970,Germany,3,2034,1,2098,11,1823,25,1637,368,167,164,37,197,105,66,907,576,UEFA
1970,12/31/1970,Uruguay,8,1864,1,2104,7,1916,24,1718,419,147,165,107,188,149,82,767,622,CONMEBOL
1970,12/31/1970,Spain,9,1858,1,2036,7,1920,17,1805,185,80,83,22,96,47,42,387,232,UEFA
1970,12/31/1970,Scotland,11,1852,1,2104,5,1944,19,1770,363,168,189,6,202,88,73,861,498,UEFA
1970,12/31/1970,Sweden,12,1850,2,2013,15,1770,32,1579,476,228,214,34,244,148,84,1223,819,UEFA
1970,12/31/1970,Argentina,13,1840,1,2159,3,2008,16,1816,451,173,185,93,247,106,98,958,542,CONMEBOL
1970,12/31/1970,Czech Republic,14,1821,2,2027,10,1862,26,1686,305,125,150,30,142,101,62,652,503,UEFA
1970,12/31/1970,Portugal,16,1815,3,2018,25,1701,41,1624,158,79,66,13,52,78,28,231,302,UEFA
1970,12/31/1970,Egypt,18,1781,12,1872,30,1667,59,1527,145,61,47,37,70,45,30,363,251,CAF
1970,12/31/1970,France,19,1779,2,1965,22,1667,40,1514,336,176,138,22,120,163,53,618,786,UEFA
1970,12/31/1970,South Africa,21,1764,7,1847,19,1752,35,1654,45,21,24,0,19,25,1,104,116,CAF
1970,12/31/1970,DR Congo,24,1746,20,1782,43,1606,60,1541,78,29,27,22,45,24,9,181,104,CAF
1970,12/31/1970,Netherlands,25,1742,3,2003,22,1748,55,1553,332,175,142,15,140,129,63,735,653,UEFA
1970,12/31/1970,Belgium,25,1742,5,1930,27,1687,54,1503,366,184,171,11,131,170,65,702,831,UEFA
1970,12/31/1970,Paraguay,27,1740,5,1956,18,1757,42,1619,234,59,91,84,79,109,46,354,457,CONMEBOL
1970,12/31/1970,Mexico,29,1732,8,1904,21,1737,48,1498,187,78,58,51,94,55,38,376,240,CONCACAF
1970,12/31/1970,Austria,30,1722,1,2070,10,1870,33,1674,376,173,187,16,164,139,73,804,688,UEFA
1970,12/31/1970,Ghana,31,1707,10,1877,24,1714,46,1625,129,57,51,21,74,24,31,333,169,CAF
1970,12/31/1970,Switzerland,35,1689,11,1803,26,1631,56,1485,360,175,164,21,101,199,60,568,863,UEFA
1970,12/31/1970,Australia,38,1674,14,1772,35,1626,77,1475,113,61,41,11,58,40,15,280,226,AFC
1970,12/31/1970,Ivory Coast,39,1662,20,1761,35,1666,48,1596,84,31,32,21,40,24,20,155,105,CAF
1970,12/31/1970,Turkey,40,1647,20,1738,49,1512,77,1358,153,71,68,14,51,71,31,234,297,UEFA
1970,12/31/1970,South Korea,42,1642,16,1766,34,1658,84,1445,160,17,54,89,97,35,28,326,208,AFC
1970,12/31/1970,Morocco,44,1634,21,1743,35,1668,49,1607,90,39,29,22,38,33,19,135,131,CAF
1970,12/31/1970,Algeria,48,1601,18,1773,32,1667,51,1601,62,28,22,12,24,22,16,103,76,CAF
1970,12/31/1970,Iran,49,1600,38,1656,51,1562,79,1450,53,19,13,21,26,17,10,96,61,AFC
1970,12/31/1970,Japan,55,1578,30,1652,75,1288,114,1126,122,28,39,55,48,54,20,216,251,AFC
1970,12/31/1970,Tunisia,56,1576,24,1697,38,1624,79,1464,106,40,39,27,36,41,29,160,190,CAF
1970,12/31/1970,Iraq,60,1551,23,1680,34,1657,60,1551,50,16,17,17,21,16,13,89,62,AFC
1970,12/31/1970,Canada,60,1551,25,1634,38,1613,63,1551,24,7,17,0,9,11,4,40,47,CONCACAF
1970,12/31/1970,Norway,64,1539,14,1793,35,1568,80,1364,338,166,155,17,111,168,59,580,810,UEFA
1970,12/31/1970,Senegal,65,1521,37,1657,48,1594,65,1519,66,26,27,13,23,29,14,95,109,CAF
1970,12/31/1970,Haiti,66,1514,54,1544,73,1368,95,1265,123,58,38,27,59,47,17,235,202,CONCACAF
1970,12/31/1970,United States,73,1465,12,1784,39,1615,87,1428,73,17,41,15,20,46,7,131,253,CONCACAF
1970,12/31/1970,New Zealand,77,1455,29,1572,58,1482,83,1334,62,24,35,3,26,31,5,148,176,OFC
1970,12/31/1970,Ecuador,80,1443,69,1448,97,1297,121,1183,82,20,16,46,8,60,14,89,271,CONMEBOL
1970,12/31/1970,Colombia,85,1421,54,1495,82,1374,102,1304,84,31,19,34,17,53,14,109,216,CONMEBOL
1970,12/31/1970,Curaçao,91,1413,26,1618,53,1532,94,1361,240,68,91,81,111,73,56,494,386,CONCACAF
1970,12/31/1970,Saudi Arabia,116,1289,89,1399,106,1335,119,1282,19,3,7,9,5,9,5,24,62,AFC
1970,12/31/1970,Cape Verde,134,1201,123,1201,132,1201,137,1192,2,0,2,0,0,1,1,3,4,CAF
1970,12/31/1970,Panama,142,1161,55,1508,101,1283,143,1161,90,17,25,48,25,51,14,150,230,CONCACAF
1970,12/31/1970,Jordan,148,1106,108,1224,133,1161,150,1099,23,2,7,14,3,18,2,25,70,AFC
1970,12/31/1970,Qatar,153,1084,153,1085,153,1084,154,1072,3,0,1,2,0,2,1,4,7,AFC
1971,12/31/1971,Brazil,1,2141,1,2195,6,1950,14,1805,336,128,106,102,205,73,58,801,427,CONMEBOL
1971,12/31/1971,Germany,2,2050,1,2098,11,1827,25,1637,377,170,170,37,204,106,67,931,580,UEFA
1971,12/31/1971,England,3,2044,1,2213,3,1996,12,1810,537,220,292,25,337,104,96,1598,658,UEFA
1971,12/31/1971,Argentina,8,1874,1,2159,3,2006,16,1816,461,180,188,93,251,107,103,973,553,CONMEBOL
1971,12/31/1971,Spain,9,1865,1,2036,7,1919,17,1805,191,83,86,22,99,48,44,401,237,UEFA
1971,12/31/1971,Czech Republic,11,1860,2,2027,10,1862,26,1686,312,127,155,30,146,103,63,663,508,UEFA
1971,12/31/1971,Sweden,12,1845,2,2013,14,1771,32,1579,485,233,218,34,249,151,85,1236,827,UEFA
1971,12/31/1971,Uruguay,14,1817,1,2104,7,1915,24,1718,425,151,167,107,189,152,84,772,633,CONMEBOL
1971,12/31/1971,Belgium,15,1809,5,1930,27,1688,54,1503,373,187,175,11,136,171,66,716,834,UEFA
1971,12/31/1971,Portugal,17,1795,3,2018,25,1703,41,1624,163,82,68,13,54,80,29,240,308,UEFA
1971,12/31/1971,Austria,18,1794,1,2070,10,1868,33,1674,383,176,191,16,167,141,75,818,695,UEFA
1971,12/31/1971,France,20,1784,2,1965,22,1668,40,1514,344,178,144,22,123,166,55,631,800,UEFA
1971,12/31/1971,Netherlands,21,1766,3,2003,22,1748,55,1553,337,179,143,15,144,130,63,754,658,UEFA
1971,12/31/1971,South Africa,22,1764,7,1847,19,1752,35,1654,45,21,24,0,19,25,1,104,116,CAF
1971,12/31/1971,Scotland,24,1759,1,2104,6,1943,30,1727,373,171,196,6,204,95,74,866,512,UEFA
1971,12/31/1971,Mexico,25,1754,8,1904,21,1736,48,1498,206,83,68,55,101,61,44,394,261,CONCACAF
1971,12/31/1971,Paraguay,26,1751,5,1956,18,1757,42,1619,241,62,95,84,81,112,48,361,463,CONMEBOL
1971,12/31/1971,DR Congo,30,1731,20,1782,43,1611,60,1541,82,30,30,22,47,25,10,187,107,CAF
1971,12/31/1971,Switzerland,31,1714,11,1803,26,1632,56,1485,366,180,165,21,104,201,61,583,871,UEFA
1971,12/31/1971,Ghana,32,1708,10,1877,24,1714,46,1625,138,61,56,21,79,26,33,353,179,CAF
1971,12/31/1971,Morocco,34,1693,21,1743,35,1668,49,1607,96,42,31,23,43,34,19,151,138,CAF
1971,12/31/1971,Egypt,36,1690,12,1872,30,1668,59,1527,154,64,51,39,75,49,30,373,263,CAF
1971,12/31/1971,Australia,38,1661,14,1772,36,1627,77,1475,116,64,41,11,59,41,16,284,231,AFC
1971,12/31/1971,Iran,42,1619,38,1656,51,1563,79,1450,56,20,15,21,28,18,10,100,63,AFC
1971,12/31/1971,Tunisia,43,1616,24,1697,39,1624,79,1464,109,41,40,28,38,42,29,164,192,CAF
1971,12/31/1971,Ivory Coast,44,1615,20,1761,35,1664,48,1596,88,34,33,21,42,26,20,162,115,CAF
1971,12/31/1971,Iraq,48,1606,23,1680,35,1654,65,1533,63,20,21,22,31,18,14,112,70,AFC
1971,12/31/1971,Turkey,49,1601,20,1738,48,1515,77,1358,158,73,71,14,52,75,31,236,312,UEFA
1971,12/31/1971,South Korea,51,1599,16,1766,34,1658,84,1445,176,29,55,92,106,37,33,359,216,AFC
1971,12/31/1971,Senegal,54,1590,37,1657,49,1591,65,1519,74,30,31,13,28,30,16,110,118,CAF
1971,12/31/1971,Haiti,54,1590,50,1603,73,1371,95,1265,136,63,41,32,65,48,23,264,212,CONCACAF
1971,12/31/1971,Algeria,57,1572,18,1773,32,1665,57,1572,67,29,26,12,24,24,19,106,87,CAF
1971,12/31/1971,Canada,61,1551,25,1634,39,1611,63,1551,24,7,17,0,9,11,4,40,47,CONCACAF
1971,12/31/1971,Japan,63,1529,30,1652,75,1293,114,1126,128,28,42,58,51,57,20,234,261,AFC
1971,12/31/1971,Norway,72,1467,14,1793,36,1567,80,1364,346,171,158,17,112,174,60,588,837,UEFA
1971,12/31/1971,United States,73,1465,12,1784,40,1612,87,1428,73,17,41,15,20,46,7,131,253,CONCACAF
1971,12/31/1971,Ecuador,79,1443,69,1448,96,1302,121,1183,82,20,16,46,8,60,14,89,271,CONMEBOL
1971,12/31/1971,New Zealand,80,1439,29,1572,58,1481,83,1334,64,24,37,3,26,33,5,151,182,OFC
1971,12/31/1971,Colombia,87,1411,54,1495,82,1375,102,1304,86,31,21,34,17,55,14,111,221,CONMEBOL
1971,12/31/1971,Curaçao,91,1398,26,1618,53,1529,97,1361,246,72,93,81,114,74,58,507,392,CONCACAF
1971,12/31/1971,Saudi Arabia,114,1289,89,1399,107,1332,119,1282,19,3,7,9,5,9,5,24,62,AFC
1971,12/31/1971,Panama,131,1214,55,1508,102,1281,143,1154,94,17,28,49,26,54,14,156,241,CONCACAF
1971,12/31/1971,Cape Verde,135,1201,123,1201,132,1201,137,1192,2,0,2,0,0,1,1,3,4,CAF
1971,12/31/1971,Jordan,148,1128,108,1224,134,1158,151,1099,29,2,8,19,5,21,3,30,79,AFC
1971,12/31/1971,Qatar,154,1084,152,1085,153,1084,154,1072,3,0,1,2,0,2,1,4,7,AFC
1972,12/31/1972,Germany,1,2146,1,2146,11,1831,25,1637,384,173,173,38,210,106,68,950,584,UEFA
1972,12/31/1972,Brazil,2,2142,1,2195,6,1953,14,1805,341,133,106,102,209,73,59,809,429,CONMEBOL
1972,12/31/1972,England,3,2013,1,2213,3,1997,12,1810,544,223,296,25,340,106,98,1605,663,UEFA
1972,12/31/1972,Portugal,9,1910,3,2018,24,1706,41,1624,173,83,70,20,62,81,30,262,313,UEFA
1972,12/31/1972,Spain,10,1880,1,2036,7,1918,17,1805,197,87,87,23,102,48,47,408,240,UEFA
1972,12/31/1972,Argentina,11,1878,1,2159,3,2004,16,1816,472,182,191,99,257,110,105,990,565,CONMEBOL
1972,12/31/1972,Belgium,13,1858,5,1930,26,1691,54,1503,381,193,177,11,141,172,68,731,838,UEFA
1972,12/31/1972,Scotland,14,1840,1,2104,6,1941,30,1727,382,176,198,8,209,97,76,879,517,UEFA
1972,12/31/1972,Sweden,15,1829,2,2013,14,1772,32,1579,493,238,221,34,252,153,88,1254,837,UEFA
1972,12/31/1972,Czech Republic,16,1827,2,2027,10,1862,26,1686,321,131,158,32,149,107,65,676,519,UEFA
1972,12/31/1972,Netherlands,17,1823,3,2003,22,1749,55,1553,342,181,146,15,148,130,64,773,659,UEFA
1972,12/31/1972,Austria,17,1823,1,2070,10,1867,33,1674,390,179,195,16,170,142,78,832,703,UEFA
1972,12/31/1972,Mexico,20,1808,8,1904,21,1737,48,1498,216,88,73,55,109,63,44,413,270,CONCACAF
1972,12/31/1972,France,21,1792,2,1965,22,1670,40,1514,350,179,147,24,126,168,56,639,807,UEFA
1972,12/31/1972,Uruguay,22,1789,1,2104,7,1914,24,1718,432,151,171,110,190,156,86,774,639,CONMEBOL
1972,12/31/1972,Paraguay,24,1785,5,1956,19,1757,42,1619,247,62,97,88,84,114,49,375,470,CONMEBOL
1972,12/31/1972,South Africa,25,1764,7,1847,19,1752,35,1654,45,21,24,0,19,25,1,104,116,CAF
1972,12/31/1972,Switzerland,27,1729,11,1803,26,1634,56,1485,371,182,168,21,104,202,65,586,878,UEFA
1972,12/31/1972,Australia,30,1705,14,1772,36,1628,77,1475,122,64,46,12,64,41,17,301,234,AFC
1972,12/31/1972,Egypt,32,1697,12,1872,30,1669,59,1527,164,68,54,42,81,50,33,392,274,CAF
1972,12/31/1972,DR Congo,34,1679,20,1782,42,1614,60,1541,90,32,32,26,50,27,13,206,118,CAF
1972,12/31/1972,Morocco,37,1658,21,1744,35,1669,49,1607,112,46,36,30,48,39,25,177,166,CAF
1972,12/31/1972,Ivory Coast,38,1647,20,1761,36,1662,48,1596,95,35,37,23,46,27,22,168,117,CAF
1972,12/31/1972,Tunisia,41,1641,24,1697,39,1624,79,1464,118,47,43,28,41,45,32,181,205,CAF
1972,12/31/1972,Ghana,44,1624,10,1877,25,1713,46,1621,157,71,62,24,86,31,40,380,202,CAF
1972,12/31/1972,Haiti,47,1612,47,1612,72,1376,95,1265,143,67,44,32,70,48,25,290,219,CONCACAF
1972,12/31/1972,Iran,52,1579,27,1742,51,1565,79,1450,71,21,17,33,35,23,13,119,84,AFC
1972,12/31/1972,Algeria,53,1576,18,1773,33,1662,61,1546,79,32,30,17,32,28,19,126,102,CAF
1972,12/31/1972,South Korea,56,1558,16,1766,35,1655,84,1445,200,36,59,105,118,42,40,398,234,AFC
1972,12/31/1972,Turkey,57,1556,20,1738,48,1516,77,1358,161,74,73,14,53,77,31,239,315,UEFA
1972,12/31/1972,Senegal,58,1555,37,1657,49,1590,65,1519,89,41,35,13,32,36,21,140,137,CAF
1972,12/31/1972,Iraq,59,1553,23,1680,35,1651,65,1533,71,25,22,24,34,20,17,123,79,AFC
1972,12/31/1972,Canada,60,1545,25,1634,39,1610,63,1545,29,9,20,0,10,13,6,48,56,CONCACAF
1972,12/31/1972,Japan,65,1491,30,1652,74,1297,114,1126,136,29,43,64,55,60,21,255,273,AFC
1972,12/31/1972,New Zealand,73,1450,29,1572,59,1480,83,1334,69,26,39,4,28,35,6,160,191,OFC
1972,12/31/1972,Norway,74,1449,14,1793,37,1565,80,1364,353,175,161,17,113,179,61,594,855,UEFA
1972,12/31/1972,United States,77,1442,12,1784,40,1609,87,1428,77,19,43,15,20,49,8,137,263,CONCACAF
1972,12/31/1972,Ecuador,81,1430,69,1448,96,1306,121,1183,86,20,16,50,8,63,15,93,280,CONMEBOL
1972,12/31/1972,Colombia,89,1408,54,1495,82,1376,102,1304,91,32,23,36,17,58,16,116,231,CONMEBOL
1972,12/31/1972,Curaçao,94,1397,26,1618,54,1526,97,1361,251,74,96,81,117,76,58,511,399,CONCACAF
1972,12/31/1972,Saudi Arabia,112,1316,89,1399,107,1330,119,1282,23,7,7,9,8,9,6,36,65,AFC
1972,12/31/1972,Cape Verde,134,1201,123,1201,132,1201,137,1192,2,0,2,0,0,1,1,3,4,CAF
1972,12/31/1972,Panama,136,1192,55,1508,103,1279,143,1154,97,19,29,49,27,55,15,161,242,CONCACAF
1972,12/31/1972,Jordan,148,1128,108,1224,135,1156,151,1099,29,2,8,19,5,21,3,30,79,AFC
1972,12/31/1972,Qatar,162,978,152,1085,156,1050,164,978,11,0,2,9,0,10,1,11,38,AFC
1973,12/31/1973,Brazil,1,2134,1,2195,6,1956,14,1805,351,134,115,102,216,75,60,828,437,CONMEBOL
1973,12/31/1973,Germany,2,2115,1,2146,11,1836,25,1637,394,181,175,38,216,109,69,968,592,UEFA
1973,12/31/1973,England,4,1981,1,2213,3,1997,12,1810,556,230,301,25,346,109,101,1628,673,UEFA
1973,12/31/1973,Argentina,9,1892,1,2159,3,2002,16,1816,484,187,198,99,263,112,109,1014,582,CONMEBOL
1973,12/31/1973,Spain,10,1889,1,2036,7,1918,17,1805,203,88,92,23,104,50,49,417,248,UEFA
1973,12/31/1973,Sweden,12,1884,2,2013,14,1773,32,1579,504,242,227,35,259,154,91,1271,849,UEFA
1973,12/31/1973,Belgium,13,1880,5,1930,26,1693,54,1503,385,196,178,11,144,172,69,742,838,UEFA
1973,12/31/1973,Portugal,14,1868,3,2018,24,1710,41,1624,178,85,72,21,63,82,33,269,320,UEFA
1973,12/31/1973,Czech Republic,15,1836,2,2027,10,1862,26,1686,327,134,161,32,151,109,67,686,526,UEFA
1973,12/31/1973,Netherlands,16,1834,3,2003,22,1750,55,1553,349,186,148,15,152,131,66,792,665,UEFA
1973,12/31/1973,Scotland,18,1808,1,2104,6,1940,30,1727,391,181,202,8,211,103,77,885,530,UEFA
1973,12/31/1973,Austria,20,1802,1,2070,10,1867,33,1674,397,181,199,17,171,146,80,839,722,UEFA
1973,12/31/1973,Paraguay,23,1776,5,1956,19,1757,42,1619,254,65,101,88,86,116,52,385,478,CONMEBOL
1973,12/31/1973,France,24,1771,2,1965,22,1672,40,1514,356,183,149,24,128,171,57,648,815,UEFA
1973,12/31/1973,Uruguay,25,1770,1,2104,8,1912,26,1718,440,154,176,110,193,157,90,784,644,CONMEBOL
1973,12/31/1973,South Africa,26,1764,7,1847,19,1753,35,1654,45,21,24,0,19,25,1,104,116,CAF
1973,12/31/1973,DR Congo,27,1760,20,1782,42,1618,60,1541,102,39,37,26,59,30,13,232,125,CAF
1973,12/31/1973,Mexico,28,1725,8,1904,21,1739,48,1498,226,92,74,60,113,67,46,429,280,CONCACAF
1973,12/31/1973,Tunisia,29,1717,24,1717,39,1625,79,1464,131,51,46,34,48,48,35,205,221,CAF
1973,12/31/1973,Switzerland,31,1700,11,1803,26,1635,56,1485,377,185,171,21,107,204,66,589,882,UEFA
1973,12/31/1973,Turkey,32,1675,20,1738,48,1519,77,1358,168,79,75,14,56,78,34,250,318,UEFA
1973,12/31/1973,Ivory Coast,33,1674,20,1761,36,1661,48,1596,105,39,42,24,51,29,25,189,133,CAF
1973,12/31/1973,Australia,34,1673,14,1772,36,1629,77,1475,136,74,49,13,69,44,23,325,251,AFC
1973,12/31/1973,Egypt,40,1636,12,1872,30,1669,59,1527,175,68,56,51,87,54,34,423,292,CAF
1973,12/31/1973,Morocco,42,1629,21,1744,35,1670,49,1607,122,50,42,30,52,43,27,190,181,CAF
1973,12/31/1973,South Korea,43,1625,16,1766,35,1653,84,1445,217,47,60,110,128,44,45,430,241,AFC
1973,12/31/1973,Haiti,45,1613,40,1641,72,1381,95,1265,163,82,49,32,82,53,28,321,236,CONCACAF
1973,12/31/1973,Iran,48,1600,27,1742,51,1566,79,1450,80,28,19,33,40,25,15,128,90,AFC
1973,12/31/1973,Algeria,51,1582,18,1773,34,1660,63,1531,93,35,34,24,37,32,24,155,118,CAF
1973,12/31/1973,Iraq,53,1576,23,1680,36,1649,65,1533,83,25,25,33,39,22,22,139,88,AFC
1973,12/31/1973,Ghana,56,1564,10,1877,25,1710,58,1564,170,75,67,28,91,38,41,395,223,CAF
1973,12/31/1973,Senegal,59,1546,37,1657,50,1587,65,1519,93,42,38,13,33,39,21,145,145,CAF
1973,12/31/1973,Canada,63,1518,25,1634,39,1609,64,1500,35,11,24,0,12,17,6,53,68,CONCACAF
1973,12/31/1973,Colombia,71,1469,54,1495,82,1378,102,1304,99,35,28,36,19,61,19,123,241,CONMEBOL
1973,12/31/1973,Norway,73,1461,14,1793,37,1564,80,1364,361,179,165,17,115,184,62,604,864,UEFA
1973,12/31/1973,Japan,74,1460,30,1652,74,1300,114,1126,141,29,44,68,56,64,21,260,279,AFC
1973,12/31/1973,United States,78,1443,12,1784,41,1606,89,1417,90,23,52,15,23,59,8,142,291,CONCACAF
1973,12/31/1973,Ecuador,79,1441,69,1465,95,1310,121,1183,96,25,21,50,9,66,21,103,295,CONMEBOL
1973,12/31/1973,New Zealand,80,1440,29,1572,59,1480,83,1334,81,33,40,8,32,38,11,178,207,OFC
1973,12/31/1973,Curaçao,101,1367,26,1618,55,1524,101,1361,258,76,97,85,117,79,62,518,421,CONCACAF
1973,12/31/1973,Saudi Arabia,111,1316,89,1399,107,1329,119,1282,23,7,7,9,8,9,6,36,65,AFC
1973,12/31/1973,Cape Verde,133,1201,123,1201,132,1201,137,1192,2,0,2,0,0,1,1,3,4,CAF
1973,12/31/1973,Panama,136,1196,55,1508,104,1276,143,1154,99,20,30,49,28,56,15,163,246,CONCACAF
1973,12/31/1973,Jordan,145,1128,108,1224,135,1155,151,1099,29,2,8,19,5,21,3,30,79,AFC
1973,12/31/1973,Qatar,162,973,152,1085,158,1030,164,973,13,0,4,9,0,12,1,12,51,AFC
1974,12/31/1974,Germany,1,2130,1,2146,10,1840,25,1637,409,191,180,38,227,111,71,995,601,UEFA
1974,12/31/1974,Netherlands,2,2091,2,2091,21,1753,55,1553,363,191,151,21,162,132,69,824,673,UEFA
1974,12/31/1974,Brazil,3,2036,1,2195,6,1958,14,1805,367,143,115,109,225,77,65,847,443,CONMEBOL
1974,12/31/1974,England,5,1976,1,2213,3,1996,12,1810,566,234,307,25,350,110,106,1640,680,UEFA
1974,12/31/1974,Spain,7,1926,1,2036,7,1917,17,1805,208,89,95,24,107,51,50,423,252,UEFA
1974,12/31/1974,Belgium,9,1905,5,1930,26,1696,54,1503,392,199,182,11,148,173,71,750,842,UEFA
1974,12/31/1974,Scotland,11,1880,1,2104,6,1939,30,1727,402,186,205,11,216,107,79,900,539,UEFA
1974,12/31/1974,Czech Republic,12,1866,2,2027,10,1862,26,1686,338,138,168,32,156,112,70,702,538,UEFA
1974,12/31/1974,Portugal,14,1859,3,2018,24,1713,41,1624,181,86,74,21,63,83,35,269,323,UEFA
1974,12/31/1974,Argentina,15,1858,1,2159,3,2001,17,1816,497,190,202,105,267,116,114,1033,603,CONMEBOL
1974,12/31/1974,Austria,16,1842,1,2070,10,1866,33,1674,403,184,202,17,174,146,83,844,724,UEFA
1974,12/31/1974,Sweden,18,1836,2,2013,14,1775,32,1579,517,246,231,40,263,160,94,1283,869,UEFA
1974,12/31/1974,France,21,1790,2,1965,22,1673,40,1514,362,186,152,24,130,173,59,657,823,UEFA
1974,12/31/1974,Paraguay,23,1766,5,1956,19,1758,42,1619,256,65,103,88,86,118,52,385,481,CONMEBOL
1974,12/31/1974,South Africa,24,1764,7,1847,19,1753,35,1654,45,21,24,0,19,25,1,104,116,CAF
1974,12/31/1974,Mexico,26,1742,8,1904,21,1739,48,1498,229,93,76,60,115,67,47,434,282,CONCACAF
1974,12/31/1974,Morocco,28,1728,21,1744,35,1670,49,1607,139,52,51,36,64,43,32,218,186,CAF
1974,12/31/1974,DR Congo,29,1706,20,1782,41,1622,60,1541,112,39,39,34,64,34,14,248,147,CAF
1974,12/31/1974,Uruguay,30,1703,1,2104,8,1909,31,1703,451,155,183,113,197,161,93,795,656,CONMEBOL
1974,12/31/1974,Switzerland,31,1695,11,1803,26,1636,56,1485,384,188,175,21,108,209,67,594,889,UEFA
1974,12/31/1974,Australia,33,1676,14,1772,35,1629,77,1475,143,76,52,15,71,47,25,330,259,AFC
1974,12/31/1974,Egypt,35,1669,12,1872,30,1669,59,1527,185,73,56,56,94,57,34,448,304,CAF
1974,12/31/1974,Iran,36,1668,27,1742,51,1568,79,1450,90,36,20,34,48,27,15,150,94,AFC
1974,12/31/1974,Turkey,37,1667,20,1738,48,1521,77,1358,174,82,77,15,58,80,36,257,328,UEFA
1974,12/31/1974,Tunisia,40,1631,24,1726,39,1626,79,1464,145,54,51,40,55,55,35,224,240,CAF
1974,12/31/1974,Ghana,45,1605,10,1877,26,1707,58,1564,178,79,71,28,94,39,45,409,232,CAF
1974,12/31/1974,Iraq,49,1580,23,1680,36,1646,65,1533,95,28,29,38,43,26,26,150,95,AFC
1974,12/31/1974,Haiti,53,1548,40,1641,71,1385,95,1265,174,88,50,36,83,61,30,326,261,CONCACAF
1974,12/31/1974,South Korea,59,1540,16,1766,36,1651,84,1445,231,50,63,118,134,49,48,452,261,AFC
1974,12/31/1974,Ivory Coast,60,1539,20,1761,36,1658,60,1539,112,40,46,26,51,34,27,193,147,CAF
1974,12/31/1974,Algeria,61,1531,18,1773,34,1657,63,1527,103,39,35,29,39,39,25,168,132,CAF
1974,12/31/1974,Senegal,64,1518,37,1657,50,1584,65,1518,95,42,40,13,33,41,21,148,153,CAF
1974,12/31/1974,Canada,65,1513,25,1634,40,1607,66,1500,38,11,27,0,12,19,7,53,72,CONCACAF
1974,12/31/1974,Japan,71,1473,30,1652,74,1303,114,1126,150,30,49,71,60,67,23,275,292,AFC
1974,12/31/1974,Colombia,73,1469,54,1495,82,1380,102,1304,99,35,28,36,19,61,19,123,241,CONMEBOL
1974,12/31/1974,Norway,76,1463,14,1793,38,1562,84,1364,367,182,168,17,116,189,62,610,875,UEFA
1974,12/31/1974,Ecuador,80,1441,69,1465,95,1313,121,1183,96,25,21,50,9,66,21,103,295,CONMEBOL
1974,12/31/1974,New Zealand,82,1440,29,1572,60,1479,83,1334,81,33,40,8,32,38,11,178,207,OFC
1974,12/31/1974,United States,85,1435,12,1784,42,1604,89,1417,92,24,53,15,23,61,8,143,295,CONCACAF
1974,12/31/1974,Curaçao,99,1369,26,1618,56,1521,101,1361,259,77,97,85,118,79,62,519,421,CONCACAF
1974,12/31/1974,Saudi Arabia,106,1345,89,1399,107,1330,119,1282,29,8,8,13,12,10,7,47,71,AFC
1974,12/31/1974,Cape Verde,134,1201,123,1201,132,1201,137,1192,2,0,2,0,0,1,1,3,4,CAF
1974,12/31/1974,Panama,137,1183,55,1508,105,1274,143,1154,104,21,32,51,30,58,16,168,250,CONCACAF
1974,12/31/1974,Jordan,144,1124,108,1224,136,1154,151,1099,35,2,9,24,5,26,4,31,99,AFC
1974,12/31/1974,Qatar,164,990,152,1085,159,1021,164,965,19,1,5,13,1,16,2,18,59,AFC
1975,12/31/1975,Germany,1,2096,1,2146,10,1844,25,1637,416,194,184,38,230,112,74,1006,606,UEFA
1975,12/31/1975,Netherlands,2,2043,2,2091,21,1757,55,1553,370,193,156,21,164,136,70,833,684,UEFA
1975,12/31/1975,Brazil,4,2026,1,2195,6,1959,14,1805,373,146,118,109,230,78,65,863,447,CONMEBOL
1975,12/31/1975,England,5,1978,1,2213,3,1996,12,1810,575,238,312,25,355,111,109,1659,687,UEFA
1975,12/31/1975,Spain,8,1914,1,2036,7,1917,17,1805,212,92,96,24,108,51,53,429,256,UEFA
1975,12/31/1975,Czech Republic,9,1905,2,2027,10,1862,26,1686,348,145,171,32,160,112,76,721,544,UEFA
1975,12/31/1975,Scotland,11,1899,1,2104,6,1939,30,1727,412,190,211,11,220,108,84,915,551,UEFA
1975,12/31/1975,Belgium,12,1888,5,1930,26,1699,54,1503,396,202,183,11,150,174,72,753,844,UEFA
1975,12/31/1975,Argentina,13,1873,1,2159,4,1999,17,1816,506,192,207,107,273,118,115,1064,611,CONMEBOL
1975,12/31/1975,Portugal,16,1846,3,2018,24,1715,41,1624,188,89,78,21,66,85,37,276,331,UEFA
1975,12/31/1975,Sweden,17,1828,2,2013,14,1776,32,1579,525,251,234,40,267,162,96,1296,877,UEFA
1975,12/31/1975,Austria,19,1797,1,2070,10,1866,33,1674,410,188,205,17,176,149,85,853,732,UEFA
1975,12/31/1975,France,23,1766,2,1965,22,1675,40,1514,368,190,154,24,132,175,61,663,827,UEFA
1975,12/31/1975,South Africa,24,1764,7,1847,19,1753,35,1654,45,21,24,0,19,25,1,104,116,CAF
1975,12/31/1975,Mexico,26,1750,8,1904,21,1739,48,1498,236,97,77,62,118,70,48,447,288,CONCACAF
1975,12/31/1975,Morocco,28,1729,21,1744,35,1672,49,1607,150,57,55,38,70,45,35,231,192,CAF
1975,12/31/1975,Egypt,29,1706,12,1872,30,1669,59,1527,198,76,60,62,103,59,36,478,316,CAF
1975,12/31/1975,Uruguay,30,1704,1,2104,8,1907,31,1688,458,159,186,113,201,164,93,803,664,CONMEBOL
1975,12/31/1975,Australia,32,1681,14,1772,35,1630,77,1475,144,77,52,15,72,47,25,331,259,AFC
1975,12/31/1975,Paraguay,33,1674,5,1956,19,1757,42,1619,264,68,108,88,89,122,53,393,490,CONMEBOL
1975,12/31/1975,DR Congo,33,1674,20,1782,41,1625,60,1541,121,41,45,35,68,37,16,264,160,CAF
1975,12/31/1975,Iran,36,1667,27,1742,50,1571,79,1450,95,41,20,34,51,28,16,159,97,AFC
1975,12/31/1975,Turkey,36,1667,20,1738,48,1524,77,1358,181,85,81,15,59,83,39,262,344,UEFA
1975,12/31/1975,Ghana,38,1664,10,1877,26,1705,58,1564,191,88,75,28,102,43,46,442,245,CAF
1975,12/31/1975,Switzerland,38,1664,11,1803,26,1637,56,1485,391,192,178,21,109,213,69,600,900,UEFA
1975,12/31/1975,South Korea,41,1635,16,1766,36,1648,84,1445,253,53,69,131,151,53,49,502,276,AFC
1975,12/31/1975,Colombia,44,1627,39,1664,81,1384,102,1304,108,39,32,37,25,64,19,134,246,CONMEBOL
1975,12/31/1975,Tunisia,46,1595,24,1726,39,1626,79,1464,160,60,58,42,59,59,42,240,254,CAF
1975,12/31/1975,Iraq,51,1579,23,1680,37,1644,65,1533,111,36,31,44,53,29,29,183,105,AFC
1975,12/31/1975,Algeria,54,1562,18,1773,35,1654,66,1512,111,44,38,29,42,42,27,177,144,CAF
1975,12/31/1975,Senegal,58,1543,37,1657,51,1580,68,1497,109,48,47,14,38,46,25,161,170,CAF
1975,12/31/1975,Haiti,60,1512,40,1641,71,1388,95,1265,181,91,54,36,86,64,31,334,268,CONCACAF
1975,12/31/1975,Ivory Coast,68,1487,20,1761,38,1651,73,1476,121,43,51,27,52,39,30,198,159,CAF
1975,12/31/1975,Canada,71,1479,25,1634,41,1604,74,1479,43,15,28,0,12,24,7,56,98,CONCACAF
1975,12/31/1975,Japan,72,1478,30,1652,74,1306,114,1126,163,30,53,80,66,73,24,293,307,AFC
1975,12/31/1975,Norway,75,1464,14,1793,38,1561,84,1364,376,186,173,17,118,194,64,623,897,UEFA
1975,12/31/1975,New Zealand,80,1450,29,1572,60,1478,85,1334,87,36,43,8,34,39,14,188,215,OFC
1975,12/31/1975,Ecuador,90,1412,69,1482,95,1316,121,1183,104,29,25,50,11,71,22,114,308,CONMEBOL
1975,12/31/1975,United States,91,1410,12,1784,42,1601,91,1410,98,25,56,17,23,67,8,144,327,CONCACAF
1975,12/31/1975,Curaçao,101,1373,26,1618,57,1518,101,1361,260,78,97,85,119,79,62,523,422,CONCACAF
1975,12/31/1975,Saudi Arabia,111,1327,89,1399,107,1331,119,1282,41,8,11,22,17,16,8,65,86,AFC
1975,12/31/1975,Panama,127,1233,55,1508,106,1272,143,1154,114,28,35,51,32,61,21,181,262,CONCACAF
1975,12/31/1975,Cape Verde,134,1201,123,1201,132,1201,137,1192,2,0,2,0,0,1,1,3,4,CAF
1975,12/31/1975,Jordan,146,1124,108,1224,136,1152,151,1099,35,2,9,24,5,26,4,31,99,AFC
1975,12/31/1975,Qatar,158,1023,152,1085,159,1016,164,965,25,1,7,17,3,19,3,23,67,AFC
1976,12/31/1976,Germany,1,2135,1,2146,10,1848,25,1637,423,197,187,39,235,112,76,1027,611,UEFA
1976,12/31/1976,Brazil,2,2092,1,2195,5,1961,14,1805,383,150,122,111,239,78,66,885,453,CONMEBOL
1976,12/31/1976,Netherlands,3,2030,2,2091,21,1761,55,1553,376,195,159,22,168,137,71,847,692,UEFA
1976,12/31/1976,Czech Republic,4,2002,2,2027,10,1863,26,1686,359,149,176,34,164,113,82,740,558,UEFA
1976,12/31/1976,England,7,1962,1,2213,3,1996,12,1810,585,241,317,27,361,114,110,1677,698,UEFA
1976,12/31/1976,Scotland,9,1936,1,2104,6,1939,30,1727,419,196,212,11,226,109,84,931,555,UEFA
1976,12/31/1976,Spain,10,1922,1,2036,7,1917,17,1805,215,94,97,24,109,52,54,431,259,UEFA
1976,12/31/1976,Argentina,10,1922,1,2159,4,1997,17,1816,519,198,214,107,281,121,117,1086,624,CONMEBOL
1976,12/31/1976,Belgium,12,1876,5,1930,26,1701,54,1503,400,204,185,11,152,176,72,757,851,UEFA
1976,12/31/1976,Portugal,17,1828,3,2018,24,1717,41,1624,193,92,80,21,69,87,37,282,338,UEFA
1976,12/31/1976,Austria,18,1813,1,2070,11,1865,33,1674,418,192,209,17,181,152,85,867,742,UEFA
1976,12/31/1976,Sweden,19,1812,2,2013,15,1776,32,1579,535,255,240,40,272,165,98,1315,886,UEFA
1976,12/31/1976,France,20,1806,2,1965,22,1676,40,1514,374,193,157,24,134,176,64,672,833,UEFA
1976,12/31/1976,South Africa,22,1764,7,1847,19,1753,35,1654,45,21,24,0,19,25,1,104,116,CAF
1976,12/31/1976,Mexico,29,1709,8,1904,21,1739,48,1498,242,101,79,62,120,72,50,454,293,CONCACAF
1976,12/31/1976,Iran,30,1705,27,1742,50,1574,79,1450,103,46,20,37,56,30,17,178,104,AFC
1976,12/31/1976,Paraguay,31,1697,5,1956,19,1756,42,1619,270,71,111,88,90,124,56,402,501,CONMEBOL
1976,12/31/1976,Morocco,32,1696,19,1807,34,1676,49,1607,168,59,60,49,80,48,40,260,208,CAF
1976,12/31/1976,Australia,34,1685,14,1772,35,1631,77,1475,153,81,57,15,78,48,27,348,264,AFC
1976,12/31/1976,Turkey,35,1683,20,1738,48,1527,77,1358,187,87,85,15,60,84,43,273,352,UEFA
1976,12/31/1976,Uruguay,36,1670,1,2104,8,1903,41,1652,469,163,193,113,202,169,98,812,681,CONMEBOL
1976,12/31/1976,Ghana,39,1644,10,1877,26,1704,58,1564,200,91,81,28,106,47,47,455,256,CAF
1976,12/31/1976,Egypt,40,1643,12,1872,30,1668,59,1527,206,77,62,67,106,62,38,492,329,CAF
1976,12/31/1976,Tunisia,43,1630,24,1726,39,1626,79,1464,166,63,61,42,62,59,45,249,258,CAF
1976,12/31/1976,South Korea,44,1629,16,1766,37,1648,84,1445,279,60,76,143,166,56,57,561,297,AFC
1976,12/31/1976,DR Congo,45,1616,20,1782,41,1625,60,1541,128,41,46,41,71,39,18,277,169,CAF
1976,12/31/1976,Colombia,46,1615,39,1664,80,1391,102,1304,109,40,32,37,25,65,19,135,248,CONMEBOL
1976,12/31/1976,Switzerland,48,1607,11,1803,26,1637,56,1485,399,196,182,21,110,219,70,606,912,UEFA
1976,12/31/1976,Haiti,51,1583,40,1641,71,1390,95,1265,192,98,57,37,92,64,36,356,271,CONCACAF
1976,12/31/1976,Algeria,59,1528,18,1773,35,1652,66,1512,121,49,43,29,45,48,28,183,159,CAF
1976,12/31/1976,Iraq,62,1513,23,1680,37,1640,65,1501,127,40,34,53,60,33,34,214,121,AFC
1976,12/31/1976,Canada,63,1511,25,1634,41,1602,75,1470,49,17,31,1,14,26,9,61,104,CONCACAF
1976,12/31/1976,Senegal,66,1503,37,1657,52,1577,68,1497,116,50,50,16,39,49,28,170,181,CAF
1976,12/31/1976,Ivory Coast,67,1500,20,1761,39,1644,73,1476,128,48,53,27,56,41,31,212,168,CAF
1976,12/31/1976,Norway,70,1486,14,1793,39,1559,85,1364,383,190,176,17,120,198,65,627,908,UEFA
1976,12/31/1976,New Zealand,77,1465,29,1572,60,1478,85,1334,93,37,46,10,36,43,14,195,224,OFC
1976,12/31/1976,Japan,77,1465,30,1652,74,1308,114,1126,180,37,57,86,70,80,30,322,336,AFC
1976,12/31/1976,United States,84,1438,12,1784,43,1598,93,1410,108,27,63,18,24,69,15,148,335,CONCACAF
1976,12/31/1976,Ecuador,89,1416,69,1482,95,1319,121,1183,105,30,25,50,11,71,23,116,310,CONMEBOL
1976,12/31/1976,Saudi Arabia,103,1363,89,1399,108,1330,125,1256,60,14,14,32,25,25,10,91,110,AFC
1976,12/31/1976,Curaçao,107,1341,26,1618,58,1515,107,1341,262,79,98,85,119,81,62,524,431,CONCACAF
1976,12/31/1976,Panama,130,1226,55,1508,106,1271,143,1154,121,32,38,51,33,66,22,188,288,CONCACAF
1976,12/31/1976,Cape Verde,135,1201,123,1201,132,1201,137,1192,2,0,2,0,0,1,1,3,4,CAF
1976,12/31/1976,Jordan,138,1172,108,1224,137,1151,151,1099,41,2,10,29,8,29,4,38,108,AFC
1976,12/31/1976,Qatar,147,1122,146,1122,158,1028,164,965,31,7,7,17,7,20,4,34,73,AFC
1977,12/31/1977,Germany,1,2131,1,2146,10,1852,25,1637,434,201,194,39,242,113,79,1050,620,UEFA
1977,12/31/1977,Netherlands,2,2076,2,2091,21,1765,55,1553,382,198,162,22,173,137,72,857,693,UEFA
1977,12/31/1977,Brazil,3,2072,1,2195,5,1963,14,1805,396,159,124,113,246,78,72,911,458,CONMEBOL
1977,12/31/1977,Scotland,4,1998,1,2104,6,1939,30,1727,429,199,218,12,232,111,86,949,564,UEFA
1977,12/31/1977,Spain,7,1953,1,2036,8,1917,17,1805,221,96,101,24,113,53,55,438,262,UEFA
1977,12/31/1977,England,8,1930,1,2213,3,1995,12,1810,596,247,322,27,365,117,114,1690,705,UEFA
1977,12/31/1977,Argentina,11,1907,1,2159,4,1996,17,1816,530,207,215,108,286,123,121,1103,635,CONMEBOL
1977,12/31/1977,Czech Republic,13,1889,2,2027,10,1864,26,1686,369,154,180,35,167,118,84,749,571,UEFA
1977,12/31/1977,Austria,14,1872,1,2070,11,1864,33,1674,426,197,212,17,186,152,88,884,745,UEFA
1977,12/31/1977,Portugal,15,1865,3,2018,23,1719,41,1624,197,94,82,21,72,87,38,292,341,UEFA
1977,12/31/1977,France,16,1853,2,1965,22,1678,40,1514,382,197,161,24,138,177,67,684,837,UEFA
1977,12/31/1977,Iran,19,1803,19,1803,49,1579,79,1450,117,53,26,38,65,31,21,197,110,AFC
1977,12/31/1977,Belgium,21,1795,5,1930,25,1703,54,1503,406,207,188,11,153,181,72,762,860,UEFA
1977,12/31/1977,Mexico,22,1789,8,1904,21,1739,48,1498,254,113,79,62,128,73,53,488,305,CONCACAF
1977,12/31/1977,South Africa,24,1761,7,1847,19,1753,35,1654,47,22,25,0,20,25,2,112,117,CAF
1977,12/31/1977,Sweden,25,1753,2,2013,15,1777,32,1579,545,259,246,40,276,171,98,1324,900,UEFA
1977,12/31/1977,Paraguay,28,1724,5,1956,19,1755,42,1619,285,77,120,88,96,129,60,422,517,CONMEBOL
1977,12/31/1977,South Korea,29,1722,16,1766,36,1649,84,1445,304,70,86,148,181,57,66,614,313,AFC
1977,12/31/1977,Tunisia,32,1704,24,1726,39,1627,79,1464,183,73,68,42,69,65,49,275,279,CAF
1977,12/31/1977,Egypt,36,1661,12,1872,31,1668,59,1527,220,86,67,67,114,65,41,514,346,CAF
1977,12/31/1977,Australia,37,1659,14,1772,35,1632,77,1475,169,88,64,17,85,53,31,372,278,AFC
1977,12/31/1977,Morocco,37,1659,19,1807,34,1677,49,1607,176,61,66,49,83,51,42,273,219,CAF
1977,12/31/1977,Uruguay,39,1657,1,2104,9,1900,41,1652,479,170,196,113,205,171,103,824,690,CONMEBOL
1977,12/31/1977,Turkey,40,1654,20,1738,47,1530,77,1358,197,91,91,15,63,91,43,282,366,UEFA
1977,12/31/1977,Ghana,41,1652,10,1877,27,1702,58,1564,207,93,85,29,110,50,47,467,263,CAF
1977,12/31/1977,Switzerland,45,1618,11,1803,27,1636,56,1485,408,201,186,21,113,224,71,613,925,UEFA
1977,12/31/1977,Haiti,46,1616,40,1641,70,1394,95,1265,199,100,58,41,95,66,38,365,281,CONCACAF
1977,12/31/1977,DR Congo,48,1588,20,1782,41,1624,60,1541,130,41,48,41,71,41,18,279,174,CAF
1977,12/31/1977,Colombia,49,1577,39,1664,80,1395,102,1304,116,44,35,37,25,70,21,137,262,CONMEBOL
1977,12/31/1977,Ivory Coast,51,1573,20,1761,39,1641,73,1476,139,55,57,27,63,44,32,232,182,CAF
1977,12/31/1977,Iraq,52,1569,23,1680,38,1637,65,1501,136,41,37,58,63,34,39,227,124,AFC
1977,12/31/1977,Senegal,53,1561,37,1657,52,1576,69,1494,125,55,54,16,45,52,28,184,194,CAF
1977,12/31/1977,Canada,59,1535,25,1634,41,1601,75,1470,55,17,33,5,16,28,11,69,113,CONCACAF
1977,12/31/1977,Algeria,62,1525,18,1773,36,1649,66,1510,129,54,46,29,48,51,30,194,168,CAF
1977,12/31/1977,New Zealand,67,1501,29,1572,61,1478,85,1334,99,42,47,10,40,44,15,216,228,OFC
1977,12/31/1977,Norway,69,1481,14,1793,39,1558,85,1364,389,193,179,17,121,202,66,631,916,UEFA
1977,12/31/1977,United States,73,1467,12,1784,44,1595,93,1410,117,31,68,18,28,72,17,156,346,CONCACAF
1977,12/31/1977,Japan,78,1449,30,1652,74,1311,114,1126,185,38,61,86,70,84,31,323,343,AFC
1977,12/31/1977,Ecuador,82,1440,69,1482,94,1322,121,1183,115,34,31,50,14,76,25,125,325,CONMEBOL
1977,12/31/1977,Saudi Arabia,104,1345,89,1399,108,1331,125,1256,62,15,15,32,25,27,10,91,115,AFC
1977,12/31/1977,Curaçao,105,1341,26,1618,59,1512,107,1341,262,79,98,85,119,81,62,524,431,CONCACAF
1977,12/31/1977,Panama,134,1206,55,1508,107,1270,143,1154,125,34,39,52,33,70,22,189,296,CONCACAF
1977,12/31/1977,Cape Verde,135,1201,123,1201,133,1201,137,1192,2,0,2,0,0,1,1,3,4,CAF
1977,12/31/1977,Jordan,136,1189,108,1224,137,1153,151,1099,42,2,11,29,9,29,4,39,108,AFC
1977,12/31/1977,Qatar,150,1097,140,1159,157,1038,164,965,36,12,7,17,9,23,4,38,82,AFC
1978,12/31/1978,Brazil,1,2143,1,2195,5,1965,14,1805,408,161,128,119,253,79,76,928,463,CONMEBOL
1978,12/31/1978,Netherlands,2,2069,1,2109,20,1769,55,1553,396,200,168,28,182,140,74,889,708,UEFA
1978,12/31/1978,Argentina,3,2041,1,2159,4,1996,17,1816,543,218,217,108,296,125,122,1131,644,CONMEBOL
1978,12/31/1978,Germany,4,2039,1,2146,10,1855,25,1637,447,206,196,45,247,116,84,1071,634,UEFA
1978,12/31/1978,England,5,2001,1,2213,3,1995,12,1810,605,251,327,27,371,118,116,1707,714,UEFA
1978,12/31/1978,Spain,7,1963,1,2036,7,1918,17,1805,233,101,105,27,120,56,57,455,268,UEFA
1978,12/31/1978,Czech Republic,11,1906,2,2027,10,1864,26,1686,379,157,187,35,170,123,86,761,583,UEFA
1978,12/31/1978,France,12,1895,2,1965,22,1681,40,1514,393,203,164,26,145,179,69,704,848,UEFA
1978,12/31/1978,Austria,13,1892,1,2070,11,1865,33,1674,439,200,216,23,192,158,89,899,762,UEFA
1978,12/31/1978,Portugal,14,1891,3,2018,23,1722,41,1624,202,97,84,21,75,88,39,297,345,UEFA
1978,12/31/1978,Scotland,15,1887,1,2104,6,1939,30,1727,439,204,220,15,235,115,89,963,580,UEFA
1978,12/31/1978,South Korea,16,1832,16,1832,36,1652,84,1445,329,72,91,166,203,57,69,675,325,AFC
1978,12/31/1978,Belgium,21,1792,5,1930,25,1704,54,1503,411,209,191,11,154,182,75,765,863,UEFA
1978,12/31/1978,South Africa,24,1761,7,1847,19,1753,35,1654,47,22,25,0,20,25,2,112,117,CAF
1978,12/31/1978,Sweden,25,1741,2,2013,15,1776,32,1579,555,263,249,43,279,175,101,1335,912,UEFA
1978,12/31/1978,Iran,25,1741,19,1803,48,1584,79,1450,126,58,27,41,66,36,24,204,123,AFC
1978,12/31/1978,Paraguay,27,1724,5,1956,19,1754,42,1619,285,77,120,88,96,129,60,422,517,CONMEBOL
1978,12/31/1978,Tunisia,29,1716,24,1734,39,1628,79,1464,198,76,72,50,72,71,55,290,299,CAF
1978,12/31/1978,Mexico,33,1700,8,1904,22,1739,48,1498,262,114,82,66,131,78,53,499,321,CONCACAF
1978,12/31/1978,Egypt,35,1681,12,1872,31,1668,59,1527,223,86,68,69,116,65,42,520,348,CAF
1978,12/31/1978,Uruguay,36,1680,1,2104,9,1897,41,1652,482,172,197,113,206,172,104,826,693,CONMEBOL
1978,12/31/1978,Ghana,39,1661,10,1877,27,1701,58,1564,223,101,89,33,119,53,51,496,279,CAF
1978,12/31/1978,Turkey,44,1635,20,1738,47,1532,77,1358,202,93,94,15,63,95,44,285,375,UEFA
1978,12/31/1978,Iraq,45,1631,23,1680,38,1636,65,1501,156,44,40,72,75,38,43,256,135,AFC
1978,12/31/1978,Australia,46,1628,14,1772,35,1632,77,1475,172,91,64,17,85,55,32,374,282,AFC
1978,12/31/1978,Morocco,47,1612,19,1807,35,1674,49,1607,181,62,67,52,85,53,43,278,226,CAF
1978,12/31/1978,Algeria,48,1605,18,1773,36,1647,67,1500,144,62,53,29,55,55,34,213,179,CAF
1978,12/31/1978,Switzerland,49,1604,11,1803,27,1636,56,1485,413,204,188,21,114,228,71,617,934,UEFA
1978,12/31/1978,DR Congo,51,1588,20,1782,42,1623,60,1541,130,41,48,41,71,41,18,279,174,CAF
1978,12/31/1978,Colombia,52,1581,39,1664,79,1400,102,1304,118,46,35,37,26,70,22,140,264,CONMEBOL
1978,12/31/1978,Ivory Coast,54,1570,20,1761,40,1638,73,1476,142,56,59,27,63,45,34,237,189,CAF
1978,12/31/1978,Senegal,55,1561,37,1657,52,1575,69,1494,125,55,54,16,45,52,28,184,194,CAF
1978,12/31/1978,Haiti,56,1559,40,1641,70,1398,95,1265,206,102,61,43,98,67,41,374,289,CONCACAF
1978,12/31/1978,Canada,61,1535,25,1634,42,1599,75,1470,55,17,33,5,16,28,11,69,113,CONCACAF
1978,12/31/1978,New Zealand,65,1508,29,1572,61,1479,85,1334,100,42,48,10,41,44,15,218,228,OFC
1978,12/31/1978,Norway,71,1483,14,1793,40,1557,85,1364,396,196,183,17,121,206,69,636,928,UEFA
1978,12/31/1978,United States,77,1461,12,1784,44,1593,93,1410,120,31,71,18,28,74,18,156,349,CONCACAF
1978,12/31/1978,Ecuador,80,1440,69,1482,94,1325,121,1183,115,34,31,50,14,76,25,125,325,CONMEBOL
1978,12/31/1978,Japan,89,1412,30,1652,74,1313,114,1126,199,42,62,95,74,93,32,343,373,AFC
1978,12/31/1978,Saudi Arabia,96,1365,89,1399,107,1332,125,1256,68,17,16,35,27,28,13,104,122,AFC
1978,12/31/1978,Panama,124,1246,55,1508,107,1269,143,1154,129,34,39,56,34,72,23,197,302,CONCACAF
1978,12/31/1978,Curaçao,130,1217,26,1618,60,1508,130,1217,270,81,100,89,120,87,63,528,451,CONCACAF
1978,12/31/1978,Cape Verde,134,1208,123,1217,133,1201,137,1192,6,2,3,1,1,4,1,6,8,CAF
1978,12/31/1978,Jordan,137,1189,108,1224,137,1154,151,1099,42,2,11,29,9,29,4,39,108,AFC
1978,12/31/1978,Qatar,149,1104,140,1159,156,1044,164,965,39,12,7,20,9,25,5,41,89,AFC
1979,12/31/1979,Germany,1,2070,1,2146,10,1857,25,1637,456,209,202,45,254,116,86,1091,639,UEFA
1979,12/31/1979,England,2,2052,1,2213,3,1996,12,1810,615,256,332,27,378,119,118,1730,720,UEFA
1979,12/31/1979,Brazil,3,2051,1,2195,5,1967,14,1805,416,166,131,119,257,81,78,949,473,CONMEBOL
1979,12/31/1979,Netherlands,4,2042,1,2109,20,1773,55,1553,404,203,172,29,186,142,76,901,716,UEFA
1979,12/31/1979,Argentina,7,1976,1,2159,4,1996,17,1816,554,221,224,109,299,129,126,1148,660,CONMEBOL
1979,12/31/1979,Austria,8,1937,1,2070,11,1865,33,1674,447,204,220,23,197,158,92,915,769,UEFA
1979,12/31/1979,France,9,1923,2,1965,22,1684,40,1514,399,206,167,26,150,180,69,721,852,UEFA
1979,12/31/1979,Czech Republic,10,1913,2,2027,10,1865,26,1686,388,162,191,35,176,126,86,781,592,UEFA
1979,12/31/1979,Belgium,12,1896,5,1930,25,1706,54,1503,418,212,195,11,158,183,77,775,867,UEFA
1979,12/31/1979,Spain,14,1894,1,2036,8,1918,17,1805,239,104,108,27,121,59,59,462,277,UEFA
1979,12/31/1979,Portugal,16,1852,3,2018,23,1725,41,1624,207,99,87,21,77,90,40,303,351,UEFA
1979,12/31/1979,South Korea,17,1825,16,1832,36,1657,84,1445,335,77,92,166,208,58,69,708,329,AFC
1979,12/31/1979,Scotland,19,1790,1,2104,6,1938,30,1727,448,209,224,15,237,120,91,973,596,UEFA
1979,12/31/1979,Paraguay,22,1782,5,1956,20,1754,42,1619,299,82,128,89,102,132,65,442,536,CONMEBOL
1979,12/31/1979,South Africa,23,1761,7,1847,19,1753,35,1654,47,22,25,0,20,25,2,112,117,CAF
1979,12/31/1979,Iran,24,1741,19,1803,48,1588,79,1450,126,58,27,41,66,36,24,204,123,AFC
1979,12/31/1979,Mexico,29,1710,8,1904,22,1738,48,1498,267,117,84,66,134,78,55,505,323,CONCACAF
1979,12/31/1979,Iraq,32,1692,23,1692,38,1637,65,1501,166,54,40,72,84,38,44,285,138,AFC
1979,12/31/1979,Sweden,35,1679,2,2013,15,1776,36,1579,567,267,257,43,283,180,104,1353,928,UEFA
1979,12/31/1979,Turkey,36,1672,20,1738,47,1534,77,1358,208,97,96,15,66,97,45,290,380,UEFA
1979,12/31/1979,Tunisia,38,1668,24,1734,39,1629,79,1464,204,80,73,51,75,73,56,299,306,CAF
1979,12/31/1979,Algeria,40,1664,18,1773,37,1646,67,1500,153,66,57,30,60,58,35,227,185,CAF
1979,12/31/1979,Uruguay,41,1654,1,2104,10,1894,42,1636,490,175,202,113,208,176,106,834,707,CONMEBOL
1979,12/31/1979,Ghana,42,1646,10,1877,27,1700,58,1564,227,103,91,33,121,54,52,502,283,CAF
1979,12/31/1979,Haiti,44,1638,37,1673,70,1401,95,1265,220,108,67,45,109,68,43,400,295,CONCACAF
1979,12/31/1979,Australia,46,1620,14,1772,36,1632,77,1475,174,91,66,17,86,56,32,376,283,AFC
1979,12/31/1979,Egypt,48,1617,12,1872,31,1668,59,1527,228,88,70,70,117,66,45,526,353,CAF
1979,12/31/1979,Switzerland,50,1592,11,1803,27,1636,56,1485,420,207,192,21,116,233,71,623,949,UEFA
1979,12/31/1979,Colombia,52,1585,39,1664,78,1404,102,1304,124,49,38,37,29,72,23,147,268,CONMEBOL
1979,12/31/1979,DR Congo,55,1574,20,1782,42,1622,60,1541,140,45,54,41,76,45,19,301,193,CAF
1979,12/31/1979,Senegal,57,1562,37,1657,52,1576,69,1494,139,58,60,21,51,58,30,197,207,CAF
1979,12/31/1979,New Zealand,59,1556,29,1572,61,1480,85,1334,106,43,53,10,47,44,15,234,229,OFC
1979,12/31/1979,Canada,63,1535,25,1634,42,1598,75,1470,55,17,33,5,16,28,11,69,113,CONCACAF
1979,12/31/1979,Morocco,64,1527,19,1807,35,1671,64,1527,190,66,71,53,88,57,45,294,240,CAF
1979,12/31/1979,Ivory Coast,66,1523,20,1761,41,1634,73,1476,152,61,62,29,67,51,34,253,200,CAF
1979,12/31/1979,United States,70,1493,12,1784,45,1591,93,1410,125,32,75,18,30,77,18,163,362,CONCACAF
1979,12/31/1979,Norway,73,1477,14,1793,40,1556,85,1364,403,200,186,17,122,212,69,640,944,UEFA
1979,12/31/1979,Ecuador,76,1473,69,1492,94,1328,121,1183,123,38,35,50,17,80,26,134,336,CONMEBOL
1979,12/31/1979,Japan,79,1469,30,1652,75,1315,114,1126,208,44,65,99,79,94,35,357,381,AFC
1979,12/31/1979,Saudi Arabia,94,1390,89,1399,107,1334,125,1256,74,17,17,40,30,29,15,118,126,AFC
1979,12/31/1979,Panama,122,1246,55,1508,108,1268,143,1154,134,37,41,56,35,75,24,201,312,CONCACAF
1979,12/31/1979,Jordan,135,1189,108,1224,137,1156,151,1099,42,2,11,29,9,29,4,39,108,AFC
1979,12/31/1979,Cape Verde,137,1187,123,1217,133,1200,138,1187,8,2,4,2,1,6,1,6,12,CAF
1979,12/31/1979,Curaçao,141,1165,26,1618,61,1502,141,1165,275,83,102,90,120,91,64,534,468,CONCACAF
1979,12/31/1979,Qatar,143,1149,138,1172,155,1054,164,965,49,12,10,27,14,28,7,55,104,AFC
1980,12/31/1980,Germany,1,2124,1,2146,10,1861,25,1637,467,213,205,49,263,116,88,1120,648,UEFA
1980,12/31/1980,Brazil,2,2045,1,2195,5,1969,14,1805,424,173,132,119,263,82,79,966,478,CONMEBOL
1980,12/31/1980,Argentina,4,2001,1,2159,4,1996,17,1816,563,227,227,109,305,130,128,1168,668,CONMEBOL
1980,12/31/1980,England,5,1999,1,2213,3,1996,12,1810,628,261,338,29,386,122,120,1753,733,UEFA
1980,12/31/1980,Belgium,7,1953,5,1954,25,1709,54,1503,429,217,198,14,165,184,80,794,874,UEFA
1980,12/31/1980,Austria,10,1931,1,2070,11,1866,33,1674,454,207,224,23,201,160,93,928,777,UEFA
1980,12/31/1980,France,11,1929,2,1965,22,1687,40,1514,405,209,170,26,153,182,70,736,858,UEFA
1980,12/31/1980,Netherlands,12,1919,1,2109,20,1776,55,1553,413,204,177,32,187,147,79,907,727,UEFA
1980,12/31/1980,Czech Republic,13,1904,2,2027,10,1866,26,1686,404,166,200,38,182,131,91,805,607,UEFA
1980,12/31/1980,Spain,16,1846,1,2036,8,1918,17,1805,250,109,112,29,122,64,64,472,292,UEFA
1980,12/31/1980,Portugal,17,1841,3,2018,23,1726,41,1624,213,102,90,21,79,92,42,310,359,UEFA
1980,12/31/1980,Scotland,20,1795,1,2104,6,1937,30,1727,456,213,228,15,240,124,92,980,604,UEFA
1980,12/31/1980,Paraguay,21,1785,5,1956,20,1755,42,1619,304,84,131,89,104,134,66,449,547,CONMEBOL
1980,12/31/1980,South Africa,23,1761,7,1847,19,1754,35,1654,47,22,25,0,20,25,2,112,117,CAF
1980,12/31/1980,Iran,24,1752,19,1803,47,1592,79,1450,140,58,32,50,75,37,28,247,131,AFC
1980,12/31/1980,Uruguay,26,1733,1,2104,10,1891,44,1636,504,181,210,113,214,181,109,858,717,CONMEBOL
1980,12/31/1980,South Korea,28,1725,16,1835,35,1659,84,1445,362,82,99,181,225,62,75,764,347,AFC
1980,12/31/1980,Iraq,29,1718,23,1718,38,1639,65,1501,175,61,41,73,89,40,46,300,145,AFC
1980,12/31/1980,Mexico,35,1674,8,1904,22,1738,48,1498,282,121,94,67,140,82,60,531,342,CONCACAF
1980,12/31/1980,Algeria,36,1671,18,1773,37,1647,67,1500,164,68,61,35,65,60,39,245,201,CAF
1980,12/31/1980,Tunisia,37,1661,24,1734,39,1630,79,1464,212,82,79,51,77,76,59,306,315,CAF
1980,12/31/1980,Ghana,39,1651,10,1877,28,1699,58,1564,234,105,93,36,125,55,54,515,289,CAF
1980,12/31/1980,Australia,40,1650,14,1772,36,1633,77,1475,191,100,71,20,91,62,38,414,313,AFC
1980,12/31/1980,Sweden,41,1644,2,2013,15,1774,44,1579,577,272,262,43,285,185,107,1361,944,UEFA
1980,12/31/1980,Morocco,42,1639,19,1807,36,1668,65,1527,212,71,78,63,100,61,51,325,258,CAF
1980,12/31/1980,Egypt,45,1609,12,1872,31,1667,59,1527,235,89,72,74,120,68,47,537,362,CAF
1980,12/31/1980,Turkey,46,1607,20,1738,47,1536,77,1358,215,102,98,15,69,101,45,303,391,UEFA
1980,12/31/1980,Canada,48,1582,25,1634,42,1597,75,1470,63,21,37,5,20,29,14,81,118,CONCACAF
1980,12/31/1980,Colombia,50,1578,39,1664,78,1408,102,1304,125,50,38,37,29,73,23,148,272,CONMEBOL
1980,12/31/1980,DR Congo,51,1577,20,1782,42,1620,60,1541,148,50,57,41,80,47,21,318,205,CAF
1980,12/31/1980,Switzerland,53,1576,11,1803,28,1635,56,1485,430,212,197,21,118,240,72,632,970,UEFA
1980,12/31/1980,Norway,58,1550,14,1793,40,1555,85,1364,410,204,189,17,126,214,70,654,955,UEFA
1980,12/31/1980,Haiti,59,1548,37,1673,69,1404,95,1265,230,111,73,46,113,73,44,409,307,CONCACAF
1980,12/31/1980,Senegal,61,1540,37,1657,52,1574,69,1494,155,63,67,25,59,64,32,216,222,CAF
1980,12/31/1980,Ivory Coast,63,1532,20,1761,42,1630,73,1476,161,64,66,31,69,53,39,267,212,CAF
1980,12/31/1980,United States,67,1510,12,1784,45,1590,93,1410,131,34,79,18,32,79,20,170,371,CONCACAF
1980,12/31/1980,Japan,70,1493,30,1652,75,1318,114,1126,220,44,67,109,86,98,36,382,390,AFC
1980,12/31/1980,Ecuador,77,1473,69,1492,93,1331,121,1183,123,38,35,50,17,80,26,134,336,CONMEBOL
1980,12/31/1980,New Zealand,78,1464,29,1572,61,1479,85,1334,121,44,58,19,52,50,19,257,254,OFC
1980,12/31/1980,Saudi Arabia,85,1430,79,1460,106,1337,125,1256,82,19,19,44,33,33,16,126,137,AFC
1980,12/31/1980,Curaçao,134,1211,26,1618,62,1496,141,1165,280,86,104,90,121,92,67,540,470,CONCACAF
1980,12/31/1980,Cape Verde,137,1196,123,1217,133,1200,140,1172,10,4,4,2,2,7,1,8,14,CAF
1980,12/31/1980,Panama,139,1188,55,1508,108,1267,143,1154,145,42,47,56,35,83,27,204,338,CONCACAF
1980,12/31/1980,Qatar,140,1180,138,1183,153,1064,164,965,55,14,11,30,16,31,8,61,113,AFC
1980,12/31/1980,Jordan,145,1142,108,1224,137,1155,151,1099,51,2,17,32,11,35,5,45,125,AFC
1981,12/31/1981,Germany,1,2112,1,2146,10,1864,25,1637,478,218,209,51,271,119,88,1155,658,UEFA
1981,12/31/1981,Brazil,2,2091,1,2195,5,1970,14,1805,440,178,141,121,275,83,82,1002,488,CONMEBOL
1981,12/31/1981,Argentina,3,2008,1,2159,4,1997,17,1816,567,229,227,111,306,131,130,1173,673,CONMEBOL
1981,12/31/1981,Belgium,6,1918,4,1961,25,1712,54,1503,435,220,201,14,168,187,80,802,884,UEFA
1981,12/31/1981,Netherlands,9,1912,1,2109,20,1778,55,1553,421,208,180,33,191,149,81,919,734,UEFA
1981,12/31/1981,England,11,1898,1,2213,3,1995,15,1810,637,267,341,29,388,127,122,1760,742,UEFA
1981,12/31/1981,France,12,1897,2,1965,22,1690,40,1514,413,213,174,26,156,187,70,748,870,UEFA
1981,12/31/1981,Austria,12,1897,1,2070,11,1867,33,1674,460,211,226,23,203,162,95,936,783,UEFA
1981,12/31/1981,Czech Republic,14,1892,2,2027,10,1866,26,1686,416,170,208,38,187,135,94,829,622,UEFA
1981,12/31/1981,Spain,15,1880,1,2036,8,1917,17,1805,263,113,121,29,129,67,67,490,304,UEFA
1981,12/31/1981,Scotland,17,1848,1,2104,6,1936,30,1727,465,217,233,15,245,126,94,991,610,UEFA
1981,12/31/1981,Uruguay,19,1789,1,2104,10,1890,44,1636,512,186,213,113,218,182,112,869,724,CONMEBOL
1981,12/31/1981,South Africa,24,1761,7,1847,19,1754,35,1654,47,22,25,0,20,25,2,112,117,CAF
1981,12/31/1981,Iran,27,1748,19,1803,47,1596,79,1450,142,58,34,50,76,38,28,248,132,AFC
1981,12/31/1981,Portugal,28,1746,3,2018,23,1728,41,1624,222,107,94,21,82,97,43,321,376,UEFA
1981,12/31/1981,Iraq,30,1724,23,1725,38,1641,65,1501,188,63,45,80,98,41,49,330,152,AFC
1981,12/31/1981,Sweden,31,1722,2,2013,16,1773,44,1579,588,277,267,44,292,189,107,1378,956,UEFA
1981,12/31/1981,Paraguay,32,1688,5,1956,20,1754,42,1619,309,87,133,89,105,138,66,452,555,CONMEBOL
1981,12/31/1981,South Korea,34,1685,16,1835,35,1661,84,1445,374,84,104,186,232,65,77,781,359,AFC
1981,12/31/1981,Ghana,36,1669,10,1877,28,1698,58,1564,240,107,97,36,128,55,57,523,294,CAF
1981,12/31/1981,Algeria,37,1668,18,1773,37,1647,67,1500,174,74,65,35,72,62,40,269,208,CAF
1981,12/31/1981,Mexico,38,1663,8,1904,22,1737,48,1498,290,124,95,71,142,84,64,543,349,CONCACAF
1981,12/31/1981,Switzerland,38,1663,11,1803,28,1635,56,1485,438,216,201,21,122,241,75,642,979,UEFA
1981,12/31/1981,Tunisia,41,1654,24,1734,39,1631,79,1464,222,86,84,52,83,77,62,327,322,CAF
1981,12/31/1981,Egypt,43,1622,12,1872,31,1666,59,1527,239,91,74,74,122,69,48,544,366,CAF
1981,12/31/1981,Canada,47,1589,25,1634,43,1597,75,1470,71,21,41,9,23,31,17,93,128,CONCACAF
1981,12/31/1981,DR Congo,48,1588,20,1782,43,1619,60,1541,162,53,65,44,85,50,27,341,230,CAF
1981,12/31/1981,Colombia,49,1586,39,1664,77,1413,102,1304,134,55,42,37,30,77,27,157,284,CONMEBOL
1981,12/31/1981,New Zealand,49,1586,29,1586,61,1480,85,1334,140,51,66,23,62,52,26,301,264,OFC
1981,12/31/1981,Morocco,52,1583,19,1807,36,1667,65,1527,224,78,83,63,105,65,54,343,271,CAF
1981,12/31/1981,Australia,54,1568,14,1772,36,1632,77,1475,199,104,75,20,95,64,40,436,322,AFC
1981,12/31/1981,Senegal,61,1541,37,1657,53,1572,69,1494,164,65,69,30,63,68,33,225,228,CAF
1981,12/31/1981,Ivory Coast,63,1532,20,1761,43,1626,73,1476,161,64,66,31,69,53,39,267,212,CAF
1981,12/31/1981,Turkey,63,1532,20,1738,47,1536,77,1358,220,105,100,15,69,106,45,303,404,UEFA
1981,12/31/1981,Norway,66,1520,14,1793,41,1555,85,1364,420,208,194,18,127,221,72,665,976,UEFA
1981,12/31/1981,United States,67,1510,12,1784,46,1588,93,1410,131,34,79,18,32,79,20,170,371,CONCACAF
1981,12/31/1981,Japan,74,1485,30,1652,75,1320,114,1126,240,50,75,115,93,108,39,405,417,AFC
1981,12/31/1981,Ecuador,76,1482,69,1497,93,1335,121,1183,129,42,37,50,18,84,27,137,350,CONMEBOL
1981,12/31/1981,Haiti,79,1466,37,1673,69,1407,95,1265,238,113,75,50,113,77,48,411,320,CONCACAF
1981,12/31/1981,Saudi Arabia,90,1403,73,1498,105,1342,125,1256,98,30,22,46,40,40,18,144,159,AFC
1981,12/31/1981,Curaçao,125,1240,26,1618,64,1491,141,1165,283,88,105,90,123,93,67,544,472,CONCACAF
1981,12/31/1981,Qatar,128,1236,125,1241,151,1078,164,965,59,14,12,33,18,33,8,66,116,AFC
1981,12/31/1981,Cape Verde,132,1220,123,1237,133,1201,140,1172,14,4,5,5,3,10,1,12,22,CAF
1981,12/31/1981,Panama,138,1188,55,1508,109,1265,143,1154,145,42,47,56,35,83,27,204,338,CONCACAF
1981,12/31/1981,Jordan,145,1131,108,1224,137,1155,151,1099,59,4,23,32,13,41,5,49,135,AFC
1982,12/31/1982,Brazil,1,2115,1,2195,5,1972,14,1805,451,184,141,126,283,84,84,1033,498,CONMEBOL
1982,12/31/1982,England,2,2020,1,2213,3,1995,15,1810,652,271,348,33,398,128,126,1794,749,UEFA
1982,12/31/1982,Germany,4,2013,1,2146,10,1866,25,1637,493,221,215,57,278,123,92,1179,676,UEFA
1982,12/31/1982,Argentina,7,1942,1,2159,4,1996,17,1816,577,234,227,116,310,134,133,1186,683,CONMEBOL
1982,12/31/1982,France,8,1922,2,1965,21,1693,40,1514,428,220,175,33,163,192,73,773,889,UEFA
1982,12/31/1982,Austria,9,1911,1,2070,11,1867,33,1674,471,216,227,28,211,164,96,958,790,UEFA
1982,12/31/1982,Belgium,10,1903,4,1961,25,1714,54,1503,446,224,203,19,174,190,82,817,894,UEFA
1982,12/31/1982,Netherlands,12,1882,1,2109,20,1780,55,1553,428,211,183,34,194,152,82,931,742,UEFA
1982,12/31/1982,Czech Republic,13,1865,2,2027,10,1866,26,1686,427,172,214,41,189,138,100,843,637,UEFA
1982,12/31/1982,Spain,16,1838,1,2036,8,1916,17,1805,273,122,122,29,133,69,71,504,313,UEFA
1982,12/31/1982,Scotland,17,1831,1,2104,6,1935,30,1727,476,221,237,18,249,131,96,1007,629,UEFA
1982,12/31/1982,Uruguay,20,1795,1,2104,10,1889,44,1636,516,186,214,116,220,182,114,876,727,CONMEBOL
1982,12/31/1982,Portugal,21,1788,3,2018,23,1728,41,1624,228,108,99,21,85,100,43,330,386,UEFA
1982,12/31/1982,South Africa,23,1761,7,1847,19,1754,35,1654,47,22,25,0,20,25,2,112,117,CAF
1982,12/31/1982,Switzerland,24,1752,11,1803,28,1636,56,1485,448,220,207,21,128,243,77,656,990,UEFA
1982,12/31/1982,Iraq,26,1740,23,1740,38,1643,65,1501,206,69,47,90,110,43,53,367,161,AFC
1982,12/31/1982,Ghana,29,1727,10,1877,28,1698,58,1564,259,107,102,50,138,55,66,557,311,CAF
1982,12/31/1982,Algeria,30,1723,18,1773,37,1647,67,1500,186,76,67,43,79,65,42,284,220,CAF
1982,12/31/1982,Iran,31,1718,19,1803,46,1600,79,1450,151,59,35,57,83,40,28,271,134,AFC
1982,12/31/1982,Sweden,34,1702,2,2013,16,1772,44,1579,597,279,274,44,293,192,112,1388,969,UEFA
1982,12/31/1982,Paraguay,36,1688,5,1956,20,1753,42,1619,309,87,133,89,105,138,66,452,555,CONMEBOL
1982,12/31/1982,Mexico,39,1663,8,1904,22,1736,48,1498,290,124,95,71,142,84,64,543,349,CONCACAF
1982,12/31/1982,Australia,43,1615,14,1772,36,1631,77,1475,203,104,75,24,99,64,40,450,324,AFC
1982,12/31/1982,Norway,45,1601,14,1793,41,1554,85,1364,428,213,197,18,130,224,74,676,987,UEFA
1982,12/31/1982,Egypt,45,1601,12,1872,32,1665,59,1527,241,93,74,74,122,70,49,547,371,CAF
1982,12/31/1982,South Korea,48,1589,16,1835,35,1660,84,1445,399,87,111,201,244,72,83,823,384,AFC
1982,12/31/1982,Canada,48,1589,25,1634,43,1597,75,1470,71,21,41,9,23,31,17,93,128,CONCACAF
1982,12/31/1982,DR Congo,50,1588,20,1782,43,1618,60,1541,162,53,65,44,85,50,27,341,230,CAF
1982,12/31/1982,Colombia,51,1586,39,1664,77,1416,102,1304,134,55,42,37,30,77,27,157,284,CONMEBOL
1982,12/31/1982,Tunisia,52,1577,24,1734,39,1630,79,1464,230,91,85,54,85,82,63,333,331,CAF
1982,12/31/1982,Morocco,55,1576,19,1807,37,1664,65,1527,229,79,86,64,106,66,57,352,280,CAF
1982,12/31/1982,New Zealand,57,1561,29,1609,61,1482,85,1334,146,53,66,27,63,57,26,307,281,OFC
1982,12/31/1982,Japan,62,1533,30,1652,75,1323,114,1126,248,51,78,119,97,112,39,414,430,AFC
1982,12/31/1982,Senegal,63,1529,37,1657,53,1571,69,1494,185,68,75,42,71,73,41,247,246,CAF
1982,12/31/1982,Turkey,64,1525,20,1738,47,1536,77,1358,224,107,102,15,70,109,45,304,414,UEFA
1982,12/31/1982,United States,66,1522,12,1784,46,1587,93,1410,132,34,80,18,33,79,20,172,372,CONCACAF
1982,12/31/1982,Ivory Coast,70,1505,20,1761,43,1622,73,1476,166,64,67,35,69,53,44,278,223,CAF
1982,12/31/1982,Ecuador,77,1482,69,1497,92,1338,121,1183,129,42,37,50,18,84,27,137,350,CONMEBOL
1982,12/31/1982,Haiti,80,1466,37,1673,69,1408,95,1265,238,113,75,50,113,77,48,411,320,CONCACAF
1982,12/31/1982,Saudi Arabia,87,1435,73,1498,104,1345,125,1256,112,33,24,55,45,43,24,158,169,AFC
1982,12/31/1982,Curaçao,124,1255,26,1618,65,1487,141,1165,285,89,105,91,125,93,67,549,472,CONCACAF
1982,12/31/1982,Qatar,131,1228,125,1241,150,1089,164,965,66,14,14,38,20,38,8,73,124,AFC
1982,12/31/1982,Cape Verde,134,1218,114,1280,133,1201,140,1172,20,10,5,5,5,14,1,17,28,CAF
1982,12/31/1982,Panama,139,1188,55,1508,110,1264,143,1154,145,42,47,56,35,83,27,204,338,CONCACAF
1982,12/31/1982,Jordan,146,1129,108,1224,137,1154,151,1099,61,4,25,32,13,43,5,51,145,AFC
1983,12/31/1983,England,2,2000,1,2213,3,1995,15,1810,663,276,354,33,404,129,130,1809,752,UEFA
1983,12/31/1983,Germany,3,1997,1,2146,9,1868,25,1637,503,225,220,58,284,125,94,1199,684,UEFA
1983,12/31/1983,Brazil,4,1963,1,2195,5,1974,14,1805,465,189,150,126,288,86,91,1054,510,CONMEBOL
1983,12/31/1983,France,5,1927,2,1965,21,1696,40,1514,435,223,178,34,165,193,77,784,895,UEFA
1983,12/31/1983,Argentina,6,1917,1,2159,4,1995,17,1816,585,238,231,116,312,135,138,1194,690,CONMEBOL
1983,12/31/1983,Belgium,8,1900,4,1961,24,1717,54,1503,452,226,206,20,176,191,85,825,902,UEFA
1983,12/31/1983,Netherlands,9,1883,1,2109,20,1781,55,1553,435,215,186,34,198,154,83,945,750,UEFA
1983,12/31/1983,Spain,10,1872,1,2036,8,1915,17,1805,280,125,126,29,138,70,72,525,319,UEFA
1983,12/31/1983,Uruguay,13,1859,1,2104,10,1888,44,1636,531,193,222,116,226,184,121,895,739,CONMEBOL
1983,12/31/1983,Czech Republic,15,1855,2,2027,10,1866,26,1686,435,176,218,41,192,140,103,855,642,UEFA
1983,12/31/1983,Sweden,16,1847,2,2013,16,1772,44,1579,609,284,281,44,302,194,113,1421,975,UEFA
1983,12/31/1983,Portugal,17,1835,3,2018,23,1729,41,1624,236,114,101,21,89,103,44,338,398,UEFA
1983,12/31/1983,Scotland,19,1834,1,2104,6,1934,30,1727,487,225,244,18,254,134,99,1022,638,UEFA
1983,12/31/1983,Austria,23,1819,1,2070,11,1867,33,1674,477,218,231,28,212,167,98,964,802,UEFA
1983,12/31/1983,Paraguay,24,1781,5,1956,20,1752,42,1619,322,92,141,89,110,141,71,467,566,CONMEBOL
1983,12/31/1983,Switzerland,25,1765,11,1803,28,1637,56,1485,461,226,214,21,131,248,82,669,1005,UEFA
1983,12/31/1983,South Africa,28,1761,7,1847,19,1754,35,1654,47,22,25,0,20,25,2,112,117,CAF
1983,12/31/1983,Iran,31,1718,19,1803,46,1602,79,1450,151,59,35,57,83,40,28,271,134,AFC
1983,12/31/1983,Mexico,32,1715,8,1904,23,1735,48,1498,297,127,97,73,148,84,65,563,353,CONCACAF
1983,12/31/1983,Ghana,33,1708,10,1877,28,1699,58,1564,273,109,106,58,147,58,68,575,320,CAF
1983,12/31/1983,Iraq,36,1675,23,1740,37,1645,65,1501,211,72,49,90,111,44,56,371,165,AFC
1983,12/31/1983,Algeria,37,1647,18,1773,37,1648,67,1500,198,82,71,45,84,70,44,309,238,CAF
1983,12/31/1983,Egypt,38,1642,12,1872,32,1664,59,1527,261,100,86,75,132,75,54,570,385,CAF
1983,12/31/1983,South Korea,39,1633,16,1835,36,1659,84,1445,413,91,116,206,251,74,88,848,394,AFC
1983,12/31/1983,New Zealand,40,1625,29,1640,61,1484,85,1334,156,56,71,29,70,58,28,322,287,OFC
1983,12/31/1983,Morocco,41,1624,19,1807,37,1661,65,1527,242,85,93,64,111,69,62,365,286,CAF
1983,12/31/1983,Tunisia,44,1610,24,1734,39,1629,79,1464,241,97,89,55,92,84,65,350,338,CAF
1983,12/31/1983,Norway,47,1590,14,1793,41,1555,85,1364,432,216,198,18,130,226,76,678,991,UEFA
1983,12/31/1983,Turkey,47,1590,20,1738,48,1536,77,1358,232,111,106,15,72,113,47,313,430,UEFA
1983,12/31/1983,DR Congo,49,1588,20,1782,43,1617,60,1541,162,53,65,44,85,50,27,341,230,CAF
1983,12/31/1983,Colombia,50,1587,39,1664,76,1420,102,1304,141,59,45,37,31,78,32,164,291,CONMEBOL
1983,12/31/1983,Australia,52,1580,14,1772,36,1631,77,1475,210,108,77,25,100,68,42,457,334,AFC
1983,12/31/1983,Canada,61,1544,25,1634,43,1596,75,1470,78,24,45,9,24,37,17,96,144,CONCACAF
1983,12/31/1983,Ivory Coast,63,1542,20,1761,44,1618,73,1476,178,74,69,35,76,56,46,293,235,CAF
1983,12/31/1983,United States,65,1539,12,1784,46,1586,93,1410,133,34,81,18,34,79,20,174,372,CONCACAF
1983,12/31/1983,Ecuador,66,1523,64,1523,92,1342,121,1183,135,45,40,50,18,86,31,141,360,CONMEBOL
1983,12/31/1983,Saudi Arabia,69,1507,68,1507,103,1348,125,1256,124,41,28,55,54,44,26,186,175,AFC
1983,12/31/1983,Senegal,71,1506,37,1657,54,1569,75,1485,205,77,81,47,80,79,46,268,261,CAF
1983,12/31/1983,Japan,75,1485,30,1652,74,1325,114,1126,259,58,82,119,101,115,43,440,441,AFC
1983,12/31/1983,Haiti,85,1449,37,1673,70,1408,95,1265,239,114,75,50,113,78,48,411,322,CONCACAF
1983,12/31/1983,Qatar,101,1330,101,1330,148,1102,164,965,75,20,17,38,25,38,12,85,129,AFC
1983,12/31/1983,Curaçao,127,1241,26,1618,66,1483,141,1165,288,91,106,91,125,95,68,549,474,CONCACAF
1983,12/31/1983,Panama,135,1212,55,1508,110,1262,143,1154,147,44,47,56,36,83,28,205,338,CONCACAF
1983,12/31/1983,Cape Verde,138,1202,114,1280,133,1202,141,1172,23,10,6,7,6,16,1,18,31,CAF
1983,12/31/1983,Jordan,152,1092,108,1224,138,1152,153,1092,70,9,29,32,13,51,6,57,164,AFC
1984,12/31/1984,France,1,2050,1,2050,21,1699,40,1514,447,234,179,34,177,193,77,811,899,UEFA
1984,12/31/1984,Germany,3,1973,1,2146,9,1870,25,1637,514,228,224,62,291,128,95,1214,695,UEFA
1984,12/31/1984,England,4,1970,1,2213,3,1995,15,1810,674,280,361,33,409,133,132,1827,760,UEFA
1984,12/31/1984,Brazil,5,1945,1,2195,5,1973,14,1805,468,192,150,126,289,87,92,1055,512,CONMEBOL
1984,12/31/1984,Argentina,6,1909,1,2159,4,1994,17,1816,597,240,239,118,316,138,143,1205,697,CONMEBOL
1984,12/31/1984,Uruguay,7,1894,1,2104,10,1888,44,1636,538,197,225,116,230,185,123,904,742,CONMEBOL
1984,12/31/1984,Scotland,9,1884,1,2104,7,1934,30,1727,493,230,245,18,258,135,100,1037,644,UEFA
1984,12/31/1984,Spain,12,1874,1,2036,8,1914,17,1805,293,129,131,33,143,74,76,541,331,UEFA
1984,12/31/1984,Czech Republic,14,1852,2,2027,10,1866,26,1686,441,178,222,41,195,142,104,864,647,UEFA
1984,12/31/1984,Portugal,15,1849,3,2018,23,1731,41,1624,246,118,104,24,94,106,46,351,410,UEFA
1984,12/31/1984,Netherlands,16,1848,1,2109,20,1782,55,1553,439,217,188,34,200,156,83,953,753,UEFA
1984,12/31/1984,Sweden,17,1836,2,2013,16,1772,44,1579,617,288,285,44,304,198,115,1429,982,UEFA
1984,12/31/1984,Belgium,21,1801,4,1961,24,1719,54,1503,462,230,210,22,179,196,87,835,918,UEFA
1984,12/31/1984,Austria,22,1799,1,2070,11,1867,33,1674,484,220,236,28,215,170,99,975,810,UEFA
1984,12/31/1984,Mexico,23,1787,8,1904,23,1735,48,1498,313,129,108,76,155,87,71,582,370,CONCACAF
1984,12/31/1984,Paraguay,24,1781,5,1956,20,1753,42,1619,322,92,141,89,110,141,71,467,566,CONMEBOL
1984,12/31/1984,Switzerland,28,1765,11,1803,28,1639,56,1485,469,232,216,21,133,251,85,673,1016,UEFA
1984,12/31/1984,South Africa,29,1761,7,1847,19,1754,35,1654,47,22,25,0,20,25,2,112,117,CAF
1984,12/31/1984,Algeria,32,1709,18,1773,36,1649,67,1500,211,85,74,52,89,74,48,328,254,CAF
1984,12/31/1984,Iran,34,1695,19,1803,45,1605,79,1450,164,59,38,67,91,41,32,301,140,AFC
1984,12/31/1984,Morocco,35,1672,19,1807,37,1660,65,1527,251,90,96,65,116,69,66,380,293,CAF
1984,12/31/1984,Norway,36,1668,14,1793,41,1556,85,1364,443,221,204,18,136,228,79,687,995,UEFA
1984,12/31/1984,Egypt,37,1655,12,1872,32,1664,59,1527,279,109,90,80,139,80,60,589,401,CAF
1984,12/31/1984,Ghana,38,1645,10,1877,28,1698,58,1564,289,110,112,67,156,62,71,597,335,CAF
1984,12/31/1984,Saudi Arabia,40,1631,40,1631,102,1356,125,1256,150,50,29,71,70,49,31,244,203,AFC
1984,12/31/1984,Tunisia,45,1605,24,1734,39,1629,79,1464,247,100,91,56,96,86,65,365,344,CAF
1984,12/31/1984,Iraq,47,1594,23,1740,38,1645,65,1501,228,72,53,103,120,48,60,395,180,AFC
1984,12/31/1984,Canada,48,1592,25,1634,43,1596,75,1470,86,25,50,11,26,41,19,103,154,CONCACAF
1984,12/31/1984,Colombia,49,1586,39,1664,75,1424,102,1304,146,61,47,38,32,80,34,166,294,CONMEBOL
1984,12/31/1984,Ivory Coast,50,1584,20,1761,45,1616,73,1476,201,89,74,38,91,60,50,346,262,CAF
1984,12/31/1984,DR Congo,51,1583,20,1782,43,1616,60,1541,165,55,66,44,86,50,29,346,233,CAF
1984,12/31/1984,United States,53,1578,12,1784,46,1586,93,1410,144,42,84,18,38,81,25,189,382,CONCACAF
1984,12/31/1984,Australia,57,1570,14,1772,37,1630,77,1475,211,108,78,25,100,69,42,459,337,AFC
1984,12/31/1984,Turkey,60,1537,20,1738,48,1537,77,1358,242,117,110,15,75,119,48,320,452,UEFA
1984,12/31/1984,South Korea,61,1533,16,1835,36,1658,84,1445,429,94,117,218,257,79,93,875,405,AFC
1984,12/31/1984,Ecuador,64,1527,61,1532,91,1346,121,1183,141,45,45,51,18,88,35,145,366,CONMEBOL
1984,12/31/1984,Qatar,66,1514,60,1539,143,1127,164,965,99,24,20,55,39,41,19,123,144,AFC
1984,12/31/1984,New Zealand,70,1498,29,1640,61,1485,85,1334,165,59,73,33,73,62,30,334,298,OFC
1984,12/31/1984,Senegal,76,1488,37,1657,54,1566,78,1474,220,79,87,54,86,84,50,289,275,CAF
1984,12/31/1984,Japan,85,1432,30,1652,75,1327,114,1126,266,59,84,123,104,119,43,455,454,AFC
1984,12/31/1984,Haiti,87,1419,37,1673,70,1409,95,1265,243,117,76,50,115,80,48,417,325,CONCACAF
1984,12/31/1984,Curaçao,121,1265,26,1618,67,1479,141,1165,293,94,108,91,128,96,69,558,480,CONCACAF
1984,12/31/1984,Panama,133,1214,55,1508,111,1261,143,1154,155,49,50,56,37,87,31,209,349,CONCACAF
1984,12/31/1984,Cape Verde,140,1182,114,1280,134,1201,142,1172,26,10,7,9,6,18,2,19,36,CAF
1984,12/31/1984,Jordan,146,1146,108,1224,138,1151,153,1092,75,10,30,35,15,53,7,67,176,AFC
1985,12/31/1985,France,2,1990,1,2050,21,1703,40,1514,453,237,182,34,180,195,78,821,903,UEFA
1985,12/31/1985,England,3,1935,1,2213,3,1995,15,1810,686,284,367,35,414,136,136,1846,767,UEFA
1985,12/31/1985,Brazil,5,1921,1,2195,5,1973,14,1805,479,199,154,126,295,90,94,1071,521,CONMEBOL
1985,12/31/1985,Germany,6,1907,1,2146,9,1871,25,1637,525,233,229,63,295,133,97,1235,710,UEFA
1985,12/31/1985,Argentina,9,1880,1,2159,4,1993,17,1816,609,245,245,119,321,141,147,1223,709,CONMEBOL
1985,12/31/1985,Netherlands,10,1873,1,2109,19,1783,55,1553,445,221,190,34,204,157,84,965,757,UEFA
1985,12/31/1985,Sweden,11,1871,2,2013,16,1774,44,1579,625,292,289,44,309,199,117,1442,988,UEFA
1985,12/31/1985,Spain,13,1865,1,2036,8,1913,17,1805,302,135,134,33,148,75,79,551,337,UEFA
1985,12/31/1985,Scotland,14,1863,1,2104,7,1933,30,1727,501,234,249,18,261,137,103,1042,647,UEFA
1985,12/31/1985,Uruguay,15,1862,1,2104,10,1888,44,1636,555,204,235,116,240,191,124,931,760,CONMEBOL
1985,12/31/1985,Belgium,17,1844,4,1961,24,1720,54,1503,467,233,212,22,182,197,88,841,920,UEFA
1985,12/31/1985,Mexico,18,1833,8,1904,23,1736,48,1498,334,139,114,81,165,90,79,612,386,CONCACAF
1985,12/31/1985,Czech Republic,19,1832,2,2027,10,1865,26,1686,449,182,226,41,198,145,106,873,660,UEFA
1985,12/31/1985,Portugal,20,1831,3,2018,23,1732,41,1624,253,121,108,24,97,110,46,361,421,UEFA
1985,12/31/1985,Paraguay,27,1779,5,1956,20,1753,42,1619,341,100,152,89,115,148,78,487,586,CONMEBOL
1985,12/31/1985,South Africa,28,1761,7,1847,20,1754,35,1654,47,22,25,0,20,25,2,112,117,CAF
1985,12/31/1985,Austria,29,1751,1,2070,11,1865,33,1674,490,223,239,28,216,173,101,980,819,UEFA
1985,12/31/1985,Switzerland,30,1735,11,1803,28,1640,56,1485,481,237,222,22,135,254,92,683,1031,UEFA
1985,12/31/1985,Morocco,32,1691,19,1807,37,1661,65,1527,267,99,102,66,124,72,71,398,298,CAF
1985,12/31/1985,Norway,34,1683,14,1793,41,1557,85,1364,454,225,211,18,139,233,82,699,1009,UEFA
1985,12/31/1985,Canada,35,1672,25,1672,43,1597,75,1470,104,30,61,13,35,43,26,125,170,CONCACAF
1985,12/31/1985,Iran,36,1670,19,1803,45,1607,79,1450,167,60,38,69,92,43,32,303,145,AFC
1985,12/31/1985,Iraq,36,1670,23,1740,38,1644,65,1501,251,73,62,116,136,53,62,445,204,AFC
1985,12/31/1985,Colombia,38,1663,34,1682,75,1428,102,1304,165,72,55,38,40,86,39,189,317,CONMEBOL
1985,12/31/1985,Algeria,39,1648,18,1773,36,1650,67,1500,231,91,83,57,97,81,53,356,274,CAF
1985,12/31/1985,Australia,41,1642,14,1772,37,1629,77,1475,220,114,81,25,105,70,45,482,341,AFC
1985,12/31/1985,South Korea,42,1624,16,1835,36,1656,84,1445,444,101,122,221,268,83,93,904,415,AFC
1985,12/31/1985,Egypt,43,1620,12,1872,32,1664,59,1527,294,114,98,82,145,86,63,600,414,CAF
1985,12/31/1985,Saudi Arabia,45,1609,39,1631,100,1365,125,1256,167,60,32,75,79,54,34,269,217,AFC
1985,12/31/1985,Ivory Coast,49,1599,20,1761,45,1616,73,1476,222,98,83,41,99,66,57,368,279,CAF
1985,12/31/1985,Tunisia,50,1593,24,1734,39,1629,79,1464,262,107,96,59,105,91,66,384,358,CAF
1985,12/31/1985,DR Congo,53,1587,20,1782,43,1616,60,1541,176,60,71,45,91,54,31,360,244,CAF
1985,12/31/1985,Senegal,54,1583,37,1657,55,1565,78,1474,232,83,91,58,94,85,53,307,280,CAF
1985,12/31/1985,Ghana,56,1576,10,1877,29,1696,58,1564,299,114,116,69,158,66,75,605,345,CAF
1985,12/31/1985,United States,61,1550,12,1784,46,1586,93,1410,152,48,86,18,40,84,28,195,394,CONCACAF
1985,12/31/1985,Ecuador,63,1533,58,1563,91,1350,121,1183,150,51,48,51,21,93,36,160,384,CONMEBOL
1985,12/31/1985,New Zealand,65,1524,29,1640,61,1485,85,1334,174,66,75,33,79,64,31,357,305,OFC
1985,12/31/1985,Qatar,66,1523,58,1551,138,1153,164,965,111,30,23,58,45,44,22,150,149,AFC
1985,12/31/1985,Turkey,70,1508,20,1738,48,1537,77,1358,251,120,116,15,75,124,52,322,467,UEFA
1985,12/31/1985,Japan,75,1487,30,1652,75,1329,114,1126,275,64,88,123,109,122,44,471,463,AFC
1985,12/31/1985,Haiti,100,1346,37,1673,70,1408,101,1265,247,119,78,50,115,84,48,417,334,CONCACAF
1985,12/31/1985,Curaçao,117,1274,26,1618,67,1476,141,1165,294,94,109,91,129,96,69,559,480,CONCACAF
1985,12/31/1985,Cape Verde,124,1262,114,1280,133,1203,142,1172,34,13,8,13,9,20,5,27,42,CAF
1985,12/31/1985,Panama,130,1227,55,1508,111,1261,143,1154,159,52,51,56,37,88,34,211,352,CONCACAF
1985,12/31/1985,Jordan,144,1150,108,1224,138,1151,153,1092,85,13,35,37,16,61,8,73,199,AFC
1986,12/31/1986,Argentina,1,2039,1,2159,4,1993,17,1816,619,245,248,126,328,143,148,1244,719,CONMEBOL
1986,12/31/1986,Brazil,2,2017,1,2195,5,1973,14,1805,491,204,156,131,303,92,96,1096,530,CONMEBOL
1986,12/31/1986,Spain,3,1995,1,2036,8,1914,17,1805,314,140,136,38,157,76,81,578,345,UEFA
1986,12/31/1986,England,5,1978,1,2213,3,1994,15,1810,701,287,372,42,425,139,137,1875,774,UEFA
1986,12/31/1986,Germany,6,1957,1,2146,9,1872,25,1637,540,237,234,69,303,136,101,1257,726,UEFA
1986,12/31/1986,France,7,1941,1,2061,21,1707,40,1514,467,240,185,42,186,198,83,843,914,UEFA
1986,12/31/1986,Sweden,9,1888,2,2013,16,1775,44,1579,633,296,293,44,313,200,120,1454,991,UEFA
1986,12/31/1986,Netherlands,10,1882,1,2109,19,1784,55,1553,452,223,195,34,207,159,86,970,761,UEFA
1986,12/31/1986,Mexico,12,1876,8,1904,23,1738,48,1498,344,146,114,84,171,92,81,624,393,CONCACAF
1986,12/31/1986,Czech Republic,13,1862,2,2027,11,1865,26,1686,458,186,230,42,204,146,108,886,663,UEFA
1986,12/31/1986,Scotland,17,1815,1,2104,7,1932,30,1727,512,237,253,22,264,140,108,1057,658,UEFA
1986,12/31/1986,Belgium,18,1802,4,1961,24,1721,54,1503,480,237,215,28,186,202,92,865,944,UEFA
1986,12/31/1986,Paraguay,19,1800,5,1956,20,1753,42,1619,354,100,159,95,122,149,83,509,599,CONMEBOL
1986,12/31/1986,Uruguay,24,1778,1,2104,10,1887,44,1636,566,205,238,123,241,195,130,941,778,CONMEBOL
1986,12/31/1986,Austria,26,1764,1,2070,11,1864,33,1674,496,227,241,28,219,175,102,990,827,UEFA
1986,12/31/1986,Portugal,27,1761,3,2018,23,1733,41,1624,261,125,109,27,99,113,49,369,431,UEFA
1986,12/31/1986,South Africa,27,1761,7,1847,20,1754,35,1654,47,22,25,0,20,25,2,112,117,CAF
1986,12/31/1986,Switzerland,31,1727,11,1803,28,1641,56,1485,490,242,226,22,138,258,94,692,1040,UEFA
1986,12/31/1986,Morocco,32,1722,19,1807,37,1663,65,1527,278,100,104,74,126,76,76,406,307,CAF
1986,12/31/1986,Norway,33,1715,14,1793,41,1559,85,1364,465,230,217,18,145,235,85,715,1020,UEFA
1986,12/31/1986,Iran,35,1673,19,1803,45,1608,79,1450,176,62,40,74,98,45,33,325,149,AFC
1986,12/31/1986,Colombia,36,1663,34,1682,74,1433,102,1304,165,72,55,38,40,86,39,189,317,CONMEBOL
1986,12/31/1986,Australia,37,1660,14,1772,37,1629,77,1475,226,118,83,25,107,72,47,488,348,AFC
1986,12/31/1986,South Korea,41,1638,16,1835,36,1655,84,1445,456,107,122,227,273,87,96,927,433,AFC
1986,12/31/1986,Egypt,42,1634,12,1872,32,1663,59,1527,302,122,98,82,148,89,65,607,422,CAF
1986,12/31/1986,Ivory Coast,43,1633,20,1761,45,1616,73,1476,233,99,88,46,106,70,57,385,290,CAF
1986,12/31/1986,Senegal,43,1633,37,1660,54,1568,78,1474,241,88,93,60,102,86,53,319,283,CAF
1986,12/31/1986,Algeria,46,1625,18,1773,37,1649,67,1500,245,94,88,63,101,85,59,371,290,CAF
1986,12/31/1986,DR Congo,49,1603,20,1782,43,1615,60,1541,178,60,73,45,92,54,32,363,246,CAF
1986,12/31/1986,Ghana,50,1594,10,1877,29,1694,59,1562,306,120,117,69,163,67,76,617,349,CAF
1986,12/31/1986,Canada,55,1574,25,1672,43,1597,75,1470,120,34,66,20,38,53,29,130,189,CONCACAF
1986,12/31/1986,Tunisia,55,1574,24,1734,40,1628,79,1464,266,109,98,59,105,92,69,389,364,CAF
1986,12/31/1986,Saudi Arabia,57,1568,39,1631,98,1372,125,1256,186,66,35,85,87,60,39,294,236,AFC
1986,12/31/1986,United States,61,1558,12,1784,47,1585,93,1410,154,50,86,18,40,84,30,196,395,CONCACAF
1986,12/31/1986,Iraq,63,1548,23,1740,38,1643,65,1501,268,76,64,128,141,59,68,472,223,AFC
1986,12/31/1986,Ecuador,64,1533,58,1563,90,1353,121,1183,150,51,48,51,21,93,36,160,384,CONMEBOL
1986,12/31/1986,New Zealand,65,1531,29,1640,61,1486,85,1334,178,67,78,33,81,65,32,365,311,OFC
1986,12/31/1986,Turkey,67,1524,20,1738,48,1537,77,1358,254,122,117,15,76,125,53,323,471,UEFA
1986,12/31/1986,Japan,77,1457,30,1652,75,1332,114,1126,281,64,89,128,112,125,44,483,470,AFC
1986,12/31/1986,Qatar,80,1452,58,1551,134,1172,164,965,126,36,24,66,48,50,28,163,170,AFC
1986,12/31/1986,Haiti,98,1346,37,1673,71,1407,101,1265,247,119,78,50,115,84,48,417,334,CONCACAF
1986,12/31/1986,Curaçao,113,1284,26,1618,68,1473,141,1165,298,95,110,93,131,97,70,563,483,CONCACAF
1986,12/31/1986,Cape Verde,121,1262,114,1280,133,1205,142,1172,34,13,8,13,9,20,5,27,42,CAF
1986,12/31/1986,Panama,125,1237,55,1508,111,1260,143,1154,162,53,51,58,38,89,35,214,355,CONCACAF
1986,12/31/1986,Jordan,146,1150,108,1224,139,1151,153,1092,85,13,35,37,16,61,8,73,199,AFC
1987,12/31/1987,England,1,2015,1,2213,3,1994,15,1810,709,289,378,42,429,140,140,1895,781,UEFA
1987,12/31/1987,Germany,3,1968,1,2146,9,1873,25,1637,549,242,238,69,307,137,105,1267,731,UEFA
1987,12/31/1987,Spain,4,1962,1,2036,8,1915,17,1805,321,145,138,38,161,78,82,594,355,UEFA
1987,12/31/1987,Brazil,5,1961,1,2195,5,1973,14,1805,502,208,161,133,310,94,98,1119,541,CONMEBOL
1987,12/31/1987,Netherlands,6,1938,1,2109,19,1785,55,1553,460,228,198,34,212,159,89,991,763,UEFA
1987,12/31/1987,Argentina,9,1906,1,2159,4,1992,17,1816,626,251,248,127,330,147,149,1251,727,CONMEBOL
1987,12/31/1987,Sweden,10,1883,2,2013,16,1776,44,1579,642,300,298,44,317,202,123,1463,997,UEFA
1987,12/31/1987,Mexico,11,1864,8,1904,22,1740,48,1498,353,150,116,87,179,93,81,667,398,CONCACAF
1987,12/31/1987,France,12,1863,1,2061,20,1709,40,1514,473,243,188,42,187,201,85,848,921,UEFA
1987,12/31/1987,Uruguay,16,1854,1,2104,11,1886,44,1636,570,207,239,124,245,195,130,947,780,CONMEBOL
1987,12/31/1987,Czech Republic,17,1843,2,2027,11,1865,26,1686,465,188,235,42,207,148,110,895,672,UEFA
1987,12/31/1987,Scotland,21,1797,1,2104,7,1931,30,1727,520,242,256,22,267,143,110,1063,665,UEFA
1987,12/31/1987,Belgium,23,1777,4,1961,24,1722,54,1503,487,239,220,28,188,205,94,872,950,UEFA
1987,12/31/1987,South Africa,25,1761,7,1847,20,1754,35,1654,47,22,25,0,20,25,2,112,117,CAF
1987,12/31/1987,Colombia,26,1759,25,1759,73,1439,102,1304,171,73,57,41,44,88,39,198,323,CONMEBOL
1987,12/31/1987,Austria,27,1752,1,2070,11,1863,33,1674,503,229,246,28,221,178,104,998,839,UEFA
1987,12/31/1987,Portugal,28,1749,3,2018,23,1733,41,1624,269,130,112,27,102,115,52,375,438,UEFA
1987,12/31/1987,Paraguay,30,1743,5,1956,20,1754,42,1619,359,100,162,97,124,151,84,512,603,CONMEBOL
1987,12/31/1987,Switzerland,30,1743,11,1803,28,1642,56,1485,499,248,229,22,141,259,99,704,1047,UEFA
1987,12/31/1987,Morocco,33,1696,19,1807,37,1664,65,1527,282,101,106,75,127,78,77,409,311,CAF
1987,12/31/1987,Norway,34,1681,14,1793,41,1561,85,1364,474,235,221,18,146,240,88,721,1032,UEFA
1987,12/31/1987,Iran,35,1668,19,1803,45,1609,79,1450,178,62,40,76,99,46,33,327,151,AFC
1987,12/31/1987,Egypt,36,1667,12,1872,32,1664,59,1527,318,125,104,89,157,91,70,636,433,CAF
1987,12/31/1987,Australia,38,1662,14,1772,37,1630,77,1475,232,119,86,27,109,73,50,494,351,AFC
1987,12/31/1987,South Korea,41,1648,16,1835,37,1655,84,1445,461,111,123,227,276,87,98,934,436,AFC
1987,12/31/1987,Ivory Coast,42,1642,20,1761,45,1616,73,1476,258,107,97,54,120,78,60,412,310,CAF
1987,12/31/1987,Algeria,42,1642,18,1773,37,1649,67,1500,253,98,92,63,105,86,62,382,295,CAF
1987,12/31/1987,Ghana,45,1623,10,1877,29,1693,59,1562,325,125,125,75,172,71,82,645,361,CAF
1987,12/31/1987,United States,46,1618,12,1784,47,1585,93,1410,164,54,90,20,46,87,31,213,405,CONCACAF
1987,12/31/1987,Iraq,48,1614,23,1740,38,1642,65,1501,278,76,72,130,147,61,70,489,232,AFC
1987,12/31/1987,DR Congo,53,1580,20,1782,44,1615,60,1541,187,62,78,47,95,57,35,375,252,CAF
1987,12/31/1987,Canada,54,1571,25,1672,43,1597,75,1470,127,36,71,20,41,56,30,136,199,CONCACAF
1987,12/31/1987,New Zealand,59,1557,29,1640,61,1486,85,1334,182,69,80,33,84,65,33,386,312,OFC
1987,12/31/1987,Saudi Arabia,64,1540,39,1631,97,1378,125,1256,194,73,36,85,91,62,41,304,241,AFC
1987,12/31/1987,Turkey,65,1534,20,1738,49,1537,77,1358,260,126,119,15,77,129,54,329,487,UEFA
1987,12/31/1987,Ecuador,66,1531,58,1563,90,1357,121,1183,160,54,54,52,22,99,39,167,398,CONMEBOL
1987,12/31/1987,Senegal,71,1497,37,1660,54,1567,78,1474,258,91,98,69,106,94,58,329,295,CAF
1987,12/31/1987,Tunisia,74,1491,24,1734,40,1626,81,1439,285,116,106,63,110,103,72,403,390,CAF
1987,12/31/1987,Japan,77,1488,30,1652,75,1334,114,1126,292,71,93,128,120,126,46,508,475,AFC
1987,12/31/1987,Qatar,83,1427,58,1551,131,1187,164,965,133,42,25,66,50,52,31,170,177,AFC
1987,12/31/1987,Haiti,100,1346,37,1673,71,1406,101,1265,247,119,78,50,115,84,48,417,334,CONCACAF
1987,12/31/1987,Curaçao,106,1294,26,1618,69,1470,141,1165,299,96,110,93,132,97,70,564,483,CONCACAF
1987,12/31/1987,Panama,120,1265,55,1508,112,1260,143,1154,171,57,56,58,42,91,38,225,364,CONCACAF
1987,12/31/1987,Cape Verde,127,1237,114,1280,133,1206,142,1172,37,13,8,16,9,22,6,27,46,CAF
1987,12/31/1987,Jordan,142,1178,108,1224,139,1152,153,1092,93,16,39,38,18,64,11,79,209,AFC
1988,12/31/1988,Netherlands,1,2047,1,2109,19,1788,55,1553,471,231,202,38,218,162,91,1005,771,UEFA
1988,12/31/1988,Brazil,2,1996,1,2195,5,1973,14,1805,510,208,167,135,315,94,101,1132,545,CONMEBOL
1988,12/31/1988,Germany,4,1983,1,2146,9,1874,25,1637,560,252,239,69,313,138,109,1282,736,UEFA
1988,12/31/1988,Sweden,6,1951,2,2013,16,1778,44,1579,653,304,302,47,323,203,127,1482,1005,UEFA
1988,12/31/1988,Spain,7,1899,1,2036,8,1915,17,1805,334,153,141,40,164,84,86,609,371,UEFA
1988,12/31/1988,England,10,1884,1,2213,3,1994,15,1810,721,294,382,45,432,143,146,1904,792,UEFA
1988,12/31/1988,Mexico,11,1876,8,1904,22,1742,48,1498,360,153,120,87,184,94,82,686,402,CONCACAF
1988,12/31/1988,Uruguay,12,1853,1,2104,11,1885,44,1636,578,210,243,125,249,198,131,960,789,CONMEBOL
1988,12/31/1988,France,13,1850,1,2061,20,1711,40,1514,482,247,192,43,191,202,89,860,930,UEFA
1988,12/31/1988,Czech Republic,14,1848,2,2027,11,1865,26,1686,476,192,240,44,213,150,113,910,683,UEFA
1988,12/31/1988,Argentina,14,1848,1,2159,4,1991,17,1816,633,251,251,131,331,150,152,1259,739,CONMEBOL
1988,12/31/1988,Colombia,18,1817,18,1817,72,1446,102,1304,177,75,61,41,48,88,41,209,326,CONMEBOL
1988,12/31/1988,Paraguay,19,1810,5,1956,20,1754,42,1619,367,102,168,97,130,152,85,526,607,CONMEBOL
1988,12/31/1988,Belgium,20,1803,4,1961,24,1723,54,1503,493,242,223,28,191,207,95,881,957,UEFA
1988,12/31/1988,Scotland,22,1795,1,2104,7,1930,30,1727,528,244,262,22,268,145,115,1069,673,UEFA
1988,12/31/1988,South Africa,27,1761,7,1847,20,1754,35,1654,47,22,25,0,20,25,2,112,117,CAF
1988,12/31/1988,Portugal,28,1757,3,2018,23,1734,41,1624,271,131,113,27,103,115,53,376,438,UEFA
1988,12/31/1988,Switzerland,30,1738,11,1803,28,1644,56,1485,508,251,234,23,144,264,100,715,1058,UEFA
1988,12/31/1988,Austria,31,1733,1,2070,12,1861,33,1674,513,233,250,30,224,183,106,1012,856,UEFA
1988,12/31/1988,South Korea,32,1724,16,1835,37,1654,84,1445,475,114,126,235,285,88,102,958,444,AFC
1988,12/31/1988,Australia,33,1715,14,1772,37,1631,77,1475,248,129,89,30,120,76,52,526,362,AFC
1988,12/31/1988,Iraq,34,1708,23,1740,38,1643,65,1501,297,76,76,145,157,62,78,518,241,AFC
1988,12/31/1988,Norway,38,1668,14,1793,41,1563,85,1364,482,239,225,18,147,244,91,730,1042,UEFA
1988,12/31/1988,Egypt,39,1657,12,1872,32,1664,59,1527,337,127,112,98,164,94,79,656,445,CAF
1988,12/31/1988,Morocco,40,1647,19,1807,37,1664,65,1527,295,111,107,77,132,81,82,426,323,CAF
1988,12/31/1988,Ivory Coast,41,1643,20,1761,45,1617,73,1476,263,109,98,56,121,78,64,416,313,CAF
1988,12/31/1988,Iran,46,1603,19,1803,45,1611,79,1450,188,62,42,84,103,48,37,336,156,AFC
1988,12/31/1988,Turkey,48,1581,20,1738,49,1537,77,1358,265,129,121,15,79,131,55,338,494,UEFA
1988,12/31/1988,Algeria,50,1577,18,1773,37,1649,67,1500,269,101,99,69,109,91,69,399,309,CAF
1988,12/31/1988,Saudi Arabia,51,1575,39,1631,96,1381,125,1256,226,85,38,103,100,71,55,335,271,AFC
1988,12/31/1988,United States,52,1574,12,1784,47,1585,93,1410,179,65,94,20,50,94,35,226,422,CONCACAF
1988,12/31/1988,DR Congo,54,1571,20,1782,44,1614,60,1541,192,64,79,49,96,58,38,378,255,CAF
1988,12/31/1988,Ecuador,54,1571,49,1587,89,1361,121,1183,169,55,60,54,25,102,42,175,409,CONMEBOL
1988,12/31/1988,Canada,59,1561,25,1672,43,1596,75,1470,142,45,77,20,46,62,34,149,214,CONCACAF
1988,12/31/1988,Senegal,63,1537,37,1660,55,1565,78,1474,265,91,100,74,110,94,61,342,301,CAF
1988,12/31/1988,New Zealand,68,1490,29,1640,61,1487,85,1334,197,75,85,37,90,72,35,406,330,OFC
1988,12/31/1988,Tunisia,73,1478,24,1734,41,1623,81,1439,307,121,117,69,114,113,80,423,417,CAF
1988,12/31/1988,Ghana,76,1469,10,1877,30,1690,77,1469,336,127,131,78,175,76,85,651,375,CAF
1988,12/31/1988,Qatar,83,1447,58,1551,129,1200,164,965,151,48,31,72,58,59,34,192,199,AFC
1988,12/31/1988,Japan,97,1373,30,1652,75,1335,114,1126,305,73,98,134,122,133,50,516,492,AFC
1988,12/31/1988,Haiti,101,1346,37,1673,72,1405,101,1265,247,119,78,50,115,84,48,417,334,CONCACAF
1988,12/31/1988,Curaçao,105,1309,26,1618,69,1468,141,1165,308,102,113,93,136,99,73,575,494,CONCACAF
1988,12/31/1988,Jordan,109,1290,104,1323,138,1155,153,1092,114,24,47,43,24,72,18,96,228,AFC
1988,12/31/1988,Panama,118,1264,55,1508,112,1260,143,1154,173,58,57,58,42,92,39,226,367,CONCACAF
1988,12/31/1988,Cape Verde,131,1222,114,1280,132,1207,142,1172,42,15,8,19,10,25,7,34,56,CAF
1989,12/31/1989,Netherlands,1,2048,1,2109,19,1791,55,1553,479,236,205,38,223,163,93,1018,776,UEFA
1989,12/31/1989,Brazil,2,2008,1,2195,5,1973,14,1805,533,223,174,136,330,97,106,1171,556,CONMEBOL
1989,12/31/1989,Germany,3,2001,1,2146,9,1876,25,1637,566,254,243,69,316,138,112,1294,741,UEFA
1989,12/31/1989,Sweden,5,1958,2,2013,16,1781,44,1579,662,309,305,48,329,205,128,1497,1018,UEFA
1989,12/31/1989,England,7,1944,1,2213,3,1993,15,1810,732,299,388,45,438,143,151,1921,795,UEFA
1989,12/31/1989,Spain,8,1925,1,2036,8,1915,17,1805,342,157,145,40,170,85,87,626,375,UEFA
1989,12/31/1989,Mexico,11,1904,8,1904,22,1744,48,1498,364,154,120,90,188,94,82,697,406,CONCACAF
1989,12/31/1989,Czech Republic,12,1891,2,2027,11,1865,26,1686,484,196,244,44,219,151,114,925,687,UEFA
1989,12/31/1989,Uruguay,15,1878,1,2104,11,1885,44,1636,596,216,249,131,258,202,136,986,799,CONMEBOL
1989,12/31/1989,France,16,1865,1,2061,20,1712,40,1514,489,250,196,43,194,203,92,870,935,UEFA
1989,12/31/1989,Belgium,17,1853,4,1961,24,1725,54,1503,502,247,226,29,197,207,98,901,962,UEFA
1989,12/31/1989,Colombia,18,1825,14,1855,71,1453,102,1304,193,81,67,45,57,90,46,228,333,CONMEBOL
1989,12/31/1989,Argentina,19,1802,1,2159,4,1989,21,1795,644,251,256,137,333,153,158,1264,747,CONMEBOL
1989,12/31/1989,Portugal,22,1778,3,2018,23,1734,41,1624,282,136,118,28,108,118,56,394,451,UEFA
1989,12/31/1989,Scotland,23,1767,1,2104,7,1928,30,1727,536,249,265,22,272,148,116,1080,685,UEFA
1989,12/31/1989,South Africa,24,1761,7,1847,20,1754,35,1654,47,22,25,0,20,25,2,112,117,CAF
1989,12/31/1989,Paraguay,25,1743,5,1956,21,1754,42,1619,391,106,181,104,142,159,90,562,636,CONMEBOL
1989,12/31/1989,South Korea,26,1741,16,1835,36,1656,84,1445,490,119,128,243,296,90,104,993,451,AFC
1989,12/31/1989,Austria,30,1722,1,2070,12,1860,33,1674,523,238,255,30,227,187,109,1022,869,UEFA
1989,12/31/1989,Egypt,33,1691,12,1872,32,1663,59,1527,360,140,122,98,176,97,87,687,459,CAF
1989,12/31/1989,Switzerland,34,1675,11,1803,28,1644,56,1485,517,256,238,23,146,270,101,723,1075,UEFA
1989,12/31/1989,Australia,35,1673,14,1772,37,1631,77,1475,252,131,91,30,121,77,54,532,367,AFC
1989,12/31/1989,Ivory Coast,36,1665,20,1761,44,1619,73,1476,274,116,102,56,126,79,69,434,319,CAF
1989,12/31/1989,Norway,37,1660,14,1793,41,1564,85,1364,492,245,229,18,149,248,95,744,1058,UEFA
1989,12/31/1989,Iraq,39,1648,23,1740,38,1643,65,1501,309,80,80,149,163,64,82,539,251,AFC
1989,12/31/1989,Turkey,39,1648,20,1738,49,1538,77,1358,271,131,125,15,82,134,55,345,499,UEFA
1989,12/31/1989,Algeria,42,1641,18,1773,37,1648,67,1500,286,107,108,71,115,95,76,412,317,CAF
1989,12/31/1989,Ecuador,43,1634,41,1634,88,1365,121,1183,183,60,64,59,28,108,47,187,425,CONMEBOL
1989,12/31/1989,United States,47,1607,12,1784,47,1585,93,1410,191,73,97,21,56,97,38,238,429,CONCACAF
1989,12/31/1989,Iran,49,1585,19,1803,45,1610,79,1450,200,66,46,88,109,50,41,355,167,AFC
1989,12/31/1989,Morocco,49,1585,19,1807,37,1662,65,1527,306,116,113,77,134,84,88,434,332,CAF
1989,12/31/1989,Saudi Arabia,51,1573,39,1631,95,1387,125,1256,235,87,40,108,104,73,58,346,280,AFC
1989,12/31/1989,Canada,52,1570,25,1672,44,1596,75,1470,148,46,80,22,49,65,34,155,221,CONCACAF
1989,12/31/1989,DR Congo,55,1563,20,1782,44,1612,62,1535,205,68,88,49,99,62,44,389,268,CAF
1989,12/31/1989,Senegal,59,1551,37,1660,55,1564,78,1474,278,98,104,76,116,95,67,358,308,CAF
1989,12/31/1989,New Zealand,66,1515,29,1640,61,1487,85,1334,201,77,87,37,91,74,36,411,337,OFC
1989,12/31/1989,Qatar,69,1487,58,1551,126,1214,164,965,167,52,38,77,63,62,42,210,216,AFC
1989,12/31/1989,Ghana,72,1472,10,1877,31,1686,79,1458,341,129,133,79,177,77,87,655,378,CAF
1989,12/31/1989,Tunisia,73,1465,24,1734,41,1620,81,1439,326,130,127,69,119,123,84,435,440,CAF
1989,12/31/1989,Japan,92,1408,30,1652,75,1336,114,1126,316,78,104,134,125,136,55,529,501,AFC
1989,12/31/1989,Curaçao,103,1345,26,1618,70,1466,141,1165,316,106,115,95,140,100,76,590,502,CONCACAF
1989,12/31/1989,Haiti,104,1344,37,1673,72,1404,104,1265,248,119,78,51,115,85,48,417,338,CONCACAF
1989,12/31/1989,Jordan,109,1308,104,1323,137,1159,153,1092,120,27,50,43,26,75,19,101,235,AFC
1989,12/31/1989,Cape Verde,116,1272,114,1280,132,1209,142,1172,47,15,9,23,12,27,8,40,62,CAF
1989,12/31/1989,Panama,120,1261,55,1508,112,1260,143,1154,174,58,58,58,42,93,39,226,369,CONCACAF
1990,12/31/1990,Germany,1,2082,1,2146,9,1878,25,1637,581,258,247,76,326,139,116,1326,755,UEFA
1990,12/31/1990,England,3,1990,1,2213,3,1993,15,1810,747,305,391,51,446,145,156,1941,807,UEFA
1990,12/31/1990,Brazil,5,1957,1,2195,5,1974,14,1805,544,226,177,141,334,100,110,1180,566,CONMEBOL
1990,12/31/1990,Netherlands,6,1948,1,2109,19,1793,55,1553,491,238,211,42,226,168,97,1036,787,UEFA
1990,12/31/1990,Spain,7,1937,1,2036,8,1915,17,1805,353,162,147,44,177,88,88,652,386,UEFA
1990,12/31/1990,France,8,1928,1,2061,20,1715,40,1514,497,253,200,44,201,203,93,884,939,UEFA
1990,12/31/1990,Croatia,9,1887,7,1917,9,1882,13,1855,22,11,11,0,12,6,4,51,34,UEFA
1990,12/31/1990,Czech Republic,12,1886,2,2027,11,1865,26,1686,497,199,250,48,224,158,115,943,704,UEFA
1990,12/31/1990,Mexico,12,1886,8,1941,22,1746,48,1498,371,154,122,95,192,96,83,705,412,CONCACAF
1990,12/31/1990,Argentina,14,1874,1,2159,4,1987,26,1751,656,251,261,144,336,157,163,1273,757,CONMEBOL
1990,12/31/1990,Uruguay,16,1848,1,2104,11,1885,44,1636,606,216,253,137,262,206,138,998,811,CONMEBOL
1990,12/31/1990,Sweden,17,1824,2,2013,15,1782,44,1579,675,314,310,51,334,211,130,1519,1034,UEFA
1990,12/31/1990,Belgium,18,1816,4,1961,24,1726,54,1503,513,252,228,33,200,212,101,914,976,UEFA
1990,12/31/1990,Portugal,20,1807,3,2018,23,1735,41,1624,286,139,119,28,110,118,58,397,452,UEFA
1990,12/31/1990,Scotland,23,1775,1,2104,7,1927,33,1697,547,255,267,25,277,152,118,1092,697,UEFA
1990,12/31/1990,Algeria,24,1767,18,1773,37,1650,67,1500,295,115,108,72,122,95,78,432,320,CAF
1990,12/31/1990,Colombia,25,1765,14,1855,70,1459,102,1304,205,81,71,53,60,95,50,238,347,CONMEBOL
1990,12/31/1990,South Africa,27,1761,7,1847,20,1754,35,1654,47,22,25,0,20,25,2,112,117,CAF
1990,12/31/1990,Paraguay,30,1743,5,1956,21,1754,42,1619,391,106,181,104,142,159,90,562,636,CONMEBOL
1990,12/31/1990,South Korea,31,1719,16,1835,36,1657,84,1445,512,122,135,255,309,96,107,1028,465,AFC
1990,12/31/1990,Switzerland,32,1718,11,1803,28,1645,56,1485,526,261,242,23,151,273,102,738,1086,UEFA
1990,12/31/1990,Norway,34,1682,14,1793,41,1565,85,1364,503,249,234,20,154,252,97,765,1074,UEFA
1990,12/31/1990,Austria,35,1677,1,2070,12,1858,35,1674,535,243,259,33,231,192,112,1036,885,UEFA
1990,12/31/1990,Australia,36,1667,14,1772,37,1632,77,1475,255,131,94,30,122,79,54,535,369,AFC
1990,12/31/1990,Iraq,41,1648,23,1740,38,1643,65,1501,315,83,81,151,165,64,86,547,255,AFC
1990,12/31/1990,Egypt,42,1642,12,1872,32,1663,59,1527,380,146,131,103,180,106,94,700,483,CAF
1990,12/31/1990,Ivory Coast,43,1635,20,1761,44,1619,73,1476,282,117,106,59,130,83,69,442,328,CAF
1990,12/31/1990,Ecuador,44,1634,40,1634,87,1371,121,1183,183,60,64,59,28,108,47,187,425,CONMEBOL
1990,12/31/1990,Canada,45,1630,25,1672,44,1596,75,1470,150,48,80,22,51,65,34,158,222,CONCACAF
1990,12/31/1990,Iran,46,1624,19,1803,45,1610,79,1450,207,68,46,93,113,52,42,362,171,AFC
1990,12/31/1990,Turkey,49,1613,20,1738,49,1540,77,1358,276,133,128,15,82,138,56,346,510,UEFA
1990,12/31/1990,Morocco,50,1603,19,1807,38,1660,65,1527,313,121,115,77,138,85,90,445,335,CAF
1990,12/31/1990,Saudi Arabia,51,1587,39,1631,94,1393,125,1256,238,87,40,111,106,73,59,352,280,AFC
1990,12/31/1990,United States,53,1583,12,1784,47,1585,93,1410,215,82,108,25,64,110,41,267,462,CONCACAF
1990,12/31/1990,DR Congo,59,1551,20,1782,45,1611,62,1535,213,69,95,49,102,65,46,396,273,CAF
1990,12/31/1990,Senegal,60,1546,37,1660,55,1564,78,1474,288,98,109,81,118,99,71,362,313,CAF
1990,12/31/1990,New Zealand,62,1531,29,1640,61,1488,85,1334,203,79,87,37,93,74,36,414,338,OFC
1990,12/31/1990,Ghana,64,1519,10,1877,32,1682,79,1458,346,131,135,80,181,78,87,660,379,CAF
1990,12/31/1990,Tunisia,67,1496,24,1734,42,1618,81,1439,332,135,128,69,121,125,86,442,447,CAF
1990,12/31/1990,Qatar,74,1467,58,1551,123,1226,164,965,171,52,39,80,64,63,44,214,220,AFC
1990,12/31/1990,Japan,98,1369,30,1652,75,1337,114,1126,322,78,105,139,126,141,55,532,508,AFC
1990,12/31/1990,Curaçao,102,1353,26,1618,70,1464,141,1165,320,107,118,95,141,100,79,596,506,CONCACAF
1990,12/31/1990,Haiti,103,1344,37,1673,73,1404,106,1265,248,119,78,51,115,85,48,417,338,CONCACAF
1990,12/31/1990,Jordan,111,1308,104,1323,137,1163,153,1092,120,27,50,43,26,75,19,101,235,AFC
1990,12/31/1990,Cape Verde,115,1295,113,1295,131,1211,142,1172,48,16,9,23,13,27,8,41,62,CAF
1990,12/31/1990,Panama,124,1261,55,1508,112,1260,143,1154,174,58,58,58,42,93,39,226,369,CONCACAF
1991,12/31/1991,Germany,1,2089,1,2146,9,1880,25,1637,588,262,250,76,332,140,116,1339,758,UEFA
1991,12/31/1991,France,2,2009,1,2061,20,1718,40,1514,503,256,203,44,207,203,93,904,944,UEFA
1991,12/31/1991,England,3,1988,1,2213,3,1993,15,1810,759,311,397,51,454,146,159,1960,815,UEFA
1991,12/31/1991,Argentina,4,1985,1,2159,4,1987,26,1751,670,254,266,150,344,157,169,1299,770,CONMEBOL
1991,12/31/1991,Netherlands,6,1963,1,2109,19,1795,55,1553,497,242,213,42,230,168,99,1044,789,UEFA
1991,12/31/1991,Brazil,7,1957,1,2195,5,1973,14,1805,558,231,180,147,341,103,114,1205,582,CONMEBOL
1991,12/31/1991,Croatia,11,1892,7,1917,10,1883,13,1855,23,11,12,0,13,6,4,52,34,UEFA
1991,12/31/1991,Czech Republic,13,1878,2,2027,11,1865,26,1686,509,203,257,49,231,161,117,962,714,UEFA
1991,12/31/1991,Uruguay,14,1843,1,2104,11,1885,44,1636,619,218,259,142,266,210,143,1010,822,CONMEBOL
1991,12/31/1991,Mexico,15,1831,8,1941,22,1748,48,1498,386,158,126,102,198,98,90,726,423,CONCACAF
1991,12/31/1991,Sweden,16,1829,2,2013,15,1782,44,1579,684,319,314,51,338,214,132,1542,1050,UEFA
1991,12/31/1991,Spain,17,1827,1,2036,8,1914,19,1805,361,168,149,44,179,93,89,661,402,UEFA
1991,12/31/1991,Belgium,18,1819,4,1961,24,1727,54,1503,520,255,232,33,203,214,103,922,979,UEFA
1991,12/31/1991,Portugal,21,1795,3,2018,23,1736,41,1624,295,143,124,28,114,120,61,410,459,UEFA
1991,12/31/1991,Switzerland,23,1775,11,1803,28,1646,56,1485,536,265,247,24,157,274,105,764,1095,UEFA
1991,12/31/1991,Colombia,25,1768,14,1855,69,1465,102,1304,216,81,75,60,63,99,54,248,358,CONMEBOL
1991,12/31/1991,South Africa,26,1761,7,1847,20,1755,35,1654,47,22,25,0,20,25,2,112,117,CAF
1991,12/31/1991,Scotland,27,1755,1,2104,7,1926,33,1697,553,258,270,25,279,154,120,1101,702,UEFA
1991,12/31/1991,Algeria,28,1740,18,1773,37,1652,67,1500,304,119,112,73,125,96,83,444,329,CAF
1991,12/31/1991,Norway,30,1723,14,1793,41,1567,85,1364,512,255,237,20,157,255,100,775,1082,UEFA
1991,12/31/1991,Paraguay,32,1716,5,1956,21,1754,42,1619,398,107,184,107,145,161,92,571,645,CONMEBOL
1991,12/31/1991,South Korea,33,1713,16,1835,36,1658,84,1445,518,127,136,255,312,96,110,1035,466,AFC
1991,12/31/1991,United States,34,1697,12,1784,47,1586,93,1410,232,96,111,25,72,114,46,289,475,CONCACAF
1991,12/31/1991,Ivory Coast,35,1683,20,1761,44,1620,73,1476,297,126,111,60,139,85,73,468,339,CAF
1991,12/31/1991,Egypt,36,1680,12,1872,33,1663,59,1527,391,152,134,105,185,107,99,728,494,CAF
1991,12/31/1991,Australia,38,1672,14,1772,37,1633,77,1475,261,135,96,30,124,82,55,538,374,AFC
1991,12/31/1991,Ecuador,39,1665,36,1682,87,1376,121,1183,191,62,66,63,31,111,49,199,436,CONMEBOL
1991,12/31/1991,Iraq,43,1648,23,1740,38,1643,65,1501,315,83,81,151,165,64,86,547,255,AFC
1991,12/31/1991,Iran,45,1637,19,1803,45,1610,79,1450,209,69,47,93,114,53,42,364,173,AFC
1991,12/31/1991,Austria,47,1616,1,2070,12,1856,47,1616,543,247,263,33,232,197,114,1042,901,UEFA
1991,12/31/1991,Morocco,54,1594,19,1807,38,1658,65,1527,321,125,119,77,141,87,93,456,342,CAF
1991,12/31/1991,Saudi Arabia,57,1587,39,1631,92,1399,125,1256,238,87,40,111,106,73,59,352,280,AFC
1991,12/31/1991,Turkey,58,1567,20,1738,49,1540,77,1358,286,137,134,15,82,143,61,351,526,UEFA
1991,12/31/1991,Senegal,61,1546,37,1660,55,1563,78,1474,299,105,112,82,122,102,75,375,323,CAF
1991,12/31/1991,DR Congo,62,1542,20,1782,45,1610,64,1529,218,71,98,49,104,66,48,399,275,CAF
1991,12/31/1991,Canada,62,1542,25,1672,44,1596,75,1470,155,48,81,26,52,69,34,164,236,CONCACAF
1991,12/31/1991,Ghana,66,1532,10,1877,32,1679,79,1458,359,133,141,85,187,80,92,677,388,CAF
1991,12/31/1991,Tunisia,68,1528,24,1734,42,1616,81,1439,340,140,131,69,122,126,92,454,458,CAF
1991,12/31/1991,New Zealand,69,1506,29,1640,61,1488,85,1334,207,82,88,37,93,78,36,415,344,OFC
1991,12/31/1991,Qatar,80,1467,58,1551,121,1237,164,965,171,52,39,80,64,63,44,214,220,AFC
1991,12/31/1991,Japan,102,1374,30,1652,76,1337,114,1126,324,80,105,139,127,142,55,533,509,AFC
1991,12/31/1991,Curaçao,109,1353,26,1618,71,1462,141,1165,320,107,118,95,141,100,79,596,506,CONCACAF
1991,12/31/1991,Cape Verde,115,1331,112,1337,131,1214,142,1172,52,16,11,25,14,28,10,43,64,CAF
1991,12/31/1991,Haiti,119,1317,37,1673,73,1402,119,1265,253,119,82,52,116,87,50,423,346,CONCACAF
1991,12/31/1991,Jordan,120,1308,104,1323,136,1167,153,1092,120,27,50,43,26,75,19,101,235,AFC
1991,12/31/1991,Panama,123,1297,55,1508,112,1261,143,1154,176,59,59,58,43,94,39,228,372,CONCACAF
1992,12/31/1992,Argentina,1,2029,1,2159,4,1987,26,1751,677,256,269,152,350,157,170,1312,771,CONMEBOL
1992,12/31/1992,Brazil,2,1996,1,2195,5,1973,14,1805,568,236,184,148,348,105,115,1228,590,CONMEBOL
1992,12/31/1992,Germany,3,1993,1,2146,9,1882,25,1637,602,266,256,80,337,144,121,1357,775,UEFA
1992,12/31/1992,Netherlands,5,1967,1,2109,18,1797,55,1553,510,247,217,46,236,171,103,1068,805,UEFA
1992,12/31/1992,England,6,1946,1,2213,3,1993,15,1810,771,315,403,53,458,148,165,1976,825,UEFA
1992,12/31/1992,Sweden,9,1901,2,2013,15,1783,44,1579,698,326,321,51,346,217,135,1564,1061,UEFA
1992,12/31/1992,France,10,1897,1,2061,20,1720,40,1514,514,261,207,46,209,208,97,915,960,UEFA
1992,12/31/1992,Belgium,13,1874,4,1961,24,1728,54,1503,527,258,236,33,208,215,104,935,985,UEFA
1992,12/31/1992,Croatia,14,1870,7,1917,10,1882,15,1855,27,12,15,0,14,8,5,56,38,UEFA
1992,12/31/1992,Uruguay,15,1851,1,2104,11,1884,44,1636,627,225,260,142,271,212,144,1021,830,CONMEBOL
1992,12/31/1992,Spain,16,1831,1,2036,8,1913,19,1805,370,174,152,44,183,93,94,673,403,UEFA
1992,12/31/1992,Czech Republic,18,1826,2,2027,11,1865,26,1686,517,208,260,49,232,164,121,973,725,UEFA
1992,12/31/1992,Switzerland,19,1817,11,1817,28,1648,56,1485,544,269,251,24,162,276,106,783,1103,UEFA
1992,12/31/1992,Portugal,22,1796,3,2018,23,1737,41,1624,303,145,127,31,116,122,65,415,464,UEFA
1992,12/31/1992,Scotland,23,1790,1,2104,7,1924,33,1697,564,262,274,28,283,157,124,1111,710,UEFA
1992,12/31/1992,Mexico,24,1786,8,1941,22,1749,48,1498,401,161,135,105,204,103,94,754,441,CONCACAF
1992,12/31/1992,Colombia,25,1776,14,1855,68,1471,102,1304,219,81,77,61,64,100,55,249,359,CONMEBOL
1992,12/31/1992,Norway,28,1757,14,1793,40,1569,85,1364,523,260,243,20,162,257,104,798,1090,UEFA
1992,12/31/1992,Australia,29,1745,14,1772,37,1634,77,1475,276,143,102,31,134,85,57,561,382,AFC
1992,12/31/1992,Paraguay,30,1716,5,1956,21,1753,42,1619,398,107,184,107,145,161,92,571,645,CONMEBOL
1992,12/31/1992,United States,33,1686,12,1784,47,1587,93,1410,253,108,119,26,78,125,50,310,502,CONCACAF
1992,12/31/1992,South Korea,37,1659,16,1835,36,1659,84,1445,526,129,138,259,314,97,115,1048,472,AFC
1992,12/31/1992,Iraq,38,1655,23,1740,38,1643,65,1501,319,83,82,154,168,65,86,564,257,AFC
1992,12/31/1992,Ecuador,41,1645,36,1682,86,1381,121,1183,196,63,70,63,31,113,52,204,444,CONMEBOL
1992,12/31/1992,Uzbekistan,42,1644,33,1696,37,1670,43,1644,8,3,5,0,3,2,3,15,9,AFC
1992,12/31/1992,Austria,42,1644,1,2070,13,1853,54,1603,553,252,268,33,234,201,118,1060,918,UEFA
1992,12/31/1992,Ivory Coast,44,1641,20,1761,44,1622,73,1476,309,129,113,67,143,88,78,484,352,CAF
1992,12/31/1992,Egypt,45,1638,12,1872,33,1663,59,1527,410,157,143,110,193,112,105,748,509,CAF
1992,12/31/1992,South Africa,46,1637,7,1847,20,1754,49,1630,54,27,27,0,22,29,3,118,130,CAF
1992,12/31/1992,Ghana,47,1630,10,1877,32,1678,79,1458,370,135,145,90,194,82,94,691,394,CAF
1992,12/31/1992,Iran,49,1621,19,1803,45,1611,79,1450,217,71,50,96,117,54,46,378,176,AFC
1992,12/31/1992,Algeria,51,1612,18,1773,37,1652,67,1500,314,121,117,76,127,99,88,452,339,CAF
1992,12/31/1992,Saudi Arabia,52,1605,39,1653,91,1404,125,1256,255,90,43,122,115,78,62,379,296,AFC
1992,12/31/1992,Bosnia and Herzegovina,55,1599,50,1599,53,1599,55,1599,2,1,1,0,1,1,0,6,3,UEFA
1992,12/31/1992,Morocco,56,1589,19,1807,39,1656,65,1527,329,128,122,79,144,89,96,468,348,CAF
1992,12/31/1992,Turkey,59,1575,20,1738,49,1541,77,1358,295,142,138,15,86,147,62,365,542,UEFA
1992,12/31/1992,DR Congo,63,1560,20,1782,45,1608,66,1529,226,74,100,52,108,68,50,412,282,CAF
1992,12/31/1992,New Zealand,66,1537,29,1640,61,1489,85,1334,211,84,90,37,96,78,37,430,345,OFC
1992,12/31/1992,Tunisia,67,1536,24,1734,43,1615,81,1439,348,147,132,69,124,127,97,465,465,CAF
1992,12/31/1992,Canada,70,1528,25,1672,44,1595,75,1470,166,55,85,26,56,72,38,182,251,CONCACAF
1992,12/31/1992,Japan,71,1527,30,1652,76,1338,114,1126,335,87,106,142,132,144,59,547,517,AFC
1992,12/31/1992,Senegal,75,1506,37,1660,56,1562,78,1474,309,110,116,83,126,106,77,390,334,CAF
1992,12/31/1992,Qatar,81,1494,58,1551,119,1248,164,965,187,64,40,83,71,67,49,240,234,AFC
1992,12/31/1992,Jordan,105,1385,101,1413,136,1171,153,1092,128,32,51,45,31,77,20,113,242,AFC
1992,12/31/1992,Panama,124,1315,55,1508,113,1261,143,1154,180,60,62,58,44,97,39,230,385,CONCACAF
1992,12/31/1992,Haiti,125,1313,37,1673,74,1401,125,1265,256,120,83,53,117,89,50,426,352,CONCACAF
1992,12/31/1992,Curaçao,126,1312,26,1618,72,1460,141,1165,325,108,120,97,142,102,81,600,513,CONCACAF
1992,12/31/1992,Cape Verde,128,1307,112,1337,131,1217,142,1172,55,17,13,25,15,30,10,45,68,CAF
1993,12/31/1993,Germany,1,2014,1,2146,9,1883,25,1637,613,269,261,83,344,145,124,1385,787,UEFA
1993,12/31/1993,Netherlands,3,1994,1,2109,18,1799,55,1553,517,251,219,47,241,171,105,1091,809,UEFA
1993,12/31/1993,Brazil,4,1951,1,2195,5,1973,14,1805,589,243,192,154,357,108,124,1268,608,CONMEBOL
1993,12/31/1993,Colombia,5,1934,5,1934,67,1477,102,1304,237,87,84,66,73,100,64,277,369,CONMEBOL
1993,12/31/1993,Argentina,8,1928,1,2159,4,1987,26,1751,694,262,273,159,357,159,178,1331,788,CONMEBOL
1993,12/31/1993,Spain,9,1913,1,2036,8,1912,19,1805,379,179,156,44,190,94,95,695,408,UEFA
1993,12/31/1993,Mexico,10,1892,8,1941,22,1750,48,1498,431,173,144,114,222,108,101,828,463,CONCACAF
1993,12/31/1993,France,11,1886,1,2061,20,1722,40,1514,522,265,211,46,214,210,98,931,968,UEFA
1993,12/31/1993,Sweden,12,1882,2,2013,15,1785,44,1579,707,331,325,51,350,219,138,1580,1070,UEFA
1993,12/31/1993,England,13,1877,1,2213,3,1992,15,1810,782,318,408,56,462,152,168,1999,838,UEFA
1993,12/31/1993,Croatia,14,1874,7,1917,10,1881,15,1855,28,13,15,0,15,8,5,59,39,UEFA
1993,12/31/1993,Norway,15,1853,13,1884,40,1572,85,1364,533,264,249,20,169,258,106,823,1095,UEFA
1993,12/31/1993,Switzerland,16,1845,11,1861,28,1650,56,1485,552,272,256,24,167,277,108,795,1107,UEFA
1993,12/31/1993,Czech Republic,17,1844,2,2027,11,1865,26,1686,524,211,264,49,235,164,125,988,731,UEFA
1993,12/31/1993,Portugal,20,1829,3,2018,23,1738,41,1624,313,151,131,31,122,124,67,434,470,UEFA
1993,12/31/1993,Belgium,22,1827,4,1961,24,1730,54,1503,533,261,239,33,211,217,105,944,990,UEFA
1993,12/31/1993,Uruguay,23,1796,1,2104,11,1884,44,1636,642,230,267,145,278,216,148,1041,848,CONMEBOL
1993,12/31/1993,Scotland,26,1765,1,2104,8,1923,33,1697,572,266,278,28,287,160,125,1124,721,UEFA
1993,12/31/1993,Australia,29,1721,14,1772,37,1635,77,1475,286,146,107,33,138,89,59,572,392,AFC
1993,12/31/1993,Paraguay,32,1696,5,1956,21,1753,42,1619,412,111,191,110,148,167,97,582,666,CONMEBOL
1993,12/31/1993,Saudi Arabia,34,1679,34,1679,90,1411,125,1256,275,99,45,131,128,80,67,429,312,AFC
1993,12/31/1993,South Korea,36,1667,16,1835,36,1659,84,1445,550,139,142,269,327,102,121,1095,490,AFC
1993,12/31/1993,Morocco,38,1663,19,1807,39,1655,65,1527,343,136,127,80,153,91,99,488,353,CAF
1993,12/31/1993,Iraq,39,1656,23,1740,38,1644,65,1501,334,83,86,165,175,67,92,604,273,AFC
1993,12/31/1993,Egypt,40,1652,12,1872,33,1663,59,1527,424,162,150,112,201,114,109,768,518,CAF
1993,12/31/1993,Austria,41,1646,1,2070,13,1851,54,1603,562,257,272,33,237,205,120,1072,931,UEFA
1993,12/31/1993,Japan,41,1646,30,1652,76,1341,114,1126,351,94,107,150,143,146,62,586,525,AFC
1993,12/31/1993,Uzbekistan,44,1644,33,1696,41,1653,45,1644,8,3,5,0,3,2,3,15,9,AFC
1993,12/31/1993,Tunisia,48,1635,24,1734,43,1614,81,1439,358,154,135,69,130,128,100,487,469,CAF
1993,12/31/1993,Ecuador,49,1634,29,1746,85,1386,121,1183,214,77,74,63,38,120,56,230,459,CONMEBOL
1993,12/31/1993,Ivory Coast,50,1625,20,1761,44,1622,73,1476,318,133,118,67,148,90,80,494,361,CAF
1993,12/31/1993,United States,52,1621,12,1784,47,1588,93,1410,286,130,127,29,87,138,61,348,546,CONCACAF
1993,12/31/1993,Algeria,53,1619,18,1773,37,1652,67,1500,327,127,123,77,132,101,94,472,350,CAF
1993,12/31/1993,Bosnia and Herzegovina,53,1619,50,1619,54,1602,58,1599,3,1,2,0,2,1,0,9,4,UEFA
1993,12/31/1993,Ghana,55,1614,10,1877,33,1677,79,1458,385,140,150,95,202,86,97,713,414,CAF
1993,12/31/1993,South Africa,58,1602,7,1847,21,1753,59,1597,62,30,31,1,25,31,6,125,139,CAF
1993,12/31/1993,Canada,59,1599,25,1672,44,1595,75,1470,181,61,92,28,62,77,42,203,279,CONCACAF
1993,12/31/1993,Turkey,60,1593,20,1738,49,1541,77,1358,301,145,141,15,88,150,63,371,552,UEFA
1993,12/31/1993,Iran,63,1568,19,1803,45,1611,79,1450,233,79,51,103,126,58,49,412,194,AFC
1993,12/31/1993,New Zealand,74,1509,29,1640,61,1489,85,1334,217,87,91,39,98,82,37,438,353,OFC
1993,12/31/1993,DR Congo,75,1508,20,1782,46,1607,78,1500,232,77,103,52,109,70,53,421,286,CAF
1993,12/31/1993,Qatar,89,1471,58,1551,118,1257,164,965,200,73,41,86,78,71,51,270,251,AFC
1993,12/31/1993,Senegal,93,1442,37,1660,56,1560,95,1441,327,115,124,88,132,114,81,412,356,CAF
1993,12/31/1993,Jordan,113,1365,99,1413,135,1176,153,1092,145,39,58,48,37,82,26,140,268,AFC
1993,12/31/1993,Haiti,124,1313,37,1673,75,1400,125,1265,256,120,83,53,117,89,50,426,352,CONCACAF
1993,12/31/1993,Curaçao,125,1312,26,1618,72,1458,141,1165,325,108,120,97,142,102,81,600,513,CONCACAF
1993,12/31/1993,Cape Verde,127,1307,112,1337,131,1220,142,1172,55,17,13,25,15,30,10,45,68,CAF
1993,12/31/1993,Panama,129,1304,55,1508,113,1262,143,1154,187,60,65,62,44,102,41,235,401,CONCACAF
1994,12/31/1994,Brazil,1,2069,1,2195,5,1974,14,1805,602,246,194,162,367,108,127,1299,614,CONMEBOL
1994,12/31/1994,Germany,2,1999,1,2146,9,1885,25,1637,628,272,268,88,355,147,126,1413,800,UEFA
1994,12/31/1994,Spain,3,1996,1,2036,8,1912,19,1805,394,184,161,49,199,96,99,725,422,UEFA
1994,12/31/1994,Netherlands,5,1957,1,2109,18,1801,55,1553,532,256,224,52,250,174,108,1125,821,UEFA
1994,12/31/1994,Sweden,6,1949,2,2013,15,1786,44,1579,726,335,330,61,360,223,143,1616,1090,UEFA
1994,12/31/1994,Croatia,8,1909,7,1917,11,1881,17,1855,36,15,21,0,20,9,7,74,46,UEFA
1994,12/31/1994,France,9,1908,1,2061,20,1725,40,1514,531,268,215,48,219,210,102,944,972,UEFA
1994,12/31/1994,Colombia,12,1897,5,1945,66,1485,102,1304,253,89,89,75,82,103,68,298,379,CONMEBOL
1994,12/31/1994,England,13,1894,1,2213,3,1991,15,1810,788,324,408,56,466,152,170,2009,839,UEFA
1994,12/31/1994,Argentina,14,1884,1,2159,4,1986,26,1751,706,264,279,163,363,163,180,1352,801,CONMEBOL
1994,12/31/1994,Norway,15,1874,13,1884,40,1575,85,1364,547,268,255,24,175,261,111,837,1103,UEFA
1994,12/31/1994,Mexico,17,1871,8,1941,22,1752,48,1498,443,175,145,123,226,112,105,845,480,CONCACAF
1994,12/31/1994,Switzerland,18,1870,9,1917,28,1652,56,1485,567,277,261,29,176,280,111,821,1121,UEFA
1994,12/31/1994,Czech Republic,19,1866,2,2027,11,1865,26,1686,532,213,270,49,239,165,128,1008,742,UEFA
1994,12/31/1994,Portugal,19,1866,3,2018,23,1739,41,1624,319,153,135,31,126,124,69,450,474,UEFA
1994,12/31/1994,Uruguay,23,1806,1,2104,11,1883,44,1636,643,230,268,145,279,216,148,1042,848,CONMEBOL
1994,12/31/1994,Belgium,25,1766,4,1961,24,1730,54,1503,544,266,241,37,216,222,106,965,1004,UEFA
1994,12/31/1994,Uzbekistan,25,1766,25,1766,39,1664,45,1644,19,7,5,7,13,2,4,47,17,AFC
1994,12/31/1994,Scotland,27,1759,1,2104,8,1922,33,1697,579,269,282,28,290,163,126,1135,729,UEFA
1994,12/31/1994,Australia,29,1720,14,1772,37,1636,77,1475,292,148,109,35,140,90,62,575,394,AFC
1994,12/31/1994,Paraguay,31,1696,5,1956,21,1752,42,1619,412,111,191,110,148,167,97,582,666,CONMEBOL
1994,12/31/1994,Iraq,34,1656,23,1740,38,1644,65,1501,334,83,86,165,175,67,92,604,273,AFC
1994,12/31/1994,Ivory Coast,36,1647,20,1761,44,1623,73,1476,334,135,124,75,156,95,83,521,381,CAF
1994,12/31/1994,Ghana,39,1645,10,1877,33,1676,79,1458,402,142,159,101,210,92,100,736,433,CAF
1994,12/31/1994,South Africa,41,1642,7,1847,21,1751,59,1597,72,36,35,1,30,33,9,134,145,CAF
1994,12/31/1994,Saudi Arabia,42,1639,30,1709,89,1417,125,1256,308,111,49,148,143,93,72,470,358,AFC
1994,12/31/1994,Ecuador,43,1638,29,1746,84,1390,121,1183,218,79,75,64,40,121,57,233,462,CONMEBOL
1994,12/31/1994,South Korea,44,1637,16,1835,36,1659,84,1445,570,145,145,280,334,109,127,1131,513,AFC
1994,12/31/1994,United States,47,1624,12,1784,47,1588,93,1410,313,152,131,30,95,147,71,379,574,CONCACAF
1994,12/31/1994,Egypt,49,1619,12,1872,33,1662,59,1527,439,169,153,117,208,118,113,790,529,CAF
1994,12/31/1994,Bosnia and Herzegovina,49,1619,47,1619,53,1608,58,1599,3,1,2,0,2,1,0,9,4,UEFA
1994,12/31/1994,Turkey,51,1617,20,1738,49,1542,77,1358,308,149,144,15,90,154,64,383,564,UEFA
1994,12/31/1994,Austria,54,1605,1,2070,13,1849,55,1603,570,262,275,33,239,210,121,1084,948,UEFA
1994,12/31/1994,Japan,56,1603,30,1652,75,1345,114,1126,360,103,107,150,146,148,66,602,538,AFC
1994,12/31/1994,Morocco,57,1599,19,1807,39,1654,65,1527,356,139,132,85,156,96,104,501,369,CAF
1994,12/31/1994,Canada,60,1586,25,1672,45,1595,75,1470,186,66,92,28,62,80,44,205,288,CONCACAF
1994,12/31/1994,Algeria,61,1583,18,1773,37,1651,67,1500,331,128,126,77,132,102,97,474,353,CAF
1994,12/31/1994,Tunisia,62,1575,24,1734,43,1614,81,1439,370,162,137,71,135,130,105,506,483,CAF
1994,12/31/1994,Iran,67,1548,19,1803,45,1610,79,1450,237,79,51,107,127,59,51,417,196,AFC
1994,12/31/1994,New Zealand,77,1509,29,1640,62,1489,85,1334,217,87,91,39,98,82,37,438,353,OFC
1994,12/31/1994,DR Congo,87,1460,20,1782,47,1604,87,1460,243,80,109,54,111,76,56,430,300,CAF
1994,12/31/1994,Qatar,98,1421,58,1551,116,1266,164,965,214,79,43,92,82,76,56,287,268,AFC
1994,12/31/1994,Senegal,99,1418,37,1660,58,1557,107,1387,341,118,132,91,136,120,85,425,369,CAF
1994,12/31/1994,Jordan,113,1365,99,1413,134,1181,153,1092,145,39,58,48,37,82,26,140,268,AFC
1994,12/31/1994,Curaçao,126,1312,26,1618,73,1456,141,1165,325,108,120,97,142,102,81,600,513,CONCACAF
1994,12/31/1994,Haiti,127,1310,37,1673,75,1398,127,1265,260,120,84,56,119,90,51,431,358,CONCACAF
1994,12/31/1994,Cape Verde,128,1307,112,1337,130,1222,142,1172,55,17,13,25,15,30,10,45,68,CAF
1994,12/31/1994,Panama,130,1304,55,1508,113,1263,143,1154,187,60,65,62,44,102,41,235,401,CONCACAF
1995,12/31/1995,Brazil,1,2114,1,2195,5,1975,14,1805,621,252,200,169,382,108,131,1340,625,CONMEBOL
1995,12/31/1995,Germany,2,2031,1,2146,9,1886,25,1637,640,276,275,89,363,148,129,1439,810,UEFA
1995,12/31/1995,Spain,4,1987,1,2036,8,1913,19,1805,403,191,163,49,204,96,103,743,427,UEFA
1995,12/31/1995,France,6,1957,1,2061,19,1727,40,1514,539,272,219,48,224,210,105,965,974,UEFA
1995,12/31/1995,Netherlands,8,1916,1,2109,18,1802,55,1553,541,261,227,53,255,178,108,1140,827,UEFA
1995,12/31/1995,Czech Republic,10,1896,2,2027,11,1865,26,1686,542,218,275,49,246,166,130,1030,750,UEFA
1995,12/31/1995,Croatia,12,1884,7,1917,11,1881,17,1855,43,19,24,0,24,10,9,90,50,UEFA
1995,12/31/1995,England,13,1869,1,2213,3,1990,17,1810,797,331,410,56,468,154,175,2019,849,UEFA
1995,12/31/1995,Portugal,14,1865,3,2018,23,1741,41,1624,328,156,141,31,130,125,73,468,481,UEFA
1995,12/31/1995,Colombia,15,1856,5,1945,65,1492,102,1304,270,90,97,83,87,107,76,313,395,CONMEBOL
1995,12/31/1995,Sweden,16,1847,2,2013,15,1787,44,1579,737,340,334,63,362,226,149,1631,1105,UEFA
1995,12/31/1995,Argentina,17,1846,1,2159,5,1984,26,1751,722,271,281,170,371,167,184,1382,816,CONMEBOL
1995,12/31/1995,Uruguay,18,1840,1,2104,11,1882,44,1636,660,239,275,146,285,221,154,1069,867,CONMEBOL
1995,12/31/1995,Switzerland,20,1830,9,1917,28,1654,56,1485,576,281,266,29,178,284,114,832,1132,UEFA
1995,12/31/1995,Norway,22,1805,10,1884,40,1578,85,1364,560,274,261,25,181,264,115,862,1115,UEFA
1995,12/31/1995,Mexico,23,1785,8,1941,21,1753,48,1498,460,177,149,134,231,118,111,865,504,CONCACAF
1995,12/31/1995,Scotland,24,1781,1,2104,8,1921,33,1697,588,272,287,29,296,164,128,1148,732,UEFA
1995,12/31/1995,Belgium,25,1777,4,1961,24,1731,54,1503,552,270,245,37,220,224,108,979,1011,UEFA
1995,12/31/1995,Paraguay,26,1773,5,1956,21,1752,42,1619,424,113,196,115,154,169,101,597,677,CONMEBOL
1995,12/31/1995,Turkey,27,1759,20,1759,49,1544,77,1358,323,154,151,18,99,154,70,405,573,UEFA
1995,12/31/1995,Uzbekistan,29,1721,25,1766,36,1690,45,1644,21,8,6,7,13,4,4,49,21,AFC
1995,12/31/1995,United States,31,1715,12,1784,47,1589,93,1410,327,158,133,36,100,153,74,399,592,CONCACAF
1995,12/31/1995,Australia,32,1710,14,1772,37,1637,77,1475,301,155,111,35,144,93,64,583,400,AFC
1995,12/31/1995,South Africa,35,1676,7,1847,21,1750,59,1597,79,42,36,1,34,33,12,147,151,CAF
1995,12/31/1995,Ecuador,36,1672,29,1746,83,1395,121,1183,228,79,78,71,44,126,58,245,475,CONMEBOL
1995,12/31/1995,Ghana,38,1660,10,1877,33,1676,79,1458,413,145,167,101,216,97,100,750,444,CAF
1995,12/31/1995,Iraq,39,1655,23,1740,38,1644,65,1501,337,83,88,166,177,67,93,610,276,AFC
1995,12/31/1995,Austria,40,1654,1,2070,14,1846,55,1603,577,266,278,33,243,212,122,1108,959,UEFA
1995,12/31/1995,Ivory Coast,42,1652,20,1761,44,1623,73,1476,348,143,127,78,162,96,90,541,390,CAF
1995,12/31/1995,Japan,45,1630,30,1652,75,1349,114,1126,377,110,110,157,151,155,71,625,569,AFC
1995,12/31/1995,Egypt,46,1628,12,1872,33,1662,60,1527,457,174,164,119,215,122,120,816,546,CAF
1995,12/31/1995,South Korea,48,1617,16,1835,37,1658,84,1445,577,149,145,283,335,111,131,1138,521,AFC
1995,12/31/1995,Bosnia and Herzegovina,53,1600,47,1619,52,1611,58,1599,4,1,3,0,2,2,0,9,6,UEFA
1995,12/31/1995,Canada,57,1587,25,1672,45,1594,75,1470,194,73,93,28,65,84,45,216,301,CONCACAF
1995,12/31/1995,Saudi Arabia,58,1585,30,1709,88,1422,125,1256,316,114,53,149,144,99,73,480,373,AFC
1995,12/31/1995,Morocco,60,1577,19,1807,40,1653,65,1527,362,144,133,85,159,97,106,508,371,CAF
1995,12/31/1995,Algeria,62,1575,18,1773,38,1649,70,1500,346,133,132,81,139,106,101,495,365,CAF
1995,12/31/1995,Tunisia,65,1566,24,1734,43,1613,81,1439,385,169,145,71,142,134,109,524,492,CAF
1995,12/31/1995,Iran,67,1548,19,1803,46,1609,79,1450,237,79,51,107,127,59,51,417,196,AFC
1995,12/31/1995,DR Congo,72,1536,20,1782,47,1602,87,1460,248,84,110,54,115,76,57,443,303,CAF
1995,12/31/1995,New Zealand,83,1483,29,1640,62,1489,85,1334,225,88,96,41,98,88,39,445,375,OFC
1995,12/31/1995,Senegal,89,1458,37,1660,59,1554,107,1387,351,121,136,94,140,123,88,440,380,CAF
1995,12/31/1995,Qatar,100,1421,58,1551,116,1272,164,965,214,79,43,92,82,76,56,287,268,AFC
1995,12/31/1995,Jordan,117,1342,99,1413,134,1184,153,1092,147,40,59,48,37,84,26,141,273,AFC
1995,12/31/1995,Haiti,124,1310,37,1673,76,1397,129,1265,260,120,84,56,119,90,51,431,358,CONCACAF
1995,12/31/1995,Curaçao,126,1305,26,1618,74,1454,141,1165,330,109,122,99,145,103,82,611,524,CONCACAF
1995,12/31/1995,Cape Verde,127,1302,112,1340,130,1225,142,1172,61,17,15,29,18,32,11,49,74,CAF
1995,12/31/1995,Panama,129,1298,55,1508,113,1264,143,1154,191,61,66,64,46,104,41,242,404,CONCACAF
1996,12/31/1996,Germany,1,2081,1,2146,8,1888,25,1637,656,280,282,94,373,149,134,1472,819,UEFA
1996,12/31/1996,Brazil,2,2068,1,2195,5,1976,14,1805,634,258,204,172,391,109,134,1375,639,CONMEBOL
1996,12/31/1996,Spain,3,2025,1,2036,8,1914,19,1805,414,194,168,52,210,96,108,763,433,UEFA
1996,12/31/1996,France,4,2015,1,2061,19,1730,40,1514,553,278,222,53,234,211,108,989,980,UEFA
1996,12/31/1996,Netherlands,7,1961,1,2109,18,1804,55,1553,552,266,230,56,261,180,111,1163,837,UEFA
1996,12/31/1996,England,8,1956,1,2213,4,1990,17,1810,809,340,413,56,476,154,179,2041,853,UEFA
1996,12/31/1996,Czech Republic,10,1925,2,2027,11,1865,26,1686,558,223,278,57,254,170,134,1055,764,UEFA
1996,12/31/1996,Colombia,11,1913,5,1945,65,1498,102,1304,282,95,101,86,97,107,78,339,403,CONMEBOL
1996,12/31/1996,Croatia,12,1889,6,1968,11,1883,17,1855,58,24,28,6,31,12,15,117,65,UEFA
1996,12/31/1996,Portugal,13,1888,3,2018,23,1743,41,1624,341,160,146,35,136,129,76,483,490,UEFA
1996,12/31/1996,Norway,16,1854,10,1884,39,1581,85,1364,567,278,264,25,186,265,116,874,1116,UEFA
1996,12/31/1996,Sweden,18,1818,2,2013,15,1788,44,1579,748,344,340,64,368,229,151,1647,1113,UEFA
1996,12/31/1996,Paraguay,19,1817,5,1956,21,1752,42,1619,434,117,202,115,159,172,103,609,686,CONMEBOL
1996,12/31/1996,Scotland,20,1813,1,2104,8,1920,33,1697,598,274,292,32,300,168,130,1154,739,UEFA
1996,12/31/1996,Argentina,21,1796,1,2159,5,1983,26,1751,729,275,284,170,373,169,187,1394,826,CONMEBOL
1996,12/31/1996,Mexico,21,1796,8,1941,21,1754,48,1498,480,180,156,144,242,124,114,904,525,CONCACAF
1996,12/31/1996,Uruguay,23,1772,1,2104,11,1881,44,1636,668,242,280,146,288,225,155,1079,879,CONMEBOL
1996,12/31/1996,Belgium,25,1756,4,1961,24,1732,54,1503,558,274,247,37,222,226,110,986,1019,UEFA
1996,12/31/1996,South Africa,26,1754,7,1847,21,1750,59,1597,92,54,37,1,44,35,13,168,156,CAF
1996,12/31/1996,Australia,27,1752,14,1772,36,1638,77,1475,313,160,116,37,149,98,66,604,412,AFC
1996,12/31/1996,Japan,28,1747,22,1806,74,1353,114,1126,390,115,112,163,161,157,72,653,582,AFC
1996,12/31/1996,Austria,31,1731,1,2070,14,1845,55,1603,583,270,280,33,248,212,123,1115,960,UEFA
1996,12/31/1996,Switzerland,32,1721,9,1917,28,1656,56,1485,586,284,271,31,180,290,116,840,1144,UEFA
1996,12/31/1996,United States,33,1709,12,1784,46,1591,93,1410,343,170,136,37,110,157,76,427,611,CONCACAF
1996,12/31/1996,Turkey,34,1697,20,1763,49,1547,77,1358,337,158,158,21,105,160,72,424,592,UEFA
1996,12/31/1996,Ecuador,35,1691,29,1746,83,1400,121,1183,244,86,84,74,54,130,60,269,487,CONMEBOL
1996,12/31/1996,Canada,37,1675,25,1675,45,1595,75,1470,203,78,95,30,71,86,46,230,308,CONCACAF
1996,12/31/1996,Iran,39,1667,19,1803,46,1608,79,1450,256,84,57,115,139,62,55,463,206,AFC
1996,12/31/1996,Morocco,41,1664,19,1807,40,1651,65,1527,373,150,135,88,166,98,109,539,378,CAF
1996,12/31/1996,Iraq,44,1650,23,1740,38,1644,65,1501,344,83,90,171,182,69,93,624,280,AFC
1996,12/31/1996,Saudi Arabia,45,1631,30,1709,87,1426,125,1256,340,127,55,158,158,103,79,525,395,AFC
1996,12/31/1996,Tunisia,46,1629,24,1734,44,1613,81,1439,399,172,150,77,149,139,111,546,508,CAF
1996,12/31/1996,Algeria,53,1604,18,1773,38,1649,70,1500,356,135,137,84,145,109,102,508,373,CAF
1996,12/31/1996,Egypt,53,1604,12,1872,33,1661,60,1527,469,178,167,124,220,125,124,834,558,CAF
1996,12/31/1996,Bosnia and Herzegovina,53,1604,47,1619,53,1607,64,1563,10,3,6,1,4,5,1,14,16,UEFA
1996,12/31/1996,Uzbekistan,58,1594,25,1766,36,1688,60,1594,29,9,10,10,15,10,4,59,38,AFC
1996,12/31/1996,Ghana,59,1580,10,1877,33,1675,79,1458,436,148,178,110,223,105,108,770,473,CAF
1996,12/31/1996,South Korea,65,1557,16,1835,37,1657,84,1445,592,151,151,290,342,116,134,1178,550,AFC
1996,12/31/1996,Ivory Coast,72,1511,20,1761,45,1621,76,1476,356,145,130,81,164,100,92,547,403,CAF
1996,12/31/1996,Qatar,72,1511,58,1551,115,1278,164,965,234,91,47,96,93,83,58,326,291,AFC
1996,12/31/1996,DR Congo,78,1496,20,1782,48,1600,87,1460,258,87,114,57,119,81,58,456,318,CAF
1996,12/31/1996,New Zealand,85,1473,29,1640,62,1489,87,1334,231,88,102,41,100,91,40,451,385,OFC
1996,12/31/1996,Senegal,93,1448,37,1660,59,1551,107,1387,358,123,141,94,143,125,90,447,387,CAF
1996,12/31/1996,Panama,114,1375,55,1508,113,1265,143,1154,208,71,73,64,53,110,45,263,424,CONCACAF
1996,12/31/1996,Haiti,123,1337,37,1673,77,1396,129,1265,270,124,86,60,122,93,55,449,372,CONCACAF
1996,12/31/1996,Jordan,124,1336,99,1413,134,1188,153,1092,149,42,59,48,38,85,26,145,274,AFC
1996,12/31/1996,Cape Verde,128,1302,112,1340,130,1227,142,1172,61,17,15,29,18,32,11,49,74,CAF
1996,12/31/1996,Curaçao,142,1241,26,1618,75,1451,144,1165,333,111,123,99,145,105,83,612,527,CONCACAF
1997,12/31/1997,Brazil,1,2179,1,2195,5,1978,14,1805,658,263,211,184,411,110,137,1446,658,CONMEBOL
1997,12/31/1997,Germany,2,2069,1,2146,8,1890,25,1637,665,285,285,95,380,149,136,1493,826,UEFA
1997,12/31/1997,Spain,3,2040,1,2046,8,1916,19,1805,420,198,170,52,214,96,110,775,437,UEFA
1997,12/31/1997,France,4,2013,1,2061,19,1733,40,1514,561,285,223,53,239,212,110,1001,987,UEFA
1997,12/31/1997,England,5,2003,1,2213,4,1990,17,1810,820,346,416,58,484,156,180,2058,856,UEFA
1997,12/31/1997,Netherlands,8,1938,1,2109,18,1805,55,1553,559,269,234,56,265,182,112,1179,841,UEFA
1997,12/31/1997,Portugal,11,1886,3,2018,23,1744,41,1624,348,164,149,35,139,130,79,490,494,UEFA
1997,12/31/1997,Croatia,13,1869,6,1968,11,1882,17,1849,68,28,33,7,35,14,19,136,81,UEFA
1997,12/31/1997,Czech Republic,14,1867,2,2027,11,1866,26,1686,571,227,282,62,261,175,135,1077,777,UEFA
1997,12/31/1997,Norway,15,1857,10,1884,39,1584,85,1364,580,282,271,27,193,267,120,898,1123,UEFA
1997,12/31/1997,Australia,16,1845,12,1876,36,1640,77,1475,332,169,122,41,163,100,69,653,427,AFC
1997,12/31/1997,Argentina,17,1834,1,2159,5,1981,26,1751,743,280,289,174,380,171,192,1411,835,CONMEBOL
1997,12/31/1997,Sweden,19,1820,2,2013,15,1788,44,1579,758,349,345,64,375,231,152,1660,1121,UEFA
1997,12/31/1997,Belgium,20,1799,4,1961,24,1732,54,1503,566,277,252,37,227,228,111,1004,1031,UEFA
1997,12/31/1997,Scotland,21,1791,1,2104,8,1919,33,1697,608,279,296,33,306,171,131,1170,747,UEFA
1997,12/31/1997,Mexico,22,1789,8,1941,21,1755,48,1498,505,186,165,154,251,130,124,949,555,CONCACAF
1997,12/31/1997,Colombia,23,1787,5,1945,64,1504,102,1304,299,101,109,89,102,116,81,356,423,CONMEBOL
1997,12/31/1997,Ecuador,24,1759,21,1788,82,1406,121,1183,263,90,95,78,61,136,66,294,510,CONMEBOL
1997,12/31/1997,Uruguay,25,1754,1,2104,11,1880,44,1636,686,247,286,153,295,233,158,1101,902,CONMEBOL
1997,12/31/1997,Japan,27,1753,22,1806,74,1358,114,1126,411,126,119,166,172,160,79,712,605,AFC
1997,12/31/1997,Paraguay,28,1750,5,1956,21,1753,42,1619,450,124,207,119,167,178,105,628,702,CONMEBOL
1997,12/31/1997,Austria,29,1747,1,2070,14,1844,55,1603,591,274,284,33,254,214,123,1129,965,UEFA
1997,12/31/1997,South Korea,30,1742,16,1835,37,1658,84,1445,615,163,160,292,357,119,139,1226,567,AFC
1997,12/31/1997,Morocco,31,1738,19,1807,40,1653,65,1527,385,156,141,88,175,99,111,561,382,CAF
1997,12/31/1997,United States,35,1720,12,1784,46,1592,93,1410,360,180,143,37,115,162,83,448,628,CONCACAF
1997,12/31/1997,Turkey,37,1714,20,1763,48,1549,77,1358,345,162,161,22,108,162,75,439,602,UEFA
1997,12/31/1997,Iran,42,1675,19,1803,46,1609,79,1450,278,93,67,118,150,66,62,527,226,AFC
1997,12/31/1997,Switzerland,42,1675,9,1917,28,1656,56,1485,594,288,274,32,183,294,117,850,1155,UEFA
1997,12/31/1997,South Africa,44,1671,7,1847,21,1749,59,1597,105,58,42,5,47,43,15,182,177,CAF
1997,12/31/1997,Tunisia,45,1665,24,1734,44,1613,81,1439,413,183,153,77,158,142,113,564,516,CAF
1997,12/31/1997,Saudi Arabia,49,1634,30,1709,86,1432,125,1256,363,141,60,162,171,107,85,566,413,AFC
1997,12/31/1997,Bosnia and Herzegovina,50,1628,46,1635,53,1606,65,1563,21,6,10,5,9,10,2,30,29,UEFA
1997,12/31/1997,Iraq,54,1596,23,1740,39,1644,65,1501,354,88,95,171,189,71,94,649,290,AFC
1997,12/31/1997,Egypt,56,1591,12,1872,34,1660,70,1527,489,188,174,127,229,132,128,872,578,CAF
1997,12/31/1997,Uzbekistan,60,1561,25,1766,40,1669,73,1525,43,16,17,10,21,14,8,92,59,AFC
1997,12/31/1997,Algeria,61,1556,18,1773,38,1647,70,1500,371,137,147,87,151,114,106,521,384,CAF
1997,12/31/1997,Qatar,66,1544,58,1565,113,1287,164,965,242,95,51,96,96,87,59,333,301,AFC
1997,12/31/1997,Ivory Coast,71,1529,20,1761,45,1620,76,1476,365,151,133,81,170,101,94,562,411,CAF
1997,12/31/1997,Canada,73,1525,25,1675,45,1595,75,1470,214,84,100,30,72,93,49,235,329,CONCACAF
1997,12/31/1997,Ghana,81,1474,10,1877,34,1673,82,1458,449,152,185,112,225,113,111,781,496,CAF
1997,12/31/1997,Jordan,86,1467,83,1469,133,1193,153,1092,169,44,69,56,43,90,36,160,287,AFC
1997,12/31/1997,DR Congo,92,1448,20,1782,48,1598,93,1448,269,91,119,59,121,85,63,466,331,CAF
1997,12/31/1997,New Zealand,99,1429,29,1640,62,1489,103,1334,241,91,107,43,103,98,40,465,403,OFC
1997,12/31/1997,Senegal,99,1429,37,1660,60,1548,107,1387,374,129,147,98,146,131,97,459,404,CAF
1997,12/31/1997,Haiti,117,1365,37,1673,77,1396,129,1265,273,127,86,60,123,94,56,454,375,CONCACAF
1997,12/31/1997,Panama,125,1332,55,1508,114,1266,143,1154,212,72,74,66,54,112,46,265,432,CONCACAF
1997,12/31/1997,Cape Verde,137,1256,112,1340,130,1229,142,1172,64,17,16,31,18,34,12,52,81,CAF
1997,12/31/1997,Curaçao,148,1211,26,1618,76,1448,152,1165,334,111,124,99,145,106,83,613,529,CONCACAF
1998,12/31/1998,France,1,2076,1,2089,19,1736,40,1514,579,295,230,54,250,213,116,1032,1000,UEFA
1998,12/31/1998,Brazil,2,2051,1,2195,5,1979,14,1805,676,266,214,196,421,114,141,1482,675,CONMEBOL
1998,12/31/1998,Netherlands,4,1993,1,2109,18,1807,55,1553,574,274,236,64,273,183,118,1210,853,UEFA
1998,12/31/1998,Spain,5,1978,1,2046,8,1917,19,1805,430,201,174,55,219,99,112,798,449,UEFA
1998,12/31/1998,Germany,6,1977,1,2146,8,1892,25,1637,682,290,291,101,390,152,140,1525,840,UEFA
1998,12/31/1998,Croatia,7,1966,5,2008,11,1885,17,1849,82,33,36,13,45,18,19,168,94,UEFA
1998,12/31/1998,England,8,1945,1,2213,4,1990,17,1810,834,351,420,63,490,159,185,2076,865,UEFA
1998,12/31/1998,Argentina,10,1932,1,2159,5,1980,26,1751,756,285,292,179,390,173,193,1438,842,CONMEBOL
1998,12/31/1998,Portugal,11,1906,3,2018,22,1746,41,1624,354,167,152,35,143,132,79,500,500,UEFA
1998,12/31/1998,Czech Republic,13,1899,2,2027,11,1866,26,1686,581,230,288,63,268,176,137,1094,785,UEFA
1998,12/31/1998,Sweden,14,1883,2,2013,15,1789,44,1579,767,354,349,64,380,233,154,1668,1127,UEFA
1998,12/31/1998,Mexico,15,1862,8,1941,21,1756,48,1498,523,187,168,168,260,133,130,983,576,CONCACAF
1998,12/31/1998,Norway,16,1829,9,1926,39,1587,85,1364,594,287,276,31,198,269,127,927,1142,UEFA
1998,12/31/1998,Belgium,18,1816,4,1961,24,1733,54,1503,577,282,253,42,230,229,118,1015,1038,UEFA
1998,12/31/1998,Paraguay,19,1805,5,1956,21,1753,42,1619,464,125,215,124,169,184,111,644,722,CONMEBOL
1998,12/31/1998,Morocco,21,1777,19,1807,39,1655,65,1527,403,163,142,98,184,104,115,592,400,CAF
1998,12/31/1998,Uruguay,24,1758,1,2104,12,1878,44,1636,687,247,287,153,295,233,159,1103,904,CONMEBOL
1998,12/31/1998,Ecuador,25,1753,21,1788,81,1412,121,1183,264,90,95,79,61,137,66,295,515,CONMEBOL
1998,12/31/1998,Colombia,26,1751,5,1945,63,1508,102,1304,308,102,112,94,103,120,85,363,436,CONMEBOL
1998,12/31/1998,Australia,27,1746,12,1876,36,1642,77,1475,341,176,124,41,167,104,70,677,441,AFC
1998,12/31/1998,Iran,29,1737,19,1803,46,1610,79,1450,296,96,69,131,159,73,64,556,246,AFC
1998,12/31/1998,Austria,30,1728,1,2070,14,1842,55,1603,602,280,286,36,258,217,127,1152,980,UEFA
1998,12/31/1998,Saudi Arabia,31,1723,29,1735,85,1437,125,1256,386,145,65,176,183,111,92,603,440,AFC
1998,12/31/1998,South Korea,33,1720,16,1835,37,1659,84,1445,641,168,170,303,368,126,147,1262,597,AFC
1998,12/31/1998,Scotland,36,1712,1,2104,8,1917,36,1697,618,283,298,37,308,174,136,1180,760,UEFA
1998,12/31/1998,United States,39,1694,12,1793,46,1594,93,1410,376,191,145,40,121,168,87,463,641,CONCACAF
1998,12/31/1998,Switzerland,46,1670,9,1917,28,1656,56,1485,601,291,278,32,183,297,121,854,1164,UEFA
1998,12/31/1998,South Africa,47,1664,7,1847,22,1748,59,1597,120,61,45,14,52,47,21,201,197,CAF
1998,12/31/1998,Turkey,48,1663,20,1763,48,1550,77,1358,351,166,163,22,110,166,75,445,614,UEFA
1998,12/31/1998,Japan,50,1646,21,1806,73,1362,114,1126,428,131,121,176,178,169,81,730,622,AFC
1998,12/31/1998,Egypt,51,1640,12,1872,34,1660,70,1527,507,190,181,136,234,137,136,894,597,CAF
1998,12/31/1998,Tunisia,52,1627,24,1734,44,1613,81,1439,430,190,156,84,165,148,117,590,537,CAF
1998,12/31/1998,Ivory Coast,54,1609,20,1761,45,1619,76,1476,375,153,137,85,175,102,98,579,420,CAF
1998,12/31/1998,Iraq,56,1606,23,1740,39,1643,65,1501,355,88,96,171,190,71,94,651,290,AFC
1998,12/31/1998,Bosnia and Herzegovina,63,1561,46,1635,53,1606,65,1561,27,9,13,5,10,13,4,36,43,UEFA
1998,12/31/1998,Ghana,65,1549,10,1877,35,1670,87,1458,459,154,189,116,231,115,113,794,501,CAF
1998,12/31/1998,Uzbekistan,66,1540,25,1766,44,1650,73,1517,54,16,22,16,25,18,11,124,76,AFC
1998,12/31/1998,New Zealand,69,1535,29,1640,63,1488,103,1334,247,93,108,46,107,99,41,476,405,OFC
1998,12/31/1998,Canada,71,1533,25,1675,45,1594,75,1470,215,85,100,30,73,93,49,236,329,CONCACAF
1998,12/31/1998,Qatar,74,1508,58,1568,112,1295,164,965,262,102,54,106,103,92,67,356,325,AFC
1998,12/31/1998,DR Congo,75,1507,20,1782,49,1596,93,1448,276,91,121,64,124,87,65,477,341,CAF
1998,12/31/1998,Algeria,78,1481,18,1773,39,1645,84,1472,381,138,152,91,153,120,108,530,397,CAF
1998,12/31/1998,Jordan,88,1461,82,1478,132,1199,153,1092,174,44,71,59,45,92,37,165,294,AFC
1998,12/31/1998,Senegal,100,1426,37,1660,61,1545,107,1387,380,131,151,98,148,134,98,466,412,CAF
1998,12/31/1998,Haiti,107,1397,37,1673,78,1395,129,1265,280,129,88,63,128,96,56,473,383,CONCACAF
1998,12/31/1998,Panama,121,1332,55,1508,114,1267,143,1154,212,72,74,66,54,112,46,265,432,CONCACAF
1998,12/31/1998,Cape Verde,139,1248,112,1340,131,1229,142,1172,67,18,18,31,18,36,13,52,85,CAF
1998,12/31/1998,Curaçao,159,1179,26,1618,77,1445,161,1165,340,111,126,103,147,109,84,621,542,CONCACAF
1999,12/31/1999,Brazil,1,2095,1,2195,5,1980,14,1805,696,270,220,206,435,117,144,1533,693,CONMEBOL
1999,12/31/1999,France,2,2041,1,2092,19,1739,40,1514,590,301,234,55,258,214,118,1050,1007,UEFA
1999,12/31/1999,Spain,3,2006,1,2046,8,1918,19,1805,440,208,177,55,227,100,113,841,454,UEFA
1999,12/31/1999,Netherlands,4,1956,1,2109,17,1809,55,1553,583,279,239,65,273,185,125,1223,869,UEFA
1999,12/31/1999,Czech Republic,5,1943,2,2027,11,1866,26,1686,592,235,294,63,277,177,138,1118,791,UEFA
1999,12/31/1999,Argentina,6,1938,1,2159,5,1980,26,1751,770,288,297,185,397,177,196,1458,857,CONMEBOL
1999,12/31/1999,Croatia,9,1916,5,2008,11,1888,17,1849,95,38,42,15,48,22,25,182,112,UEFA
1999,12/31/1999,Portugal,10,1912,3,2018,22,1748,41,1624,363,172,155,36,149,132,82,530,502,UEFA
1999,12/31/1999,England,11,1908,1,2213,4,1989,17,1810,844,357,424,63,494,161,189,2091,872,UEFA
1999,12/31/1999,Mexico,13,1904,6,1941,21,1758,48,1498,547,193,171,183,271,139,137,1020,602,CONCACAF
1999,12/31/1999,Norway,13,1904,9,1926,39,1590,85,1364,607,293,282,32,208,270,129,954,1149,UEFA
1999,12/31/1999,Sweden,16,1891,2,2013,15,1790,44,1579,778,359,355,64,387,235,156,1678,1131,UEFA
1999,12/31/1999,Germany,17,1886,1,2146,8,1892,25,1637,695,295,295,105,397,156,142,1548,855,UEFA
1999,12/31/1999,Paraguay,19,1812,5,1956,21,1754,42,1619,481,133,220,128,178,188,115,667,738,CONMEBOL
1999,12/31/1999,United States,20,1804,12,1817,46,1596,93,1410,389,196,149,44,128,172,89,482,652,CONCACAF
1999,12/31/1999,Colombia,21,1800,5,1945,63,1513,102,1304,323,104,117,102,108,125,90,387,457,CONMEBOL
1999,12/31/1999,Belgium,22,1791,4,1961,24,1733,54,1503,591,287,260,44,234,236,121,1035,1057,UEFA
1999,12/31/1999,Iran,24,1759,19,1803,46,1613,79,1450,302,96,73,133,161,73,68,563,251,AFC
1999,12/31/1999,Morocco,25,1758,19,1807,39,1658,65,1527,412,167,147,98,188,106,118,602,411,CAF
1999,12/31/1999,Australia,27,1746,12,1876,36,1644,77,1475,341,176,124,41,167,104,70,677,441,AFC
1999,12/31/1999,Turkey,31,1738,20,1763,48,1552,77,1358,358,168,168,22,113,166,79,456,618,UEFA
1999,12/31/1999,Switzerland,32,1735,9,1917,28,1657,56,1485,612,295,284,33,189,300,123,869,1175,UEFA
1999,12/31/1999,Uruguay,33,1734,1,2104,12,1877,44,1636,698,251,289,158,299,237,162,1117,920,CONMEBOL
1999,12/31/1999,Scotland,34,1727,1,2104,9,1916,42,1692,628,287,304,37,313,177,138,1192,769,UEFA
1999,12/31/1999,South Korea,35,1724,16,1835,37,1660,84,1445,646,173,170,303,369,127,150,1266,601,AFC
1999,12/31/1999,Austria,37,1706,1,2070,15,1841,55,1603,609,283,290,36,261,220,128,1167,1000,UEFA
1999,12/31/1999,Ecuador,40,1690,21,1788,80,1417,121,1183,280,92,103,85,64,143,73,309,533,CONMEBOL
1999,12/31/1999,South Africa,44,1648,7,1847,22,1747,59,1596,134,66,54,14,57,50,27,217,209,CAF
1999,12/31/1999,Tunisia,46,1644,24,1734,44,1614,81,1439,440,197,159,84,172,150,118,606,541,CAF
1999,12/31/1999,Iraq,48,1636,23,1740,39,1643,65,1501,370,88,102,180,199,73,98,685,305,AFC
1999,12/31/1999,Saudi Arabia,49,1630,29,1735,84,1443,125,1256,404,149,67,188,189,119,96,626,466,AFC
1999,12/31/1999,Egypt,50,1629,12,1872,34,1660,70,1527,521,192,185,144,238,141,142,910,618,CAF
1999,12/31/1999,Japan,55,1608,21,1806,73,1365,114,1126,435,135,122,178,178,172,85,734,633,AFC
1999,12/31/1999,Ghana,57,1590,10,1877,35,1668,87,1458,466,157,193,116,235,116,115,805,506,CAF
1999,12/31/1999,Uzbekistan,61,1572,25,1766,47,1636,73,1517,61,18,24,19,31,19,11,148,80,AFC
1999,12/31/1999,Canada,63,1567,25,1675,46,1594,75,1470,225,90,101,34,78,96,51,246,337,CONCACAF
1999,12/31/1999,Ivory Coast,64,1563,20,1761,46,1619,76,1476,384,159,140,85,179,105,100,591,428,CAF
1999,12/31/1999,Bosnia and Herzegovina,69,1544,46,1635,55,1599,73,1518,36,11,20,5,12,17,7,47,55,UEFA
1999,12/31/1999,Senegal,70,1523,37,1660,62,1543,107,1387,395,140,157,98,156,136,103,492,423,CAF
1999,12/31/1999,DR Congo,71,1520,20,1782,49,1594,93,1448,283,95,124,64,128,89,66,485,347,CAF
1999,12/31/1999,Jordan,74,1511,72,1511,131,1205,153,1092,187,55,73,59,52,96,39,190,309,AFC
1999,12/31/1999,New Zealand,76,1506,29,1640,63,1489,103,1334,259,93,114,52,109,105,45,489,421,OFC
1999,12/31/1999,Algeria,80,1487,18,1773,39,1642,86,1464,386,141,154,91,155,122,109,537,402,CAF
1999,12/31/1999,Qatar,93,1447,58,1568,111,1302,164,965,264,102,55,107,103,94,67,356,329,AFC
1999,12/31/1999,Haiti,105,1410,37,1673,78,1395,129,1265,291,133,89,69,134,100,57,495,399,CONCACAF
1999,12/31/1999,Panama,118,1349,55,1508,114,1268,143,1154,214,74,74,66,55,112,47,268,434,CONCACAF
1999,12/31/1999,Cape Verde,144,1248,112,1340,131,1230,145,1172,67,18,18,31,18,36,13,52,85,CAF
1999,12/31/1999,Curaçao,163,1151,26,1618,78,1441,163,1150,342,113,126,103,147,110,85,623,546,CONCACAF
2000,12/31/2000,France,1,2110,1,2131,19,1743,40,1514,606,305,240,61,269,215,122,1084,1021,UEFA
2000,12/31/2000,Brazil,2,2023,1,2195,5,1981,14,1805,709,275,228,206,443,119,147,1565,703,CONMEBOL
2000,12/31/2000,Portugal,3,2018,3,2018,22,1751,41,1624,377,177,159,41,159,134,84,559,514,UEFA
2000,12/31/2000,Argentina,5,2005,1,2159,5,1979,26,1751,782,293,303,186,406,178,198,1482,865,CONMEBOL
2000,12/31/2000,Netherlands,6,1998,1,2109,17,1810,55,1553,597,289,242,66,282,186,129,1253,882,UEFA
2000,12/31/2000,Spain,7,1962,1,2046,8,1919,19,1805,454,212,183,59,234,104,116,862,470,UEFA
2000,12/31/2000,Czech Republic,8,1917,2,2027,11,1867,26,1686,604,239,299,66,283,182,139,1139,804,UEFA
2000,12/31/2000,Croatia,10,1888,5,2008,11,1890,17,1849,102,42,45,15,49,23,30,187,118,UEFA
2000,12/31/2000,Germany,11,1882,1,2146,8,1892,25,1637,707,300,299,108,402,160,145,1571,871,UEFA
2000,12/31/2000,Paraguay,12,1866,5,1956,21,1754,42,1619,495,139,228,128,185,191,119,687,749,CONMEBOL
2000,12/31/2000,England,13,1852,1,2213,4,1988,17,1810,855,361,428,66,497,165,193,2102,883,UEFA
2000,12/31/2000,Sweden,15,1827,2,2013,15,1791,44,1579,791,361,362,68,390,239,162,1688,1142,UEFA
2000,12/31/2000,Mexico,17,1824,6,1941,21,1759,48,1498,568,197,176,195,283,145,140,1061,622,CONCACAF
2000,12/31/2000,United States,19,1808,12,1829,46,1598,93,1410,406,208,154,44,137,174,95,516,663,CONCACAF
2000,12/31/2000,Norway,20,1804,6,1944,38,1593,85,1364,622,298,286,38,213,274,135,969,1162,UEFA
2000,12/31/2000,Japan,21,1795,21,1806,73,1369,114,1126,453,140,124,189,189,174,90,783,646,AFC
2000,12/31/2000,Belgium,22,1784,4,1961,24,1734,54,1503,601,293,264,44,238,238,125,1051,1068,UEFA
2000,12/31/2000,Australia,23,1778,12,1876,36,1645,77,1475,356,179,128,49,175,107,74,716,452,AFC
2000,12/31/2000,Colombia,25,1767,5,1945,62,1517,102,1304,339,109,123,107,115,130,94,403,471,CONMEBOL
2000,12/31/2000,South Korea,26,1764,16,1835,37,1661,84,1445,668,179,175,314,381,129,158,1308,614,AFC
2000,12/31/2000,Uruguay,28,1756,1,2104,12,1876,44,1636,708,256,294,158,303,240,165,1129,927,CONMEBOL
2000,12/31/2000,Turkey,30,1754,20,1781,48,1555,77,1358,368,171,172,25,116,171,81,463,631,UEFA
2000,12/31/2000,Scotland,31,1745,1,2104,9,1914,42,1692,635,289,309,37,316,179,140,1198,775,UEFA
2000,12/31/2000,Iran,32,1743,19,1803,45,1615,79,1450,328,104,81,143,176,77,75,626,270,AFC
2000,12/31/2000,Austria,34,1719,1,2070,15,1840,55,1603,616,287,293,36,263,222,131,1178,1010,UEFA
2000,12/31/2000,Switzerland,37,1712,9,1917,28,1658,56,1485,621,299,288,34,191,302,128,886,1187,UEFA
2000,12/31/2000,Ecuador,41,1691,21,1788,79,1421,121,1183,295,99,110,86,70,149,76,328,553,CONMEBOL
2000,12/31/2000,Egypt,42,1682,12,1872,34,1660,70,1527,539,199,191,149,250,145,144,937,630,CAF
2000,12/31/2000,Saudi Arabia,44,1678,29,1735,83,1447,125,1256,420,152,72,196,197,123,100,654,482,AFC
2000,12/31/2000,South Africa,48,1666,7,1847,22,1746,59,1596,153,72,61,20,68,55,30,243,228,CAF
2000,12/31/2000,Morocco,50,1662,19,1807,39,1659,65,1527,425,174,151,100,195,109,121,612,421,CAF
2000,12/31/2000,Tunisia,53,1637,24,1734,44,1614,81,1439,458,204,165,89,180,153,125,639,562,CAF
2000,12/31/2000,Canada,54,1632,25,1733,46,1594,75,1470,242,96,107,39,86,99,57,260,349,CONCACAF
2000,12/31/2000,Iraq,55,1621,23,1740,39,1643,65,1501,381,88,106,187,204,76,101,703,318,AFC
2000,12/31/2000,Ivory Coast,62,1572,20,1761,46,1618,76,1476,396,164,145,87,185,108,103,611,440,CAF
2000,12/31/2000,Bosnia and Herzegovina,67,1548,46,1635,56,1593,73,1518,43,14,24,5,15,20,8,54,63,UEFA
2000,12/31/2000,New Zealand,69,1540,29,1640,63,1489,103,1334,270,95,118,57,114,109,47,500,428,OFC
2000,12/31/2000,Ghana,74,1509,10,1877,36,1666,87,1458,479,165,196,118,241,121,117,829,523,CAF
2000,12/31/2000,Algeria,75,1507,18,1773,40,1640,86,1464,403,149,158,96,160,127,116,563,422,CAF
2000,12/31/2000,Qatar,78,1495,58,1568,110,1307,164,965,284,114,58,112,111,100,73,388,349,AFC
2000,12/31/2000,Jordan,80,1469,72,1513,130,1211,153,1092,209,67,77,65,57,101,51,214,326,AFC
2000,12/31/2000,Uzbekistan,83,1459,25,1766,50,1624,84,1459,69,20,25,24,33,24,12,163,103,AFC
2000,12/31/2000,Senegal,87,1454,37,1660,62,1542,107,1387,413,146,164,103,158,141,114,507,442,CAF
2000,12/31/2000,DR Congo,89,1449,20,1782,50,1592,93,1448,295,99,129,67,132,92,71,505,359,CAF
2000,12/31/2000,Haiti,108,1401,37,1673,79,1396,129,1265,308,137,98,73,140,108,60,527,437,CONCACAF
2000,12/31/2000,Panama,110,1390,55,1508,114,1270,143,1154,234,82,86,66,62,122,50,290,471,CONCACAF
2000,12/31/2000,Cape Verde,119,1335,112,1357,131,1232,146,1172,77,26,20,31,22,38,17,61,94,CAF
2000,12/31/2000,Curaçao,165,1163,26,1618,79,1437,165,1148,344,114,127,103,147,111,86,624,552,CONCACAF
2001,12/31/2001,France,1,2111,1,2135,18,1747,40,1514,619,310,245,64,278,218,123,1114,1029,UEFA
2001,12/31/2001,Argentina,2,2024,1,2159,5,1980,26,1751,791,297,308,186,412,178,201,1504,873,CONMEBOL
2001,12/31/2001,Portugal,4,2009,3,2018,22,1754,41,1624,387,183,162,42,166,135,86,594,524,UEFA
2001,12/31/2001,Netherlands,5,1994,1,2109,17,1812,55,1553,607,293,247,67,288,187,132,1280,888,UEFA
2001,12/31/2001,Spain,6,1967,1,2046,8,1919,19,1805,463,218,186,59,241,105,117,882,476,UEFA
2001,12/31/2001,England,7,1932,1,2213,4,1988,17,1810,865,368,431,66,504,166,195,2126,891,UEFA
2001,12/31/2001,Sweden,8,1892,2,2013,15,1792,44,1579,808,368,369,71,402,240,166,1724,1149,UEFA
2001,12/31/2001,Croatia,9,1885,5,2008,11,1890,17,1849,113,47,51,15,55,24,34,207,126,UEFA
2001,12/31/2001,Colombia,10,1879,5,1945,61,1521,102,1304,357,120,128,109,128,132,97,435,484,CONMEBOL
2001,12/31/2001,Germany,11,1869,1,2146,8,1892,25,1637,718,305,305,108,408,162,148,1594,886,UEFA
2001,12/31/2001,Japan,13,1859,9,1887,72,1374,114,1126,466,149,126,191,195,178,93,798,658,AFC
2001,12/31/2001,Brazil,17,1833,1,2195,5,1980,20,1805,729,280,235,214,451,127,151,1593,722,CONMEBOL
2001,12/31/2001,Belgium,17,1833,4,1961,23,1735,54,1503,611,297,270,44,244,240,127,1076,1079,UEFA
2001,12/31/2001,Australia,19,1820,11,1876,36,1647,77,1475,372,186,134,52,185,112,75,796,465,AFC
2001,12/31/2001,Czech Republic,20,1818,2,2027,11,1867,26,1686,616,246,304,66,288,186,142,1161,816,UEFA
2001,12/31/2001,Mexico,22,1809,6,1941,21,1760,48,1498,595,207,185,203,294,157,144,1098,660,CONCACAF
2001,12/31/2001,South Korea,23,1805,16,1835,36,1664,84,1445,685,189,178,318,389,133,163,1330,637,AFC
2001,12/31/2001,Turkey,24,1796,20,1796,48,1557,77,1358,380,177,178,25,122,173,85,484,641,UEFA
2001,12/31/2001,Uruguay,25,1788,1,2104,12,1875,44,1636,725,261,300,164,310,245,170,1148,941,CONMEBOL
2001,12/31/2001,Norway,28,1753,6,1944,38,1595,85,1364,633,303,291,39,218,277,138,990,1178,UEFA
2001,12/31/2001,United States,29,1752,12,1840,45,1601,93,1410,421,217,160,44,143,180,98,530,676,CONCACAF
2001,12/31/2001,Iran,31,1751,19,1803,45,1617,79,1450,348,113,90,145,187,82,79,661,290,AFC
2001,12/31/2001,Ecuador,32,1735,21,1788,79,1426,121,1183,309,103,116,90,76,152,81,346,565,CONMEBOL
2001,12/31/2001,Scotland,33,1734,1,2104,9,1913,42,1692,641,293,311,37,318,180,143,1207,781,UEFA
2001,12/31/2001,Paraguay,36,1726,5,1956,21,1755,42,1619,509,143,233,133,189,197,123,705,772,CONMEBOL
2001,12/31/2001,Saudi Arabia,42,1688,29,1735,82,1453,125,1256,444,167,77,200,214,127,103,716,498,AFC
2001,12/31/2001,Tunisia,43,1681,24,1734,44,1615,81,1439,470,211,170,89,188,155,127,672,571,CAF
2001,12/31/2001,Austria,45,1672,1,2070,15,1838,55,1603,626,292,298,36,266,227,133,1187,1026,UEFA
2001,12/31/2001,Switzerland,47,1660,9,1917,28,1658,56,1485,631,303,293,35,195,307,129,899,1202,UEFA
2001,12/31/2001,Egypt,49,1641,12,1872,34,1660,70,1527,560,211,199,150,259,149,152,978,654,CAF
2001,12/31/2001,Morocco,50,1639,19,1807,39,1659,65,1527,442,181,159,102,202,113,127,629,431,CAF
2001,12/31/2001,South Africa,52,1623,7,1847,22,1745,59,1596,167,78,69,20,75,58,34,260,238,CAF
2001,12/31/2001,Ivory Coast,53,1622,20,1761,46,1617,76,1476,410,169,154,87,193,110,107,641,450,CAF
2001,12/31/2001,Canada,58,1588,25,1733,46,1595,75,1470,248,96,110,42,87,103,58,262,359,CONCACAF
2001,12/31/2001,Senegal,59,1581,37,1660,62,1542,107,1387,428,153,171,104,167,144,117,531,449,CAF
2001,12/31/2001,Qatar,64,1559,54,1611,109,1315,164,965,312,127,68,117,125,105,82,429,373,AFC
2001,12/31/2001,Iraq,68,1538,23,1740,40,1642,69,1501,399,94,114,191,210,82,107,742,336,AFC
2001,12/31/2001,Bosnia and Herzegovina,71,1531,46,1635,57,1588,73,1518,57,20,29,8,20,24,13,75,81,UEFA
2001,12/31/2001,Ghana,72,1519,10,1877,36,1663,93,1427,492,170,204,118,246,125,121,845,538,CAF
2001,12/31/2001,Algeria,73,1512,18,1773,40,1639,86,1464,418,157,165,96,166,133,119,583,444,CAF
2001,12/31/2001,New Zealand,75,1509,29,1640,63,1489,103,1334,277,100,120,57,118,112,47,520,438,OFC
2001,12/31/2001,Uzbekistan,78,1508,25,1766,53,1610,93,1428,90,27,31,32,45,30,15,205,129,AFC
2001,12/31/2001,Haiti,89,1458,37,1673,79,1396,129,1265,321,142,101,78,146,110,65,560,449,CONCACAF
2001,12/31/2001,DR Congo,100,1422,20,1782,51,1589,105,1408,307,104,135,68,136,97,74,516,380,CAF
2001,12/31/2001,Jordan,107,1402,72,1513,129,1215,153,1092,222,75,79,68,61,106,55,231,341,AFC
2001,12/31/2001,Panama,109,1397,55,1508,114,1272,143,1154,249,87,91,71,66,127,56,308,489,CONCACAF
2001,12/31/2001,Cape Verde,119,1350,112,1357,130,1234,146,1172,79,26,21,32,23,38,18,63,95,CAF
2001,12/31/2001,Curaçao,161,1163,26,1618,80,1434,165,1148,344,114,127,103,147,111,86,624,552,CONCACAF
2002,12/31/2002,Brazil,1,2057,1,2195,5,1980,20,1805,744,284,239,221,464,128,152,1633,731,CONMEBOL
2002,12/31/2002,Netherlands,2,2050,1,2109,17,1814,55,1553,614,296,251,67,294,187,133,1294,890,UEFA
2002,12/31/2002,Spain,3,1996,1,2046,8,1920,19,1805,476,222,191,63,248,106,122,905,484,UEFA
2002,12/31/2002,Argentina,3,1996,1,2159,5,1980,26,1751,798,297,311,190,415,179,204,1512,878,CONMEBOL
2002,12/31/2002,France,5,1973,1,2135,18,1750,40,1514,632,316,249,67,285,221,126,1140,1039,UEFA
2002,12/31/2002,England,6,1950,1,2213,4,1987,17,1810,878,372,434,72,508,168,202,2146,904,UEFA
2002,12/31/2002,Germany,7,1935,1,2146,8,1892,25,1637,736,312,310,114,419,166,151,1640,903,UEFA
2002,12/31/2002,Portugal,8,1930,3,2018,22,1757,41,1624,398,187,166,45,170,138,90,612,538,UEFA
2002,12/31/2002,Turkey,10,1894,9,1894,47,1561,77,1358,396,180,182,34,131,177,88,510,652,UEFA
2002,12/31/2002,Czech Republic,12,1866,2,2027,11,1867,26,1686,626,251,308,67,295,186,145,1184,823,UEFA
2002,12/31/2002,Colombia,13,1864,5,1945,60,1527,102,1304,361,120,132,109,129,134,98,438,488,CONMEBOL
2002,12/31/2002,Mexico,15,1834,6,1941,21,1760,48,1498,608,208,186,214,302,160,146,1115,669,CONCACAF
2002,12/31/2002,United States,16,1826,12,1853,45,1603,93,1410,441,229,164,48,155,186,100,564,694,CONCACAF
2002,12/31/2002,Sweden,17,1823,2,2013,15,1792,44,1579,822,372,375,75,403,243,176,1741,1168,UEFA
2002,12/31/2002,Japan,20,1805,9,1887,72,1380,114,1126,479,160,128,191,200,181,98,813,672,AFC
2002,12/31/2002,Croatia,21,1803,5,2008,11,1887,26,1790,124,52,54,18,59,27,38,215,132,UEFA
2002,12/31/2002,Norway,22,1801,6,1944,38,1597,85,1364,643,309,295,39,222,279,142,1000,1183,UEFA
2002,12/31/2002,Australia,23,1798,11,1876,35,1649,77,1475,377,186,135,56,189,113,75,819,467,AFC
2002,12/31/2002,Belgium,26,1783,4,1961,23,1735,54,1503,625,301,276,48,250,243,132,1092,1094,UEFA
2002,12/31/2002,Uruguay,27,1781,1,2104,12,1874,44,1636,735,262,306,167,313,249,173,1162,955,CONMEBOL
2002,12/31/2002,Senegal,28,1776,21,1808,62,1546,107,1387,445,155,174,116,176,146,123,553,463,CAF
2002,12/31/2002,South Korea,29,1768,16,1845,36,1665,84,1445,708,203,181,324,395,141,172,1355,660,AFC
2002,12/31/2002,Paraguay,31,1763,5,1956,21,1755,42,1619,520,144,238,138,192,200,128,718,788,CONMEBOL
2002,12/31/2002,Ecuador,35,1722,21,1788,78,1430,121,1183,324,105,119,100,82,158,84,359,578,CONMEBOL
2002,12/31/2002,Iran,36,1709,19,1803,45,1619,79,1450,358,116,93,149,191,84,83,674,299,AFC
2002,12/31/2002,Switzerland,36,1709,9,1917,28,1658,56,1485,639,306,297,36,199,308,132,914,1213,UEFA
2002,12/31/2002,Scotland,40,1692,1,2104,9,1911,47,1655,650,296,316,38,320,186,144,1216,800,UEFA
2002,12/31/2002,Austria,42,1681,1,2070,15,1837,55,1603,634,297,301,36,269,231,134,1197,1039,UEFA
2002,12/31/2002,Saudi Arabia,47,1668,29,1735,81,1457,125,1256,466,178,77,211,227,133,106,746,525,AFC
2002,12/31/2002,South Africa,48,1663,7,1847,23,1744,59,1569,191,85,75,31,85,62,44,288,256,CAF
2002,12/31/2002,Canada,50,1634,25,1733,46,1595,75,1470,255,96,113,46,90,105,60,271,367,CONCACAF
2002,12/31/2002,Tunisia,53,1613,24,1734,44,1615,81,1439,484,216,173,95,188,161,135,676,583,CAF
2002,12/31/2002,Iraq,54,1612,23,1740,40,1641,69,1501,409,96,117,196,217,83,109,760,344,AFC
2002,12/31/2002,Egypt,56,1602,12,1872,35,1659,70,1527,576,219,203,154,266,154,156,998,666,CAF
2002,12/31/2002,Qatar,60,1580,54,1611,107,1323,164,965,324,130,70,124,132,109,83,445,385,AFC
2002,12/31/2002,New Zealand,62,1565,29,1640,63,1490,103,1334,284,105,122,57,123,114,47,545,445,OFC
2002,12/31/2002,Ivory Coast,63,1556,20,1761,47,1616,76,1476,416,172,154,90,194,112,110,648,455,CAF
2002,12/31/2002,Morocco,64,1553,19,1807,39,1658,65,1527,457,185,163,109,210,117,130,656,446,CAF
2002,12/31/2002,Jordan,68,1535,64,1560,129,1219,153,1092,241,77,83,81,71,110,60,259,357,AFC
2002,12/31/2002,Bosnia and Herzegovina,73,1501,46,1635,59,1582,75,1499,63,24,31,8,20,28,15,80,95,UEFA
2002,12/31/2002,Ghana,74,1500,10,1877,37,1661,93,1427,504,173,209,122,249,131,124,854,551,CAF
2002,12/31/2002,Haiti,78,1496,37,1673,79,1397,129,1265,327,144,102,81,149,112,66,570,456,CONCACAF
2002,12/31/2002,Algeria,80,1492,18,1773,41,1636,87,1464,427,161,168,98,169,135,123,596,452,CAF
2002,12/31/2002,Uzbekistan,83,1483,25,1766,55,1600,93,1428,92,27,33,32,45,32,15,206,135,AFC
2002,12/31/2002,DR Congo,91,1458,20,1782,52,1587,105,1408,315,105,138,72,139,100,76,527,389,CAF
2002,12/31/2002,Panama,107,1397,55,1508,114,1274,143,1154,249,87,91,71,66,127,56,308,489,CONCACAF
2002,12/31/2002,Cape Verde,126,1344,112,1370,130,1237,146,1172,82,27,23,32,24,39,19,65,96,CAF
2002,12/31/2002,Curaçao,162,1150,26,1618,81,1430,165,1145,348,115,129,104,148,113,87,627,558,CONCACAF
2003,12/31/2003,France,1,2049,1,2135,18,1752,40,1514,646,326,252,68,298,222,126,1180,1045,UEFA
2003,12/31/2003,Argentina,2,2018,1,2159,5,1980,26,1751,811,300,319,192,424,180,207,1539,889,CONMEBOL
2003,12/31/2003,Spain,3,2005,1,2046,8,1921,19,1805,487,228,196,63,256,107,124,931,490,UEFA
2003,12/31/2003,Netherlands,4,1990,1,2109,17,1817,55,1553,625,302,256,67,300,189,136,1317,899,UEFA
2003,12/31/2003,Brazil,4,1990,1,2195,5,1981,20,1805,761,286,248,227,472,132,157,1654,745,CONMEBOL
2003,12/31/2003,Czech Republic,6,1978,2,2027,11,1868,26,1686,635,256,312,67,303,186,146,1214,829,UEFA
2003,12/31/2003,England,7,1954,1,2213,4,1987,17,1810,889,379,438,72,516,170,203,2166,915,UEFA
2003,12/31/2003,Portugal,9,1919,3,2018,22,1759,41,1624,410,195,169,46,177,140,93,636,548,UEFA
2003,12/31/2003,Germany,11,1879,1,2146,8,1892,25,1637,747,319,314,114,424,169,154,1655,914,UEFA
2003,12/31/2003,Uruguay,12,1860,1,2104,12,1873,44,1636,749,265,312,172,321,251,177,1198,976,CONMEBOL
2003,12/31/2003,Mexico,13,1850,6,1941,21,1762,48,1498,623,214,187,222,307,164,152,1129,678,CONCACAF
2003,12/31/2003,Turkey,14,1841,9,1898,47,1565,77,1358,412,185,189,38,137,182,93,531,673,UEFA
2003,12/31/2003,United States,16,1832,12,1853,45,1606,93,1410,457,241,165,51,165,190,102,592,704,CONCACAF
2003,12/31/2003,Croatia,17,1828,5,2008,11,1883,26,1783,136,58,60,18,66,29,41,234,141,UEFA
2003,12/31/2003,Australia,18,1820,11,1876,35,1651,77,1475,380,186,137,57,191,114,75,825,471,AFC
2003,12/31/2003,Sweden,19,1804,2,2013,15,1793,44,1579,836,377,381,78,411,248,177,1773,1180,UEFA
2003,12/31/2003,Belgium,20,1802,4,1961,23,1736,54,1503,633,306,279,48,255,244,134,1108,1104,UEFA
2003,12/31/2003,Paraguay,23,1792,5,1956,21,1755,42,1619,534,146,248,140,198,204,132,733,803,CONMEBOL
2003,12/31/2003,Japan,26,1776,9,1887,71,1385,114,1126,495,170,132,193,206,186,103,829,684,AFC
2003,12/31/2003,Senegal,28,1749,21,1808,61,1550,107,1387,454,159,178,117,181,149,124,563,468,CAF
2003,12/31/2003,Switzerland,33,1728,9,1917,28,1659,56,1485,647,311,300,36,202,311,134,928,1226,UEFA
2003,12/31/2003,Ecuador,34,1717,21,1788,77,1435,121,1183,334,110,122,102,86,161,87,369,588,CONMEBOL
2003,12/31/2003,Iran,35,1716,19,1803,45,1620,79,1450,371,122,98,151,198,89,84,699,314,AFC
2003,12/31/2003,Norway,37,1711,6,1944,38,1599,85,1364,657,315,303,39,226,286,145,1010,1196,UEFA
2003,12/31/2003,Colombia,38,1705,5,1945,60,1531,102,1304,378,123,135,120,132,141,105,447,504,CONMEBOL
2003,12/31/2003,Egypt,39,1699,12,1872,35,1659,70,1527,588,226,206,156,276,156,156,1027,676,CAF
2003,12/31/2003,South Korea,40,1694,16,1845,36,1666,84,1445,723,211,184,328,402,147,174,1390,670,AFC
2003,12/31/2003,Scotland,42,1678,1,2104,9,1909,52,1633,662,304,320,38,324,191,147,1226,817,UEFA
2003,12/31/2003,Austria,43,1676,1,2070,16,1835,55,1603,642,301,305,36,272,235,135,1211,1052,UEFA
2003,12/31/2003,Saudi Arabia,47,1662,29,1735,81,1462,125,1256,478,187,78,213,235,134,109,782,529,AFC
2003,12/31/2003,South Africa,50,1644,7,1847,23,1743,59,1569,202,92,79,31,91,66,45,303,266,CAF
2003,12/31/2003,Tunisia,51,1643,24,1734,44,1615,81,1439,493,225,173,95,193,162,138,686,588,CAF
2003,12/31/2003,Iraq,55,1616,23,1740,40,1640,69,1501,422,96,123,203,223,87,112,784,359,AFC
2003,12/31/2003,Bosnia and Herzegovina,56,1598,46,1635,59,1580,76,1499,70,27,35,8,24,29,17,89,100,UEFA
2003,12/31/2003,Canada,58,1594,25,1733,46,1595,75,1470,264,96,120,48,92,112,60,281,392,CONCACAF
2003,12/31/2003,Jordan,59,1592,59,1592,128,1225,153,1092,249,82,86,81,76,112,61,272,366,AFC
2003,12/31/2003,Ivory Coast,60,1590,20,1761,47,1616,76,1476,423,173,159,91,198,115,110,662,462,CAF
2003,12/31/2003,Morocco,64,1569,19,1807,40,1656,67,1527,467,191,166,110,216,119,132,664,448,CAF
2003,12/31/2003,Qatar,73,1521,54,1611,106,1329,164,965,339,135,75,129,135,114,90,461,407,AFC
2003,12/31/2003,New Zealand,74,1519,29,1640,63,1491,103,1334,290,105,126,59,123,119,48,548,462,OFC
2003,12/31/2003,Algeria,77,1518,18,1773,42,1634,87,1464,439,166,172,101,175,137,127,613,460,CAF
2003,12/31/2003,Uzbekistan,81,1508,25,1766,57,1590,93,1428,102,31,37,34,50,34,18,227,147,AFC
2003,12/31/2003,DR Congo,82,1504,20,1782,52,1585,105,1408,325,108,145,72,145,100,80,546,397,CAF
2003,12/31/2003,Haiti,85,1473,37,1673,79,1398,129,1265,336,144,106,86,153,117,66,588,474,CONCACAF
2003,12/31/2003,Ghana,93,1448,10,1877,38,1658,98,1427,514,178,213,123,252,135,127,872,565,CAF
2003,12/31/2003,Panama,109,1396,55,1508,114,1276,143,1154,258,95,92,71,69,132,57,316,499,CONCACAF
2003,12/31/2003,Cape Verde,119,1355,112,1370,130,1240,146,1172,89,30,27,32,27,42,20,77,106,CAF
2003,12/31/2003,Curaçao,165,1150,26,1618,82,1427,166,1145,348,115,129,104,148,113,87,627,558,CONCACAF
2004,12/31/2004,Argentina,1,2029,1,2159,5,1981,26,1751,828,304,325,199,435,183,210,1572,907,CONMEBOL
2004,12/31/2004,France,2,1985,1,2135,18,1755,40,1514,661,333,256,72,305,223,133,1199,1051,UEFA
2004,12/31/2004,Czech Republic,3,1983,1,2032,11,1869,26,1686,650,261,317,72,312,190,148,1238,842,UEFA
2004,12/31/2004,England,4,1977,1,2213,4,1987,17,1810,903,383,445,75,523,173,207,2194,929,UEFA
2004,12/31/2004,Brazil,5,1972,1,2195,5,1981,20,1805,779,289,257,233,480,134,165,1690,759,CONMEBOL
2004,12/31/2004,Spain,6,1965,1,2046,8,1922,19,1805,500,235,200,65,263,108,129,950,498,UEFA
2004,12/31/2004,Netherlands,7,1939,1,2109,17,1818,55,1553,642,310,259,73,308,193,141,1347,912,UEFA
2004,12/31/2004,Portugal,9,1904,3,2018,21,1760,41,1624,426,208,172,46,186,143,97,675,563,UEFA
2004,12/31/2004,Mexico,10,1887,6,1941,21,1763,48,1498,641,219,190,232,321,166,154,1188,690,CONCACAF
2004,12/31/2004,Germany,12,1881,1,2146,8,1892,25,1637,763,324,322,117,433,173,157,1690,931,UEFA
2004,12/31/2004,Sweden,13,1872,2,2013,15,1793,44,1579,852,382,387,83,419,251,182,1811,1197,UEFA
2004,12/31/2004,Japan,16,1845,9,1887,70,1389,114,1126,517,179,139,199,222,189,106,876,703,AFC
2004,12/31/2004,Croatia,17,1838,5,2008,12,1880,26,1783,149,64,64,21,72,32,45,252,155,UEFA
2004,12/31/2004,United States,18,1829,12,1853,44,1608,93,1410,471,249,171,51,173,191,107,619,712,CONCACAF
2004,12/31/2004,Uruguay,20,1818,1,2104,12,1872,44,1636,763,269,316,178,326,257,180,1215,1003,CONMEBOL
2004,12/31/2004,Australia,21,1804,11,1876,35,1653,77,1475,392,194,139,59,198,116,78,862,482,AFC
2004,12/31/2004,Colombia,22,1801,5,1945,59,1534,102,1304,394,126,141,127,140,144,110,469,515,CONMEBOL
2004,12/31/2004,Iran,24,1800,19,1807,44,1622,79,1450,389,131,102,156,211,91,87,753,331,AFC
2004,12/31/2004,Norway,25,1798,6,1944,38,1601,85,1364,670,320,308,42,234,287,149,1039,1209,UEFA
2004,12/31/2004,Turkey,26,1793,9,1898,47,1568,77,1358,425,190,197,38,142,186,97,549,688,UEFA
2004,12/31/2004,Paraguay,27,1774,5,1956,21,1756,42,1619,546,149,253,144,201,207,138,742,813,CONMEBOL
2004,12/31/2004,Belgium,33,1724,4,1961,23,1736,54,1503,641,310,283,48,256,249,136,1114,1119,UEFA
2004,12/31/2004,South Korea,34,1714,16,1845,36,1667,84,1445,740,221,187,332,412,149,179,1421,680,AFC
2004,12/31/2004,Switzerland,36,1692,9,1917,28,1659,56,1485,659,317,303,39,205,316,138,942,1241,UEFA
2004,12/31/2004,Senegal,38,1689,21,1808,61,1554,107,1387,468,162,183,123,188,152,128,585,481,CAF
2004,12/31/2004,Ivory Coast,42,1670,20,1761,47,1616,76,1476,431,175,163,93,205,116,110,680,468,CAF
2004,12/31/2004,Morocco,42,1670,19,1807,40,1657,67,1527,482,196,171,115,224,121,137,691,458,CAF
2004,12/31/2004,Ecuador,44,1668,21,1788,77,1439,121,1183,349,114,126,109,90,170,89,386,616,CONMEBOL
2004,12/31/2004,Austria,49,1648,1,2070,16,1834,55,1603,650,307,307,36,274,237,139,1225,1065,UEFA
2004,12/31/2004,Egypt,50,1645,12,1872,35,1659,70,1527,603,235,209,159,283,159,161,1056,694,CAF
2004,12/31/2004,Bosnia and Herzegovina,54,1622,46,1635,59,1582,76,1499,76,30,38,8,26,30,20,94,104,UEFA
2004,12/31/2004,Tunisia,56,1618,24,1734,44,1615,81,1439,509,238,176,95,201,166,142,709,607,CAF
2004,12/31/2004,Uzbekistan,59,1614,25,1766,58,1587,93,1428,113,34,39,40,58,35,20,249,155,AFC
2004,12/31/2004,Scotland,62,1603,1,2104,10,1907,62,1603,673,310,325,38,326,197,150,1235,835,UEFA
2004,12/31/2004,South Africa,66,1583,7,1847,23,1741,74,1537,215,95,85,35,97,72,46,316,282,CAF
2004,12/31/2004,Jordan,67,1581,40,1676,126,1233,153,1092,276,88,97,91,87,117,72,306,389,AFC
2004,12/31/2004,Saudi Arabia,68,1573,29,1735,80,1466,125,1256,496,192,82,222,245,138,113,811,545,AFC
2004,12/31/2004,Canada,69,1562,25,1733,46,1595,75,1470,274,101,125,48,96,116,62,294,401,CONCACAF
2004,12/31/2004,Qatar,74,1529,54,1611,105,1334,164,965,364,149,80,135,146,122,96,509,433,AFC
2004,12/31/2004,New Zealand,78,1517,29,1640,63,1491,103,1334,295,105,127,63,126,121,48,565,467,OFC
2004,12/31/2004,Panama,79,1516,55,1518,113,1279,143,1154,275,101,103,71,75,136,64,340,519,CONCACAF
2004,12/31/2004,Iraq,80,1508,23,1740,41,1639,81,1501,443,96,130,217,230,97,116,818,394,AFC
2004,12/31/2004,Ghana,88,1482,10,1877,38,1655,101,1424,522,183,216,123,255,136,131,880,568,CAF
2004,12/31/2004,Haiti,89,1480,37,1673,79,1399,129,1265,351,145,112,94,159,121,71,619,494,CONCACAF
2004,12/31/2004,DR Congo,95,1442,20,1782,53,1582,108,1403,336,111,150,75,147,106,83,555,415,CAF
2004,12/31/2004,Algeria,99,1419,18,1773,42,1632,102,1419,453,171,175,107,176,144,133,624,481,CAF
2004,12/31/2004,Cape Verde,113,1365,112,1370,130,1242,146,1172,95,34,29,32,29,45,21,82,114,CAF
2004,12/31/2004,Curaçao,159,1182,26,1618,83,1424,166,1145,356,120,132,104,152,116,88,643,569,CONCACAF
2005,12/31/2005,Brazil,1,2027,1,2195,5,1981,20,1805,795,294,264,237,490,136,169,1737,773,CONMEBOL
2005,12/31/2005,Netherlands,2,1992,1,2109,17,1820,55,1553,653,316,264,73,315,194,144,1367,917,UEFA
2005,12/31/2005,France,3,1973,1,2135,18,1757,40,1514,672,340,259,73,311,223,138,1218,1057,UEFA
2005,12/31/2005,Czech Republic,4,1965,1,2032,11,1870,26,1686,662,267,323,72,321,193,148,1273,854,UEFA
2005,12/31/2005,England,5,1963,1,2213,4,1987,17,1810,914,388,449,77,531,175,208,2213,940,UEFA
2005,12/31/2005,Spain,6,1957,1,2046,8,1922,19,1805,512,243,204,65,271,108,133,979,503,UEFA
2005,12/31/2005,Argentina,8,1930,1,2159,5,1981,26,1751,845,307,333,205,443,188,214,1600,930,CONMEBOL
2005,12/31/2005,Portugal,9,1910,3,2018,21,1762,41,1624,438,215,177,46,194,144,100,699,568,UEFA
2005,12/31/2005,Sweden,10,1903,2,2013,15,1794,44,1579,864,387,392,85,425,253,186,1835,1207,UEFA
2005,12/31/2005,Germany,11,1891,1,2146,8,1892,25,1637,778,333,328,117,440,176,162,1722,955,UEFA
2005,12/31/2005,Croatia,13,1864,5,2008,12,1879,26,1783,159,68,70,21,77,33,49,271,164,UEFA
2005,12/31/2005,Turkey,16,1844,9,1898,46,1571,77,1358,436,195,203,38,149,188,99,573,700,UEFA
2005,12/31/2005,United States,17,1841,11,1890,44,1611,93,1410,491,263,177,51,186,194,111,652,724,CONCACAF
2005,12/31/2005,Mexico,18,1835,6,1958,21,1764,48,1498,667,226,196,245,334,172,161,1232,716,CONCACAF
2005,12/31/2005,Iran,19,1828,17,1835,44,1626,79,1450,404,138,107,159,222,93,89,780,340,AFC
2005,12/31/2005,Uruguay,21,1821,1,2104,12,1872,44,1636,774,273,323,178,329,260,185,1224,1014,CONMEBOL
2005,12/31/2005,Japan,22,1812,9,1887,70,1394,114,1126,537,188,144,205,233,195,109,907,723,AFC
2005,12/31/2005,Switzerland,25,1780,9,1917,28,1660,56,1485,670,321,310,39,211,317,142,959,1250,UEFA
2005,12/31/2005,Paraguay,26,1778,5,1956,22,1756,42,1619,558,154,256,148,208,211,139,763,830,CONMEBOL
2005,12/31/2005,Norway,28,1767,6,1944,38,1603,85,1364,686,326,318,42,242,291,153,1056,1221,UEFA
2005,12/31/2005,Australia,29,1765,11,1876,35,1654,77,1475,404,198,143,63,205,120,79,889,496,AFC
2005,12/31/2005,Colombia,30,1764,5,1945,59,1538,102,1304,411,129,147,135,146,151,114,494,536,CONMEBOL
2005,12/31/2005,Ecuador,38,1715,21,1788,76,1443,121,1183,366,120,132,114,98,175,93,410,637,CONMEBOL
2005,12/31/2005,Egypt,39,1713,12,1872,35,1659,70,1527,619,243,215,161,294,162,163,1093,706,CAF
2005,12/31/2005,Tunisia,40,1712,24,1734,44,1616,81,1439,521,243,180,98,209,168,144,737,619,CAF
2005,12/31/2005,Ivory Coast,41,1701,20,1761,47,1617,76,1476,440,178,166,96,209,118,113,695,479,CAF
2005,12/31/2005,Senegal,41,1701,21,1808,60,1556,107,1387,478,165,187,126,193,154,131,604,492,CAF
2005,12/31/2005,Belgium,43,1698,4,1961,24,1736,54,1503,650,314,288,48,260,252,138,1131,1129,UEFA
2005,12/31/2005,South Korea,44,1687,16,1845,36,1667,84,1445,758,232,190,336,419,154,185,1444,694,AFC
2005,12/31/2005,Scotland,46,1681,1,2104,10,1905,63,1598,682,314,330,38,329,199,154,1246,843,UEFA
2005,12/31/2005,Morocco,46,1681,19,1807,40,1657,67,1527,490,200,173,117,228,122,140,704,463,CAF
2005,12/31/2005,Austria,49,1668,1,2070,16,1832,55,1603,659,310,312,37,277,239,143,1236,1073,UEFA
2005,12/31/2005,Bosnia and Herzegovina,54,1630,46,1638,59,1584,76,1499,86,33,45,8,30,34,22,106,115,UEFA
2005,12/31/2005,Iraq,55,1608,23,1740,41,1637,81,1501,453,96,136,221,234,99,120,836,403,AFC
2005,12/31/2005,Ghana,57,1602,10,1877,39,1653,101,1424,530,185,221,124,260,136,134,896,573,CAF
2005,12/31/2005,Uzbekistan,64,1578,25,1766,59,1586,93,1428,122,39,43,40,60,38,24,258,167,AFC
2005,12/31/2005,Saudi Arabia,66,1568,29,1735,80,1469,125,1256,517,205,85,227,255,145,117,842,567,AFC
2005,12/31/2005,Canada,67,1565,25,1733,46,1595,75,1470,282,102,130,50,99,121,62,301,413,CONCACAF
2005,12/31/2005,Jordan,71,1544,40,1676,125,1239,153,1092,281,91,99,91,87,120,74,309,395,AFC
2005,12/31/2005,South Africa,77,1517,7,1847,24,1740,77,1517,231,101,90,40,102,77,52,342,311,CAF
2005,12/31/2005,New Zealand,78,1514,29,1640,64,1491,103,1334,296,105,127,64,126,122,48,565,468,OFC
2005,12/31/2005,Qatar,79,1510,54,1611,105,1339,164,965,370,153,80,137,148,125,97,513,446,AFC
2005,12/31/2005,Panama,90,1475,55,1563,113,1282,143,1154,299,106,114,79,78,151,70,353,561,CONCACAF
2005,12/31/2005,Haiti,91,1473,37,1673,79,1400,129,1265,358,146,117,95,160,125,73,626,504,CONCACAF
2005,12/31/2005,DR Congo,96,1453,20,1782,54,1580,108,1403,350,116,155,79,150,109,91,576,435,CAF
2005,12/31/2005,Algeria,102,1407,18,1773,43,1629,102,1402,460,175,177,108,178,147,135,633,493,CAF
2005,12/31/2005,Cape Verde,126,1314,103,1391,129,1245,146,1172,101,36,32,33,30,50,21,87,126,CAF
2005,12/31/2005,Curaçao,161,1182,26,1618,84,1421,166,1145,356,120,132,104,152,116,88,643,569,CONCACAF
2006,12/31/2006,Brazil,1,2080,1,2195,5,1982,20,1805,807,294,267,246,500,137,170,1762,778,CONMEBOL
2006,12/31/2006,France,2,2060,1,2135,18,1759,40,1514,689,347,262,80,323,225,141,1248,1066,UEFA
2006,12/31/2006,Netherlands,4,1989,1,2109,17,1821,55,1553,667,323,267,77,324,195,148,1387,924,UEFA
2006,12/31/2006,Argentina,5,1979,1,2159,5,1981,26,1751,854,307,335,212,447,191,216,1616,941,CONMEBOL
2006,12/31/2006,Germany,6,1976,1,2146,8,1893,25,1637,796,347,332,117,453,178,165,1777,970,UEFA
2006,12/31/2006,England,7,1960,1,2213,4,1987,17,1810,928,394,452,82,540,176,212,2241,947,UEFA
2006,12/31/2006,Croatia,9,1896,5,2008,12,1878,26,1783,174,71,75,28,84,37,53,302,180,UEFA
2006,12/31/2006,Portugal,9,1896,2,2018,21,1764,41,1624,453,218,181,54,203,148,102,726,581,UEFA
2006,12/31/2006,Czech Republic,11,1884,1,2032,11,1870,26,1686,675,273,326,76,328,196,151,1299,866,UEFA
2006,12/31/2006,Spain,12,1883,1,2046,8,1922,19,1805,526,249,207,70,279,112,135,1003,517,UEFA
2006,12/31/2006,Sweden,13,1870,2,2013,15,1795,44,1579,879,391,398,90,430,257,192,1848,1222,UEFA
2006,12/31/2006,Switzerland,15,1846,9,1917,28,1661,56,1485,683,327,313,43,218,319,146,980,1258,UEFA
2006,12/31/2006,Turkey,16,1843,9,1898,46,1574,77,1358,449,196,208,45,155,189,105,595,712,UEFA
2006,12/31/2006,Uruguay,18,1822,1,2104,12,1871,44,1636,784,274,329,181,334,263,187,1237,1021,CONMEBOL
2006,12/31/2006,Mexico,19,1821,6,1958,21,1765,48,1498,679,227,198,254,340,177,162,1246,728,CONCACAF
2006,12/31/2006,Colombia,21,1790,5,1945,58,1542,102,1304,418,129,151,138,149,152,117,502,543,CONMEBOL
2006,12/31/2006,Iran,23,1783,13,1842,44,1628,79,1450,419,144,112,163,230,95,94,807,354,AFC
2006,12/31/2006,Ivory Coast,27,1774,20,1774,47,1620,76,1476,457,179,170,108,217,123,117,721,496,CAF
2006,12/31/2006,Norway,28,1767,6,1944,38,1604,85,1364,696,330,323,43,244,295,157,1068,1236,UEFA
2006,12/31/2006,United States,29,1765,11,1890,44,1613,93,1410,506,272,178,56,193,199,114,674,740,CONCACAF
2006,12/31/2006,Paraguay,30,1761,5,1956,22,1756,42,1619,568,154,261,153,210,215,143,773,841,CONMEBOL
2006,12/31/2006,Australia,30,1761,11,1876,35,1656,77,1475,417,202,146,69,211,123,83,908,509,AFC
2006,12/31/2006,Ecuador,30,1761,21,1805,75,1447,121,1183,377,121,135,121,101,181,95,420,649,CONMEBOL
2006,12/31/2006,Ghana,34,1752,10,1877,39,1653,101,1424,547,185,224,138,268,143,136,917,591,CAF
2006,12/31/2006,Scotland,37,1737,1,2104,10,1904,63,1598,689,317,333,39,333,201,155,1261,850,UEFA
2006,12/31/2006,Japan,40,1726,9,1887,69,1399,114,1126,556,197,149,210,242,201,113,937,742,AFC
2006,12/31/2006,Egypt,41,1723,12,1872,35,1660,70,1527,632,253,217,162,301,165,166,1113,716,CAF
2006,12/31/2006,South Korea,45,1680,16,1845,36,1668,84,1445,780,239,196,345,429,160,191,1475,714,AFC
2006,12/31/2006,Belgium,47,1672,4,1961,24,1736,54,1503,659,318,292,49,264,254,141,1143,1136,UEFA
2006,12/31/2006,Morocco,48,1660,19,1807,40,1657,67,1527,502,206,175,121,234,125,143,720,469,CAF
2006,12/31/2006,Senegal,49,1650,21,1808,60,1559,107,1387,490,168,190,132,198,159,133,617,503,CAF
2006,12/31/2006,Tunisia,50,1639,24,1757,44,1617,81,1439,537,250,181,106,216,173,148,756,632,CAF
2006,12/31/2006,Austria,53,1629,1,2070,16,1830,59,1603,667,315,313,39,280,243,144,1248,1087,UEFA
2006,12/31/2006,Iraq,57,1599,23,1740,42,1636,81,1501,467,96,145,226,240,104,123,860,424,AFC
2006,12/31/2006,Canada,59,1589,25,1733,47,1595,75,1470,287,103,134,50,101,123,63,305,416,CONCACAF
2006,12/31/2006,Saudi Arabia,61,1579,29,1735,79,1471,125,1256,541,218,88,235,264,154,123,879,597,AFC
2006,12/31/2006,Uzbekistan,65,1572,25,1766,59,1585,93,1428,129,42,47,40,64,39,26,273,171,AFC
2006,12/31/2006,Bosnia and Herzegovina,68,1563,46,1638,59,1586,76,1499,94,36,49,9,31,39,24,119,137,UEFA
2006,12/31/2006,Jordan,72,1554,40,1676,124,1245,153,1092,298,99,106,93,94,126,78,330,408,AFC
2006,12/31/2006,Qatar,74,1547,54,1611,104,1345,164,965,378,158,83,137,155,126,97,531,450,AFC
2006,12/31/2006,New Zealand,80,1515,29,1640,64,1492,103,1334,304,107,131,66,129,126,49,573,482,OFC
2006,12/31/2006,Panama,84,1502,55,1563,112,1285,143,1154,305,108,118,79,81,153,71,360,566,CONCACAF
2006,12/31/2006,South Africa,91,1473,7,1847,25,1737,99,1448,242,102,95,45,106,81,55,347,318,CAF
2006,12/31/2006,DR Congo,94,1462,20,1782,54,1578,108,1403,360,117,161,82,152,114,94,584,451,CAF
2006,12/31/2006,Haiti,97,1438,37,1673,79,1401,129,1265,369,150,119,100,164,129,76,645,515,CONCACAF
2006,12/31/2006,Algeria,101,1412,18,1773,44,1626,103,1395,466,177,178,111,180,149,137,636,497,CAF
2006,12/31/2006,Cape Verde,123,1324,103,1391,129,1246,146,1172,104,37,34,33,31,52,21,89,132,CAF
2006,12/31/2006,Curaçao,172,1112,26,1618,85,1418,173,1112,359,123,132,104,152,118,89,644,576,CONCACAF
2007,12/31/2007,Brazil,1,2077,1,2195,5,1983,20,1805,825,296,271,258,511,139,175,1800,791,CONMEBOL
2007,12/31/2007,Argentina,3,2012,1,2159,5,1981,26,1751,870,310,341,219,458,194,218,1648,955,CONMEBOL
2007,12/31/2007,France,4,2011,1,2135,17,1762,40,1514,701,354,267,80,330,227,144,1266,1072,UEFA
2007,12/31/2007,Spain,5,1964,1,2046,8,1922,19,1805,538,254,214,70,289,112,137,1024,522,UEFA
2007,12/31/2007,Netherlands,6,1946,1,2109,16,1823,55,1553,679,328,274,77,332,198,149,1405,931,UEFA
2007,12/31/2007,Czech Republic,7,1943,1,2032,11,1870,26,1686,685,277,332,76,335,197,153,1316,870,UEFA
2007,12/31/2007,Germany,7,1943,1,2146,8,1894,25,1637,808,355,336,117,461,180,167,1801,979,UEFA
2007,12/31/2007,England,9,1909,1,2213,4,1986,17,1810,940,401,456,83,546,180,214,2262,956,UEFA
2007,12/31/2007,Croatia,11,1894,5,2008,12,1879,26,1783,185,77,80,28,93,38,54,327,189,UEFA
2007,12/31/2007,Mexico,12,1883,6,1958,21,1766,48,1498,702,232,200,270,353,185,164,1285,754,CONCACAF
2007,12/31/2007,Portugal,13,1879,2,2018,21,1766,41,1624,465,223,187,55,209,148,108,745,589,UEFA
2007,12/31/2007,Paraguay,14,1844,5,1956,22,1756,42,1619,584,157,270,157,216,221,147,795,859,CONMEBOL
2007,12/31/2007,Colombia,15,1838,5,1945,58,1545,102,1304,435,136,155,144,159,155,121,526,560,CONMEBOL
2007,12/31/2007,Turkey,18,1814,9,1898,46,1577,77,1358,461,199,215,47,159,193,109,612,726,UEFA
2007,12/31/2007,Switzerland,19,1807,9,1917,28,1663,56,1485,693,332,314,47,222,324,147,995,1274,UEFA
2007,12/31/2007,Sweden,20,1798,2,2013,15,1795,44,1579,893,396,407,90,435,262,196,1868,1240,UEFA
2007,12/31/2007,Uruguay,21,1797,1,2104,13,1871,44,1636,798,276,337,185,340,267,191,1260,1037,CONMEBOL
2007,12/31/2007,Iran,24,1788,13,1842,43,1630,79,1450,432,146,117,169,238,96,98,831,365,AFC
2007,12/31/2007,Japan,26,1778,9,1887,69,1402,114,1126,569,202,151,216,249,202,118,962,753,AFC
2007,12/31/2007,Norway,27,1772,6,1944,38,1606,85,1364,707,336,327,44,250,298,159,1092,1248,UEFA
2007,12/31/2007,Ghana,29,1760,10,1877,39,1655,101,1424,555,187,226,142,272,145,138,931,602,CAF
2007,12/31/2007,Scotland,30,1759,1,2104,10,1903,63,1598,699,322,338,39,340,204,155,1275,859,UEFA
2007,12/31/2007,United States,30,1759,11,1890,44,1615,93,1410,523,283,181,59,204,204,115,702,758,CONCACAF
2007,12/31/2007,Ivory Coast,32,1756,20,1788,46,1623,76,1476,466,180,175,111,222,125,119,742,502,CAF
2007,12/31/2007,Australia,38,1729,11,1876,35,1657,77,1475,427,204,149,74,215,127,85,923,520,AFC
2007,12/31/2007,Egypt,40,1699,12,1872,35,1661,70,1527,644,260,221,163,307,166,171,1132,723,CAF
2007,12/31/2007,Morocco,42,1686,19,1807,40,1657,67,1527,510,209,178,123,238,126,146,732,475,CAF
2007,12/31/2007,Ecuador,43,1673,21,1805,75,1451,121,1183,395,127,140,128,106,192,97,447,685,CONMEBOL
2007,12/31/2007,South Korea,45,1666,16,1845,36,1668,84,1445,791,243,197,351,433,163,195,1484,722,AFC
2007,12/31/2007,Senegal,48,1653,21,1808,60,1561,107,1387,500,170,193,137,204,160,136,639,515,CAF
2007,12/31/2007,Saudi Arabia,50,1650,29,1735,79,1474,125,1256,565,223,92,250,278,159,128,919,616,AFC
2007,12/31/2007,Iraq,51,1642,23,1740,42,1636,81,1501,487,96,151,240,247,109,131,884,439,AFC
2007,12/31/2007,Belgium,52,1640,4,1961,24,1735,57,1503,669,323,297,49,267,259,143,1153,1152,UEFA
2007,12/31/2007,Tunisia,54,1633,24,1757,44,1617,81,1439,546,254,186,106,221,174,151,772,637,CAF
2007,12/31/2007,Canada,57,1625,25,1733,47,1595,75,1470,297,104,139,54,105,126,66,321,427,CONCACAF
2007,12/31/2007,Austria,59,1598,1,2070,17,1828,61,1592,679,324,316,39,281,248,150,1255,1100,UEFA
2007,12/31/2007,Panama,65,1569,55,1587,112,1289,143,1154,323,112,123,88,86,159,78,379,590,CONCACAF
2007,12/31/2007,Uzbekistan,69,1557,25,1766,60,1583,93,1428,147,45,54,48,71,46,30,311,189,AFC
2007,12/31/2007,Haiti,72,1545,37,1673,79,1403,129,1265,386,151,125,110,174,132,80,672,527,CONCACAF
2007,12/31/2007,New Zealand,73,1542,29,1640,64,1492,103,1334,312,110,136,66,132,128,52,583,495,OFC
2007,12/31/2007,Bosnia and Herzegovina,74,1541,46,1638,59,1586,76,1499,103,41,53,9,34,45,24,130,153,UEFA
2007,12/31/2007,Jordan,82,1517,40,1676,123,1250,153,1092,307,105,109,93,98,129,80,342,414,AFC
2007,12/31/2007,South Africa,88,1484,7,1847,25,1734,99,1448,258,112,99,47,112,86,60,367,328,CAF
2007,12/31/2007,Qatar,90,1468,54,1611,103,1349,164,965,395,166,87,142,159,133,103,551,474,AFC
2007,12/31/2007,DR Congo,96,1448,20,1782,55,1576,108,1403,367,120,165,82,154,116,97,592,457,CAF
2007,12/31/2007,Algeria,105,1401,18,1773,44,1623,110,1386,474,180,180,114,183,153,138,649,512,CAF
2007,12/31/2007,Cape Verde,131,1303,103,1391,129,1247,146,1172,110,39,37,34,31,54,25,92,141,CAF
2007,12/31/2007,Curaçao,174,1112,26,1618,86,1414,174,1112,359,123,132,104,152,118,89,644,576,CONCACAF
2008,12/31/2008,Spain,1,2100,1,2100,8,1924,19,1805,554,261,217,76,304,112,138,1057,527,UEFA
2008,12/31/2008,Netherlands,2,2027,1,2109,16,1825,55,1553,694,334,279,81,343,200,151,1438,944,UEFA
2008,12/31/2008,Brazil,3,2017,1,2195,5,1984,20,1805,836,300,275,261,517,141,178,1818,799,CONMEBOL
2008,12/31/2008,England,5,1987,1,2213,4,1986,17,1810,950,405,461,84,554,181,215,2287,964,UEFA
2008,12/31/2008,Argentina,6,1974,1,2159,5,1981,26,1751,882,313,348,221,463,195,224,1665,961,CONMEBOL
2008,12/31/2008,Germany,7,1966,1,2146,8,1894,25,1637,824,361,341,122,472,183,169,1837,995,UEFA
2008,12/31/2008,France,8,1892,1,2135,17,1764,40,1514,715,361,271,83,336,231,148,1282,1088,UEFA
2008,12/31/2008,Croatia,9,1882,5,2008,12,1879,26,1783,198,82,85,31,100,40,58,346,202,UEFA
2008,12/31/2008,Paraguay,11,1854,5,1956,22,1757,42,1619,597,160,278,159,221,224,152,807,871,CONMEBOL
2008,12/31/2008,Czech Republic,12,1846,1,2032,11,1871,26,1686,697,280,338,79,340,201,156,1333,884,UEFA
2008,12/31/2008,Mexico,13,1834,6,1958,21,1767,48,1498,717,236,204,277,362,189,166,1315,769,CONCACAF
2008,12/31/2008,Uruguay,15,1831,1,2104,13,1871,44,1636,809,280,343,186,344,268,197,1281,1049,CONMEBOL
2008,12/31/2008,Turkey,16,1830,9,1898,45,1580,77,1358,477,203,220,54,167,196,114,637,744,UEFA
2008,12/31/2008,Portugal,18,1822,2,2018,21,1767,41,1624,478,227,191,60,214,154,110,769,609,UEFA
2008,12/31/2008,United States,19,1804,11,1890,43,1617,93,1410,537,290,188,59,213,207,117,732,766,CONCACAF
2008,12/31/2008,Switzerland,21,1792,9,1917,28,1664,56,1485,706,342,317,47,229,329,148,1016,1290,UEFA
2008,12/31/2008,Iran,24,1773,13,1842,43,1632,79,1450,453,157,125,171,250,98,105,862,376,AFC
2008,12/31/2008,Japan,24,1773,9,1887,69,1406,114,1126,588,213,157,218,259,204,125,993,766,AFC
2008,12/31/2008,Egypt,29,1767,12,1872,35,1662,70,1527,662,266,225,171,320,169,173,1172,740,CAF
2008,12/31/2008,Sweden,30,1758,2,2013,15,1795,44,1579,907,401,412,94,439,269,199,1878,1255,UEFA
2008,12/31/2008,Australia,31,1756,11,1876,35,1658,77,1475,440,209,155,76,223,129,88,941,526,AFC
2008,12/31/2008,Colombia,33,1747,5,1945,57,1549,102,1304,448,140,161,147,161,162,125,536,576,CONMEBOL
2008,12/31/2008,South Korea,37,1725,16,1845,37,1668,84,1445,807,250,202,355,441,164,202,1511,733,AFC
2008,12/31/2008,Scotland,39,1720,1,2104,11,1901,63,1598,706,326,341,39,341,207,158,1279,866,UEFA
2008,12/31/2008,Ivory Coast,40,1709,15,1839,46,1625,76,1476,484,183,182,119,231,129,124,775,520,CAF
2008,12/31/2008,Norway,41,1707,6,1944,38,1607,85,1364,715,340,331,44,250,302,163,1098,1261,UEFA
2008,12/31/2008,Ecuador,42,1703,21,1805,74,1455,121,1183,407,131,145,131,111,196,100,459,697,CONMEBOL
2008,12/31/2008,Ghana,44,1695,10,1877,39,1656,101,1424,572,197,231,144,281,151,140,956,618,CAF
2008,12/31/2008,Morocco,47,1661,19,1807,40,1657,67,1527,524,216,183,125,248,129,147,767,489,CAF
2008,12/31/2008,Saudi Arabia,50,1648,29,1735,78,1478,125,1256,583,236,96,251,290,162,131,950,631,AFC
2008,12/31/2008,Belgium,52,1631,4,1961,24,1734,57,1503,677,327,301,49,269,263,145,1163,1167,UEFA
2008,12/31/2008,Tunisia,56,1615,24,1757,45,1617,81,1439,562,260,191,111,228,178,156,796,652,CAF
2008,12/31/2008,Iraq,59,1595,23,1740,42,1636,81,1501,499,96,159,244,250,114,135,894,452,AFC
2008,12/31/2008,Bosnia and Herzegovina,61,1576,46,1638,60,1583,81,1499,112,46,57,9,38,49,25,150,167,UEFA
2008,12/31/2008,Canada,64,1566,25,1733,47,1595,75,1470,309,108,145,56,108,132,69,339,448,CONCACAF
2008,12/31/2008,Austria,65,1565,1,2070,17,1826,66,1565,693,335,318,40,284,255,154,1278,1126,UEFA
2008,12/31/2008,Uzbekistan,69,1553,25,1766,60,1583,93,1428,160,51,61,48,77,51,32,331,207,AFC
2008,12/31/2008,Panama,71,1545,55,1590,111,1293,143,1154,329,113,126,90,88,161,80,384,596,CONCACAF
2008,12/31/2008,Senegal,72,1543,21,1808,60,1561,107,1387,513,174,198,141,208,163,142,657,531,CAF
2008,12/31/2008,South Africa,75,1533,7,1847,26,1732,99,1448,280,127,102,51,125,91,64,399,347,CAF
2008,12/31/2008,New Zealand,82,1520,29,1640,64,1492,103,1334,315,111,138,66,134,129,52,589,498,OFC
2008,12/31/2008,Jordan,83,1519,40,1676,122,1255,153,1092,327,111,119,97,104,139,84,365,439,AFC
2008,12/31/2008,Qatar,86,1510,54,1611,103,1353,164,965,420,182,93,145,169,142,109,582,509,AFC
2008,12/31/2008,Algeria,97,1438,18,1773,45,1621,110,1386,483,183,183,117,187,155,141,659,518,CAF
2008,12/31/2008,DR Congo,99,1432,20,1782,56,1574,108,1403,377,124,168,85,158,119,100,609,465,CAF
2008,12/31/2008,Haiti,105,1414,37,1673,79,1404,129,1265,408,158,137,113,179,141,88,689,556,CONCACAF
2008,12/31/2008,Cape Verde,125,1320,103,1391,129,1249,146,1172,118,42,41,35,35,57,26,101,150,CAF
2008,12/31/2008,Curaçao,168,1145,26,1618,87,1411,174,1112,371,129,136,106,156,124,91,654,592,CONCACAF
2009,12/31/2009,Brazil,1,2103,1,2195,5,1984,20,1805,853,304,282,267,531,142,180,1856,811,CONMEBOL
2009,12/31/2009,Spain,2,2094,1,2132,8,1926,19,1805,570,266,225,79,319,113,138,1104,539,UEFA
2009,12/31/2009,Netherlands,3,2031,1,2109,16,1827,55,1553,705,340,284,81,349,200,156,1456,948,UEFA
2009,12/31/2009,England,4,1985,1,2213,4,1986,17,1810,961,411,465,85,561,184,216,2315,973,UEFA
2009,12/31/2009,Germany,5,1961,1,2146,8,1895,25,1637,835,367,346,122,479,184,172,1863,1002,UEFA
2009,12/31/2009,Argentina,7,1897,1,2159,5,1981,26,1751,895,319,355,221,471,200,224,1686,979,CONMEBOL
2009,12/31/2009,France,8,1890,1,2135,17,1765,40,1514,727,369,275,83,343,233,151,1298,1095,UEFA
2009,12/31/2009,Mexico,8,1890,6,1958,21,1768,48,1498,738,241,210,287,374,194,170,1358,787,CONCACAF
2009,12/31/2009,Croatia,10,1888,5,2008,12,1880,26,1783,207,86,90,31,107,41,59,367,214,UEFA
2009,12/31/2009,Portugal,12,1874,2,2018,21,1767,41,1624,490,232,197,61,223,154,113,788,611,UEFA
2009,12/31/2009,Uruguay,15,1814,1,2104,13,1870,44,1636,821,285,350,186,349,272,200,1295,1063,CONMEBOL
2009,12/31/2009,United States,17,1802,9,1890,43,1619,93,1410,561,302,195,64,226,215,120,775,802,CONCACAF
2009,12/31/2009,Switzerland,18,1792,9,1917,28,1666,56,1485,715,348,320,47,233,330,152,1028,1294,UEFA
2009,12/31/2009,Australia,19,1788,11,1876,35,1659,77,1475,452,215,161,76,229,131,92,954,532,AFC
2009,12/31/2009,Japan,19,1788,9,1887,68,1410,114,1126,605,223,163,219,270,207,128,1033,778,AFC
2009,12/31/2009,Turkey,21,1784,9,1898,45,1583,77,1358,487,208,225,54,171,200,116,651,754,UEFA
2009,12/31/2009,Sweden,26,1771,2,2013,16,1795,44,1579,920,405,420,95,446,274,200,1895,1265,UEFA
2009,12/31/2009,Paraguay,28,1760,5,1956,22,1757,42,1619,610,164,286,160,225,231,154,815,886,CONMEBOL
2009,12/31/2009,Ivory Coast,28,1760,15,1839,46,1627,76,1476,495,188,188,119,238,129,128,801,528,CAF
2009,12/31/2009,Colombia,30,1759,5,1945,57,1551,102,1304,460,145,165,150,168,167,125,553,590,CONMEBOL
2009,12/31/2009,South Korea,32,1749,16,1845,37,1669,84,1445,821,257,205,359,447,165,209,1527,741,AFC
2009,12/31/2009,Norway,33,1747,6,1944,38,1608,85,1364,725,344,337,44,256,304,165,1112,1269,UEFA
2009,12/31/2009,Czech Republic,35,1746,1,2032,11,1870,35,1686,708,286,342,80,344,203,161,1349,891,UEFA
2009,12/31/2009,Ecuador,37,1722,21,1805,74,1459,121,1183,417,135,149,133,114,200,103,470,709,CONMEBOL
2009,12/31/2009,Egypt,41,1696,12,1872,35,1663,70,1527,679,275,229,175,329,173,177,1202,759,CAF
2009,12/31/2009,Ghana,42,1686,10,1877,39,1657,101,1424,584,201,237,146,287,154,143,976,631,CAF
2009,12/31/2009,Saudi Arabia,43,1681,29,1735,77,1482,125,1256,604,243,105,256,300,165,139,981,646,AFC
2009,12/31/2009,Scotland,46,1670,1,2104,11,1900,63,1598,713,329,345,39,343,212,158,1283,880,UEFA
2009,12/31/2009,Bosnia and Herzegovina,49,1642,45,1672,60,1586,81,1499,123,51,62,10,43,53,27,167,182,UEFA
2009,12/31/2009,Iran,50,1634,13,1842,43,1634,79,1450,475,167,136,172,258,104,113,890,397,AFC
2009,12/31/2009,Tunisia,52,1622,24,1757,45,1617,81,1439,572,267,194,111,232,180,160,808,658,CAF
2009,12/31/2009,Canada,56,1606,25,1733,47,1595,75,1470,317,108,148,61,112,135,70,347,455,CONCACAF
2009,12/31/2009,Austria,60,1587,1,2070,18,1823,71,1554,702,341,321,40,287,260,155,1288,1143,UEFA
2009,12/31/2009,Belgium,62,1586,4,1961,25,1732,70,1503,689,331,307,51,273,270,146,1178,1190,UEFA
2009,12/31/2009,Algeria,64,1580,18,1773,46,1619,110,1386,492,188,186,118,194,156,142,672,523,CAF
2009,12/31/2009,Morocco,68,1569,19,1807,41,1657,69,1527,533,221,186,126,249,132,152,773,498,CAF
2009,12/31/2009,Iraq,72,1557,23,1740,43,1634,83,1501,513,98,165,250,254,119,140,907,465,AFC
2009,12/31/2009,Panama,74,1550,55,1590,111,1296,143,1154,343,114,132,97,92,168,83,401,614,CONCACAF
2009,12/31/2009,Uzbekistan,75,1546,25,1766,61,1581,93,1428,171,57,65,49,81,55,35,343,215,AFC
2009,12/31/2009,Senegal,77,1544,21,1808,60,1561,107,1387,519,174,202,143,209,165,145,661,538,CAF
2009,12/31/2009,Qatar,82,1531,54,1611,102,1357,164,965,440,189,100,151,176,149,115,602,532,AFC
2009,12/31/2009,New Zealand,83,1523,29,1640,64,1492,103,1334,325,112,144,69,136,134,55,598,515,OFC
2009,12/31/2009,South Africa,85,1519,7,1847,26,1730,99,1448,303,141,108,54,132,103,68,415,370,CAF
2009,12/31/2009,Jordan,94,1463,40,1676,122,1259,153,1092,338,116,124,98,106,145,87,374,456,AFC
2009,12/31/2009,Haiti,104,1429,37,1673,80,1404,129,1265,419,160,140,119,180,147,92,697,575,CONCACAF
2009,12/31/2009,DR Congo,105,1423,20,1782,56,1572,108,1403,381,124,170,87,159,121,101,614,473,CAF
2009,12/31/2009,Cape Verde,118,1361,103,1391,129,1251,146,1172,122,43,42,37,38,57,27,110,151,CAF
2009,12/31/2009,Curaçao,175,1123,26,1618,88,1408,175,1112,374,129,137,108,156,126,92,656,598,CONCACAF
2010,12/31/2010,Spain,1,2115,1,2164,8,1928,19,1805,587,268,231,88,332,116,139,1136,555,UEFA
2010,12/31/2010,Netherlands,2,2104,1,2126,16,1829,55,1553,722,346,287,89,364,201,157,1496,961,UEFA
2010,12/31/2010,Brazil,3,2095,1,2195,5,1986,20,1805,865,304,285,276,540,144,181,1882,817,CONMEBOL
2010,12/31/2010,Germany,4,2067,1,2146,8,1896,25,1637,852,372,351,129,491,187,174,1903,1012,UEFA
2010,12/31/2010,Argentina,5,1993,1,2159,5,1980,26,1751,909,324,358,227,483,202,224,1717,990,CONMEBOL
2010,12/31/2010,England,6,1924,1,2213,4,1986,17,1810,973,417,466,90,568,186,219,2336,985,UEFA
2010,12/31/2010,Croatia,7,1912,5,2008,12,1880,26,1783,217,90,96,31,114,41,62,382,217,UEFA
2010,12/31/2010,Portugal,8,1898,2,2018,21,1769,41,1624,503,238,199,66,230,156,117,817,620,UEFA
2010,12/31/2010,Uruguay,10,1891,1,2104,13,1870,44,1636,834,286,355,193,357,275,202,1326,1076,CONMEBOL
2010,12/31/2010,Mexico,11,1845,6,1958,20,1769,48,1498,758,247,212,299,384,199,175,1388,805,CONCACAF
2010,12/31/2010,Sweden,14,1812,2,2013,16,1795,44,1579,930,410,425,95,453,275,202,1915,1272,UEFA
2010,12/31/2010,Norway,15,1808,6,1944,38,1610,85,1364,734,348,342,44,263,306,165,1125,1277,UEFA
2010,12/31/2010,France,17,1802,1,2135,17,1766,40,1514,740,374,280,86,348,239,153,1311,1108,UEFA
2010,12/31/2010,Japan,18,1785,9,1887,68,1414,114,1126,624,233,165,226,278,213,133,1051,795,AFC
2010,12/31/2010,Paraguay,19,1784,5,1956,22,1758,42,1619,626,166,292,168,231,235,160,837,896,CONMEBOL
2010,12/31/2010,Egypt,20,1777,12,1872,35,1665,70,1527,692,278,232,182,338,176,178,1230,771,CAF
2010,12/31/2010,Turkey,20,1777,9,1898,45,1585,77,1358,497,211,230,56,177,204,116,666,764,UEFA
2010,12/31/2010,Australia,22,1775,11,1876,35,1660,77,1475,465,218,166,81,235,135,95,967,550,AFC
2010,12/31/2010,United States,23,1767,9,1890,43,1620,93,1410,575,309,197,69,231,220,124,794,823,CONCACAF
2010,12/31/2010,Colombia,24,1763,5,1945,57,1554,102,1304,468,146,170,152,170,169,129,560,596,CONMEBOL
2010,12/31/2010,Switzerland,25,1753,9,1917,28,1667,56,1485,727,355,322,50,236,335,156,1039,1307,UEFA
2010,12/31/2010,Ghana,27,1741,10,1877,39,1658,101,1424,602,202,242,158,294,160,148,991,646,CAF
2010,12/31/2010,Czech Republic,28,1740,1,2032,11,1869,35,1686,716,289,346,81,348,206,162,1361,898,UEFA
2010,12/31/2010,South Korea,28,1740,16,1845,36,1671,84,1445,840,261,207,372,457,172,211,1555,761,AFC
2010,12/31/2010,Ecuador,33,1727,21,1805,73,1462,121,1183,424,136,152,136,116,203,105,478,717,CONMEBOL
2010,12/31/2010,Ivory Coast,35,1712,15,1839,45,1629,76,1476,516,189,192,135,250,135,131,830,545,CAF
2010,12/31/2010,Iran,39,1693,13,1842,43,1634,79,1450,487,168,141,178,266,106,115,909,407,AFC
2010,12/31/2010,Saudi Arabia,46,1659,29,1735,77,1486,125,1256,620,246,107,267,307,169,144,998,654,AFC
2010,12/31/2010,Scotland,47,1657,1,2104,11,1898,63,1598,720,333,348,39,346,215,159,1291,888,UEFA
2010,12/31/2010,Bosnia and Herzegovina,55,1628,45,1672,59,1588,81,1499,132,54,67,11,46,56,30,182,198,UEFA
2010,12/31/2010,Belgium,57,1619,4,1961,25,1731,70,1503,697,335,311,51,276,274,147,1190,1201,UEFA
2010,12/31/2010,South Africa,58,1606,7,1847,27,1729,99,1448,321,155,110,56,142,105,74,447,382,CAF
2010,12/31/2010,Austria,59,1604,1,2070,18,1821,71,1554,709,347,322,40,290,263,156,1300,1152,UEFA
2010,12/31/2010,Canada,60,1599,25,1733,47,1595,75,1470,323,110,152,61,113,138,72,352,467,CONCACAF
2010,12/31/2010,Iraq,62,1589,23,1740,43,1633,83,1501,528,99,169,260,262,122,144,929,481,AFC
2010,12/31/2010,Panama,64,1586,55,1605,110,1300,143,1154,353,121,135,97,98,171,84,417,625,CONCACAF
2010,12/31/2010,Senegal,66,1578,21,1808,60,1561,107,1387,527,176,206,145,214,168,145,678,548,CAF
2010,12/31/2010,Tunisia,68,1574,24,1757,45,1617,81,1439,583,271,198,114,235,183,165,826,672,CAF
2010,12/31/2010,New Zealand,69,1570,29,1640,64,1493,103,1334,335,114,146,75,137,139,59,604,529,OFC
2010,12/31/2010,Morocco,70,1569,19,1807,41,1655,77,1527,537,223,188,126,251,132,154,777,500,CAF
2010,12/31/2010,Qatar,83,1520,54,1611,102,1361,164,965,454,198,103,153,179,154,121,614,547,AFC
2010,12/31/2010,Uzbekistan,85,1507,25,1766,62,1577,93,1428,178,58,70,50,82,59,37,352,230,AFC
2010,12/31/2010,Jordan,94,1471,40,1676,121,1262,153,1092,347,123,125,99,109,147,91,386,465,AFC
2010,12/31/2010,Algeria,98,1461,18,1773,46,1618,110,1386,509,192,190,127,198,165,146,682,547,CAF
2010,12/31/2010,Haiti,106,1433,37,1673,80,1404,129,1265,425,160,144,121,182,149,94,701,584,CONCACAF
2010,12/31/2010,Cape Verde,111,1399,103,1399,129,1253,146,1172,127,44,45,38,40,58,29,113,153,CAF
2010,12/31/2010,DR Congo,113,1392,20,1782,57,1569,114,1387,387,125,173,89,159,126,102,623,494,CAF
2010,12/31/2010,Curaçao,174,1121,26,1618,89,1405,175,1112,380,132,138,110,158,128,94,670,607,CONCACAF
2011,12/31/2011,Spain,1,2116,1,2164,8,1930,19,1805,599,272,238,89,341,118,140,1166,565,UEFA
2011,12/31/2011,Germany,2,2082,1,2146,8,1898,25,1637,865,380,356,129,500,188,177,1939,1029,UEFA
2011,12/31/2011,Netherlands,3,2067,1,2126,16,1832,55,1553,733,351,293,89,370,203,160,1525,972,UEFA
2011,12/31/2011,Brazil,4,2064,1,2195,5,1987,20,1805,881,307,291,283,549,146,186,1903,826,CONMEBOL
2011,12/31/2011,Uruguay,5,1992,1,2104,13,1871,44,1636,850,290,362,198,366,277,207,1356,1091,CONMEBOL
2011,12/31/2011,England,6,1955,1,2213,4,1985,17,1810,982,422,470,90,574,186,222,2351,991,UEFA
2011,12/31/2011,Argentina,7,1915,1,2159,5,1980,26,1751,930,335,365,230,492,206,232,1752,1012,CONMEBOL
2011,12/31/2011,Portugal,8,1901,2,2018,21,1770,41,1624,513,244,202,67,236,158,119,843,630,UEFA
2011,12/31/2011,Croatia,9,1890,5,2008,11,1881,26,1783,228,95,102,31,120,43,65,399,225,UEFA
2011,12/31/2011,Mexico,12,1864,5,1958,20,1770,48,1498,777,249,215,313,395,203,179,1427,820,CONCACAF
2011,12/31/2011,Sweden,13,1861,2,2013,16,1795,44,1579,943,413,433,97,462,278,203,1943,1284,UEFA
2011,12/31/2011,France,14,1839,1,2135,17,1766,40,1514,753,381,286,86,355,239,159,1328,1113,UEFA
2011,12/31/2011,Australia,16,1817,11,1876,35,1662,77,1475,482,223,172,87,247,137,98,1001,557,AFC
2011,12/31/2011,Japan,18,1802,9,1887,67,1418,114,1126,639,239,169,231,287,214,138,1083,803,AFC
2011,12/31/2011,Czech Republic,20,1794,1,2032,11,1868,35,1686,728,293,353,82,353,210,165,1379,912,UEFA
2011,12/31/2011,Paraguay,21,1783,5,1956,22,1758,42,1619,646,171,300,175,237,241,168,860,920,CONMEBOL
2011,12/31/2011,Ecuador,23,1778,21,1805,73,1466,121,1183,441,140,158,143,122,207,112,504,735,CONMEBOL
2011,12/31/2011,Ghana,24,1773,10,1877,39,1659,101,1424,612,204,246,162,300,162,150,1009,653,CAF
2011,12/31/2011,South Korea,25,1767,16,1845,36,1672,84,1445,857,267,212,378,467,174,216,1590,779,AFC
2011,12/31/2011,Colombia,25,1767,5,1945,56,1557,102,1304,480,148,173,159,176,173,131,573,605,CONMEBOL
2011,12/31/2011,Switzerland,27,1766,9,1917,28,1667,56,1485,736,357,329,50,240,336,160,1049,1313,UEFA
2011,12/31/2011,Ivory Coast,29,1761,15,1839,45,1631,76,1476,523,190,195,138,256,135,132,851,553,CAF
2011,12/31/2011,Norway,30,1754,6,1944,37,1611,85,1364,743,353,345,45,267,310,166,1135,1287,UEFA
2011,12/31/2011,Iran,32,1744,13,1842,43,1636,79,1450,502,173,145,184,278,107,117,945,412,AFC
2011,12/31/2011,Turkey,32,1744,9,1898,44,1587,77,1358,507,218,233,56,181,206,120,676,772,UEFA
2011,12/31/2011,Egypt,34,1720,12,1872,35,1666,70,1527,702,285,234,183,344,179,179,1251,779,CAF
2011,12/31/2011,United States,36,1715,9,1890,43,1622,93,1410,592,323,200,69,237,228,127,810,843,CONCACAF
2011,12/31/2011,Scotland,40,1702,1,2104,11,1897,63,1598,730,336,352,42,352,218,160,1306,899,UEFA
2011,12/31/2011,Bosnia and Herzegovina,41,1694,37,1706,59,1592,81,1499,143,60,71,12,51,59,33,197,211,UEFA
2011,12/31/2011,Belgium,42,1683,4,1961,25,1730,70,1503,708,341,316,51,281,275,152,1207,1210,UEFA
2011,12/31/2011,Panama,45,1666,45,1670,109,1305,143,1154,374,132,142,100,112,174,88,457,638,CONCACAF
2011,12/31/2011,Uzbekistan,55,1620,25,1766,62,1577,93,1428,195,62,77,56,91,64,40,378,250,AFC
2011,12/31/2011,Senegal,56,1619,21,1808,60,1562,107,1387,534,180,208,146,219,169,146,690,551,CAF
2011,12/31/2011,South Africa,59,1598,7,1847,27,1728,99,1448,330,160,114,56,146,107,77,457,387,CAF
2011,12/31/2011,Canada,60,1594,25,1733,47,1595,75,1470,335,114,157,64,119,140,76,375,474,CONCACAF
2011,12/31/2011,Iraq,62,1586,23,1740,43,1632,83,1501,549,102,175,272,272,130,147,949,499,AFC
2011,12/31/2011,Austria,66,1578,1,2070,19,1819,73,1549,720,352,328,40,292,270,158,1313,1173,UEFA
2011,12/31/2011,Tunisia,67,1577,24,1757,45,1617,81,1439,591,275,202,114,239,185,167,844,680,CAF
2011,12/31/2011,Jordan,70,1566,40,1676,121,1267,153,1092,373,131,129,113,120,151,102,432,488,AFC
2011,12/31/2011,Morocco,71,1565,19,1807,42,1653,77,1527,545,228,191,126,255,134,156,790,504,CAF
2011,12/31/2011,New Zealand,72,1564,29,1640,65,1494,103,1334,338,114,148,76,137,141,60,605,536,OFC
2011,12/31/2011,Saudi Arabia,77,1527,29,1735,77,1487,125,1256,636,251,111,274,310,175,151,1012,669,AFC
2011,12/31/2011,Qatar,87,1501,54,1611,101,1365,164,965,472,212,107,153,184,160,128,638,566,AFC
2011,12/31/2011,Algeria,95,1480,18,1773,47,1616,110,1386,514,195,192,127,201,166,147,687,552,CAF
2011,12/31/2011,DR Congo,102,1423,20,1782,58,1567,114,1387,401,128,178,95,168,131,102,647,510,CAF
2011,12/31/2011,Haiti,104,1413,37,1673,80,1404,129,1265,432,163,148,121,186,151,95,722,591,CONCACAF
2011,12/31/2011,Cape Verde,109,1394,103,1422,129,1256,146,1172,132,46,47,39,43,60,29,120,160,CAF
2011,12/31/2011,Curaçao,179,1066,26,1618,90,1401,179,1065,392,135,146,111,160,136,96,688,631,CONCACAF
2012,12/31/2012,Spain,1,2148,1,2164,7,1932,19,1805,615,276,242,97,354,118,143,1208,570,UEFA
2012,12/31/2012,Brazil,2,2061,1,2195,5,1987,20,1805,894,310,294,290,558,149,187,1941,839,CONMEBOL
2012,12/31/2012,Germany,3,2052,1,2146,8,1899,25,1637,879,385,360,134,508,192,179,1971,1051,UEFA
2012,12/31/2012,Argentina,4,2014,1,2159,5,1980,26,1751,941,339,371,231,500,207,234,1778,1023,CONMEBOL
2012,12/31/2012,Netherlands,5,1996,1,2126,16,1833,55,1553,746,357,297,92,377,208,161,1554,987,UEFA
2012,12/31/2012,England,6,1952,1,2213,4,1985,17,1810,995,426,475,94,581,188,226,2376,1004,UEFA
2012,12/31/2012,Mexico,7,1915,5,1958,20,1772,48,1498,789,253,217,319,405,205,179,1451,827,CONCACAF
2012,12/31/2012,Sweden,9,1907,2,2013,15,1796,44,1579,956,419,437,100,471,281,204,1971,1303,UEFA
2012,12/31/2012,Portugal,10,1904,2,2018,20,1772,41,1624,527,249,206,72,242,161,124,860,642,UEFA
2012,12/31/2012,Colombia,11,1901,5,1945,56,1561,102,1304,489,152,176,161,183,174,132,596,609,CONMEBOL
2012,12/31/2012,France,12,1889,1,2135,17,1767,40,1514,767,387,291,89,363,242,162,1349,1125,UEFA
2012,12/31/2012,Croatia,14,1879,5,2008,11,1881,26,1783,239,100,105,34,125,46,68,416,239,UEFA
2012,12/31/2012,Uruguay,15,1855,1,2104,13,1871,44,1636,860,293,369,198,368,280,212,1368,1109,CONMEBOL
2012,12/31/2012,Ecuador,16,1850,15,1851,72,1470,121,1183,449,144,161,144,127,208,114,516,742,CONMEBOL
2012,12/31/2012,Ivory Coast,17,1835,15,1839,45,1634,76,1476,539,193,200,146,268,135,136,879,559,CAF
2012,12/31/2012,Switzerland,18,1829,9,1917,28,1668,56,1485,745,362,333,50,246,338,161,1068,1324,UEFA
2012,12/31/2012,Japan,20,1819,9,1887,67,1422,114,1126,651,247,172,232,295,216,140,1104,812,AFC
2012,12/31/2012,Belgium,22,1786,4,1961,25,1730,70,1503,717,345,321,51,285,277,155,1223,1219,UEFA
2012,12/31/2012,Czech Republic,24,1774,1,2032,11,1867,35,1686,741,298,357,86,358,214,169,1393,924,UEFA
2012,12/31/2012,Australia,25,1773,11,1876,34,1663,77,1475,495,225,179,91,254,140,101,1034,570,AFC
2012,12/31/2012,United States,26,1770,9,1890,43,1623,93,1410,606,329,208,69,246,230,130,833,856,CONCACAF
2012,12/31/2012,South Korea,27,1762,16,1845,36,1674,84,1445,866,272,215,379,472,177,217,1609,792,AFC
2012,12/31/2012,Norway,28,1758,6,1944,37,1613,85,1364,753,357,351,45,272,313,168,1150,1297,UEFA
2012,12/31/2012,Bosnia and Herzegovina,30,1746,30,1746,58,1597,81,1499,152,62,76,14,56,62,34,217,218,UEFA
2012,12/31/2012,Paraguay,32,1719,5,1956,22,1758,42,1619,657,177,304,176,243,245,169,875,935,CONMEBOL
2012,12/31/2012,Turkey,37,1701,9,1898,44,1589,77,1358,519,222,237,60,186,212,121,694,788,UEFA
2012,12/31/2012,Panama,40,1680,34,1714,108,1310,143,1154,387,139,148,100,118,179,90,469,650,CONCACAF
2012,12/31/2012,Ghana,42,1676,10,1877,39,1660,101,1424,627,206,251,170,307,166,154,1029,664,CAF
2012,12/31/2012,Egypt,45,1660,12,1872,35,1666,70,1527,725,288,240,197,357,182,186,1294,796,CAF
2012,12/31/2012,Iran,47,1657,13,1842,43,1637,79,1450,518,180,148,190,284,110,124,966,423,AFC
2012,12/31/2012,Scotland,48,1655,1,2104,12,1895,63,1598,738,339,357,42,354,221,163,1315,912,UEFA
2012,12/31/2012,Uzbekistan,48,1655,25,1766,62,1579,93,1428,208,65,87,56,96,69,43,392,264,AFC
2012,12/31/2012,Austria,55,1603,1,2070,19,1817,73,1549,728,359,329,40,296,272,160,1326,1181,UEFA
2012,12/31/2012,Tunisia,58,1600,24,1757,45,1616,81,1439,607,280,205,122,247,189,171,871,698,CAF
2012,12/31/2012,Iraq,61,1591,23,1740,44,1632,83,1501,572,102,180,290,280,138,154,974,523,AFC
2012,12/31/2012,Canada,63,1584,25,1733,47,1595,75,1470,344,118,160,66,123,143,78,384,487,CONCACAF
2012,12/31/2012,New Zealand,67,1572,29,1640,65,1495,103,1334,351,117,153,81,145,143,63,632,550,OFC
2012,12/31/2012,South Africa,68,1565,7,1847,27,1726,99,1448,343,168,119,56,150,110,83,471,396,CAF
2012,12/31/2012,Algeria,70,1561,18,1773,47,1615,110,1386,522,200,193,129,207,168,147,704,557,CAF
2012,12/31/2012,Morocco,74,1543,19,1807,42,1652,80,1524,561,234,194,133,261,140,160,815,520,CAF
2012,12/31/2012,Senegal,81,1521,21,1808,60,1561,107,1387,545,183,214,148,222,174,149,702,566,CAF
2012,12/31/2012,Saudi Arabia,88,1493,29,1735,77,1487,125,1256,649,258,113,278,314,181,154,1026,688,AFC
2012,12/31/2012,Jordan,90,1488,40,1676,120,1272,153,1092,389,137,135,117,124,159,106,449,513,AFC
2012,12/31/2012,Qatar,94,1476,54,1611,101,1368,164,965,485,220,110,155,187,165,133,649,582,AFC
2012,12/31/2012,Haiti,96,1460,37,1673,80,1405,129,1265,444,166,151,127,195,153,96,743,597,CONCACAF
2012,12/31/2012,DR Congo,101,1434,20,1782,59,1565,114,1387,411,131,183,97,172,134,105,663,516,CAF
2012,12/31/2012,Cape Verde,103,1424,101,1435,128,1259,146,1172,139,49,50,40,46,64,29,132,168,CAF
2012,12/31/2012,Curaçao,187,1015,26,1618,91,1397,188,1015,397,135,148,114,161,140,96,701,647,CONCACAF
2013,12/31/2013,Brazil,1,2132,1,2195,5,1988,20,1805,913,319,298,296,571,151,191,1990,854,CONMEBOL
2013,12/31/2013,Spain,2,2102,1,2164,7,1934,19,1805,632,279,248,105,366,120,146,1244,582,UEFA
2013,12/31/2013,Germany,3,2086,1,2146,8,1901,25,1637,891,389,367,135,517,193,181,2006,1066,UEFA
2013,12/31/2013,Argentina,4,2020,1,2159,5,1980,26,1751,953,342,378,233,507,208,238,1804,1034,CONMEBOL
2013,12/31/2013,Netherlands,5,2003,1,2126,16,1835,55,1553,758,362,303,93,384,208,166,1584,994,UEFA
2013,12/31/2013,England,6,1933,1,2213,4,1985,17,1810,1007,434,479,94,587,190,230,2403,1015,UEFA
2013,12/31/2013,Colombia,6,1933,5,1945,55,1565,102,1304,501,156,182,163,190,176,135,616,617,CONMEBOL
2013,12/31/2013,Portugal,8,1931,2,2018,20,1773,41,1624,539,255,210,74,249,163,127,883,657,UEFA
2013,12/31/2013,Uruguay,9,1918,1,2104,13,1871,44,1636,877,298,376,203,377,285,215,1402,1128,CONMEBOL
2013,12/31/2013,France,12,1881,1,2135,17,1768,40,1514,779,393,297,89,368,247,164,1369,1137,UEFA
2013,12/31/2013,United States,13,1862,9,1890,42,1625,93,1410,629,344,216,69,262,234,133,884,879,CONCACAF
2013,12/31/2013,Switzerland,14,1850,9,1917,28,1670,56,1485,754,366,338,50,251,339,164,1080,1331,UEFA
2013,12/31/2013,Ecuador,17,1836,12,1882,71,1476,121,1183,462,149,166,147,131,213,118,536,759,CONMEBOL
2013,12/31/2013,Belgium,18,1834,4,1961,25,1731,70,1503,728,352,325,51,292,279,157,1241,1230,UEFA
2013,12/31/2013,Sweden,19,1826,2,2013,15,1797,44,1579,971,427,442,102,478,286,207,1995,1322,UEFA
2013,12/31/2013,Croatia,21,1805,5,2008,12,1880,26,1783,251,104,111,36,131,50,70,433,250,UEFA
2013,12/31/2013,Mexico,22,1796,5,1958,20,1772,48,1498,812,259,224,329,414,212,186,1484,852,CONCACAF
2013,12/31/2013,Bosnia and Herzegovina,23,1783,20,1806,56,1606,81,1499,161,66,80,15,62,65,34,238,228,UEFA
2013,12/31/2013,Ivory Coast,24,1774,15,1863,44,1636,76,1476,553,196,204,153,275,138,140,909,578,CAF
2013,12/31/2013,Japan,25,1764,9,1887,66,1426,114,1126,670,253,178,239,303,224,143,1137,845,AFC
2013,12/31/2013,Czech Republic,26,1760,1,2032,11,1866,35,1686,751,302,363,86,363,217,171,1408,933,UEFA
2013,12/31/2013,Iran,30,1732,13,1842,43,1638,79,1450,527,183,154,190,291,111,125,988,429,AFC
2013,12/31/2013,Australia,31,1728,11,1876,34,1664,77,1475,507,229,183,95,258,145,104,1053,595,AFC
2013,12/31/2013,Turkey,34,1712,9,1898,44,1590,77,1358,531,229,240,62,192,215,124,714,801,UEFA
2013,12/31/2013,Paraguay,38,1701,5,1956,22,1757,42,1619,666,182,308,176,245,249,172,892,953,CONMEBOL
2013,12/31/2013,Panama,39,1699,28,1753,107,1315,143,1154,409,147,154,108,126,185,98,500,672,CONCACAF
2013,12/31/2013,Scotland,40,1698,1,2104,12,1894,63,1598,748,344,362,42,359,225,164,1325,922,UEFA
2013,12/31/2013,Ghana,41,1697,10,1877,39,1660,101,1424,646,211,256,179,318,170,158,1070,685,CAF
2013,12/31/2013,South Korea,42,1686,16,1845,36,1674,84,1445,881,284,216,381,477,183,221,1625,810,AFC
2013,12/31/2013,Egypt,46,1668,12,1872,35,1666,70,1527,741,297,244,200,367,187,187,1333,821,CAF
2013,12/31/2013,Austria,47,1662,1,2070,19,1815,73,1549,738,364,334,40,301,276,161,1343,1193,UEFA
2013,12/31/2013,Uzbekistan,49,1650,25,1766,62,1582,93,1428,220,70,93,57,102,71,47,411,272,AFC
2013,12/31/2013,Norway,54,1625,6,1944,37,1613,85,1364,766,363,357,46,275,320,171,1160,1314,UEFA
2013,12/31/2013,Algeria,64,1583,18,1773,48,1614,110,1386,535,206,197,132,214,171,150,722,569,CAF
2013,12/31/2013,South Africa,66,1573,7,1847,28,1725,99,1448,363,180,124,59,160,114,89,500,410,CAF
2013,12/31/2013,Jordan,66,1573,40,1676,119,1276,153,1092,408,150,138,120,134,161,113,475,529,AFC
2013,12/31/2013,Senegal,68,1567,21,1808,61,1561,107,1387,553,183,217,153,224,175,154,711,574,CAF
2013,12/31/2013,New Zealand,72,1547,29,1640,65,1496,103,1334,358,119,157,82,148,146,64,640,562,OFC
2013,12/31/2013,Morocco,75,1530,19,1807,43,1650,86,1510,572,238,197,137,264,142,166,828,532,CAF
2013,12/31/2013,Iraq,77,1520,23,1740,44,1631,85,1501,594,104,187,303,289,147,158,996,546,AFC
2013,12/31/2013,Cape Verde,83,1506,83,1506,127,1263,146,1172,149,51,53,45,50,66,33,144,178,CAF
2013,12/31/2013,Tunisia,85,1503,24,1757,46,1616,87,1439,620,284,208,128,250,193,177,886,718,CAF
2013,12/31/2013,Qatar,86,1501,54,1611,101,1370,164,965,509,236,115,158,200,172,137,689,605,AFC
2013,12/31/2013,Canada,89,1487,25,1733,48,1595,90,1470,356,119,163,74,123,152,81,385,502,CONCACAF
2013,12/31/2013,Saudi Arabia,90,1482,29,1735,77,1487,125,1256,662,262,117,283,320,186,156,1042,703,AFC
2013,12/31/2013,DR Congo,100,1447,20,1782,59,1563,114,1387,418,133,185,100,172,135,111,667,521,CAF
2013,12/31/2013,Haiti,105,1430,37,1673,81,1405,129,1265,454,166,156,132,196,161,97,751,619,CONCACAF
2013,12/31/2013,Curaçao,188,1011,26,1618,92,1393,188,1011,399,137,148,114,162,141,96,704,650,CONCACAF
2014,12/31/2014,Germany,1,2133,1,2223,8,1903,25,1637,908,397,370,141,528,195,185,2043,1081,UEFA
2014,12/31/2014,Argentina,2,2050,1,2159,5,1981,26,1751,968,344,381,243,517,211,240,1830,1044,CONMEBOL
2014,12/31/2014,Brazil,3,2041,1,2195,4,1989,20,1805,929,328,301,300,583,153,193,2025,869,CONMEBOL
2014,12/31/2014,Netherlands,4,2029,1,2153,16,1837,55,1553,775,368,308,99,393,213,169,1615,1011,UEFA
2014,12/31/2014,Colombia,5,2019,4,2034,54,1571,102,1304,514,156,184,174,199,178,137,641,626,CONMEBOL
2014,12/31/2014,France,6,1965,1,2135,17,1770,40,1514,794,401,299,94,378,248,168,1403,1144,UEFA
2014,12/31/2014,Spain,8,1952,1,2164,7,1935,19,1805,644,284,251,109,373,125,146,1266,594,UEFA
2014,12/31/2014,England,9,1923,1,2213,4,1984,17,1810,1020,439,482,99,595,192,233,2426,1023,UEFA
2014,12/31/2014,Portugal,10,1910,2,2018,20,1775,41,1624,551,259,212,80,256,166,129,902,669,UEFA
2014,12/31/2014,Uruguay,11,1907,1,2104,12,1871,44,1636,890,301,382,207,385,287,218,1422,1140,CONMEBOL
2014,12/31/2014,Belgium,12,1897,4,1961,25,1732,70,1503,742,359,327,56,302,280,160,1269,1238,UEFA
2014,12/31/2014,Mexico,13,1892,5,1958,20,1773,48,1498,829,262,228,339,423,216,190,1510,865,CONCACAF
2014,12/31/2014,Ecuador,16,1847,12,1882,71,1480,121,1183,473,149,168,156,135,216,122,557,774,CONMEBOL
2014,12/31/2014,Croatia,17,1824,5,2008,12,1878,26,1783,263,108,115,40,138,53,72,457,262,UEFA
2014,12/31/2014,United States,19,1813,9,1890,42,1627,93,1410,644,351,218,75,268,239,137,904,899,CONCACAF
2014,12/31/2014,Czech Republic,20,1804,1,2032,12,1865,35,1686,759,307,366,86,367,219,173,1423,945,UEFA
2014,12/31/2014,Switzerland,21,1791,9,1917,28,1671,56,1485,766,371,341,54,257,343,166,1102,1345,UEFA
2014,12/31/2014,Sweden,23,1783,2,2013,16,1797,44,1579,982,431,447,104,482,290,210,2007,1332,UEFA
2014,12/31/2014,Japan,29,1728,9,1887,66,1429,114,1126,683,260,178,245,310,228,145,1162,866,AFC
2014,12/31/2014,Scotland,32,1722,1,2104,12,1892,63,1598,755,347,365,43,362,227,166,1334,931,UEFA
2014,12/31/2014,Austria,33,1714,1,2070,19,1814,73,1549,746,370,336,40,305,277,164,1353,1200,UEFA
2014,12/31/2014,Panama,34,1712,28,1753,106,1320,143,1154,419,149,158,112,130,188,101,513,684,CONCACAF
2014,12/31/2014,Bosnia and Herzegovina,35,1710,20,1806,55,1612,81,1499,172,69,82,21,66,70,36,250,241,UEFA
2014,12/31/2014,Ivory Coast,36,1688,15,1863,44,1638,76,1476,565,200,207,158,280,143,142,931,599,CAF
2014,12/31/2014,Paraguay,37,1684,5,1956,22,1757,42,1619,674,183,313,178,247,253,174,900,964,CONMEBOL
2014,12/31/2014,Turkey,37,1684,9,1898,44,1592,77,1358,542,233,246,63,198,219,125,734,818,UEFA
2014,12/31/2014,Ghana,40,1678,10,1877,39,1661,101,1424,658,214,260,184,322,175,161,1089,700,CAF
2014,12/31/2014,Iran,42,1673,13,1842,43,1638,79,1450,537,186,154,197,294,114,129,997,438,AFC
2014,12/31/2014,Algeria,44,1672,18,1773,48,1614,110,1386,548,210,200,138,223,174,151,747,582,CAF
2014,12/31/2014,Australia,49,1652,11,1876,34,1665,77,1475,518,230,187,101,259,153,106,1064,617,AFC
2014,12/31/2014,Uzbekistan,50,1649,25,1766,61,1584,93,1428,233,75,96,62,108,74,51,425,280,AFC
2014,12/31/2014,Senegal,53,1638,21,1808,61,1561,107,1387,563,186,221,156,229,176,158,726,580,CAF
2014,12/31/2014,South Korea,54,1633,16,1845,36,1674,84,1445,896,289,220,387,482,192,222,1638,833,AFC
2014,12/31/2014,South Africa,55,1627,7,1847,28,1724,99,1448,372,184,129,59,163,115,94,510,419,CAF
2014,12/31/2014,Norway,57,1625,6,1944,37,1613,85,1364,778,368,362,48,279,325,174,1171,1330,UEFA
2014,12/31/2014,Qatar,60,1614,54,1616,100,1375,164,965,527,246,118,163,209,173,145,719,615,AFC
2014,12/31/2014,Egypt,62,1598,12,1872,35,1666,70,1527,751,301,248,202,371,192,188,1345,832,CAF
2014,12/31/2014,Tunisia,63,1596,24,1757,46,1615,87,1439,629,287,213,129,255,194,180,894,722,CAF
2014,12/31/2014,Morocco,72,1544,19,1807,44,1647,86,1510,581,244,198,139,269,144,168,849,538,CAF
2014,12/31/2014,Jordan,75,1537,40,1676,118,1282,153,1092,423,154,144,125,138,169,116,486,547,AFC
2014,12/31/2014,New Zealand,81,1517,29,1640,65,1496,103,1334,363,120,161,82,148,149,66,644,572,OFC
2014,12/31/2014,Iraq,82,1512,23,1740,44,1630,85,1501,605,104,188,313,291,151,163,1004,556,AFC
2014,12/31/2014,Canada,84,1508,25,1733,48,1594,90,1470,361,120,164,77,124,153,84,390,506,CONCACAF
2014,12/31/2014,Cape Verde,87,1502,76,1535,127,1267,146,1172,156,54,57,45,54,68,34,153,184,CAF
2014,12/31/2014,Saudi Arabia,94,1472,29,1735,77,1487,125,1256,675,271,117,287,325,191,159,1059,723,AFC
2014,12/31/2014,DR Congo,95,1469,20,1782,60,1562,114,1387,424,137,187,100,175,138,111,677,530,CAF
2014,12/31/2014,Haiti,101,1444,37,1673,81,1405,129,1265,463,169,158,136,199,163,101,764,629,CONCACAF
2014,12/31/2014,Curaçao,182,1067,26,1618,93,1389,188,1011,408,137,150,121,164,145,99,715,665,CONCACAF
2015,12/31/2015,Germany,1,2068,1,2223,8,1905,25,1637,917,401,374,142,533,198,186,2063,1092,UEFA
2015,12/31/2015,Brazil,2,2038,1,2195,4,1990,20,1805,943,332,305,306,593,155,195,2049,879,CONMEBOL
2015,12/31/2015,Argentina,3,2023,1,2159,5,1981,26,1751,983,347,384,252,525,212,246,1860,1053,CONMEBOL
2015,12/31/2015,Spain,4,2001,1,2164,7,1936,19,1805,653,289,255,109,381,126,146,1280,597,UEFA
2015,12/31/2015,England,6,1958,1,2213,4,1984,17,1810,1030,443,488,99,602,193,235,2449,1028,UEFA
2015,12/31/2015,Colombia,7,1954,4,2034,54,1576,102,1304,526,158,187,181,204,181,141,656,634,CONMEBOL
2015,12/31/2015,France,8,1953,1,2135,17,1771,40,1514,804,407,303,94,384,252,168,1420,1156,UEFA
2015,12/31/2015,Uruguay,9,1946,1,2104,12,1872,44,1636,902,304,388,210,392,291,219,1440,1147,CONMEBOL
2015,12/31/2015,Belgium,10,1927,4,1961,25,1734,70,1503,751,363,332,56,310,281,160,1293,1246,UEFA
2015,12/31/2015,Portugal,11,1918,2,2018,20,1776,41,1624,561,263,217,81,263,169,129,914,677,UEFA
2015,12/31/2015,Ecuador,12,1914,12,1914,70,1485,121,1183,485,153,172,160,142,220,123,578,786,CONMEBOL
2015,12/31/2015,Mexico,13,1906,5,1958,20,1775,48,1498,852,265,234,353,434,219,199,1552,890,CONCACAF
2015,12/31/2015,Netherlands,14,1897,1,2153,16,1838,55,1553,784,373,312,99,397,217,170,1630,1026,UEFA
2015,12/31/2015,Croatia,17,1813,5,2008,12,1876,26,1780,271,112,119,40,143,54,74,474,267,UEFA
2015,12/31/2015,Switzerland,18,1808,9,1917,28,1673,56,1485,776,376,346,54,264,345,167,1126,1355,UEFA
2015,12/31/2015,Turkey,19,1804,9,1898,44,1593,77,1358,552,238,251,63,205,219,128,751,822,UEFA
2015,12/31/2015,Austria,20,1801,1,2070,19,1814,73,1549,754,374,340,40,311,278,165,1372,1206,UEFA
2015,12/31/2015,South Korea,22,1789,16,1845,36,1675,84,1445,916,294,226,396,498,193,225,1682,837,AFC
2015,12/31/2015,Czech Republic,27,1765,1,2032,12,1864,35,1686,768,311,371,86,371,223,174,1437,959,UEFA
2015,12/31/2015,Sweden,27,1765,2,2013,16,1797,44,1579,994,436,452,106,489,293,212,2026,1343,UEFA
2015,12/31/2015,United States,30,1758,9,1890,42,1629,93,1410,664,365,224,75,278,245,141,946,925,CONCACAF
2015,12/31/2015,Japan,31,1750,9,1887,65,1432,114,1126,700,265,182,253,321,229,150,1202,873,AFC
2015,12/31/2015,Ivory Coast,33,1733,15,1863,44,1640,76,1476,579,203,210,166,287,144,148,948,606,CAF
2015,12/31/2015,Iran,34,1728,13,1842,43,1640,79,1450,552,189,160,203,304,115,133,1030,448,AFC
2015,12/31/2015,Paraguay,35,1727,5,1956,22,1756,44,1619,688,186,317,185,250,258,180,913,984,CONMEBOL
2015,12/31/2015,Bosnia and Herzegovina,37,1722,20,1806,54,1617,81,1499,181,73,87,21,71,72,38,267,251,UEFA
2015,12/31/2015,Australia,39,1703,11,1876,34,1665,77,1475,532,238,193,101,269,155,108,1097,625,AFC
2015,12/31/2015,Scotland,41,1698,1,2104,12,1891,63,1598,763,352,367,44,366,229,168,1353,939,UEFA
2015,12/31/2015,Panama,42,1682,28,1753,106,1325,143,1154,436,154,166,116,133,195,108,528,706,CONCACAF
2015,12/31/2015,Algeria,45,1663,18,1773,48,1615,110,1386,561,214,204,143,230,178,153,776,595,CAF
2015,12/31/2015,Uzbekistan,46,1650,25,1766,61,1585,93,1428,246,78,101,67,115,79,52,450,299,AFC
2015,12/31/2015,Senegal,47,1642,21,1808,61,1563,107,1387,575,188,225,162,236,179,160,747,592,CAF
2015,12/31/2015,Ghana,48,1641,10,1877,39,1661,101,1424,675,217,264,194,331,179,165,1117,715,CAF
2015,12/31/2015,Norway,51,1625,6,1944,38,1614,85,1364,787,373,366,48,282,329,176,1179,1340,UEFA
2015,12/31/2015,Egypt,56,1609,12,1872,35,1665,70,1527,758,305,250,203,377,193,188,1364,835,CAF
2015,12/31/2015,South Africa,64,1579,7,1847,28,1722,99,1448,393,193,136,64,172,118,103,535,436,CAF
2015,12/31/2015,Qatar,67,1569,54,1616,99,1378,164,965,542,253,122,167,218,178,146,756,628,AFC
2015,12/31/2015,Tunisia,71,1546,24,1757,46,1614,87,1439,641,291,218,132,259,197,185,916,738,CAF
2015,12/31/2015,Cape Verde,72,1541,67,1554,126,1272,146,1172,166,56,59,51,59,69,38,171,191,CAF
2015,12/31/2015,Jordan,75,1531,40,1676,117,1285,153,1092,440,161,148,131,146,175,119,514,559,AFC
2015,12/31/2015,Morocco,77,1528,19,1807,44,1646,86,1510,588,249,200,139,272,147,169,856,542,CAF
2015,12/31/2015,Canada,77,1528,25,1733,48,1593,90,1470,375,124,168,83,130,155,90,408,512,CONCACAF
2015,12/31/2015,New Zealand,79,1519,29,1640,65,1496,103,1334,366,120,164,82,149,150,67,646,574,OFC
2015,12/31/2015,Saudi Arabia,81,1513,29,1735,77,1487,125,1256,686,275,119,292,332,194,160,1090,735,AFC
2015,12/31/2015,Iraq,82,1512,23,1740,45,1628,85,1501,621,104,194,323,298,157,166,1028,580,AFC
2015,12/31/2015,DR Congo,86,1504,20,1782,60,1560,114,1387,442,139,192,111,181,143,118,701,551,CAF
2015,12/31/2015,Haiti,93,1475,37,1673,81,1406,129,1265,474,171,162,141,203,168,103,777,639,CONCACAF
2015,12/31/2015,Curaçao,176,1121,26,1618,94,1386,188,1011,418,141,153,124,168,147,103,728,674,CONCACAF
2016,12/31/2016,Brazil,1,2087,1,2195,4,1990,20,1805,955,336,309,310,601,156,198,2079,886,CONMEBOL
2016,12/31/2016,Argentina,2,2045,1,2159,5,1982,26,1751,998,352,389,257,535,214,249,1891,1064,CONMEBOL
2016,12/31/2016,Germany,3,2037,1,2223,8,1906,25,1637,933,408,378,147,543,201,189,2097,1102,UEFA
2016,12/31/2016,France,4,2008,1,2135,17,1773,40,1514,821,420,307,94,397,253,171,1456,1170,UEFA
2016,12/31/2016,Spain,6,1978,1,2164,7,1936,19,1805,668,292,261,115,389,129,150,1314,608,UEFA
2016,12/31/2016,Portugal,8,1929,2,2018,20,1778,41,1624,578,270,221,87,273,172,133,956,688,UEFA
2016,12/31/2016,Colombia,8,1929,3,2034,53,1581,102,1304,541,162,193,186,212,185,144,678,651,CONMEBOL
2016,12/31/2016,England,10,1927,1,2213,4,1984,17,1810,1044,450,491,103,610,195,239,2470,1040,UEFA
2016,12/31/2016,Uruguay,11,1914,1,2104,12,1872,44,1636,914,309,392,213,398,295,221,1462,1161,CONMEBOL
2016,12/31/2016,Mexico,12,1911,4,1985,20,1776,48,1498,866,267,238,361,444,220,202,1573,902,CONCACAF
2016,12/31/2016,Belgium,13,1904,4,1961,25,1736,70,1503,766,368,336,62,319,285,162,1331,1261,UEFA
2016,12/31/2016,Netherlands,14,1888,1,2153,16,1839,55,1553,795,378,318,99,402,220,173,1649,1039,UEFA
2016,12/31/2016,Croatia,15,1886,5,2008,12,1875,26,1780,284,117,122,45,152,55,77,506,273,UEFA
2016,12/31/2016,Switzerland,16,1856,9,1917,28,1674,56,1485,788,381,350,57,270,348,170,1141,1366,UEFA
2016,12/31/2016,Ecuador,19,1849,12,1914,69,1490,121,1183,498,157,178,163,145,226,127,598,805,CONMEBOL
2016,12/31/2016,South Korea,22,1790,16,1845,36,1677,84,1445,926,299,229,398,505,195,226,1697,850,AFC
2016,12/31/2016,Turkey,23,1784,9,1898,44,1595,77,1358,565,243,256,66,211,223,131,765,835,UEFA
2016,12/31/2016,Iran,24,1775,13,1842,43,1641,79,1450,562,194,163,205,312,115,135,1057,450,AFC
2016,12/31/2016,Sweden,26,1766,2,2013,16,1796,44,1579,1008,441,456,111,494,297,217,2044,1353,UEFA
2016,12/31/2016,Bosnia and Herzegovina,29,1755,20,1806,53,1622,81,1499,190,75,92,23,76,74,40,285,262,UEFA
2016,12/31/2016,Japan,30,1754,9,1887,65,1436,114,1126,710,273,184,253,328,231,151,1232,882,AFC
2016,12/31/2016,United States,33,1735,9,1890,42,1630,93,1410,683,379,229,75,290,251,142,983,945,CONCACAF
2016,12/31/2016,Ivory Coast,34,1717,15,1863,44,1641,76,1476,588,208,214,166,290,144,154,956,610,CAF
2016,12/31/2016,Australia,36,1712,11,1876,34,1666,77,1475,542,244,197,101,274,157,111,1120,635,AFC
2016,12/31/2016,Paraguay,37,1701,5,1956,22,1756,44,1619,700,190,322,188,252,265,183,922,1003,CONMEBOL
2016,12/31/2016,Czech Republic,38,1697,1,2032,12,1863,42,1686,782,318,373,91,375,228,179,1455,974,UEFA
2016,12/31/2016,Panama,41,1688,28,1753,105,1329,143,1154,453,161,171,121,140,201,112,544,723,CONCACAF
2016,12/31/2016,Austria,42,1686,1,2070,20,1813,73,1549,766,381,342,43,314,284,168,1384,1223,UEFA
2016,12/31/2016,Scotland,45,1669,1,2104,12,1890,63,1598,771,354,372,45,369,233,169,1361,951,UEFA
2016,12/31/2016,Uzbekistan,46,1668,25,1766,60,1588,93,1428,258,86,103,69,124,82,52,464,305,AFC
2016,12/31/2016,Senegal,46,1668,21,1808,60,1565,107,1387,582,191,229,162,242,180,160,760,595,CAF
2016,12/31/2016,Egypt,49,1656,12,1872,35,1665,70,1527,767,310,254,203,382,195,190,1375,840,CAF
2016,12/31/2016,Algeria,54,1630,18,1773,48,1616,110,1386,567,217,207,143,233,179,155,796,603,CAF
2016,12/31/2016,South Africa,57,1611,7,1847,29,1721,99,1448,405,198,140,67,177,118,110,557,447,CAF
2016,12/31/2016,Morocco,58,1600,19,1807,44,1644,86,1510,599,256,203,140,279,147,173,872,545,CAF
2016,12/31/2016,Ghana,60,1590,10,1877,39,1660,101,1424,683,220,269,194,333,181,169,1124,721,CAF
2016,12/31/2016,Tunisia,61,1586,24,1757,47,1613,87,1439,648,295,220,133,264,197,187,927,739,CAF
2016,12/31/2016,Saudi Arabia,65,1580,29,1735,77,1488,125,1256,694,279,121,294,337,195,162,1106,741,AFC
2016,12/31/2016,Norway,67,1576,6,1944,38,1614,85,1364,797,378,371,48,285,335,177,1191,1356,UEFA
2016,12/31/2016,DR Congo,68,1573,20,1782,60,1560,114,1387,453,143,195,115,188,145,120,723,558,CAF
2016,12/31/2016,Qatar,70,1558,54,1616,99,1382,164,965,554,259,126,169,224,183,147,772,643,AFC
2016,12/31/2016,New Zealand,71,1547,29,1640,65,1497,103,1334,375,121,167,87,154,151,70,660,578,OFC
2016,12/31/2016,Canada,77,1516,25,1733,49,1592,90,1470,385,126,173,86,133,161,91,419,529,CONCACAF
2016,12/31/2016,Jordan,80,1505,40,1676,117,1289,153,1092,453,164,156,133,149,180,124,532,575,AFC
2016,12/31/2016,Iraq,87,1475,23,1740,45,1626,96,1456,634,104,200,330,300,165,169,1040,597,AFC
2016,12/31/2016,Haiti,87,1475,37,1673,81,1407,129,1265,485,174,165,146,206,175,104,786,661,CONCACAF
2016,12/31/2016,Cape Verde,100,1428,67,1554,125,1276,146,1172,172,59,62,51,60,74,38,173,200,CAF
2016,12/31/2016,Curaçao,154,1223,26,1618,95,1384,188,1011,424,145,155,124,173,148,103,749,680,CONCACAF
2017,12/31/2017,Brazil,1,2113,1,2195,4,1991,20,1805,966,340,314,312,608,157,201,2100,890,CONMEBOL
2017,12/31/2017,Germany,2,2108,1,2223,8,1908,25,1637,948,413,383,152,554,201,193,2140,1114,UEFA
2017,12/31/2017,Spain,3,2030,1,2164,7,1937,19,1805,678,297,266,115,397,129,152,1347,615,UEFA
2017,12/31/2017,Portugal,4,1993,2,2018,20,1780,41,1624,593,277,225,91,284,173,136,991,696,UEFA
2017,12/31/2017,France,5,1988,1,2135,17,1775,40,1514,832,427,311,94,404,255,173,1479,1180,UEFA
2017,12/31/2017,Argentina,6,1984,1,2159,5,1982,26,1751,1008,355,394,259,540,216,252,1906,1072,CONMEBOL
2017,12/31/2017,England,7,1932,1,2213,4,1983,17,1810,1054,455,496,103,615,197,242,2484,1047,UEFA
2017,12/31/2017,Belgium,8,1926,4,1961,25,1737,70,1503,776,374,340,62,326,285,165,1362,1273,UEFA
2017,12/31/2017,Colombia,8,1926,3,2034,53,1586,102,1304,552,165,200,187,216,188,148,695,660,CONMEBOL
2017,12/31/2017,Netherlands,11,1895,1,2153,15,1839,55,1553,806,383,324,99,410,223,173,1674,1050,UEFA
2017,12/31/2017,Uruguay,13,1866,1,2104,12,1872,44,1636,924,312,398,214,400,300,224,1472,1178,CONMEBOL
2017,12/31/2017,Switzerland,14,1865,9,1917,28,1676,56,1485,797,386,354,57,277,349,171,1157,1370,UEFA
2017,12/31/2017,Croatia,16,1856,5,2008,12,1874,26,1780,296,121,128,47,157,58,81,519,283,UEFA
2017,12/31/2017,Mexico,17,1847,4,1985,20,1777,48,1498,891,272,244,375,459,225,207,1613,927,CONCACAF
2017,12/31/2017,Sweden,20,1823,2,2013,16,1796,44,1579,1019,445,462,112,500,300,219,2070,1364,UEFA
2017,12/31/2017,Iran,22,1800,13,1842,42,1643,79,1450,573,199,167,207,319,116,138,1071,456,AFC
2017,12/31/2017,South Korea,25,1760,16,1845,36,1678,84,1445,939,303,234,402,509,199,231,1713,866,AFC
2017,12/31/2017,Paraguay,26,1752,5,1956,22,1756,44,1619,709,193,327,189,255,271,183,931,1019,CONMEBOL
2017,12/31/2017,United States,27,1751,9,1890,42,1631,93,1410,702,393,234,75,300,253,149,1017,959,CONCACAF
2017,12/31/2017,Senegal,29,1746,21,1808,60,1567,107,1387,597,195,233,169,250,180,167,783,603,CAF
2017,12/31/2017,Ecuador,29,1746,12,1914,69,1494,121,1183,508,162,181,165,148,232,128,612,821,CONMEBOL
2017,12/31/2017,Australia,35,1729,11,1876,34,1666,77,1475,555,250,199,106,279,160,116,1138,653,AFC
2017,12/31/2017,Bosnia and Herzegovina,36,1723,20,1806,52,1627,81,1499,197,78,95,24,80,76,41,303,271,UEFA
2017,12/31/2017,Scotland,37,1719,1,2104,13,1888,63,1598,779,360,374,45,373,234,172,1373,957,UEFA
2017,12/31/2017,Czech Republic,38,1712,1,2032,12,1862,46,1669,792,321,379,92,381,231,180,1477,983,UEFA
2017,12/31/2017,Turkey,39,1711,9,1898,44,1597,77,1358,575,248,260,67,215,227,133,779,849,UEFA
2017,12/31/2017,Austria,39,1711,1,2070,20,1812,73,1549,774,386,345,43,318,285,171,1395,1230,UEFA
2017,12/31/2017,Japan,41,1706,9,1887,65,1439,114,1126,723,281,187,255,334,235,154,1252,898,AFC
2017,12/31/2017,Morocco,45,1688,19,1807,45,1644,86,1510,613,261,206,146,287,152,174,894,553,CAF
2017,12/31/2017,Panama,48,1670,28,1753,104,1333,143,1154,473,170,178,125,148,207,118,569,741,CONCACAF
2017,12/31/2017,Egypt,50,1650,12,1872,36,1665,70,1527,781,315,257,209,390,198,193,1389,847,CAF
2017,12/31/2017,Tunisia,54,1618,24,1757,47,1613,87,1439,661,300,224,137,270,202,189,944,753,CAF
2017,12/31/2017,Ghana,55,1613,10,1877,39,1659,101,1424,698,224,273,201,340,186,172,1146,733,CAF
2017,12/31/2017,Uzbekistan,57,1611,25,1766,60,1590,93,1428,267,90,106,71,127,86,54,474,312,AFC
2017,12/31/2017,Ivory Coast,63,1601,15,1863,44,1641,76,1476,601,211,218,172,294,149,158,972,627,CAF
2017,12/31/2017,DR Congo,63,1601,20,1782,60,1561,114,1387,465,146,198,121,194,149,122,744,574,CAF
2017,12/31/2017,Norway,66,1581,6,1944,38,1613,85,1364,806,382,376,48,288,339,179,1204,1369,UEFA
2017,12/31/2017,Iraq,67,1573,23,1740,46,1625,96,1456,649,107,204,338,307,167,175,1057,607,AFC
2017,12/31/2017,Saudi Arabia,68,1570,29,1735,77,1490,125,1256,708,283,126,299,344,201,163,1130,760,AFC
2017,12/31/2017,South Africa,72,1541,7,1847,29,1720,99,1448,417,207,143,67,182,124,111,572,460,CAF
2017,12/31/2017,Algeria,73,1535,18,1773,48,1615,110,1386,579,224,209,146,238,183,158,818,618,CAF
2017,12/31/2017,New Zealand,75,1524,29,1640,65,1497,103,1334,387,124,174,89,157,158,72,674,595,OFC
2017,12/31/2017,Canada,76,1523,25,1733,49,1591,90,1470,395,128,175,92,137,164,94,435,542,CONCACAF
2017,12/31/2017,Haiti,84,1493,37,1673,81,1408,129,1265,491,175,169,147,210,176,105,801,673,CONCACAF
2017,12/31/2017,Jordan,85,1482,40,1676,116,1292,153,1092,465,168,161,136,154,181,130,554,582,AFC
2017,12/31/2017,Qatar,95,1455,54,1616,98,1385,164,965,572,271,127,174,229,192,151,796,668,AFC
2017,12/31/2017,Cape Verde,99,1424,67,1554,125,1279,146,1172,179,62,65,52,63,78,38,179,210,CAF
2017,12/31/2017,Curaçao,141,1266,26,1618,95,1382,188,1011,433,147,158,128,176,152,105,757,692,CONCACAF
2018,12/31/2018,Brazil,1,2136,1,2195,4,1992,20,1805,981,340,319,322,621,158,202,2129,893,CONMEBOL
2018,12/31/2018,France,2,2092,1,2135,17,1777,40,1514,850,435,314,101,416,257,177,1511,1198,UEFA
2018,12/31/2018,Belgium,3,2034,3,2082,25,1739,70,1503,793,381,343,69,339,287,167,1403,1287,UEFA
2018,12/31/2018,Spain,4,2010,1,2164,7,1938,19,1805,692,302,271,119,404,131,157,1380,632,UEFA
2018,12/31/2018,Netherlands,5,1985,1,2153,15,1840,55,1553,816,387,329,100,414,225,177,1690,1059,UEFA
2018,12/31/2018,Colombia,6,1960,3,2034,52,1590,102,1304,563,165,202,196,222,189,152,713,669,CONMEBOL
2018,12/31/2018,England,7,1959,1,2213,4,1983,17,1810,1071,462,499,110,625,201,245,2512,1062,UEFA
2018,12/31/2018,Portugal,8,1958,2,2018,20,1781,41,1624,608,282,229,97,290,175,143,1013,713,UEFA
2018,12/31/2018,Germany,9,1937,1,2223,8,1909,25,1637,961,420,386,155,558,207,196,2154,1131,UEFA
2018,12/31/2018,Croatia,10,1924,5,2008,12,1875,26,1780,313,125,132,56,165,63,85,543,309,UEFA
2018,12/31/2018,Argentina,11,1921,1,2159,5,1982,26,1751,1021,358,395,268,547,220,254,1930,1088,CONMEBOL
2018,12/31/2018,Uruguay,11,1921,1,2104,12,1873,44,1636,937,313,402,222,408,305,224,1493,1190,CONMEBOL
2018,12/31/2018,Switzerland,11,1921,9,1929,27,1677,56,1485,811,391,359,61,284,353,174,1186,1383,UEFA
2018,12/31/2018,Sweden,18,1850,2,2013,16,1796,44,1579,1035,451,466,118,505,306,224,2084,1378,UEFA
2018,12/31/2018,Iran,19,1823,13,1842,42,1645,79,1450,588,203,171,214,328,119,141,1090,466,AFC
2018,12/31/2018,Bosnia and Herzegovina,21,1795,20,1806,51,1632,81,1499,209,81,102,26,85,78,46,312,275,UEFA
2018,12/31/2018,Mexico,22,1779,4,1985,20,1778,48,1498,907,275,248,384,465,234,208,1625,948,CONCACAF
2018,12/31/2018,South Korea,23,1778,16,1845,36,1679,84,1445,958,309,237,412,516,205,237,1737,885,AFC
2018,12/31/2018,Ecuador,24,1772,12,1914,68,1497,121,1183,514,162,184,168,152,233,129,623,826,CONMEBOL
2018,12/31/2018,Austria,26,1765,1,2070,20,1811,73,1549,785,393,349,43,325,288,172,1410,1238,UEFA
2018,12/31/2018,Senegal,29,1755,21,1808,59,1570,107,1387,609,196,238,175,255,182,172,798,612,CAF
2018,12/31/2018,United States,34,1742,9,1890,42,1633,93,1410,713,400,237,76,303,258,152,1027,973,CONCACAF
2018,12/31/2018,Australia,35,1736,11,1876,34,1667,77,1475,566,252,202,112,284,163,119,1160,664,AFC
2018,12/31/2018,Japan,36,1730,9,1887,64,1441,114,1126,737,287,188,262,340,240,157,1279,918,AFC
2018,12/31/2018,Czech Republic,37,1728,1,2032,12,1860,46,1669,802,323,384,95,386,236,180,1488,999,UEFA
2018,12/31/2018,Morocco,37,1728,19,1807,44,1645,86,1510,626,265,209,152,295,154,177,914,562,CAF
2018,12/31/2018,Paraguay,40,1723,5,1956,22,1755,44,1619,712,193,329,190,255,273,184,934,1025,CONMEBOL
2018,12/31/2018,Scotland,41,1720,1,2104,13,1887,63,1598,789,365,379,45,377,240,172,1385,972,UEFA
2018,12/31/2018,Turkey,44,1690,9,1898,43,1599,77,1358,586,254,264,68,218,230,138,791,862,UEFA
2018,12/31/2018,Norway,45,1678,6,1944,38,1613,85,1364,816,387,381,48,296,340,180,1220,1374,UEFA
2018,12/31/2018,Tunisia,48,1646,24,1757,47,1613,87,1439,674,303,228,143,276,207,191,962,771,CAF
2018,12/31/2018,Ghana,50,1622,10,1877,39,1659,101,1424,702,224,277,201,342,187,173,1152,736,CAF
2018,12/31/2018,Egypt,53,1613,12,1872,36,1664,70,1527,793,318,261,214,394,204,195,1408,863,CAF
2018,12/31/2018,Ivory Coast,56,1603,15,1863,44,1641,76,1476,607,212,221,174,297,149,161,983,632,CAF
2018,12/31/2018,Uzbekistan,59,1591,25,1766,60,1591,93,1428,277,94,109,74,129,91,57,480,325,AFC
2018,12/31/2018,Saudi Arabia,62,1583,29,1735,77,1491,125,1256,726,288,131,307,349,209,168,1148,789,AFC
2018,12/31/2018,Iraq,63,1582,23,1740,46,1624,96,1456,661,111,207,343,311,169,181,1073,620,AFC
2018,12/31/2018,Panama,65,1566,28,1753,103,1337,143,1154,486,173,185,128,149,217,120,575,770,CONCACAF
2018,12/31/2018,South Africa,68,1548,7,1847,29,1718,99,1448,427,214,145,68,186,124,117,590,464,CAF
2018,12/31/2018,Canada,69,1546,25,1733,49,1591,90,1470,399,129,176,94,141,164,94,450,542,CONCACAF
2018,12/31/2018,DR Congo,71,1542,20,1782,61,1561,114,1387,471,147,203,121,194,151,126,749,582,CAF
2018,12/31/2018,Algeria,72,1541,18,1773,48,1614,110,1386,589,227,214,148,242,188,159,833,632,CAF
2018,12/31/2018,Qatar,77,1522,54,1616,98,1387,164,965,584,278,130,176,236,195,153,816,682,AFC
2018,12/31/2018,Haiti,81,1512,37,1673,81,1409,129,1265,496,176,172,148,213,178,105,818,679,CONCACAF
2018,12/31/2018,New Zealand,82,1502,29,1640,65,1497,103,1334,391,124,175,92,159,160,72,678,599,OFC
2018,12/31/2018,Jordan,95,1448,40,1676,116,1295,153,1092,478,175,164,139,157,186,135,565,594,AFC
2018,12/31/2018,Cape Verde,106,1399,67,1554,124,1281,146,1172,185,63,69,53,65,80,40,186,216,CAF
2018,12/31/2018,Curaçao,125,1332,26,1618,96,1381,188,1011,438,151,158,129,180,152,106,780,693,CONCACAF
2019,12/31/2019,Belgium,1,2083,1,2083,24,1742,70,1503,803,386,348,69,349,287,167,1443,1290,UEFA
2019,12/31/2019,Brazil,2,2081,1,2195,4,1994,20,1805,997,348,320,329,629,160,208,2162,902,CONMEBOL
2019,12/31/2019,France,3,2046,1,2135,17,1780,40,1514,861,441,319,101,425,258,178,1538,1204,UEFA
2019,12/31/2019,Spain,4,2027,1,2164,7,1938,19,1805,702,307,276,119,412,131,159,1411,637,UEFA
2019,12/31/2019,Netherlands,5,2017,1,2153,15,1841,55,1553,826,391,334,101,421,227,178,1717,1068,UEFA
2019,12/31/2019,Portugal,6,1986,2,2018,20,1783,41,1624,618,288,233,97,297,176,145,1039,720,UEFA
2019,12/31/2019,Colombia,7,1985,3,2034,52,1595,102,1304,577,166,205,206,230,191,156,729,676,CONMEBOL
2019,12/31/2019,Argentina,8,1970,1,2159,5,1982,26,1751,1036,359,398,279,555,223,258,1959,1103,CONMEBOL
2019,12/31/2019,Uruguay,10,1965,1,2104,12,1873,44,1636,950,315,406,229,416,305,229,1519,1198,CONMEBOL
2019,12/31/2019,Germany,11,1964,1,2223,8,1909,25,1637,971,426,390,155,565,208,198,2187,1141,UEFA
2019,12/31/2019,England,12,1955,1,2213,4,1983,17,1810,1081,466,503,112,632,203,246,2550,1071,UEFA
2019,12/31/2019,Croatia,13,1920,5,2008,12,1876,26,1780,323,131,136,56,171,65,87,563,319,UEFA
2019,12/31/2019,Mexico,14,1901,4,1985,20,1778,48,1498,924,278,252,394,480,235,209,1672,965,CONCACAF
2019,12/31/2019,Switzerland,15,1897,9,1931,27,1679,56,1485,821,395,364,62,289,355,177,1206,1392,UEFA
2019,12/31/2019,Sweden,18,1859,2,2013,16,1797,44,1579,1047,456,471,120,511,308,228,2109,1390,UEFA
2019,12/31/2019,Turkey,26,1778,9,1898,43,1600,77,1358,598,261,269,68,227,231,140,813,866,UEFA
2019,12/31/2019,South Korea,27,1772,16,1845,36,1680,84,1445,976,317,240,419,528,207,241,1764,894,AFC
2019,12/31/2019,Senegal,28,1763,21,1808,59,1573,107,1387,622,199,239,184,265,184,173,818,617,CAF
2019,12/31/2019,Japan,29,1744,9,1887,64,1445,114,1126,760,294,192,274,355,245,160,1320,938,AFC
2019,12/31/2019,Algeria,30,1742,18,1773,48,1614,110,1386,605,232,215,158,254,188,163,863,639,CAF
2019,12/31/2019,Austria,31,1741,1,2070,20,1811,73,1549,795,398,354,43,331,291,173,1429,1247,UEFA
2019,12/31/2019,Iran,32,1739,13,1842,42,1647,79,1450,600,205,174,221,335,122,143,1125,473,AFC
2019,12/31/2019,Paraguay,33,1738,5,1956,23,1755,44,1619,726,195,336,195,258,278,190,948,1041,CONMEBOL
2019,12/31/2019,Czech Republic,34,1735,1,2032,13,1859,46,1669,812,329,388,95,391,241,180,1504,1016,UEFA
2019,12/31/2019,Ecuador,37,1726,12,1914,68,1500,121,1183,526,164,185,177,155,239,132,636,845,CONMEBOL
2019,12/31/2019,Norway,38,1722,6,1944,38,1614,85,1364,826,392,386,48,300,341,185,1239,1385,UEFA
2019,12/31/2019,United States,39,1720,9,1890,42,1634,93,1410,731,416,238,77,314,263,154,1065,987,CONCACAF
2019,12/31/2019,Australia,40,1713,11,1876,35,1667,77,1475,576,253,207,116,290,166,120,1182,670,AFC
2019,12/31/2019,Bosnia and Herzegovina,43,1683,20,1806,51,1636,81,1499,219,86,107,26,89,83,47,332,292,UEFA
2019,12/31/2019,Qatar,46,1668,26,1771,97,1394,164,965,605,286,133,186,250,200,155,861,696,AFC
2019,12/31/2019,Morocco,47,1659,19,1807,44,1646,86,1510,640,273,211,156,300,158,182,928,573,CAF
2019,12/31/2019,Scotland,50,1639,1,2104,13,1886,63,1598,799,370,384,45,382,245,172,1401,991,UEFA
2019,12/31/2019,Ghana,51,1630,10,1877,40,1658,101,1424,712,227,278,207,347,188,177,1164,741,CAF
2019,12/31/2019,Iraq,53,1623,23,1740,46,1624,96,1456,683,119,211,353,323,172,188,1103,635,AFC
2019,12/31/2019,Tunisia,54,1619,24,1757,47,1613,87,1439,691,309,231,151,284,211,196,985,782,CAF
2019,12/31/2019,Ivory Coast,56,1615,15,1863,44,1640,76,1476,622,215,222,185,307,153,162,1009,644,CAF
2019,12/31/2019,Canada,58,1603,25,1733,49,1590,90,1470,409,132,177,100,148,167,94,480,553,CONCACAF
2019,12/31/2019,Egypt,61,1581,12,1872,36,1664,70,1527,805,327,264,214,401,206,198,1421,868,CAF
2019,12/31/2019,Uzbekistan,63,1579,25,1766,60,1592,93,1428,293,100,113,80,138,96,59,509,340,AFC
2019,12/31/2019,Haiti,67,1557,37,1673,81,1410,129,1265,510,178,176,156,219,183,108,837,696,CONCACAF
2019,12/31/2019,Saudi Arabia,68,1554,29,1735,77,1492,125,1256,746,292,135,319,357,216,173,1175,811,AFC
2019,12/31/2019,South Africa,74,1531,7,1847,30,1717,99,1448,440,219,147,74,191,128,121,601,475,CAF
2019,12/31/2019,Panama,79,1504,28,1753,103,1340,143,1154,498,175,191,132,152,225,121,587,793,CONCACAF
2019,12/31/2019,DR Congo,81,1502,20,1782,61,1560,114,1387,482,149,206,127,196,154,132,761,595,CAF
2019,12/31/2019,New Zealand,85,1485,29,1640,65,1497,103,1334,393,124,177,92,159,162,72,679,603,OFC
2019,12/31/2019,Jordan,87,1478,40,1676,115,1298,153,1092,497,182,168,147,165,192,140,593,613,AFC
2019,12/31/2019,Curaçao,102,1412,26,1618,96,1381,188,1011,449,153,162,134,183,156,110,790,703,CONCACAF
2019,12/31/2019,Cape Verde,106,1401,67,1554,124,1283,146,1172,189,65,70,54,66,80,43,190,219,CAF
2020,12/31/2020,Brazil,1,2135,1,2195,4,1995,20,1805,1001,350,322,329,633,160,208,2174,904,CONMEBOL
2020,12/31/2020,Belgium,2,2110,1,2110,24,1745,70,1503,811,391,351,69,355,288,168,1462,1298,UEFA
2020,12/31/2020,France,3,2091,1,2135,16,1782,40,1514,869,446,322,101,431,259,179,1557,1212,UEFA
2020,12/31/2020,Spain,4,2049,1,2164,7,1939,19,1805,710,310,281,119,415,132,163,1425,641,UEFA
2020,12/31/2020,Portugal,5,2038,2,2046,19,1786,41,1624,626,293,236,97,302,177,147,1058,724,UEFA
2020,12/31/2020,Netherlands,7,1994,1,2153,15,1842,55,1553,834,396,337,101,424,229,181,1725,1074,UEFA
2020,12/31/2020,Argentina,7,1994,1,2159,5,1981,26,1751,1040,361,400,279,558,223,259,1965,1105,CONMEBOL
2020,12/31/2020,England,9,1961,1,2213,4,1983,17,1810,1089,471,506,112,637,205,247,2563,1075,UEFA
2020,12/31/2020,Germany,10,1955,1,2223,8,1910,25,1637,979,431,393,155,568,209,202,2201,1157,UEFA
2020,12/31/2020,Uruguay,11,1952,1,2104,12,1874,44,1636,954,317,408,229,418,307,229,1526,1205,CONMEBOL
2020,12/31/2020,Mexico,12,1928,4,1985,20,1780,48,1498,929,279,253,397,484,235,210,1683,969,CONCACAF
2020,12/31/2020,Colombia,14,1896,3,2034,51,1599,102,1304,581,168,207,206,231,193,157,735,687,CONMEBOL
2020,12/31/2020,Switzerland,15,1870,9,1931,27,1681,56,1485,828,398,368,62,289,359,180,1214,1404,UEFA
2020,12/31/2020,Croatia,16,1860,5,2008,12,1877,26,1780,331,134,141,56,173,70,88,577,339,UEFA
2020,12/31/2020,Ecuador,19,1826,12,1914,67,1503,121,1183,530,166,187,177,158,240,132,649,851,CONMEBOL
2020,12/31/2020,Sweden,20,1820,2,2013,16,1797,44,1579,1057,459,476,122,515,314,228,2118,1406,UEFA
2020,12/31/2020,Austria,26,1786,1,2070,20,1810,73,1549,803,402,358,43,337,292,174,1443,1254,UEFA
2020,12/31/2020,South Korea,27,1773,16,1845,35,1681,84,1445,978,317,240,421,529,208,241,1768,898,AFC
2020,12/31/2020,Paraguay,28,1769,5,1956,23,1755,44,1619,730,197,338,195,259,278,193,954,1046,CONMEBOL
2020,12/31/2020,Norway,29,1763,6,1944,38,1615,85,1364,832,396,388,48,303,343,186,1252,1391,UEFA
2020,12/31/2020,Iran,29,1763,13,1842,42,1648,79,1450,602,205,176,221,337,122,143,1129,474,AFC
2020,12/31/2020,Czech Republic,31,1760,1,2032,13,1858,46,1669,820,332,393,95,396,244,180,1515,1023,UEFA
2020,12/31/2020,Senegal,32,1755,21,1808,58,1576,107,1387,625,200,241,184,267,185,173,822,620,CAF
2020,12/31/2020,Turkey,33,1752,9,1898,43,1602,77,1358,606,265,273,68,228,233,145,825,880,UEFA
2020,12/31/2020,Algeria,34,1747,18,1773,48,1616,110,1386,609,233,216,160,256,188,165,871,644,CAF
2020,12/31/2020,United States,35,1745,9,1890,41,1635,93,1410,735,418,239,78,317,263,155,1078,989,CONCACAF
2020,12/31/2020,Japan,36,1744,9,1887,64,1447,114,1126,764,294,192,278,357,246,161,1322,940,AFC
2020,12/31/2020,Australia,39,1713,11,1876,35,1667,77,1475,576,253,207,116,290,166,120,1182,670,AFC
2020,12/31/2020,Morocco,41,1681,19,1807,44,1646,86,1510,644,276,211,157,303,158,183,938,576,CAF
2020,12/31/2020,Scotland,45,1659,1,2104,13,1884,63,1598,807,374,388,45,385,247,175,1407,996,UEFA
2020,12/31/2020,Qatar,47,1638,26,1771,96,1399,164,965,609,287,133,189,251,202,156,869,704,AFC
2020,12/31/2020,Bosnia and Herzegovina,48,1634,20,1806,51,1637,81,1499,227,91,110,26,89,88,50,336,306,UEFA
2020,12/31/2020,Iraq,51,1627,23,1740,46,1624,96,1456,685,119,211,355,324,172,189,1105,636,AFC
2020,12/31/2020,Ivory Coast,54,1617,15,1863,44,1640,76,1476,626,216,224,186,308,154,164,1013,648,CAF
2020,12/31/2020,Tunisia,55,1615,24,1757,47,1614,87,1439,695,311,232,152,286,211,198,991,784,CAF
2020,12/31/2020,Ghana,58,1603,10,1877,40,1658,101,1424,716,228,279,209,349,190,177,1171,746,CAF
2020,12/31/2020,Egypt,59,1601,12,1872,36,1663,70,1527,807,328,265,214,403,206,198,1425,869,CAF
2020,12/31/2020,Canada,60,1599,25,1733,50,1591,90,1470,412,132,177,103,150,168,94,488,556,CONCACAF
2020,12/31/2020,Haiti,68,1557,37,1673,81,1411,129,1265,510,178,176,156,219,183,108,837,696,CONCACAF
2020,12/31/2020,Saudi Arabia,70,1555,29,1735,77,1493,125,1256,748,294,135,319,358,217,173,1179,813,AFC
2020,12/31/2020,Uzbekistan,71,1551,25,1766,60,1591,93,1428,299,102,114,83,140,100,59,515,348,AFC
2020,12/31/2020,Panama,73,1534,28,1753,103,1342,143,1154,504,175,195,134,155,227,122,593,800,CONCACAF
2020,12/31/2020,South Africa,76,1515,7,1847,30,1715,99,1448,444,223,147,74,193,129,122,609,480,CAF
2020,12/31/2020,DR Congo,80,1500,20,1782,61,1560,114,1387,486,150,208,128,197,155,134,763,599,CAF
2020,12/31/2020,Jordan,82,1492,40,1676,115,1301,153,1092,499,182,168,149,166,192,141,594,613,AFC
2020,12/31/2020,New Zealand,86,1485,29,1640,66,1497,103,1334,393,124,177,92,159,162,72,679,603,OFC
2020,12/31/2020,Curaçao,101,1412,26,1618,96,1381,188,1011,449,153,162,134,183,156,110,790,703,CONCACAF
2020,12/31/2020,Cape Verde,106,1384,67,1554,124,1285,146,1172,193,66,72,55,67,81,45,193,222,CAF
2021,12/31/2021,Brazil,1,2149,1,2195,4,1996,20,1805,1017,361,327,329,645,161,211,2201,909,CONMEBOL
2021,12/31/2021,France,2,2114,1,2135,16,1785,40,1514,885,452,328,105,441,259,185,1593,1224,UEFA
2021,12/31/2021,Argentina,3,2101,1,2159,5,1982,26,1751,1056,366,405,285,568,223,265,1991,1112,CONMEBOL
2021,12/31/2021,Belgium,4,2074,1,2157,24,1748,70,1503,828,397,357,74,366,291,171,1501,1313,UEFA
2021,12/31/2021,Spain,5,2036,1,2164,7,1940,19,1805,728,319,286,123,425,134,169,1460,655,UEFA
2021,12/31/2021,England,6,2031,1,2213,4,1983,17,1810,1108,484,511,113,652,205,251,2615,1080,UEFA
2021,12/31/2021,Portugal,8,1972,2,2060,19,1788,41,1624,642,298,243,101,311,180,151,1092,738,UEFA
2021,12/31/2021,Germany,9,1962,1,2223,8,1910,25,1637,995,440,398,157,579,212,204,2251,1170,UEFA
2021,12/31/2021,Switzerland,11,1933,9,1933,27,1683,56,1485,845,406,373,66,299,360,186,1251,1419,UEFA
2021,12/31/2021,Netherlands,12,1929,1,2153,15,1843,55,1553,850,405,342,103,435,231,184,1771,1088,UEFA
2021,12/31/2021,Colombia,13,1904,3,2034,51,1603,102,1304,598,173,213,212,235,196,167,752,700,CONMEBOL
2021,12/31/2021,Croatia,14,1858,5,2008,12,1876,26,1780,347,140,149,58,181,74,92,606,353,UEFA
2021,12/31/2021,United States,14,1858,9,1890,41,1636,93,1410,757,433,245,79,334,265,158,1124,1001,CONCACAF
2021,12/31/2021,Ecuador,16,1849,12,1914,67,1507,121,1183,548,172,193,183,164,246,138,670,871,CONMEBOL
2021,12/31/2021,Uruguay,17,1847,1,2104,12,1874,44,1636,969,322,413,234,422,312,235,1537,1221,CONMEBOL
2021,12/31/2021,Mexico,19,1839,4,1985,20,1781,48,1498,953,282,261,410,496,241,216,1719,988,CONCACAF
2021,12/31/2021,Iran,20,1837,13,1842,41,1650,79,1450,613,208,179,226,347,122,144,1160,477,AFC
2021,12/31/2021,Czech Republic,23,1833,1,2032,13,1858,46,1669,837,339,398,100,404,249,184,1546,1042,UEFA
2021,12/31/2021,Sweden,24,1820,2,2013,16,1798,44,1579,1073,467,481,125,526,318,229,2143,1418,UEFA
2021,12/31/2021,Algeria,26,1799,18,1799,48,1617,110,1386,629,240,220,169,271,188,170,934,658,CAF
2021,12/31/2021,South Korea,28,1788,16,1845,35,1682,84,1445,988,324,242,422,536,209,243,1788,904,AFC
2021,12/31/2021,Canada,29,1784,25,1784,49,1591,90,1470,431,137,182,112,163,170,98,543,567,CONCACAF
2021,12/31/2021,Morocco,31,1764,19,1807,44,1647,86,1510,658,285,212,161,315,158,185,972,579,CAF
2021,12/31/2021,Japan,33,1760,9,1887,63,1450,114,1126,776,302,195,279,367,248,161,1364,945,AFC
2021,12/31/2021,Australia,34,1735,11,1876,35,1668,77,1475,586,254,210,122,297,167,122,1203,675,AFC
2021,12/31/2021,Norway,35,1733,6,1944,38,1616,85,1364,844,400,393,51,309,346,189,1269,1401,UEFA
2021,12/31/2021,Austria,36,1730,1,2070,20,1810,73,1549,819,408,365,46,344,299,176,1467,1277,UEFA
2021,12/31/2021,Paraguay,37,1729,5,1956,23,1755,44,1619,745,202,343,200,262,285,198,965,1065,CONMEBOL
2021,12/31/2021,Scotland,38,1728,1,2104,13,1883,63,1598,822,381,395,46,393,250,179,1428,1010,UEFA
2021,12/31/2021,Turkey,39,1726,9,1898,43,1603,77,1358,622,272,278,72,236,237,149,857,905,UEFA
2021,12/31/2021,Senegal,42,1702,21,1808,58,1578,107,1387,641,206,245,190,277,186,178,851,632,CAF
2021,12/31/2021,Qatar,49,1663,26,1771,95,1404,164,965,633,295,139,199,263,209,161,904,736,AFC
2021,12/31/2021,Egypt,50,1658,12,1872,36,1662,70,1527,822,333,270,219,412,207,203,1452,877,CAF
2021,12/31/2021,Ivory Coast,51,1645,15,1863,45,1640,76,1476,636,219,228,189,315,155,166,1031,653,CAF
2021,12/31/2021,Tunisia,53,1638,24,1757,47,1614,87,1439,712,318,236,158,298,215,199,1020,797,CAF
2021,12/31/2021,Saudi Arabia,54,1629,29,1735,76,1495,125,1256,762,302,138,322,368,219,175,1204,819,AFC
2021,12/31/2021,Panama,57,1627,28,1753,102,1344,143,1154,523,183,200,140,165,231,127,633,821,CONCACAF
2021,12/31/2021,Ghana,63,1600,10,1877,40,1657,101,1424,726,233,283,210,354,192,180,1182,752,CAF
2021,12/31/2021,Bosnia and Herzegovina,63,1600,20,1806,51,1637,81,1499,240,98,116,26,91,93,56,346,321,UEFA
2021,12/31/2021,Iraq,68,1551,23,1740,46,1624,96,1456,702,122,216,364,329,176,197,1123,654,AFC
2021,12/31/2021,South Africa,69,1548,7,1847,30,1713,99,1448,459,234,151,74,202,131,126,628,487,CAF
2021,12/31/2021,Jordan,72,1529,40,1676,114,1304,153,1092,520,184,174,162,176,200,144,622,636,AFC
2021,12/31/2021,New Zealand,73,1528,29,1640,66,1497,103,1334,396,124,178,94,162,162,72,684,604,OFC
2021,12/31/2021,Haiti,74,1526,37,1673,81,1413,129,1265,522,181,179,162,226,188,108,866,714,CONCACAF
2021,12/31/2021,Uzbekistan,76,1524,25,1766,60,1589,93,1428,310,104,118,88,146,105,59,535,361,AFC
2021,12/31/2021,DR Congo,79,1509,20,1782,61,1558,114,1387,496,154,213,129,201,158,137,774,607,CAF
2021,12/31/2021,Cape Verde,87,1467,67,1554,123,1287,146,1172,202,70,75,57,72,83,47,205,231,CAF
2021,12/31/2021,Curaçao,100,1404,26,1618,96,1382,188,1011,459,158,164,137,188,159,112,815,713,CONCACAF
2022,12/31/2022,Argentina,1,2144,1,2159,5,1983,26,1751,1072,368,408,296,580,224,268,2032,1122,CONMEBOL
2022,12/31/2022,Brazil,2,2133,1,2195,4,1997,20,1805,1030,363,331,336,655,162,213,2236,915,CONMEBOL
2022,12/31/2022,France,3,2081,1,2135,16,1787,40,1514,900,457,331,112,449,263,188,1621,1240,UEFA
2022,12/31/2022,Netherlands,4,2073,1,2153,15,1844,55,1553,863,410,346,107,444,231,188,1800,1101,UEFA
2022,12/31/2022,Portugal,5,1998,2,2060,19,1790,41,1624,656,304,246,106,320,184,152,1124,748,UEFA
2022,12/31/2022,Spain,6,1996,1,2164,7,1941,19,1805,741,324,290,127,432,136,173,1487,665,UEFA
2022,12/31/2022,England,8,1966,1,2213,4,1983,17,1810,1121,489,514,118,657,209,255,2637,1095,UEFA
2022,12/31/2022,Germany,9,1955,1,2223,8,1910,25,1637,1007,444,403,160,583,214,210,2272,1185,UEFA
2022,12/31/2022,Croatia,10,1950,5,2008,13,1876,28,1780,363,143,153,67,189,76,98,626,368,UEFA
2022,12/31/2022,Belgium,11,1947,1,2157,24,1750,70,1503,840,401,361,78,371,295,174,1519,1327,UEFA
2022,12/31/2022,Colombia,12,1919,3,2034,50,1606,102,1304,607,175,215,217,242,198,167,768,706,CONMEBOL
2022,12/31/2022,Uruguay,13,1904,1,2104,12,1875,44,1636,981,325,416,240,430,314,237,1557,1225,CONMEBOL
2022,12/31/2022,Switzerland,15,1878,9,1933,27,1685,56,1485,858,410,377,71,304,367,187,1264,1442,UEFA
2022,12/31/2022,Morocco,16,1866,11,1923,44,1648,86,1510,679,289,214,176,327,162,190,1001,595,CAF
2022,12/31/2022,Japan,17,1851,9,1887,63,1454,114,1126,794,312,196,286,377,252,165,1396,958,AFC
2022,12/31/2022,Ecuador,19,1842,12,1914,66,1511,121,1183,561,174,196,191,167,248,146,680,880,CONMEBOL
2022,12/31/2022,United States,23,1817,9,1890,41,1638,93,1410,773,439,249,85,340,269,164,1145,1013,CONCACAF
2022,12/31/2022,Mexico,24,1812,4,1985,20,1781,48,1498,973,287,264,422,505,246,222,1741,1003,CONCACAF
2022,12/31/2022,South Korea,26,1788,16,1845,35,1684,84,1445,1008,332,245,431,548,214,246,1826,927,AFC
2022,12/31/2022,Iran,27,1780,13,1844,41,1652,79,1450,625,212,180,233,353,127,145,1172,491,AFC
2022,12/31/2022,Czech Republic,28,1778,1,2032,13,1857,46,1669,847,343,404,100,406,255,186,1558,1059,UEFA
2022,12/31/2022,Australia,29,1773,11,1876,35,1669,77,1475,599,257,213,129,304,171,124,1220,688,AFC
2022,12/31/2022,Sweden,30,1757,2,2013,16,1797,44,1579,1083,472,485,126,530,323,230,2155,1432,UEFA
2022,12/31/2022,Norway,31,1754,6,1944,38,1618,85,1364,854,406,397,51,315,348,191,1290,1410,UEFA
2022,12/31/2022,Scotland,33,1751,1,2104,14,1882,63,1598,832,386,399,47,397,253,182,1444,1023,UEFA
2022,12/31/2022,Austria,33,1751,1,2070,20,1809,73,1549,829,413,369,47,347,304,178,1479,1291,UEFA
2022,12/31/2022,Tunisia,35,1745,24,1757,47,1614,87,1439,729,320,239,170,307,220,202,1040,806,CAF
2022,12/31/2022,Senegal,35,1745,21,1808,58,1580,107,1387,661,209,247,205,287,190,184,878,650,CAF
2022,12/31/2022,Paraguay,38,1727,5,1956,23,1755,44,1619,756,204,348,204,265,291,200,973,1082,CONMEBOL
2022,12/31/2022,Turkey,40,1711,9,1898,43,1604,77,1358,632,278,282,72,242,240,150,882,918,UEFA
2022,12/31/2022,Canada,40,1711,21,1841,49,1593,90,1470,446,140,188,118,170,177,99,566,583,CONCACAF
2022,12/31/2022,Algeria,42,1704,18,1807,48,1618,110,1386,642,245,223,174,278,192,172,950,669,CAF
2022,12/31/2022,Ivory Coast,49,1667,15,1863,45,1640,76,1476,648,220,230,198,321,158,169,1051,666,CAF
2022,12/31/2022,Egypt,51,1660,12,1872,37,1662,70,1527,837,337,273,227,420,211,206,1467,887,CAF
2022,12/31/2022,Panama,53,1646,28,1753,102,1348,143,1154,540,188,207,145,170,237,133,656,846,CONCACAF
2022,12/31/2022,Saudi Arabia,54,1644,29,1735,76,1497,125,1256,779,305,139,335,373,225,181,1214,832,AFC
2022,12/31/2022,Bosnia and Herzegovina,59,1616,20,1806,51,1636,81,1499,248,103,119,26,95,95,58,355,330,UEFA
2022,12/31/2022,Ghana,62,1593,10,1877,40,1656,101,1424,742,235,285,222,358,199,185,1199,776,CAF
2022,12/31/2022,Jordan,63,1590,40,1676,114,1307,153,1092,530,187,175,168,184,202,144,640,643,AFC
2022,12/31/2022,Qatar,65,1577,26,1771,94,1409,164,965,646,300,139,207,269,213,164,918,751,AFC
2022,12/31/2022,Iraq,66,1575,23,1740,47,1623,96,1456,713,125,218,370,334,178,201,1133,663,AFC
2022,12/31/2022,Uzbekistan,66,1575,25,1766,61,1588,93,1428,320,111,118,91,154,106,60,559,366,AFC
2022,12/31/2022,South Africa,72,1540,7,1847,31,1712,99,1448,469,241,153,75,207,133,129,641,498,CAF
2022,12/31/2022,Haiti,75,1536,37,1673,81,1414,129,1265,527,181,181,165,229,189,109,882,720,CONCACAF
2022,12/31/2022,New Zealand,77,1527,29,1640,66,1497,103,1334,407,125,179,103,167,167,73,703,613,OFC
2022,12/31/2022,Cape Verde,84,1481,67,1554,123,1290,146,1172,213,70,77,66,78,87,48,221,239,CAF
2022,12/31/2022,DR Congo,89,1453,20,1782,62,1557,114,1387,503,156,216,131,202,163,138,780,617,CAF
2022,12/31/2022,Curaçao,116,1362,26,1618,96,1382,188,1011,466,161,168,137,189,163,114,824,728,CONCACAF
2023,12/31/2023,Argentina,1,2139,1,2170,5,1984,26,1751,1082,373,412,297,589,225,268,2053,1124,CONMEBOL
2023,12/31/2023,France,2,2109,1,2135,16,1790,40,1514,910,462,335,113,457,264,189,1655,1246,UEFA
2023,12/31/2023,Spain,3,2033,1,2164,7,1942,19,1805,751,328,294,129,440,137,174,1514,671,UEFA
2023,12/31/2023,Portugal,4,2032,2,2060,19,1792,41,1624,666,309,251,106,330,184,152,1160,750,UEFA
2023,12/31/2023,England,5,2014,1,2213,4,1983,17,1810,1131,494,518,119,665,209,257,2663,1100,UEFA
2023,12/31/2023,Brazil,6,2011,1,2195,4,1998,20,1805,1039,366,335,338,658,167,214,2251,929,CONMEBOL
2023,12/31/2023,Uruguay,7,2006,1,2104,12,1875,44,1636,991,330,421,240,437,315,239,1579,1233,CONMEBOL
2023,12/31/2023,Belgium,8,1990,1,2157,24,1752,70,1503,850,406,366,78,379,295,176,1545,1333,UEFA
2023,12/31/2023,Colombia,9,1984,3,2034,50,1610,102,1304,620,178,222,220,250,198,172,785,714,CONMEBOL
2023,12/31/2023,Netherlands,10,1970,1,2153,15,1846,55,1553,873,416,349,108,450,235,188,1821,1115,UEFA
2023,12/31/2023,Croatia,11,1951,4,2015,12,1878,28,1780,373,147,158,68,195,78,100,643,374,UEFA
2023,12/31/2023,Japan,13,1905,9,1905,63,1457,114,1126,804,319,197,288,385,253,166,1432,966,AFC
2023,12/31/2023,Germany,14,1885,1,2223,8,1910,25,1637,1018,451,406,161,586,220,212,2289,1207,UEFA
2023,12/31/2023,Ecuador,15,1883,12,1914,66,1515,121,1183,571,177,201,193,173,250,148,692,888,CONMEBOL
2023,12/31/2023,Morocco,17,1846,11,1923,44,1652,86,1510,687,292,217,178,331,163,193,1011,599,CAF
2023,12/31/2023,Austria,18,1835,1,2070,20,1809,73,1549,839,419,373,47,354,305,180,1499,1299,UEFA
2023,12/31/2023,Iran,20,1827,13,1844,41,1654,79,1450,636,216,185,235,362,127,147,1205,498,AFC
2023,12/31/2023,Scotland,23,1800,1,2104,14,1881,63,1598,842,391,404,47,402,256,184,1463,1038,UEFA
2023,12/31/2023,South Korea,24,1799,16,1845,35,1685,84,1445,1018,339,247,432,553,216,249,1849,933,AFC
2023,12/31/2023,Mexico,25,1794,4,1985,20,1782,48,1498,993,290,268,435,515,250,228,1777,1025,CONCACAF
2023,12/31/2023,Switzerland,26,1791,9,1933,27,1686,56,1485,868,415,380,73,308,368,192,1286,1453,UEFA
2023,12/31/2023,Australia,27,1784,11,1876,35,1670,77,1475,607,260,214,133,308,174,125,1236,696,AFC
2023,12/31/2023,United States,28,1774,9,1890,41,1640,93,1410,791,455,251,85,350,272,169,1192,1026,CONCACAF
2023,12/31/2023,Turkey,29,1765,9,1898,43,1606,77,1358,642,282,287,73,248,242,152,901,931,UEFA
2023,12/31/2023,Panama,29,1765,28,1765,101,1352,143,1154,559,192,214,153,181,241,137,689,864,CONCACAF
2023,12/31/2023,Czech Republic,32,1756,1,2032,13,1857,46,1669,857,347,410,100,411,256,190,1575,1067,UEFA
2023,12/31/2023,Norway,34,1755,6,1944,38,1619,85,1364,864,412,401,51,320,351,193,1312,1422,UEFA
2023,12/31/2023,Tunisia,36,1738,24,1757,47,1616,87,1439,739,323,246,170,313,223,203,1056,815,CAF
2023,12/31/2023,Senegal,37,1731,21,1808,57,1583,107,1387,670,212,251,207,292,191,187,895,656,CAF
2023,12/31/2023,Algeria,39,1723,18,1807,48,1619,110,1386,652,250,225,177,285,192,175,968,675,CAF
2023,12/31/2023,Paraguay,42,1706,5,1956,23,1755,45,1619,764,208,352,204,267,295,202,978,1088,CONMEBOL
2023,12/31/2023,Canada,43,1705,21,1841,49,1595,90,1470,457,143,193,121,175,180,102,587,600,CONCACAF
2023,12/31/2023,Sweden,46,1691,2,2013,16,1797,46,1579,1095,478,489,128,537,327,231,2180,1447,UEFA
2023,12/31/2023,Egypt,47,1684,12,1872,37,1662,70,1527,847,342,274,231,428,212,207,1490,892,CAF
2023,12/31/2023,Uzbekistan,50,1643,25,1766,61,1588,93,1428,333,116,121,96,162,108,63,587,380,AFC
2023,12/31/2023,Ivory Coast,51,1642,15,1863,45,1641,76,1476,657,226,232,199,326,159,172,1070,672,CAF
2023,12/31/2023,Iraq,55,1621,23,1740,47,1623,96,1456,726,131,222,373,340,180,206,1157,676,AFC
2023,12/31/2023,Saudi Arabia,63,1586,29,1735,76,1498,125,1256,790,308,141,341,376,232,182,1229,849,AFC
2023,12/31/2023,Ghana,69,1548,10,1877,41,1655,101,1424,751,239,289,223,362,202,187,1207,786,CAF
2023,12/31/2023,Qatar,70,1534,26,1771,94,1411,164,965,663,304,141,218,275,220,168,944,773,AFC
2023,12/31/2023,New Zealand,73,1525,29,1640,66,1498,103,1334,415,127,182,106,169,170,76,709,624,OFC
2023,12/31/2023,Jordan,76,1503,40,1676,113,1311,153,1092,540,190,179,171,186,208,146,654,665,AFC
2023,12/31/2023,DR Congo,78,1497,20,1782,62,1556,114,1387,513,159,219,135,207,165,141,792,622,CAF
2023,12/31/2023,Haiti,80,1496,37,1673,81,1415,129,1265,538,181,184,173,233,192,113,901,734,CONCACAF
2023,12/31/2023,South Africa,84,1486,7,1847,31,1710,99,1448,483,252,156,75,213,135,135,657,511,CAF
2023,12/31/2023,Bosnia and Herzegovina,85,1485,20,1806,51,1634,86,1485,258,108,124,26,98,102,58,364,350,UEFA
2023,12/31/2023,Cape Verde,87,1479,67,1554,122,1293,146,1172,222,73,80,69,81,90,51,231,250,CAF
2023,12/31/2023,Curaçao,126,1337,26,1618,96,1381,188,1011,476,166,171,139,190,168,118,833,747,CONCACAF
2024,12/31/2024,Spain,1,2178,1,2178,7,1943,19,1805,768,334,298,136,454,138,176,1555,684,UEFA
2024,12/31/2024,Argentina,2,2108,1,2172,5,1986,26,1751,1098,376,415,307,601,227,270,2086,1132,CONMEBOL
2024,12/31/2024,France,3,2055,1,2135,16,1792,40,1514,926,469,337,120,465,267,194,1677,1259,UEFA
2024,12/31/2024,England,4,2006,1,2213,4,1983,17,1810,1148,501,521,126,674,213,261,2692,1113,UEFA
2024,12/31/2024,Brazil,5,1996,1,2195,4,1998,20,1805,1053,369,341,343,664,168,221,2273,941,CONMEBOL
2024,12/31/2024,Portugal,6,1993,2,2060,19,1794,41,1624,682,316,255,111,339,187,156,1191,766,UEFA
2024,12/31/2024,Colombia,7,1977,3,2069,49,1615,102,1304,636,181,226,229,260,202,174,818,727,CONMEBOL
2024,12/31/2024,Germany,8,1971,1,2223,8,1911,25,1637,1033,462,410,161,596,221,216,2324,1217,UEFA
2024,12/31/2024,Uruguay,9,1948,1,2104,12,1876,44,1636,1007,333,426,248,442,318,247,1600,1244,CONMEBOL
2024,12/31/2024,Netherlands,10,1938,1,2153,15,1847,55,1553,889,422,353,114,458,239,192,1857,1131,UEFA
2024,12/31/2024,Ecuador,12,1910,12,1914,65,1519,121,1183,586,180,204,202,180,254,152,710,898,CONMEBOL
2024,12/31/2024,Japan,13,1889,9,1913,62,1461,114,1126,820,324,202,294,398,255,167,1488,977,AFC
2024,12/31/2024,Croatia,14,1886,4,2015,12,1880,28,1780,386,151,163,72,200,81,105,663,391,UEFA
2024,12/31/2024,Austria,15,1871,1,2070,20,1809,73,1549,853,424,378,51,362,308,183,1531,1313,UEFA
2024,12/31/2024,Belgium,17,1851,1,2157,24,1754,70,1503,864,410,370,84,383,301,180,1560,1346,UEFA
2024,12/31/2024,Iran,18,1838,13,1853,41,1656,79,1450,654,220,191,243,376,128,150,1246,513,AFC
2024,12/31/2024,Switzerland,19,1814,9,1933,27,1688,56,1485,883,420,386,77,312,372,199,1306,1472,UEFA
2024,12/31/2024,Norway,22,1806,6,1944,38,1620,85,1364,874,418,405,51,325,354,195,1333,1435,UEFA
2024,12/31/2024,Morocco,23,1802,11,1923,44,1653,86,1510,702,301,218,183,343,164,195,1054,606,CAF
2024,12/31/2024,Canada,26,1784,21,1841,49,1596,90,1470,471,145,197,129,181,183,107,601,613,CONCACAF
2024,12/31/2024,Paraguay,28,1775,5,1956,23,1754,51,1619,776,211,358,207,271,299,206,989,1103,CONMEBOL
2024,12/31/2024,South Korea,29,1774,16,1845,35,1686,84,1445,1035,343,252,440,563,217,255,1885,949,AFC
2024,12/31/2024,Turkey,29,1774,9,1898,43,1607,77,1358,657,285,294,78,254,248,155,920,954,UEFA
2024,12/31/2024,Senegal,31,1771,21,1808,57,1586,107,1387,685,217,254,214,304,191,190,921,660,CAF
2024,12/31/2024,Mexico,32,1769,4,1985,20,1782,48,1498,1006,292,270,444,521,255,230,1793,1037,CONCACAF
2024,12/31/2024,Scotland,33,1759,1,2104,14,1880,63,1598,855,396,409,50,405,263,187,1476,1060,UEFA
2024,12/31/2024,United States,34,1758,9,1890,41,1641,93,1410,805,467,253,85,356,278,171,1211,1044,CONCACAF
2024,12/31/2024,Czech Republic,35,1753,1,2032,13,1856,46,1669,870,352,413,105,418,259,193,1600,1084,UEFA
2024,12/31/2024,Sweden,36,1744,2,2013,16,1796,48,1579,1106,483,494,129,544,330,232,2205,1462,UEFA
2024,12/31/2024,Panama,40,1726,27,1765,100,1356,143,1154,572,195,218,159,186,248,138,704,886,CONCACAF
2024,12/31/2024,Australia,42,1719,11,1876,35,1670,77,1475,623,266,218,139,317,176,130,1267,704,AFC
2024,12/31/2024,Algeria,48,1685,18,1807,48,1620,110,1386,667,256,230,181,294,194,179,1003,689,CAF
2024,12/31/2024,Uzbekistan,49,1684,25,1766,60,1591,93,1428,349,121,126,102,172,109,68,611,389,AFC
2024,12/31/2024,Egypt,51,1657,12,1872,37,1662,70,1527,862,349,278,235,435,213,214,1517,907,CAF
2024,12/31/2024,Jordan,54,1617,40,1676,112,1315,153,1092,561,197,185,179,198,212,151,696,687,AFC
2024,12/31/2024,Tunisia,59,1598,24,1757,47,1616,87,1439,754,329,246,179,318,226,210,1067,823,CAF
2024,12/31/2024,Iraq,61,1584,23,1740,47,1623,96,1456,744,136,227,381,351,185,208,1185,693,AFC
2024,12/31/2024,New Zealand,62,1583,29,1640,66,1498,103,1334,427,130,186,111,177,172,78,748,630,OFC
2024,12/31/2024,Ivory Coast,63,1579,15,1863,45,1640,76,1476,675,238,233,204,337,163,175,1100,687,CAF
2024,12/31/2024,South Africa,64,1576,7,1847,31,1709,99,1448,504,260,161,83,221,136,147,690,526,CAF
2024,12/31/2024,DR Congo,72,1540,20,1782,62,1556,114,1387,530,163,222,145,213,169,148,808,633,CAF
2024,12/31/2024,Haiti,73,1538,37,1673,81,1416,129,1265,547,181,190,176,241,192,114,936,742,CONCACAF
2024,12/31/2024,Saudi Arabia,75,1536,29,1735,76,1500,125,1256,812,314,146,352,386,237,189,1258,869,AFC
2024,12/31/2024,Qatar,78,1524,26,1771,93,1415,164,965,684,317,144,223,286,225,173,979,803,AFC
2024,12/31/2024,Bosnia and Herzegovina,85,1485,20,1806,52,1629,90,1469,267,112,129,26,98,109,60,369,373,UEFA
2024,12/31/2024,Cape Verde,87,1472,65,1579,121,1297,146,1172,238,77,85,76,88,96,54,246,266,CAF
2024,12/31/2024,Ghana,96,1429,10,1877,41,1653,101,1424,765,244,291,230,364,207,194,1224,807,CAF
2024,12/31/2024,Curaçao,126,1335,26,1618,97,1381,188,1011,484,169,172,143,196,169,119,854,751,CONCACAF
2025,12/31/2025,Spain,1,2172,1,2189,7,1945,19,1805,778,338,302,138,460,138,180,1588,697,UEFA
2025,12/31/2025,Argentina,2,2113,1,2172,5,1987,26,1751,1107,379,419,309,608,228,271,2105,1135,CONMEBOL
2025,12/31/2025,France,3,2062,1,2135,16,1794,40,1514,936,473,341,122,472,269,195,1701,1270,UEFA
2025,12/31/2025,England,4,2042,1,2213,4,1983,17,1810,1158,507,524,127,683,214,261,2718,1116,UEFA
2025,12/31/2025,Colombia,5,1998,3,2069,49,1619,102,1304,646,184,229,233,265,203,178,840,736,CONMEBOL
2025,12/31/2025,Brazil,6,1978,1,2195,4,1998,20,1805,1063,372,346,345,669,171,223,2290,951,CONMEBOL
2025,12/31/2025,Portugal,7,1976,2,2060,19,1796,41,1624,692,320,260,112,345,189,158,1220,779,UEFA
2025,12/31/2025,Netherlands,8,1959,1,2153,15,1848,55,1553,899,427,358,114,464,239,196,1889,1140,UEFA
2025,12/31/2025,Ecuador,9,1933,9,1934,64,1524,121,1183,596,183,210,203,183,254,159,717,901,CONMEBOL
2025,12/31/2025,Croatia,10,1932,4,2015,12,1881,28,1780,396,156,167,73,208,82,106,691,397,UEFA
2025,12/31/2025,Norway,11,1922,6,1944,38,1622,85,1364,884,424,408,52,334,354,196,1372,1441,UEFA
2025,12/31/2025,Germany,12,1910,1,2223,8,1911,25,1637,1043,468,414,161,602,224,217,2346,1228,UEFA
2025,12/31/2025,Switzerland,13,1897,9,1933,27,1689,56,1485,893,424,391,78,319,372,202,1332,1478,UEFA
2025,12/31/2025,Uruguay,14,1890,1,2104,12,1876,44,1636,1017,336,431,250,446,321,250,1609,1253,CONMEBOL
2025,12/31/2025,Turkey,15,1880,9,1898,43,1610,77,1358,667,289,299,79,261,250,156,945,969,UEFA
2025,12/31/2025,Japan,16,1878,9,1913,62,1465,114,1126,833,331,205,297,406,257,170,1515,985,AFC
2025,12/31/2025,Belgium,19,1850,1,2157,24,1755,70,1503,874,415,374,85,389,302,183,1593,1356,UEFA
2025,12/31/2025,Morocco,20,1840,11,1923,43,1656,86,1510,721,313,219,189,360,164,197,1092,611,CAF
2025,12/31/2025,Mexico,21,1835,4,1985,20,1782,48,1498,1022,294,271,457,529,258,235,1814,1054,CONCACAF
2025,12/31/2025,Paraguay,22,1833,5,1956,23,1755,51,1619,786,214,364,208,275,302,209,1000,1113,CONMEBOL
2025,12/31/2025,Austria,23,1818,1,2070,20,1810,73,1549,863,429,383,51,368,310,185,1554,1320,UEFA
2025,12/31/2025,Senegal,24,1807,21,1809,57,1589,107,1387,698,220,258,220,313,192,193,956,667,CAF
2025,12/31/2025,Canada,25,1802,21,1841,49,1598,90,1470,485,150,200,135,188,185,112,623,621,CONCACAF
2025,12/31/2025,Scotland,27,1790,1,2104,14,1879,63,1598,865,401,413,51,411,266,188,1495,1073,UEFA
2025,12/31/2025,South Korea,28,1784,16,1845,35,1687,84,1445,1048,353,254,441,571,219,258,1907,959,AFC
2025,12/31/2025,Australia,30,1774,11,1876,35,1671,77,1475,633,269,223,141,324,179,130,1283,713,AFC
2025,12/31/2025,Algeria,33,1757,18,1807,48,1621,110,1386,684,261,233,190,307,195,182,1044,701,CAF
2025,12/31/2025,Iran,34,1755,13,1853,41,1657,79,1450,666,223,195,248,381,131,154,1264,522,AFC
2025,12/31/2025,United States,35,1747,9,1890,41,1641,93,1410,823,485,253,85,366,284,173,1244,1066,CONCACAF
2025,12/31/2025,Panama,36,1742,27,1773,100,1360,143,1154,587,199,224,164,195,250,142,732,902,CONCACAF
2025,12/31/2025,Uzbekistan,37,1735,25,1766,60,1594,93,1428,362,128,128,106,179,110,73,630,395,AFC
2025,12/31/2025,Czech Republic,39,1731,1,2032,13,1855,46,1669,880,358,416,106,424,261,195,1620,1093,UEFA
2025,12/31/2025,Jordan,47,1689,40,1701,111,1320,153,1092,580,201,191,188,206,218,156,723,706,AFC
2025,12/31/2025,Sweden,53,1660,2,2013,17,1796,53,1579,1116,488,499,129,547,335,234,2220,1479,UEFA
2025,12/31/2025,DR Congo,54,1657,20,1782,62,1557,114,1387,544,166,225,153,224,170,150,832,640,CAF
2025,12/31/2025,Ivory Coast,59,1627,15,1863,45,1640,76,1476,688,241,237,210,345,165,178,1120,692,CAF
2025,12/31/2025,Egypt,60,1622,12,1872,37,1662,70,1527,877,353,279,245,443,215,219,1534,917,CAF
2025,12/31/2025,Tunisia,61,1615,24,1757,47,1616,87,1439,772,337,250,185,329,229,214,1103,838,CAF
2025,12/31/2025,Saudi Arabia,65,1592,29,1735,76,1501,125,1256,833,321,150,362,396,243,194,1280,886,AFC
2025,12/31/2025,New Zealand,67,1585,29,1640,66,1499,103,1334,437,133,189,115,180,178,79,763,642,OFC
2025,12/31/2025,Iraq,68,1582,23,1740,47,1622,96,1456,758,139,231,388,358,189,211,1200,706,AFC
2025,12/31/2025,Bosnia and Herzegovina,69,1572,20,1806,53,1626,90,1469,277,116,135,26,104,111,62,391,383,UEFA
2025,12/31/2025,Cape Verde,73,1561,65,1579,121,1300,146,1172,249,80,91,78,94,96,59,264,273,CAF
2025,12/31/2025,South Africa,74,1550,7,1847,32,1708,99,1448,521,273,161,87,231,139,151,716,537,CAF
2025,12/31/2025,Haiti,76,1542,37,1673,81,1417,129,1265,559,181,196,182,246,196,117,956,757,CONCACAF
2025,12/31/2025,Ghana,80,1509,10,1877,42,1651,101,1424,775,247,294,234,370,210,195,1245,813,CAF
2025,12/31/2025,Curaçao,87,1466,26,1618,97,1381,188,1011,496,173,175,148,201,171,124,878,760,CONCACAF
2025,12/31/2025,Qatar,93,1425,26,1771,93,1416,164,965,697,328,146,223,289,232,176,993,825,AFC
2026,12/31/2026,Spain,1,2165,1,2189,7,1946,19,1805,780,340,302,138,461,138,181,1591,697,UEFA
2026,12/31/2026,Argentina,2,2113,1,2172,5,1987,26,1751,1109,381,419,309,610,228,271,2112,1136,CONMEBOL
2026,12/31/2026,France,3,2081,1,2135,16,1795,40,1514,938,473,341,124,474,269,195,1706,1272,UEFA
2026,12/31/2026,England,4,2020,1,2213,4,1983,17,1810,1160,509,524,127,683,215,262,2719,1118,UEFA
2026,12/31/2026,Brazil,5,1984,1,2195,4,1998,20,1805,1065,372,346,347,670,172,223,2294,954,CONMEBOL
2026,12/31/2026,Portugal,5,1984,2,2060,19,1797,41,1624,694,320,262,112,346,189,159,1222,779,UEFA
2026,12/31/2026,Colombia,7,1975,3,2069,48,1621,102,1304,648,184,229,235,265,205,178,842,741,CONMEBOL
2026,12/31/2026,Netherlands,8,1961,1,2153,15,1848,55,1553,901,429,358,114,465,239,197,1892,1142,UEFA
2026,12/31/2026,Ecuador,9,1933,9,1934,64,1525,121,1183,598,183,211,204,183,254,161,719,903,CONMEBOL
2026,12/31/2026,Croatia,10,1930,4,2015,12,1881,28,1780,398,156,167,75,209,83,106,694,401,UEFA
2026,12/31/2026,Germany,11,1923,1,2223,8,1911,25,1637,1045,469,415,161,604,224,217,2352,1232,UEFA
2026,12/31/2026,Norway,12,1912,6,1944,38,1623,85,1364,886,425,409,52,334,355,197,1373,1443,UEFA
2026,12/31/2026,Japan,13,1904,9,1913,62,1467,114,1126,835,331,207,297,408,257,170,1517,985,AFC
2026,12/31/2026,Turkey,14,1902,9,1902,42,1611,77,1358,669,290,300,79,263,250,156,947,969,UEFA
2026,12/31/2026,Uruguay,15,1892,1,2104,12,1876,44,1636,1019,336,432,251,446,321,252,1610,1254,CONMEBOL
2026,12/31/2026,Switzerland,16,1889,9,1933,27,1690,56,1485,895,425,392,78,319,373,203,1335,1482,UEFA
2026,12/31/2026,Senegal,17,1878,17,1878,56,1590,107,1387,704,221,259,224,319,192,193,967,669,CAF
2026,12/31/2026,Belgium,19,1867,1,2157,24,1755,70,1503,876,415,375,86,390,302,184,1599,1359,UEFA
2026,12/31/2026,Mexico,20,1860,4,1985,20,1782,48,1498,1028,297,273,458,533,258,237,1823,1055,CONCACAF
2026,12/31/2026,Paraguay,22,1833,5,1956,23,1755,51,1619,788,214,365,209,276,303,209,1002,1115,CONMEBOL
2026,12/31/2026,Austria,23,1827,1,2070,20,1810,73,1549,865,431,383,51,370,310,185,1560,1321,UEFA
2026,12/31/2026,Morocco,24,1822,11,1923,43,1657,86,1510,728,318,219,191,364,165,199,1103,614,CAF
2026,12/31/2026,Canada,25,1784,21,1841,49,1599,90,1470,488,152,200,136,189,185,114,626,623,CONCACAF
2026,12/31/2026,Australia,26,1783,11,1876,35,1672,77,1475,635,271,223,141,326,179,130,1289,714,AFC
2026,12/31/2026,Scotland,29,1767,1,2104,14,1879,63,1598,867,402,413,52,411,268,188,1495,1075,UEFA
2026,12/31/2026,Iran,31,1760,13,1853,41,1658,79,1450,668,223,195,250,382,132,154,1270,524,AFC
2026,12/31/2026,South Korea,33,1752,16,1845,35,1687,84,1445,1050,353,255,442,571,221,258,1907,964,AFC
2026,12/31/2026,Algeria,35,1743,18,1807,48,1621,110,1386,688,261,233,194,309,196,183,1052,703,CAF
2026,12/31/2026,Panama,36,1737,27,1773,99,1362,143,1154,591,200,227,164,196,251,144,736,906,CONCACAF
2026,12/31/2026,Uzbekistan,38,1727,25,1766,60,1596,93,1428,365,130,128,107,180,110,75,635,398,AFC
2026,12/31/2026,Czech Republic,40,1726,1,2032,13,1855,46,1669,882,360,416,106,424,261,197,1624,1097,UEFA
2026,12/31/2026,United States,41,1721,9,1890,41,1642,93,1410,825,487,253,85,366,286,173,1246,1073,CONCACAF
2026,12/31/2026,Sweden,43,1719,2,2013,17,1795,54,1579,1118,489,499,130,549,335,234,2226,1482,UEFA
2026,12/31/2026,Jordan,50,1690,40,1701,111,1322,153,1092,582,201,191,190,206,218,158,727,710,AFC
2026,12/31/2026,Egypt,51,1689,12,1872,37,1662,70,1527,883,353,281,249,446,216,221,1544,921,CAF
2026,12/31/2026,Ivory Coast,52,1676,15,1863,45,1640,76,1476,692,241,237,214,348,166,178,1130,695,CAF
2026,12/31/2026,DR Congo,54,1655,20,1782,62,1557,114,1387,547,166,225,156,226,171,150,835,641,CAF
2026,12/31/2026,Tunisia,58,1636,24,1757,47,1616,87,1439,775,337,251,187,330,229,216,1105,839,CAF
2026,12/31/2026,Iraq,63,1607,23,1740,47,1622,96,1456,759,139,231,389,359,189,211,1202,707,AFC
2026,12/31/2026,Bosnia and Herzegovina,66,1594,20,1806,53,1626,90,1469,279,117,136,26,104,111,64,393,385,UEFA
2026,12/31/2026,New Zealand,68,1585,29,1640,66,1499,103,1334,439,135,189,115,181,179,79,767,645,OFC
2026,12/31/2026,Saudi Arabia,71,1568,29,1735,76,1501,125,1256,835,322,151,362,396,245,194,1281,892,AFC
2026,12/31/2026,Cape Verde,72,1549,65,1579,120,1302,146,1172,251,80,91,80,94,97,60,267,278,CAF
2026,12/31/2026,Haiti,77,1532,37,1673,81,1417,129,1265,561,181,196,184,246,197,118,957,759,CONCACAF
2026,12/31/2026,South Africa,79,1524,7,1847,32,1707,99,1448,524,275,161,88,231,141,152,719,542,CAF
2026,12/31/2026,Ghana,82,1503,10,1877,42,1651,101,1424,778,247,297,234,370,213,195,1247,822,CAF
2026,12/31/2026,Curaçao,90,1436,26,1618,97,1381,188,1011,498,173,176,149,201,173,124,879,767,CONCACAF
2026,12/31/2026,Qatar,95,1425,26,1771,93,1416,164,965,697,328,146,223,289,232,176,993,825,AFC
2026,5/27/2026,Spain,1,2165,1,2189,7,1946,19,1805,780,340,302,138,461,138,181,1591,697,UEFA
2026,5/27/2026,Argentina,2,2113,1,2172,5,1987,26,1751,1109,381,419,309,610,228,271,2112,1136,CONMEBOL
2026,5/27/2026,France,3,2081,1,2135,16,1795,40,1514,938,473,341,124,474,269,195,1706,1272,UEFA
2026,5/27/2026,England,4,2020,1,2213,4,1983,17,1810,1160,509,524,127,683,215,262,2719,1118,UEFA
2026,5/27/2026,Brazil,5,1984,1,2195,4,1998,20,1805,1065,372,346,347,670,172,223,2294,954,CONMEBOL
2026,5/27/2026,Portugal,5,1984,2,2060,19,1797,41,1624,694,320,262,112,346,189,159,1222,779,UEFA
2026,5/27/2026,Colombia,7,1975,3,2069,48,1621,102,1304,648,184,229,235,265,205,178,842,741,CONMEBOL
2026,5/27/2026,Netherlands,8,1961,1,2153,15,1848,55,1553,901,429,358,114,465,239,197,1892,1142,UEFA
2026,5/27/2026,Ecuador,9,1933,9,1934,64,1525,121,1183,598,183,211,204,183,254,161,719,903,CONMEBOL
2026,5/27/2026,Croatia,10,1930,4,2015,12,1881,28,1780,398,156,167,75,209,83,106,694,401,UEFA
2026,5/27/2026,Germany,11,1923,1,2223,8,1911,25,1637,1045,469,415,161,604,224,217,2352,1232,UEFA
2026,5/27/2026,Norway,12,1912,6,1944,38,1623,85,1364,886,425,409,52,334,355,197,1373,1443,UEFA
2026,5/27/2026,Japan,13,1904,9,1913,62,1467,114,1126,835,331,207,297,408,257,170,1517,985,AFC
2026,5/27/2026,Turkey,14,1902,9,1902,42,1611,77,1358,669,290,300,79,263,250,156,947,969,UEFA
2026,5/27/2026,Uruguay,15,1892,1,2104,12,1876,44,1636,1019,336,432,251,446,321,252,1610,1254,CONMEBOL
2026,5/27/2026,Switzerland,16,1889,9,1933,27,1690,56,1485,895,425,392,78,319,373,203,1335,1482,UEFA
2026,5/27/2026,Senegal,17,1878,17,1878,56,1590,107,1387,704,221,259,224,319,192,193,967,669,CAF
2026,5/27/2026,Belgium,19,1867,1,2157,24,1755,70,1503,876,415,375,86,390,302,184,1599,1359,UEFA
2026,5/27/2026,Mexico,20,1860,4,1985,20,1782,48,1498,1028,297,273,458,533,258,237,1823,1055,CONCACAF
2026,5/27/2026,Paraguay,22,1833,5,1956,23,1755,51,1619,788,214,365,209,276,303,209,1002,1115,CONMEBOL
2026,5/27/2026,Austria,23,1827,1,2070,20,1810,73,1549,865,431,383,51,370,310,185,1560,1321,UEFA
2026,5/27/2026,Morocco,24,1822,11,1923,43,1657,86,1510,728,318,219,191,364,165,199,1103,614,CAF
2026,5/27/2026,Canada,25,1784,21,1841,49,1599,90,1470,488,152,200,136,189,185,114,626,623,CONCACAF
2026,5/27/2026,Australia,26,1783,11,1876,35,1672,77,1475,635,271,223,141,326,179,130,1289,714,AFC
2026,5/27/2026,Scotland,29,1767,1,2104,14,1879,63,1598,867,402,413,52,411,268,188,1495,1075,UEFA
2026,5/27/2026,Iran,31,1760,13,1853,41,1658,79,1450,668,223,195,250,382,132,154,1270,524,AFC
2026,5/27/2026,South Korea,33,1752,16,1845,35,1687,84,1445,1050,353,255,442,571,221,258,1907,964,AFC
2026,5/27/2026,Algeria,35,1743,18,1807,48,1621,110,1386,688,261,233,194,309,196,183,1052,703,CAF
2026,5/27/2026,Panama,36,1737,27,1773,99,1362,143,1154,591,200,227,164,196,251,144,736,906,CONCACAF
2026,5/27/2026,Uzbekistan,38,1727,25,1766,60,1596,93,1428,365,130,128,107,180,110,75,635,398,AFC
2026,5/27/2026,Czech Republic,40,1726,1,2032,13,1855,46,1669,882,360,416,106,424,261,197,1624,1097,UEFA
2026,5/27/2026,United States,41,1721,9,1890,41,1642,93,1410,825,487,253,85,366,286,173,1246,1073,CONCACAF
2026,5/27/2026,Sweden,43,1719,2,2013,17,1795,54,1579,1118,489,499,130,549,335,234,2226,1482,UEFA
2026,5/27/2026,Jordan,50,1690,40,1701,111,1322,153,1092,582,201,191,190,206,218,158,727,710,AFC
2026,5/27/2026,France,51,1689,12,1872,37,1662,70,1527,883,353,281,249,446,216,221,1544,921,CAF
2026,5/27/2026,Ivory Coast,52,1676,15,1863,45,1640,76,1476,692,241,237,214,348,166,178,1130,695,CAF
2026,5/27/2026,DR Congo,54,1655,20,1782,62,1557,114,1387,547,166,225,156,226,171,150,835,641,CAF
2026,5/27/2026,Tunisia,58,1636,24,1757,47,1616,87,1439,775,337,251,187,330,229,216,1105,839,CAF
2026,5/27/2026,Iraq,63,1607,23,1740,47,1622,96,1456,759,139,231,389,359,189,211,1202,707,AFC
2026,5/27/2026,Bosnia and Herzegovina,66,1594,20,1806,53,1626,90,1469,279,117,136,26,104,111,64,393,385,UEFA
2026,5/27/2026,New Zealand,68,1585,29,1640,66,1499,103,1334,439,135,189,115,181,179,79,767,645,OFC
2026,5/27/2026,Saudi Arabia,71,1568,29,1735,76,1501,125,1256,835,322,151,362,396,245,194,1281,892,AFC
2026,5/27/2026,Cape Verde,72,1549,65,1579,120,1302,146,1172,251,80,91,80,94,97,60,267,278,CAF
2026,5/27/2026,Haiti,77,1532,37,1673,81,1417,129,1265,561,181,196,184,246,197,118,957,759,CONCACAF
2026,5/27/2026,South Africa,79,1524,7,1847,32,1707,99,1448,524,275,161,88,231,141,152,719,542,CAF
2026,5/27/2026,Ghana,82,1503,10,1877,42,1651,101,1424,778,247,297,234,370,213,195,1247,822,CAF
2026,5/27/2026,Curaçao,90,1436,26,1618,97,1381,188,1011,498,173,176,149,201,173,124,879,767,CONCACAF
2026,5/27/2026,Qatar,95,1425,26,1771,93,1416,164,965,697,328,146,223,289,232,176,993,825,AFC
