No,AQI
35065,111.41342939901297
35066,105.18940869585501
35067,118.5896406275848
35068,120.14239482750641
35069,199.51542552954928
35070,190.16831226607414
35071,165.9774637139145
35072,240.40963324942373
35073,16.2911496902166
35074,81.93904653700108
35075,119.18044847359205
35076,70.87959196140982
35077,44.749890823587904
35078,6.341838393552367
35079,92.04049206114797
35080,171.74130163026578
35081,168.17979157920212
35082,66.26753808280358
35083,131.8952803651966
35084,200.25329562507883
35085,16.787898362034458
35086,107.01035708045995
35087,138.57203543915293
35088,121.33361364718938
35089,168.50292683951344
35090,11.803658887452357
35091,35.11806335509713
35092,163.31378819440508
35093,9.22184624675642
35094,168.29152607255793
35095,151.1826501633394
35096,166.334005647879
35097,85.29256124817579
35098,154.06684104081788
35099,23.026726627712357
35100,89.57387677261477
35101,120.99106122381089
35102,50.247664180461896
35103,130.47527199001092
35104,21.453011473492843
35105,133.6502373233672
35106,216.61441033953537
35107,20.891132491640363
35108,120.02591124694226
35109,10.781457543871166
35110,60.10760335392579
35111,164.06146400144752
35112,88.34075144798378
35113,161.53319524867842
35114,138.12236163519788
35115,118.98131991034884
35116,27.390936391809003
35117,163.07800555171306
35118,135.47226220580035
35119,10.338655465955496
35120,38.05572500028864
35121,19.713695665724206
35122,15.842630278080808
35123,92.34042594345048
35124,24.27487123585361
35125,54.71566866475964
35126,200.74334328795985
35127,184.01565791355023
35128,69.90929324213894
35129,168.78257795106305
35130,204.01930129907367
35131,162.26044541193252
35132,140.31572797460288
35133,198.05723531466865
35134,169.5459860013762
35135,24.616606949773576
35136,106.83183490860505
35137,81.50256141778418
35138,201.4750106267267
35139,78.87356663176122
35140,68.1241680339928
35141,185.79251649268355
35142,133.2214498031205
35143,246.02460487240643
35144,57.634917648045544
35145,82.6624656286394
35146,198.35511839757967
35147,21.582858691417094
35148,202.82462435298677
35149,23.02770616329865
35150,156.11924397225786
35151,9.64917955688113
35152,120.78929601438855
35153,19.304355494161612
35154,237.26841147934425
35155,26.403284631436946
35156,59.33526135258321
35157,153.7808166410154
35158,80.984630363195
35159,165.03409458091855
35160,72.7556636519975
35161,64.76172161129278
35162,119.55143086845763
35163,18.36487269002637
35164,141.03878700548086
35165,172.07565346675446
35166,153.2881834894137
35167,164.73726087762455
35168,9.011969908811885
35169,84.58725100064065
35170,101.70434423884393
35171,201.29236086360092
35172,76.6079234331504
35173,7.232330677118131
35174,32.44914445630411
35175,73.16542181793612
35176,5.676185342190902
35177,183.94596025454035
35178,11.971318291541555
35179,149.63375265035768
35180,28.06100018810562
35181,210.14763551900228
35182,97.88471467607117
35183,83.18006116410491
35184,154.52259766532578
35185,34.94501619419127
35186,158.63427278409517
35187,82.31301165462241
35188,78.1363448879962
35189,119.23556776625384
35190,24.273231857695894
35191,106.31784069094238
35192,138.95394059706982
35193,11.214338769202001
35194,194.2391610352317
35195,169.0356060444018
35196,10.515438237170864
35197,9.667620065364567
35198,168.53453280067188
35199,167.82114574541876
35200,164.0517564231178
35201,15.370968813614159
35202,224.993210952085
35203,67.82166457825977
35204,135.75436579879653
35205,135.26618371070066
35206,211.7680476033399
35207,122.25865779878716
35208,146.03057148468983
35209,119.10192572690873
35210,22.56251456080839
35211,9.175197521980369
35212,121.59638185964712
35213,13.444602548150005
35214,136.92349167548971
35215,125.53709319058356
35216,124.34989898513227
35217,26.22083901335887
35218,186.41294033147815
35219,149.18334010310656
35220,21.70537277674687
35221,238.977877901769
35222,100.82478531472134
35223,15.457310444966692
35224,67.13112706295763
35225,11.541893367310355
35226,197.9297197363293
35227,193.02059861791295
35228,166.56485276989707
35229,153.64000086300007
35230,201.59599404235635
35231,96.97852298456672
35232,144.46034827597228
35233,61.64212515746654
35234,109.52916336001546
35235,151.2530052436251
35236,46.51342792562765
35237,76.77347257884095
35238,127.15639460041191
35239,118.950211081969
35240,82.90449954954651
35241,158.9729880202553
35242,70.05206690650947
35243,18.248385934363792
35244,203.05571060294108
35245,184.44195179053975
35246,76.1680838870827
35247,118.6505733047976
35248,169.22378012621942
35249,121.00793722989015
35250,152.94680080115816
35251,152.55651788949027
35252,92.44740443429521
35253,153.2659119720387
35254,35.939748763209195
35255,142.0615261440633
35256,119.82258501738879
35257,90.12716440627226
35258,17.425560753309107
35259,126.99728414655088
35260,119.64132657864896
35261,56.30092200975679
35262,7.506099499188648
35263,7.405174720094664
35264,94.01897437688598
35265,136.706052565464
35266,232.33216002714266
35267,116.88690563298144
35268,8.084070039445901
35269,102.18637142386719
35270,202.63002587624703
35271,71.41997328779306
35272,197.25772968179598
35273,128.09279589644012
35274,164.758516246154
35275,232.91733609270173
35276,10.388667493430644
35277,184.0773668685223
35278,119.0153030187754
35279,46.209921469845874
35280,119.07575443169713
35281,215.404346175212
35282,197.98817977317643
35283,6.450349964733115
35284,66.48098364810123
35285,183.1233559213672
35286,118.58071247614065
35287,118.32646064355947
35288,9.978798383263936
35289,66.9645787253148
35290,17.622505765935543
35291,8.9948561345378
35292,19.649129040131257
35293,45.091085541999206
35294,68.3119342555412
35295,56.5209778588249
35296,186.79335969975244
35297,48.65909141432097
35298,203.22079811334166
35299,84.25655629094557
35300,147.78135463424417
35301,154.43895995690704
35302,55.94121101588947
35303,93.27060472647743
35304,82.33419779248672
35305,138.7976798903392
35306,112.38469833841802
35307,67.23630291248924
35308,124.79764312443962
35309,138.07956283396362
35310,231.47631375319295
35311,119.8166094154328
35312,121.00460218463992
35313,145.3970260057916
35314,45.550718991399485
35315,8.363627591407033
35316,91.4020540927782
35317,191.459345548688
35318,203.23908757192925
35319,7.128000820904767
35320,162.25304639832999
35321,8.925816456820797
35322,150.4972803852412
35323,143.66180770796157
35324,11.202115552147626
35325,187.06633049475192
35326,218.91751738624126
35327,117.38431930818712
35328,126.76090136888612
35329,199.6464546077069
35335,20.794467004921636
35336,21.040762289983753
35337,57.33347478845798
35338,118.41451713689987
35339,120.91339753343101
35340,80.82565259553643
35341,93.7686826550735
35342,80.50545146583806
35343,79.90361124527912
35344,67.09161024885121
35345,67.50941595850752
35346,7.380659006312036
35347,103.41468040212239
35348,9.732434631453296
35349,170.71899951858103
35350,85.42889431561953
35351,112.55232476452561
35352,90.25066368266862
35353,97.6174640106571
35354,200.86455562106877
35355,18.89275542702976
35356,8.619782809964498
35357,124.5902793374451
35358,80.31731598588377
35359,138.1825521300195
35360,164.6935588783156
35361,23.233675014030226
35362,159.28924004220107
35363,34.09187003711294
35364,119.6727747796362
35365,19.224003124811787
35366,126.94496773384972
35367,119.51166409014344
35368,26.313474070862558
35369,19.2504527309504
35370,169.37643130880716
35371,86.5975574426406
35372,186.52449088369698
35373,84.81717774180521
35374,201.99371114573248
35375,46.84004365487157
35376,203.45587348000146
35377,129.0468244250786
35378,142.54573757328356
35379,33.00595310334748
35380,163.7154500764443
35381,166.80821877407132
35382,93.31944119494514
35383,7.389011918388713
35384,23.637839498989546
35385,23.251682356882984
35386,150.3915562071558
35387,83.3244401517659
35388,83.64148438309758
35389,77.616868144759
35390,203.19430658489716
35391,121.95645397469721
35392,132.64961167319925
35393,78.67353782037398
35394,119.3181226867308
35395,39.27452482091769
35396,140.7332706295408
35397,27.329132107311075
35398,166.08950883418208
35399,67.63969064043252
35400,183.77410141580117
35401,230.14807554281916
35402,119.9320242149045
35403,199.46811413450328
35404,166.74981418012314
35405,11.808689710100499
35406,125.46285701720207
35407,153.10438102397637
35408,159.25699919457523
35409,129.77377585620363
35410,126.81575265183568
35411,118.29010454077721
35412,126.15319333080559
35413,19.137316550328052
35414,97.53899590113002
35415,10.11701315769044
35416,80.13103833724588
35417,76.32933126548429
35418,78.39818243265147
35419,30.199344901455927
35420,137.18032632146807
35421,94.38217605311132
35422,92.18924938240032
35423,17.23482706030053
35424,94.19982815963914
35425,200.36646525936672
35426,199.9225149344786
35427,138.60042815237836
35428,93.68936560197287
35429,158.56269943022764
35430,75.80181686350339
35431,92.82748852452646
35432,68.02212772067433
35433,181.73700075861768
35434,167.89451749731825
35435,118.878942127356
35436,216.41485989995715
35437,140.45421689547035
35438,136.04378739379848
35439,132.852697510321
35440,20.783972887211597
35441,53.276410935137854
35442,118.77423701097526
35443,119.92408397560348
35444,161.03623610121056
35445,76.52277455234764
35446,119.03211932101092
35447,120.76216128665561
35448,122.99980557351239
35449,119.65857161902089
35450,15.59940837012067
35451,10.468015061169417
35452,46.14775528894813
35453,81.48313166141058
35454,23.968770305505068
35455,119.27823382406878
35456,193.4453270434977
35457,165.48093682571294
35458,151.6569445021326
35459,185.78060204987455
35460,47.06219850356234
35461,84.24222267848101
35462,156.0940353625419
35463,83.32067278553971
35464,86.12523008485944
35465,229.00356220860093
35466,120.752561596123
35467,216.5374693375738
35468,6.400650334965548
35469,77.73550840475474
35470,140.9634192277762
35471,117.97181355475675
35472,5.728736125335518
35473,96.30782874027345
35474,263.68431268189994
35475,131.71372099741248
35476,158.06582606247395
35477,76.12954982005085
35478,133.55662885563999
35479,118.92454181037473
35480,195.72412583697565
35481,192.33928783037095
35482,141.4017606510958
35483,120.0790065548393
35484,7.44792575511025
35485,8.035792065979333
35486,120.84724044923475
35487,170.54578849168647
35488,197.3370886902411
35489,52.85223405320455
35490,13.452271285473136
35491,180.7240624189159
35492,67.65918522797996
35493,15.798752208806143
35494,85.51918419222336
35495,82.73115017370341
35496,201.93088081665636
35497,172.12805518750167
35498,67.15462080179189
35499,201.38096343538768
35500,122.48170377628422
35501,192.15335265318183
35502,197.45819463332205
35503,96.34416838528323
35504,160.20827006443707
35505,89.57516224000966
35506,181.8378398582004
35507,119.31856092821303
35508,183.84051171506232
35509,206.07941643940757
35510,149.9518037237333
35511,119.00485469944944
35512,119.96013088132138
35513,28.529833993027168
35514,70.453582361837
35515,181.3178358672314
35516,182.14682315184234
35517,69.52104945957052
35518,125.58327397052778
35519,105.322320094038
35520,157.61373154945252
35521,249.25982229479598
35522,159.92168823861005
35523,69.80665734631604
35524,117.99918523058217
35525,199.8037932877007
35526,11.50387771670104
35527,76.7515965475304
35528,163.00438287089614
35529,200.13204137198957
35530,158.44937646792883
35531,76.47884807983017
35532,149.25283144659477
35533,143.26881380319358
35534,136.48878319009626
35535,117.12420230492505
35536,120.469336134902
35537,49.289757573736786
35538,264.30808575983684
35539,125.15887578433825
35540,152.32664601268195
35541,101.55137734558569
35542,169.6838611418476
35543,17.497870422357213
35544,7.209602045658498
35545,116.40138429312287
35546,240.2937150529978
35547,200.6480132805073
35548,62.32922729143507
35549,153.00833522268118
35550,76.0475126118916
35551,144.60364697223397
35552,152.77276018788027
35553,181.03344167854306
35554,9.033845285608695
35555,17.92240890089593
35556,118.96823168751004
35557,25.83484764967187
35558,23.07111811597274
35559,136.43250069723496
35560,51.486510416869166
35561,252.48104331809745
35562,83.13602274814221
35563,96.18670029412831
35564,138.7935330663392
35565,16.901383350619252
35566,154.5960022378557
35567,139.66491279205385
35568,90.90983788560447
35569,135.95902335484615
35570,145.60421353297784
35571,200.01096778460973
35572,262.8365898352407
35573,24.88542608068489
35574,16.817263187444407
35575,120.45364447542961
35576,7.976210359395492
35577,162.98821725211434
35578,124.54060655214832
35579,137.92543816166096
35580,92.45003824869409
35581,133.65382819227892
35582,151.81446542179404
35583,133.10178359996743
35584,18.271770044726612
35587,128.1696021892583
35588,232.08472770292965
35589,135.3748888427105
35590,127.67486123288664
35591,208.13819475815546
35592,67.50683453910204
35593,171.93496423382683
35594,82.17897208923974
35595,191.96303089465883
35596,167.0450650154325
35597,89.29495284295358
35598,94.83894198466983
35599,185.19295869991598
35600,8.360656860210229
35601,88.1928709488004
35602,164.1124466697276
35603,91.55823814746856
35604,126.75643041574062
35605,7.779506833812168
35606,57.1677595498078
35607,159.94956319666352
35608,69.3178563252193
35609,20.021462953679563
35610,192.984694358932
35611,154.03738765261767
35612,27.69943943352775
35613,126.35436187001626
35614,28.840919633169904
35615,110.02360265704657
35616,127.91759165896104
35617,64.09171704654352
35618,163.75786837381182
35619,180.76021541921412
35620,131.5038921593267
35621,141.6200349224104
35622,11.038842666960253
35623,196.92102042952823
35624,118.37715580594015
35625,47.95933647856236
35626,123.79199600031158
35627,162.640417903869
35628,150.67294303904094
35629,23.107736469613734
35630,165.1211202264775
35631,117.34524491402667
35632,151.62514468931565
35633,63.49684751938788
35634,183.9126408986163
35635,129.69701771763874
35636,202.3748114833347
35637,9.669675407594113
35638,15.034973506864763
35639,98.52412586344873
35640,200.77434398529158
35641,234.11772122582227
35642,51.22813954947489
35643,119.65682289842648
35644,126.40985688948639
35645,163.58188083120746
35646,170.80533627067766
35647,22.64541891414356
35648,119.96070322447011
35649,7.175008425502812
35650,165.02499949781313
35651,91.12841787196399
35652,19.165788148562218
35653,136.17939801210184
35654,86.67089614782121
35655,201.15177067712492
35656,50.712759411047855
35657,249.3276207422226
35658,169.36177505055727
35659,201.0951943508624
35660,28.84897597177798
35661,226.27222516790374
35662,26.09759731066591
35663,104.31090846238682
35664,202.07646186913297
35665,154.06193917218496
35666,21.140877469967215
35667,196.3694049440817
35668,138.6888442126551
35669,89.3136495609564
35670,12.33923566073447
35671,145.77566484204493
35672,107.04790669438188
35673,126.16622741788503
35674,12.831956391889136
35675,88.74099457276425
35676,150.57258121874182
35677,229.4506811998638
35678,102.49841496360064
35679,200.67472861546
35680,166.03852472550446
35681,131.1927515249524
35682,35.7503674385292
35683,40.43711712067602
35684,163.7296256325953
35685,85.15101828338919
35686,80.86673445690454
35687,107.07629165766575
35688,108.01848540174144
35689,181.3888560912745
35690,83.17403871559138
35691,166.80679877819134
35692,145.5177076562831
35693,8.355356154922534
35694,135.38885563912206
35695,18.75230833664809
35696,51.16880287662187
35697,151.0036933707817
35698,120.48465977348665
35699,9.005671864150774
35700,23.646684539840543
35701,10.746622874637422
35702,15.646083393894328
35703,155.87377193852353
35704,80.64636437782111
35705,123.71308579831077
35706,121.75609780765151
35707,119.86114783797231
35708,184.57684920954128
35709,103.3187001305797
35710,180.79026333920712
35711,9.819357863591321
35712,196.08010494937287
35713,16.62789124485681
35714,23.413968902770645
35715,70.67048372870607
35716,190.68479704225473
35717,49.79894020895684
35718,77.04721902327837
35719,37.578339263119354
35720,133.84074146854564
35721,164.7356102641442
35722,216.30601931944454
35723,253.43742441234966
35724,161.28740614239004
35725,138.25297020723337
35726,20.928095517484543
35727,228.76037511756056
35728,131.01189033751214
35729,93.80710334425592
35730,136.23545433295763
35731,77.10673746138336
35732,12.08193728513108
35733,155.26493410822317
35734,200.0015416833599
35735,158.2183057561729
35736,120.59096090993339
35737,120.2989134913536
35738,125.37488568740227
35739,126.25793053126952
35740,120.02850425698071
35741,121.707016921487
35742,207.00495119766276
35743,152.90830621835948
35744,120.88515978040446
35745,164.15165089623034
35746,164.30700487165112
35747,184.23151496498286
35748,68.58947744399099
35749,82.07826224220118
35750,66.00891618621237
35751,165.97338982326076
35752,164.24669745825912
35753,21.383747376037082
35754,142.915214113101
35755,199.775618288978
35756,99.30748912450004
35757,137.15958389757859
35758,165.75894116173586
35759,18.220625846623303
35760,126.18158960667105
35761,200.210216618773
35762,79.6573535550068
35763,168.07583784211243
35764,119.18670174547424
35765,72.9023341250792
35766,117.46815971444948
35767,81.36965810289472
35768,49.846163334049145
35769,93.65913406131455
35770,121.80765695782449
35771,105.45764274695378
35772,93.92269904749146
35773,133.00807656858925
35774,150.68890659819232
35775,22.26919814280629
35776,95.1140110603866
35777,7.248889910184717
35778,105.1368716248152
35779,127.492057067973
35780,156.98233286385567
35781,125.38699875897363
35782,153.5794137538722
35783,117.69187768688482
35784,73.12658379255635
35785,24.517898303970036
35786,95.39909834895822
35787,68.7105823488349
35788,113.09851619761568
35789,84.02167888305543
35790,145.20247608790086
35791,120.93976868062904
35792,151.32338849895757
35793,145.56642520879262
35794,104.98070398415727
35795,112.3388887498859
35796,150.48677862495907
35797,260.63481882952897
35798,35.93176177212267
35799,121.39310056285834
35800,24.69841661350342
35801,120.6707109836633
35802,75.20925529185783
35803,114.48961075261657
35804,127.54970213517433
35805,87.16398140404701
35806,8.697765368091279
35807,200.20756473596288
35808,166.461174297893
35809,112.86109402564219
35810,53.11308355482568
35811,119.0941299956113
35812,137.0342718249779
35813,164.77120932236386
35814,170.09812611067062
35815,191.55832968219522
35816,8.09077866494373
35817,93.0368782974849
35818,183.00383039121544
35819,49.57555304645464
35820,201.9210016882614
35821,224.5020111216782
35822,202.95157118907142
35823,163.36477858231245
35824,84.84021950728531
35825,135.30758122188206
35826,21.417516563936868
35827,68.18137030672727
35828,73.83530750770461
35829,121.74126780803023
35830,91.47251301307742
35831,133.67249542231755
35832,171.2734880573765
35833,72.2134896810394
35834,125.63673124767519
35835,89.69184465768149
35836,128.970922569365
35837,162.4120337544692
35838,180.6997661407157
35839,161.74092053489775
35840,142.49044524178206
35841,11.737458518623825
35842,24.111969707126104
35843,60.19184258543392
35844,137.0823476429846
35845,15.263670831193412
35846,136.2353468739444
35847,131.31801859056253
35848,5.406109050037309
35849,22.984040919896156
35850,184.39464298728754
35851,161.32924142435843
35852,58.303871143577304
35853,26.886258800315595
35854,9.914352242144563
35855,202.34633748511732
35856,120.78776398808355
35857,228.02276032742813
35858,106.5879775994898
35859,136.22518069674513
35860,170.71025258600332
35861,215.3784077444855
35862,154.0854691499614
35863,117.01665867369947
35864,118.76820272833882
35865,23.91455462378045
35866,87.76857230853511
35867,119.8264279927659
35868,201.1368616288991
35869,84.98605252685905
35870,192.43479625189343
35871,117.26125350507263
35872,201.9060992236364
35873,160.87472542132102
35874,155.3991726516661
35875,186.3738961155366
35876,171.9969707128314
35877,196.43349183467518
35878,246.84002338195987
35879,211.9945655776366
35880,152.68758475590292
35881,87.67201045882672
35882,138.28213516814418
35883,6.249626602264238
35884,169.58867726172647
35885,23.741362153048193
35886,196.41916883901317
35887,238.00238681364382
35888,10.768192486272032
35889,118.5214309059062
35890,23.442770590163782
35891,7.350248291849354
35892,117.54480568071833
35893,162.6226989427739
35894,166.79679988932477
35895,125.92407297435346
35896,6.28109254994387
35897,125.32928744404745
35898,12.994945615138045
35899,14.446755392968061
35900,36.76574255957609
35901,188.90991265914658
35902,156.33426465897617
35903,140.13215893105956
35904,55.65263865122844
35905,91.31413202266451
35906,18.939723561324413
35907,198.0048103602282
35908,250.90589351370008
35909,158.40048161238045
35910,164.59258218085066
35911,105.64002638619779
35912,9.63809863034788
35913,54.99212097441054
35914,84.01893519950876
35915,89.80598587735727
35916,78.20405223822236
35917,121.99238288089535
35918,56.76242957133301
35919,249.60604584162863
35920,20.064132881179564
35921,172.5254810759887
35922,96.25372652982031
35923,151.7878286782936
35924,154.34299885620683
35925,126.1166158226867
35926,25.142731315794634
35927,93.47488505449785
35928,125.38766942933546
35929,117.99360017321973
35930,27.375622798259357
35931,201.41837924423092
35932,12.214213095477085
35933,96.02414794058868
35934,48.985490596895154
35935,129.70037438393757
35936,187.12981537506315
35937,15.076111190092767
35938,255.03885061912382
35939,131.54702461767047
35940,136.63853881134978
35941,11.86803095370865
35942,119.29293740963229
35943,182.55972511871641
35944,132.71620188659872
35945,125.80585663819348
35946,119.73389346435039
35947,20.75369917151949
35948,22.286625959895385
35949,204.83736243827065
35950,175.37659351573922
35951,187.5481969419836
35952,63.019062360101216
35953,105.81483448201868
35954,202.2189177963334
35955,20.442572707848974
35956,196.751167076139
35957,77.95429743592287
35958,56.30927290456441
35959,117.73094106748613
35960,22.973114692761413
35961,9.76911560742776
35962,121.22687198543055
35963,154.71057094199753
35964,203.16122290128143
35965,159.37101741381946
35966,238.6471473123552
35967,199.44281417645539
35968,166.8750930335932
35969,150.96007543570397
35970,204.50788928562085
35971,10.686633437691357
35972,84.30950604032039
35973,10.549603404187883
35974,164.90192268666678
35975,66.72641438548695
35976,291.2490499179597
35977,79.80354194568119
35978,120.29730085911676
35979,88.10629890997608
35980,81.32756971883705
35981,20.666924860719423
35982,19.82712865347628
35983,7.922967516245963
35984,153.95705189691165
35985,88.95669553681124
35986,239.29919202573336
35987,21.02394971579954
35988,202.3843664528804
35989,209.21496387674793
35990,199.49572689715876
35991,131.2514759001185
35992,91.41192156273064
35993,199.69654643582152
35994,63.86841474230353
35995,135.52597858303753
35996,116.44488585154372
35997,49.881011433125515
35998,136.25105045372226
35999,164.45279679953023
36000,43.14437177554637
36001,150.8579613318511
36002,6.388912534338542
36003,22.372963123700078
36004,82.95780264875074
36005,137.80364452633583
36006,171.71304226012498
36007,119.63416550260499
36008,158.28602205138864
36009,105.59951685810788
36010,142.38046147242238
36011,137.8903498932625
36012,78.94554779740818
36013,87.08757359636695
36014,158.63844522393993
36015,225.0046862404092
36016,203.4343929298743
36017,23.24207422159224
36018,23.28663590974011
36019,82.47727682403367
36020,118.85693855047235
36021,119.47721696023886
36022,203.56501999986236
36023,200.77823139836613
36024,119.91270796148203
36025,101.728622380822
36026,152.6384557004578
36027,191.86525361904705
36028,152.87010409832928
36029,86.69784888295737
36030,76.33569227288149
36031,22.336061962612767
36032,128.47193630470676
36033,164.60378462572154
36034,165.1707189319483
36035,200.40871002004468
36036,204.14745850849818
36037,15.779499264846418
36038,144.35751046152177
36039,147.2209319813946
36040,119.07920612518063
36041,57.522875398170825
36042,203.308640595899
36043,78.47008570831125
36044,9.661557331652523
36045,119.7868834729357
36046,99.47592879144841
36047,232.74259586412524
36048,152.07692905735445
36049,92.98067885505957
36050,103.87639227879818
36051,103.58240449499458
36052,250.27030207728862
36053,162.42225144131916
36054,12.05575349826019
36055,96.96273255590935
36056,119.53384240680347
36057,23.150614795234375
36058,9.105094803960707
36059,158.81226172014638
36060,63.781932955460555
36061,203.45647680986517
36062,120.0523915266206
36063,83.60408030562958
36064,11.532345097417252
36065,203.5596537551683
36066,138.0444948801055
36067,86.40703597583709
36068,54.04048918149028
36069,212.03780632095544
36070,30.689806536593824
36071,90.93430349495759
36072,159.38096756074688
36073,202.14333794889217
36074,101.82226842136735
36075,66.90673399065022
36076,118.00392708077187
36077,181.40779010182732
36078,196.07276563207645
36079,17.969914511923005
36080,123.54290154463439
36081,12.743204324168882
36082,172.25425305315687
36083,145.45911951064213
36084,48.56291761870266
36085,206.21833440572166
36086,139.06860689677941
36087,133.84212402798363
36088,105.81954802907205
36089,120.04753098222203
36090,90.53878197469243
36091,69.09284267738933
36092,203.38993283060924
36093,85.50265596753023
36094,85.24626931799517
36095,112.26656636162423
36096,203.51400184961986
36097,196.89168251539522
36098,88.39352435079003
36099,202.33010940730517
36100,123.04499949070541
36101,56.96681652343182
36102,81.74118571688535
36103,199.0804665558662
36104,245.134569214846
36105,137.27760698724708
36106,78.06290027840947
36107,112.44142493839287
36108,67.13835373803596
36109,77.28949011400402
36110,67.0110501006906
36111,118.50561022385463
36112,122.55948617545968
36113,110.31803274237913
36114,101.67016746556182
36115,169.80634966557162
36116,102.76065044411412
36117,106.92916002235091
36118,105.69086283529212
36119,208.7875402506198
36120,81.25049720177773
36121,157.85607575843912
36122,67.59538147457812
36123,138.1552631551368
36124,153.67728054992492
36125,193.34696537662094
36126,90.55207957812794
36127,24.775986529815835
36128,65.00560098368022
36129,184.92571072671606
36130,246.0068574540831
36131,169.38373802280987
36132,21.968246736308906
36133,165.04033147781536
36134,45.00678752870584
36135,90.22454028237728
36136,129.1593363748062
36137,138.14277078575756
36138,120.47397536284683
36139,79.53382499815531
36140,196.26598900609804
36141,85.9392878323343
36142,203.7646141684727
36143,21.051693434765063
36144,133.42810991141434
36145,19.65011051939581
36146,58.18423926410198
36147,81.87188335554363
36148,207.14448635244793
36149,199.36717046475945
36150,171.43754245594877
36151,120.90022237057033
36152,128.99543767741952
36153,202.58721755917495
36154,164.77042323211043
36155,122.14130975565298
36156,202.49597204434252
36157,165.65783110862725
36158,132.50080640100362
36159,84.52945058816572
36160,80.73967857306768
36161,93.11016422508239
36162,150.6078583704926
36163,169.02452013293947
36164,17.40155013673618
36165,8.946939275298332
36166,47.95559472499272
36167,89.93274621706743
36168,203.3887649358212
36169,93.71165656522409
36170,131.23754220930923
36171,143.89582932074208
36172,25.733634129036446
36173,201.76737540867447
36174,74.34478593954341
36175,207.44296170520764
36176,113.65148924509229
36177,92.37623550511022
36178,23.958330723810235
36179,130.6864292145165
36180,252.45211451894914
36181,141.9082528725241
36182,134.19132813410184
36183,74.53245457663631
36184,157.52431137410056
36185,124.50983886718784
36186,118.32469996432884
36187,151.2102769980369
36188,9.56297918186957
36189,119.09927466790829
36190,25.581703835262132
36191,121.05272674598696
36192,70.31503253896925
36193,77.45450613562706
36194,20.809895347687885
36195,194.59234422699578
36196,71.61954201344831
36197,78.29110143743029
36198,207.1459969585686
36199,159.33554600109758
36200,8.518214526057552
36201,202.35407038033395
36202,214.9055755967246
36203,206.51553734871686
36204,160.94785613790873
36205,24.29680121531333
36206,118.51196790531759
36207,13.074520782049953
36208,56.30907693817455
36209,25.193025044598578
36210,77.76489944298909
36211,126.8680593297428
36212,87.49673124045748
36213,84.47985814095308
36214,95.59575381308312
36215,207.97455466215268
36216,250.72372419985254
36217,83.59759489127599
36218,137.50125124034133
36219,56.98298810202874
36220,167.0874849734143
36221,82.5686055185879
36222,71.65911747852022
36223,240.92903306309105
36224,20.918950642271454
36225,12.596980540900848
36226,165.04299723533558
36227,89.29180397659266
36228,77.74819657695224
36229,277.5692089512177
36230,162.99547738387562
36231,118.2075869926126
36232,72.88660214328625
36233,147.62292805602135
36235,11.151808693023547
36236,85.47029582803336
36237,120.13702451695787
36238,132.71676338041527
36239,112.05760156153276
36240,71.94849491823574
36241,180.23354163123548
36242,7.5297268807601
36243,95.91220769661523
36244,81.29628453773519
36245,185.21140832116416
36246,84.55064354907407
36247,145.77979693932792
36248,137.5191407192093
36249,8.55544254008651
36250,119.41585441479386
36251,7.497609506318807
36252,136.05943918338895
36253,67.04609740577325
36254,201.85090068203138
36255,106.58559558674587
36256,66.52176197515747
36257,203.10106104508986
36258,56.95703543622992
36259,180.97943175947265
36260,149.77022632345867
36261,91.8226881600791
36262,21.952961308797345
36263,201.27780399400055
36264,153.73534247149604
36265,66.3596657161872
36266,133.59740331867528
36267,186.27732429515444
36268,124.75293800851408
36269,133.7984361318621
36270,184.8410313796441
36271,208.108438136986
36272,113.93844232847768
36273,21.486851584383786
36274,21.614900861197096
36275,72.02360030897029
36277,46.83626177759491
36278,9.999831148021693
36279,228.8665581610778
36280,151.05265692506023
36281,83.59985399875546
36282,120.59779733060323
36283,10.781012897202418
36284,203.22688278086855
36285,10.554749137218602
36286,154.52099390694653
36287,8.512591522468563
36288,90.01234334394317
36289,201.48945927591842
36290,9.03336858002545
36291,110.93712907592817
36292,163.48812079055796
36293,150.97239658576746
36294,121.02779969805081
36295,153.08360734965356
36296,78.88212932020993
36297,238.60897749510565
36298,9.979242897799482
36299,198.97899002668325
36300,128.24615724664375
36301,155.7512086830405
36302,164.38031025338182
36303,157.8776254614396
36304,61.93274560944641
36305,95.51298160630759
36306,14.138290444609808
36307,95.58730584475958
36308,140.64240807024515
36309,160.1948707829237
36310,143.5811520902117
36311,7.9618991512187485
36312,79.36473505479454
36313,74.42859875242246
36314,17.89612640171996
36315,57.35755449612151
36316,119.27369285182304
36317,197.8574157864869
36318,44.3664455011393
36319,24.661707040077463
36320,77.82696941169118
36321,136.16687723272688
36322,199.11250194717758
36323,117.77995920205497
36324,13.966862503844405
36325,22.23838558324179
36326,127.86437150666042
36327,183.65166340957944
36328,222.9276153384598
36329,25.10250527040175
36330,126.10393453777598
36331,30.052187140668963
36332,54.54215470937151
36333,41.07932619498526
36334,94.61056663909756
36335,54.607232022969434
36336,261.72889213401976
36337,84.33285668869676
36338,182.7380250160238
36340,75.69478239087915
36341,248.31743868338322
36342,138.33383761185993
36343,166.6263867533581
36344,78.69992966493872
36345,183.55257716682559
36346,137.0438148793144
36347,91.66551155248145
36348,26.255873679369508
36349,97.7820205376342
36350,93.34516610576686
36351,169.54826732162635
36352,96.55820457805564
36353,7.363771183306856
36354,161.89670748499387
36355,201.12401854358583
36356,12.092755488435785
36357,224.58179467400444
36358,200.9522439511629
36359,78.480634939407
36360,26.69507750851494
36361,189.11973912286388
36362,17.756661855886442
36363,75.6308987419288
36364,18.34684575438848
36365,121.52311125665726
36366,200.15036679141093
36367,136.56944552325808
36368,183.78466214085756
36369,91.74187980819089
36370,119.71703762404316
36371,20.321733928048406
36372,118.6830008357414
36373,64.58430137089235
36374,105.80828803078046
36375,102.06154059841225
36376,92.41281405474622
36377,242.63352822689004
36378,214.8424105967499
36379,199.91966445629242
36380,224.22112837411055
36381,201.7608311344724
36382,121.89580859649794
36383,113.58774167471807
36384,134.2893624067587
36385,103.78823143590593
36386,27.794085719080815
36387,136.47502381873525
36388,10.276218955061676
36389,125.5267575468314
36390,37.01191354914339
36391,119.07194417543056
36392,129.5573336409022
36393,91.03278704873266
36394,8.805554690437425
36395,24.711001243232033
36396,150.0415759549245
36397,80.02714534873097
36398,156.98715629288847
36399,121.53061306857691
36400,103.3364858110132
36401,137.37619448779245
36402,70.2962096587349
36403,142.4350086535893
36404,90.98554726113605
36405,260.5892029700099
36406,28.720436065591212
36407,92.3733200999626
36408,95.29277531248674
36409,19.269328739490472
36410,161.3446760812718
36411,88.087984445545
36412,9.165495629942596
36413,157.49253969962345
36414,77.04402977598589
36415,120.41169876115882
36416,163.0635914123507
36417,91.43470085244131
36418,90.14926422139183
36419,261.51283912723204
36420,9.27284769860188
36421,20.115046647413998
36422,24.33740454946507
36423,222.35517767300138
36424,78.03993329961096
36425,131.3431700081582
36426,85.41801268839181
36427,157.67835248851637
36428,120.26183925792158
36429,131.76601550155465
36430,199.1913539628489
36431,144.4529997843637
36432,66.4949811368077
36433,133.13781240264728
36434,252.65761755789052
36435,154.3865463140614
36436,123.80838046113467
36437,15.288567617075831
36438,161.31002982862552
36439,168.67092017578108
36440,134.38178418953336
36441,121.36137952452513
36442,278.1369878928837
36443,166.51900019015935
36444,199.6517676636296
36445,118.52603799086916
36446,111.33619485064875
36447,159.6772442050276
36448,111.38847482682594
36449,117.97039065672776
36450,149.0714464857556
36451,84.77334986355045
36452,137.2375471269992
36453,121.78474066316508
36454,183.57197017210027
36455,79.56862205003553
36456,7.159599100572859
36457,91.31121055901208
36458,142.56858327781077
36459,184.14753865550526
36460,72.20973899212838
36461,154.33629674844434
36462,196.16004966176973
36463,168.2286170318127
36464,65.7843671581411
36465,72.64130824353826
36466,145.97882916460327
36467,209.0176718534275
36468,123.08080476975387
36469,105.55438653338118
36470,19.469483256133763
36471,89.24785332008793
36472,67.57104719568295
36473,121.94132955910318
36474,14.381019633106781
36475,94.9471531977624
36476,36.25632155106646
36477,183.41255342729514
36478,59.019919419374645
36479,78.70446332531303
36480,134.87282855401688
36481,82.9760314740175
36482,255.14294719127628
36483,181.71464261808913
36484,119.87977319806068
36485,137.1358219348162
36486,8.344945364153817
36487,202.3012514179171
36488,152.2999452383482
36489,118.68791638024945
36490,155.63981904262667
36491,160.86865010680603
36492,85.57310289264585
36493,135.861857549007
36494,183.8300899833573
36495,149.26056286201018
36496,95.30331189708495
36497,135.17960402754304
36498,200.77172114885144
36499,168.39456972223462
36500,27.11497093444443
36501,159.66037019037833
36502,152.1900326552346
36503,201.5914860434953
36504,121.790877555177
36505,90.15126542137448
36506,19.746303244110337
36507,72.34643730777975
36508,202.04313965342422
36509,132.3521140039667
36510,119.73666755223817
36511,202.1825620979392
36512,194.1951753207627
36513,68.6607430114554
36514,202.02999716535453
36515,9.022543417825114
36516,149.55328296158757
36517,137.90268469048326
36518,201.75137079599457
36519,137.09893245552942
36520,97.71005059705861
36521,105.639190098596
36522,271.1858314151195
36523,120.17089875548295
36524,158.924351622968
36525,9.433143288356982
36526,58.536187740441484
36527,152.74494122255066
36528,12.220844854998697
36529,151.75540788858456
36530,70.17963656932082
36531,27.784041032802165
36532,68.85763217181601
36533,208.2210547151552
36534,136.9949806492493
36535,49.57245139327121
36536,170.15671574082776
36537,170.14608836923856
36538,91.90933569203125
36539,183.59895132805528
36540,184.8856263288974
36541,166.17336354939482
36542,74.89724590043654
36543,23.41178243259582
36544,7.733895903296509
36545,77.81764975870612
36546,89.69505031112475
36547,93.5575756141424
36548,118.92940240544947
36549,215.35818165132832
36550,92.836228625143
36551,119.38189633361212
36552,5.887624655512076
36553,248.05550111357374
36554,16.369384045694833
36555,71.13768659622373
36556,160.58894105454914
36557,130.73639194154828
36558,216.37791150331412
36559,165.65824329506898
36560,119.18624514043235
36561,183.4455504988399
36562,199.14380476940715
36563,72.77760405460558
36564,182.37885024375782
36565,99.78271192386649
36566,116.7798815395886
36567,125.06304493955749
36568,87.49245374905486
36569,85.87040052043245
36570,184.23574117801698
36571,8.155535875977549
36572,26.966561147724512
36573,161.5478346423314
36574,118.83201827116146
36575,183.31091517213758
36576,137.213827978762
36577,16.116632445766488
36578,119.03478258068195
36579,152.96763468329092
36580,132.1435152066766
36581,85.64628507087687
36582,96.46260258779276
36583,81.794973960799
36584,19.79800037218837
36585,11.557203634631088
36586,137.75251360345447
36587,55.42303791485048
36588,157.98953719980406
36589,76.11028844706343
36590,17.516978287139136
36591,87.06054940907102
36592,244.68116708129534
36593,117.81696886242487
36594,161.13251704406784
36595,126.76729161529677
36596,16.181179133292957
36597,203.15008862078156
36598,97.47903538976487
36599,18.270622323700557
36600,80.70140022199836
36601,102.97038252528263
36602,165.50486185352378
36603,70.26492463112588
36604,270.80115627262313
36605,42.44812091289509
36606,158.30129851366846
36607,6.084442966305606
36608,111.75511960392107
36609,137.44534461756837
36610,21.90375697297062
36611,206.87974159318435
36612,146.48066375830723
36613,92.11583724510058
36614,145.14714165653763
36615,75.66954528509383
36616,201.9454551233791
36617,184.6224430666417
36618,136.48613666433195
36619,155.89832268123618
36620,16.190128874757406
36621,203.73949608888913
36622,120.80894492543261
36623,185.89478588960407
36624,166.67369923258474
36625,182.892567781083
36626,28.4226460832628
36627,50.11095117332578
36628,253.9985414971011
36629,10.28348095871397
36630,23.148904603027127
36631,121.590502290824
36632,121.60005473433723
36633,80.4031647756419
36634,155.37937294489328
36635,180.00262092651926
36636,118.36344013977768
36637,93.18259430276527
36638,118.28864725906415
36639,79.13550815992019
36640,8.708979114993028
36641,136.9404296261086
36642,168.6785289757165
36643,110.76959166234114
36644,11.019083216143468
36645,80.27163100254249
36646,182.7011656081334
36647,16.463363657804734
36648,161.67605297542235
36649,84.61135141569046
36650,119.92296906120437
36651,74.67331203975196
36652,26.0998987388112
36653,199.92502959021215
36654,167.00012048931177
36655,163.70232687908936
36656,182.4505135339952
36657,151.75945407560604
36658,183.9738714763338
36659,75.3727688958387
36660,197.36924391765152
36661,199.2042590271176
36662,137.8525043036427
36663,94.53337981162353
36664,20.05425947815834
36665,131.29466082837024
36666,214.33586702264267
36667,24.73883734792107
36668,186.98384902887193
36669,88.67939504458727
36670,93.76573904794765
36671,26.42524668087378
36672,68.70244184087356
36673,163.33498939973452
36674,167.5424448661316
36675,132.39067782870615
36676,82.69230750047223
36677,24.853797134579455
36678,121.68333504356366
36679,90.08385262484401
36680,132.44355409033423
36681,94.32727497639223
36682,94.64664383674354
36683,126.62261379959736
36684,138.38374395936222
36685,200.1394723932903
36686,93.10654125045329
36687,152.28286687091938
36688,224.02726694775632
36689,157.89031789358987
36690,201.39750675577244
36691,78.65705791807865
36692,68.88391484183475
36693,106.80956772918708
36694,119.7465610338674
36695,192.32910186308786
36696,68.01217169174764
36697,118.60692715336212
36698,192.847609087089
36699,131.72140798291494
36700,118.29780407402295
36701,133.45303959243392
36702,24.97799957598989
36703,24.938981678944756
36704,11.201330846562605
36705,132.6685647301658
36706,181.59414944217062
36707,167.98972902251384
36708,200.4537561953952
36709,202.53795859106123
36710,125.69444823442439
36711,119.11286193679635
36712,201.2186640961753
36713,70.95934765584248
36714,24.723943134413805
36715,92.99189988360699
36716,88.04680852832777
36717,122.3769392890774
36718,59.225169195982595
36719,139.52205001680287
36720,80.75497170259575
36721,199.99609191314946
36722,23.504729379209383
36723,111.0397804377146
36724,92.99186371008305
36725,132.27377150771198
36726,182.0418891890195
36727,136.75049036493766
36728,113.86974521047377
36729,161.45138546532385
36730,166.45571276267216
36731,133.64808818506415
36732,134.8068720674089
36733,163.07449929997125
36734,8.245463492709733
36735,91.36114365152596
36736,137.42059381447524
36737,94.78041312656767
36738,96.94055006084436
36739,137.44433640287244
36740,141.58955729279427
36741,149.01661667581953
36742,64.94235663080165
36743,11.372398396736708
36744,165.01946357212665
36745,66.03654685201245
36746,61.786060398204306
36747,48.27929386221955
36748,197.42648573924478
36749,130.024522770201
36750,135.60876768568247
36751,160.35310074253255
36752,118.68870349532824
36753,183.00364626173823
36754,20.1273483793448
36755,21.840092565335233
36756,19.63138213353316
36757,144.03900820032754
36758,151.50118396123034
36759,82.73729370572912
36760,96.58009010860907
36761,202.0653381976069
36762,72.9672722282323
36763,138.86876348305543
36764,75.64276925768951
36765,196.06761673633775
36766,161.69960295739784
36767,13.502550463676629
36768,95.90509254364832
36769,5.367686146968969
36770,178.63428801537407
36771,238.78949561696774
36772,5.868031929325956
36773,11.908653591550314
36774,123.93566242162369
36775,117.45073989621496
36776,89.0299985935229
36777,7.329528517817191
36778,136.3821102214787
36779,171.60233995232622
36780,277.3833186978563
36781,200.3883152976916
36782,15.691337739084345
36783,119.04588917955844
36784,157.47564791039795
36785,70.69229527964058
36786,167.89999087344188
36787,163.0331831148313
36788,203.794783503534
36789,169.14203685188818
36790,140.16701901364976
36791,77.8677979557465
36792,17.651864866879272
36793,131.9676846467735
36794,88.59120619109002
36795,93.31997026917014
36796,193.724399507496
36797,195.32023586669195
36798,18.607023057565335
36799,102.96759387104595
36800,86.04306375854165
36801,135.84817073872603
36802,6.280441466661587
36803,9.398620897254494
36804,111.02632087222639
36805,165.11014635789383
36806,119.98107070699815
36807,161.92295775360438
36808,131.90698120161338
36809,200.62087571667814
36810,201.38597477483643
36811,67.59301398139564
36812,173.00779072837437
36813,153.86224116427624
36814,265.29285064295897
36815,64.51153853017574
36816,112.67508460022562
36817,27.713483063351674
36818,38.19070045796041
36819,137.76425627825847
36820,131.8970811597357
36821,149.93325723161453
36822,151.33712315126004
36823,98.20291109743569
36824,98.13945456140864
36825,39.068840540599034
36826,72.25647700664284
36827,118.65438445445537
36828,130.86356306246344
36829,161.88228723120247
36830,157.97111077717196
36831,205.24996011733893
36832,36.07999180419307
36833,96.7544753863756
36834,54.375417093482845
36835,200.77750573360578
36836,87.00018685098432
36837,200.9240386016896
36838,200.77736298413666
36839,141.46519976131128
36840,136.61515850384572
36841,119.63952085303934
36842,94.38877273672948
36843,89.68292090068907
36844,111.54551835970058
36845,221.7461005935894
36846,26.951070290369426
36847,130.1159103329813
36848,162.19665394691066
36849,95.34149208991008
36850,143.41715506075664
36851,12.759508067018956
36852,199.84041101024968
36853,194.32441658307408
36854,118.37793450175705
36855,54.526618588021485
36856,167.45438584089695
36857,24.338617624946338
36858,36.32179596353571
36859,118.82726025309846
36860,205.56415561532174
36861,161.5087540932431
36862,79.3489723809974
36863,10.414008101839835
36864,121.34611704869708
36865,133.01793999985384
36866,119.40372476022883
36867,221.64101248093982
36868,113.24685158638924
36869,8.086359796781645
36870,90.71737383114484
36871,148.84721290480934
36872,136.30995886847577
36873,105.29453556689242
36874,91.40250873098545
36875,6.135220241390675
36876,118.49646598581471
36877,91.8347053456373
36878,130.57360204322285
36879,149.5762332215858
36880,201.0441393488168
36881,43.005647482866486
36882,16.858386685355054
36883,79.09817637845231
36884,68.66689037313799
36885,63.15120021167666
36886,201.32647750854602
36887,124.14581196734544
36888,235.54435904955687
36889,118.46390401284226
36890,21.38183981679401
36891,62.956446100059146
36892,180.86704196150214
36893,22.77882817662317
36894,157.28078947894085
36895,90.24612738759575
36896,46.306720376071375
36897,199.29929773957838
36898,76.82477326175281
36899,57.771166162245336
36900,119.44054814294124
36901,81.45528794465396
36902,250.96734953662002
36903,191.9048239223868
36904,78.65635812097295
36905,84.23814427523013
36906,7.733176956733175
36907,124.2371440910913
36908,67.61521647153262
36909,119.59241348268095
36910,8.577809604161358
36911,119.75144366843955
36912,215.07839715686862
36913,119.52290868170574
36914,67.51690013622172
36915,120.6995801288668
36916,120.09788446541121
36917,247.5861927172112
36918,95.25605604819974
36919,24.8233750383753
36920,122.4307065201945
36921,128.7280519165917
36922,158.0137222728213
36923,164.98986465219457
36924,235.1005125764253
36925,76.82177990131211
36926,69.24765709738634
36927,5.64770203320333
36928,161.55340078705905
36929,49.333743876076554
36930,171.25337833382287
36931,84.62291475541674
36932,215.7106157750417
36933,11.592503626907268
36934,183.6675474723637
36935,179.44977666795762
36936,151.1684846180292
36937,22.534421573432144
36938,150.54449782743797
36939,122.95870033685335
36940,5.413599148630408
36941,203.8836966934422
36942,88.96669096955934
36943,200.3674020092429
36944,118.14684418304495
36945,182.8349825042881
36946,54.10251551862753
36947,131.62700730323726
36948,125.3647611367835
36949,91.87523976702333
36950,52.329420431294274
36951,46.84225056907667
36952,54.22175700227275
36953,162.97367522476384
36954,13.186186172795532
36955,24.774075189332272
36956,14.996209478644777
36957,134.30904739614584
36958,52.57526974878662
36959,200.7866983826495
36960,163.95138982018298
36961,131.77956988470137
36962,135.21572977406493
36963,67.18601306963735
36964,66.86400009573153
36965,158.18960912240286
36966,177.89685764156997
36967,161.36032921097103
36968,85.69451087735695
36969,91.01657436860955
36970,46.475289700492894
36971,166.0892123219102
36972,7.382348453621003
36973,6.8161982030183825
36974,5.380179591079333
36975,5.653648435998689
36976,196.99904528536118
36978,167.08299871270611
36979,23.35457411742781
36980,119.65800385317743
36981,202.32650246926406
36982,154.2069092099908
36983,245.97396287773978
36984,118.55990038801062
36985,78.62037107425996
36986,26.473797950990818
36987,120.2775176678144
36988,177.2563502895379
36989,118.42713559913085
36990,89.59517715266246
36991,198.68009033874804
36992,151.1075441793927
36993,117.51896508047726
36994,67.05961772406417
36995,94.70505794568307
36996,150.9412896777111
36997,64.658120782548
36998,17.52443256242777
36999,80.21251578912916
37000,115.07241128656365
37001,196.52124277600484
37002,22.172779753560214
37003,133.39785105479115
37004,98.2757526410972
37005,103.72782714295329
37006,207.08706024537267
37007,118.97640776005638
37008,50.60554144240327
37009,168.0387804455304
37010,164.86805350121682
37011,35.98409745227644
37012,23.348399695821524
37013,142.72797801279364
37014,120.78610065841966
37015,86.28321128142304
37016,190.67425492793734
37017,77.09380154340968
37018,145.3785920242929
37019,199.08951326028887
37020,93.7976091918371
37021,6.994410600800792
37022,88.98420339949837
37023,127.88497355182037
37024,184.06680106129357
37025,84.35369937253064
37026,215.69450698014853
37027,20.571637111493853
37028,125.83977637987313
37029,99.01799548545502
37030,197.51093618563073
37031,15.18685703550363
37032,143.4382626900192
37033,98.96081456794377
37034,204.74919258260576
37035,58.81368417856716
37036,144.47432723832725
37037,59.3059586243138
37038,128.3273449422604
37039,91.5387572323322
37040,91.39592278258559
37041,10.614591074253207
37042,145.5789894482665
37043,26.213214211538418
37044,23.778221624572208
37045,7.9037055231718725
37046,26.342522381580626
37047,150.71906934225328
37048,147.97616312237946
37049,162.6986642185036
37050,28.919923843459337
37051,130.8427893477443
37052,81.66746128544814
37053,182.3917606341256
37054,144.76011892257605
37055,76.83702104061076
37056,183.9476608111965
37057,152.2180495778991
37058,17.24400189293018
37059,9.01376512334612
37060,19.03625469492545
37061,213.9714283664046
37062,34.62609764802199
37063,228.20878997653065
37064,25.284994887234834
37065,22.450066495681256
37066,169.06744373114674
37067,179.55630058315938
37068,158.02426569420334
37069,160.71514017744687
37070,62.61234809007781
37071,165.37161566358165
37072,131.45160244454354
37073,89.98757755968171
37074,116.45836522045474
37075,192.79017353976272
37076,141.38641533994414
37077,9.602850712340855
37078,170.81951385098705
37079,165.86315251875527
37080,92.18937296204516
37081,121.50402568408165
37082,122.42564427511638
37083,7.267777034100085
37084,91.58051644640564
37085,91.08019898704691
37086,107.36383030393841
37087,82.35387382755857
37088,161.7644974211268
37089,63.02821580968261
37090,179.16597083131947
37091,157.5833618253159
37092,195.03879188380841
37093,215.2412220928919
37094,215.45306953258103
37095,22.374218164874428
37096,136.643995742508
37097,67.65052424886832
37098,297.14128387749247
37099,157.76979712635628
37100,199.85768231133196
37101,144.55323016064088
37102,22.731750431271823
37103,67.13624275985671
37104,73.30310814171011
37105,89.98162940035708
37106,136.70107426784747
37107,153.24630538626798
37108,19.58930817862718
37109,99.03106166050615
37110,83.90788388762677
37111,199.11747568883888
37112,159.74057019066814
37113,107.0805411122174
37114,132.99541298564287
37115,9.848111866958696
37116,162.00378597957356
37117,88.25022202748131
37118,62.980345856851
37119,199.422505386473
37120,133.8503169043089
37121,76.83135035948203
37122,80.83591867590276
37123,136.2308030507876
37124,135.3952211587963
37125,119.7892985184919
37126,22.11281482125124
37127,30.137448261600543
37128,68.25469482720447
37129,104.65107413853912
37130,119.74828058746562
37131,106.70081249724778
37132,119.47739730531815
37133,228.25986760516724
37134,165.8363594644813
37135,200.115860527005
37136,149.59405584033124
37137,119.57185289009368
37138,141.79822301190967
37139,131.11754802010472
37140,164.40040737360567
37141,35.8111079782724
37142,161.8733912512073
37143,123.67813683323843
37144,7.722121146322479
37145,116.44732945475717
37146,20.570435017659424
37147,84.98234310493753
37148,105.50707268354888
37149,15.266147657803119
37150,119.44532070426104
37151,120.12087858376042
37152,165.68670412877108
37153,84.83018367159741
37154,136.4336511279976
37155,117.91587987873781
37156,89.4733795779028
37157,8.038506668231019
37158,117.57892813724249
37159,162.03178315018482
37160,45.85975785868093
37161,101.23705061645471
37162,116.52516163316407
37163,194.05487352451124
37164,118.07044691598334
37165,133.2724327968313
37166,117.20114659623464
37167,82.41084838232729
37168,23.255282789788325
37169,92.77158201041924
37170,142.04496160405822
37171,121.09535399237156
37172,201.0998010176167
37173,182.95941310354897
37174,201.43598661543697
37175,9.125552155412167
37176,207.8236100741372
37177,135.87497212504286
37178,142.82496151265596
37179,177.52156905534918
37180,122.3303474876395
37181,25.85935775734661
37182,199.6536321619876
37183,66.07654260655929
37184,36.71847871615476
37185,97.69882675509531
37186,90.31279203389113
37187,117.38387255123561
37188,115.34357697471044
37189,196.4007353437708
37190,148.8334137199457
37191,54.42891773625331
37192,66.40738021244498
37193,89.35934965101308
37194,89.73471098935013
37195,84.93777823759017
37196,28.134692004989944
37197,138.4239975377153
37198,88.81750700418915
37199,47.68188044089569
37200,150.95859043449497
37201,165.49620063139045
37202,98.55815298089084
37203,221.37001669865228
37204,249.56674278828416
37205,151.56100333891152
37206,85.98730685530735
37207,134.72862286969556
37208,22.080811234274382
37209,56.668477530416915
37210,9.521283171038366
37211,79.19508164607373
37212,21.500809203627636
37213,161.5021746112761
37214,66.61197877014015
37215,135.1224721380083
37216,164.1889866175584
37217,199.53918398418392
37218,89.91913129020787
37219,133.67104404443634
37220,137.4915718922556
37221,199.2880434376817
37222,166.5402900734094
37223,198.87161797684328
37224,10.604017554169369
37225,77.50640338052952
37226,183.88218772224045
37227,157.39210560589913
37228,112.70649988435686
37229,84.07389631930528
37230,166.77426721203756
37231,7.564738478796988
37232,168.4629020651972
37233,119.99007008154369
37234,82.88772885309373
37235,151.62108862712645
37236,89.91607244951737
37237,117.86144519912894
37238,117.3281354411839
37239,163.47901458449547
37240,124.82412199299797
37241,7.208021497381691
37242,13.944096805155306
37243,28.278661057794455
37244,150.80603745391187
37245,158.96989944553556
37246,216.3188825005242
37247,36.878812193393046
37248,200.1393921901332
37249,7.122263919741277
37250,121.20337430127773
37251,132.97145636188569
37252,132.04508436349084
37253,94.2340216818909
37254,122.74640035176535
37255,20.714950980094933
37256,170.45550185170467
37257,132.14177655745354
37258,136.0135581694782
37259,95.1704544405023
37260,92.82880980668537
37261,151.45510586777928
37262,209.18086739460938
37263,12.975582826268907
37264,12.341607948854465
37265,134.26487837005638
37266,93.61776512601021
37267,121.81575185481023
37268,120.55729220623823
37269,162.77469251472462
37270,96.54294576237359
37271,23.576635607851898
37272,65.22372524399769
37273,105.01862125015646
37274,20.04500905629182
37275,120.18285978279775
37276,119.685105835434
37277,91.4638917168997
37278,131.55422279085437
37279,7.100727621164812
37280,44.39202208444532
37281,20.995372206359754
37282,170.58658763757668
37283,256.88232232159885
37284,53.4985971022003
37285,96.30686424884519
37286,70.87900122483524
37287,132.17509327419313
37288,77.35502917162341
37289,135.1921848142054
37290,162.79880075399458
37291,18.95776203892686
37292,138.81994081087743
37293,8.645027523195239
37294,99.12969995452055
37295,96.73430768867503
37296,102.6808064786081
37297,93.94170788773243
37298,84.22068153865108
37299,96.82369442310205
37300,132.6307215608035
37301,134.68422713463116
37302,123.07388090264266
37303,79.68559313058748
37304,191.08513032664874
37305,207.56000358577785
37306,17.845577967227335
37307,124.23067060166933
37308,84.99728061077876
37309,180.6461284153615
37310,116.34698014705813
37311,116.52581530128394
37312,150.23827127361383
37313,92.36217913790128
37314,215.47641319250835
37315,151.8691720561292
37316,181.95733457005161
37317,101.60163336149913
37318,112.78110249305243
37319,166.71873257830742
37320,162.17495268802145
37321,18.50682127036998
37322,123.29742441574626
37323,151.41318381097972
37324,113.44939315417494
37325,138.19809403837488
37326,119.15604636517806
37327,6.875300923815177
37328,18.30044777160387
37329,183.53257598775332
37330,97.16012914802539
37331,128.9579306175074
37332,119.07653332538328
37333,60.51486953527694
37334,83.60796462560484
37335,136.68725457879654
37336,145.40871591713864
37337,249.90616918606733
37338,85.26575327974436
37339,215.52483342451768
37340,59.09970609359848
37341,151.4524597682174
37342,129.15572435826772
37343,113.14379816446132
37344,121.30199742107956
37345,79.7193738256048
37346,180.4775243618042
37347,54.91495793743171
37348,137.04548976876856
37349,164.84450736508234
37350,200.14813424353167
37351,183.74744677051615
37352,158.0767412841846
37353,79.01387697886283
37354,65.07043645140817
37355,23.336325916771564
37356,18.019332842087238
37357,118.02853789630025
37358,68.0306783171158
37359,203.55398038034474
37360,79.00356349304991
37361,117.21150573776029
37362,96.13088449720738
37363,13.723839000207429
37364,194.89238980520594
37365,164.22945249424376
37366,168.7449148724112
37367,157.6144962311467
37368,67.63258968589986
37369,68.38532986056553
37370,149.77729981962455
37371,204.87744028709963
37372,138.128479634178
37373,183.42695493505542
37374,83.10073963760313
37375,195.20534973802447
37376,89.93467932723237
37377,133.14972271004834
37378,91.27601153251717
37379,170.2136918167836
37380,179.66238732694066
37381,11.262490129688024
37382,201.08799517024426
37383,253.90394635066136
37384,91.0546042658098
37385,109.331471999356
37386,203.07835796492284
37387,116.76430469823114
37388,117.90256672033343
37389,229.17754876763038
37390,21.439503868726945
37391,66.10017617538271
37392,144.7376814992682
37393,9.943767094740542
37394,90.61338764619171
37395,90.50112652195061
37396,181.90963587179974
37397,161.3179755358695
37398,8.920006723137599
37399,72.80824189066928
37400,72.04371396905883
37401,103.54946741102437
37402,23.890925123034794
37403,148.69501575890087
37404,72.21185115576993
37405,156.74814980782253
37406,117.8016749138983
37407,37.503025056972525
37408,200.72767204131543
37409,200.69239861723668
37410,135.36001184724978
37411,97.72038163564736
37412,29.64474858462295
37413,193.06098980850737
37414,167.98361966596775
37415,63.72824143545468
37416,71.891092223864
37417,147.43244482056588
37418,24.274608403037917
37419,80.2475982366559
37420,28.488120994120933
37421,36.24001977116248
37422,68.65621738932995
37423,180.80616279300196
37424,9.690420930164382
37425,144.89317996328452
37426,132.03880224839006
37427,182.39774875496977
37428,131.1949630232527
37429,89.34168827291285
37430,61.01985431708173
37431,183.50055100703028
37432,151.7378807469373
37433,83.72359971740808
37434,181.05305474295562
37435,85.56934759107568
37436,118.36102178831169
37437,81.14827819255005
37438,154.40644130130966
37439,38.30341454687876
37440,94.65322470825976
37441,78.32716968349311
37442,131.75691975485535
37443,136.6765200653922
37444,25.884082374227113
37445,142.57063862962048
37446,13.82601217301432
37447,249.34885724959125
37448,82.76265635501966
37449,184.95881134130914
37450,131.26591555719094
37451,131.924116819314
37452,23.418706366427674
37453,167.25632568125084
37454,117.02357835043706
37455,148.20341995919526
37457,116.09768385255819
37458,124.27499140842303
37459,53.4857098901593
37460,111.74671863325938
37461,93.96427518202889
37462,74.07868339364336
37463,124.51619733595945
37464,136.82536790634552
37465,130.08858949300472
37466,117.71720179430311
37467,141.08466974167297
37468,131.95462286227163
37469,119.00085907639887
37470,124.37244624667754
37471,200.9223252865922
37472,23.14166112684581
37473,93.59937101331585
37474,136.84203467930288
37475,10.519456454383315
37476,200.9955777113159
37477,131.78956151772235
37478,181.39245888177027
37479,196.3971747560844
37480,141.75426274492136
37481,8.184332843219424
37482,124.29855826975916
37483,130.993038858728
37484,29.0887163232625
37485,8.773035715249867
37486,149.7275137302976
37487,21.223642977345577
37488,240.83679412589277
37489,131.13769830756078
37490,195.68374231431537
37491,121.66065474716576
37492,165.46688281336824
37493,121.2452500920797
37494,184.23810600271116
37495,7.570211084153216
37496,171.20276554086698
37497,161.808403757436
37498,110.05069494035914
37499,90.21360011770716
37500,93.92906265563636
37501,133.91355424085882
37502,203.32026631648105
37503,82.21595603086013
37504,8.018838273654294
37505,264.84533431506037
37506,164.1611784287743
37507,93.15969996785148
37508,203.43302513234082
37509,181.37284382798558
37510,151.36602776721244
37511,84.00073459774168
37512,161.6648233769496
37513,189.75957698765555
37514,9.287575689223846
37515,132.95373725082885
37516,136.57992163993586
37517,134.82046344944692
37518,120.04676602885274
37519,202.22730098037778
37520,104.10001060068862
37521,121.2133674608286
37522,137.260099368887
37523,106.27938529634785
37524,19.556172653656887
37525,130.7815039884567
37526,130.67308428568415
37527,90.02010889941553
37528,108.86288755250123
37529,61.31339997099012
37530,202.71811164360943
37531,180.69790246662413
37532,20.92210198766631
37533,72.72437527219982
37534,202.1217853511371
37535,24.786225437756123
37536,149.61815239651276
37537,82.61634251083578
37538,141.49580815900353
37539,121.31135061187477
37540,96.34729846353461
37541,139.07296710941029
37542,83.75782846742318
37543,9.695509079574466
37544,48.57175654209248
37545,29.38290905306667
37546,10.726477177963119
37547,137.91539716202445
37548,103.92419102530343
37549,136.24226764325564
37550,151.25196260621533
37551,165.26417313533864
37552,140.14174357646576
37555,38.42104581483229
37556,158.1638721554898
37557,132.74803856735315
37558,251.15006836286716
37559,118.46100355368246
37560,137.06310118128525
37561,119.59643338941589
37562,120.75437988523252
37563,118.39090316142017
37564,88.7916558373824
37565,127.95847642348052
37566,161.63596712010224
37567,88.66762172676901
37568,167.41513020667603
37569,163.7655255089723
37570,54.91454435840511
37571,38.664770104161406
37572,149.12069256188266
37573,78.15518327728897
37574,27.728353086425003
37575,216.28794098662289
37576,37.79176143889806
37577,10.9149365847698
37578,64.21382607964038
37579,131.4441973487499
37580,116.87912504923293
37581,229.52687939297866
37582,67.29519682665796
37583,131.6745147002223
37584,196.99195588892337
37585,77.69656110580513
37586,160.01952690420052
37587,7.170148786431265
37588,214.87653985220967
37589,181.35537330905078
37590,74.44299623813863
37591,166.45575664819373
37592,199.2793394944612
37593,20.781955716400315
37594,80.12772252761937
37595,196.65315302107402
37596,118.04121773199616
37597,144.5640801958136
37598,117.60086182188103
37599,169.23142278350625
37600,151.2555747677655
37601,116.94080181551101
37602,7.29692078861127
37603,162.73391769623822
37604,165.08924311567503
37605,23.414581658065
37606,25.69654778584379
37607,153.36239247384503
37608,128.65281736550727
37609,8.681586416574559
37610,63.08314415601995
37611,137.18211751889575
37612,160.01858206138888
37613,79.30526016051557
37614,110.09080778934099
37615,54.39681851323411
37616,198.94135200425666
37617,129.8653020576991
37618,74.518432167482
37619,22.46299555084365
37620,18.801174311510955
37621,222.72239235040664
37622,105.00516821752643
37623,88.37585856648909
37624,100.600896306921
37625,79.40834357747352
37626,118.05050483767405
37627,120.51942130283444
37628,121.62117913442384
37629,23.693205360101025
37630,171.1307602313679
37631,83.22889905485462
37632,76.91081907819176
37633,72.47681945817082
37634,28.203171551646996
37635,136.1320193567391
37636,181.10821472467336
37637,69.05113698367428
37638,7.843966957719912
37639,28.587199516041306
37640,86.41256911362244
37641,21.164371957139316
37642,79.35542425700066
37643,82.45129438391386
37644,117.1560439750709
37645,12.889040100829105
37646,157.47551146277956
37647,213.37983567141313
37648,199.53074589166707
37649,79.18461905659743
37650,162.82284639265714
37651,152.55692809375336
37652,119.48541760724918
37653,128.35981182009954
37654,161.75959128624604
37655,169.29104071648842
37656,63.83921053864858
37657,160.05617328274326
37658,213.19072977814633
37659,169.17140416697964
37660,204.0716730533468
37661,12.20524495591879
37662,158.52781199044514
37663,132.69700435997626
37664,184.09997015619055
37665,26.13258355966357
37666,83.05947746461531
37667,179.12191661594053
37668,26.354451021943408
37669,130.76330173856292
37670,118.2896649717393
37671,102.29286781899263
37672,156.97668716378894
37673,23.745590599164153
37674,66.6696928041279
37675,109.5740356284339
37676,25.36310409749378
37677,201.7600515828746
37678,63.96104931083592
37679,166.64130178384227
37680,55.867984009333775
37681,161.18860885713028
37682,9.263380452572891
37683,198.71577441892435
37684,195.3908074918279
37685,82.87305851861126
37686,61.395815006339596
37687,149.63519055837622
37688,9.48416424029163
37689,120.46908926254864
37690,62.27016244246349
37691,94.80701446384084
37692,77.31369288373037
37693,61.174598932136945
37694,215.51403231141364
37695,164.5919923695765
37696,9.077730637109779
37697,54.50125070634325
37698,168.00257374920977
37699,182.1175954881467
37700,20.535918075577356
37701,162.0557013433469
37702,132.74803856735315
37703,8.301450030666222
37704,90.86169555416254
37705,112.28870829961087
37706,121.12646140880102
37707,17.61537980115144
37708,66.4612813058295
37709,78.74457864443465
37710,81.35405615672146
37711,81.34978188579173
37712,113.97612180683413
37713,136.08956038778027
37714,223.49674910663882
37715,169.67662652788542
37716,198.652331099936
37717,83.05073966123183
37718,35.360382644577705
37719,166.57799684899183
37720,116.64940636949277
37721,165.27618578324044
37722,56.203601536641756
37723,162.31826216313522
37724,103.98366418474836
37725,88.47121168912156
37726,93.6906417705062
37727,149.5470502798309
37728,165.86703128974827
37729,90.73536532203308
37730,137.7169556383336
37731,136.4591877435789
37732,160.85580408701597
37733,181.39871390662955
37734,222.27567073979358
37735,83.92942661897837
37736,200.7201240566721
37737,121.67149149175975
37738,23.63001652988719
37739,77.45235626229064
37740,148.62089836565832
37741,161.958252943615
37742,36.0773911919932
37743,67.64447160591884
37744,82.32831376012795
37745,56.17075831193594
37746,7.756378954876865
37747,9.103076389410257
37748,91.23457048798141
37749,132.11647024226508
37750,161.1499501547463
37751,20.62780754499795
37752,20.68916328809463
37753,82.10663384512121
37754,117.93120732768503
37755,182.30747913084892
37756,161.49838801749624
37757,90.69751252720673
37758,136.78749893343573
37759,57.15305612028118
37760,120.54636519585384
37761,117.46375073390718
37762,198.98469695166534
37763,151.05369154045712
37764,67.35862000089526
37765,66.49382971326419
37766,91.38727056430038
37767,10.935181064538797
37768,96.17342692114514
37769,105.97387983293848
37770,147.99185079666572
37771,156.8237730341996
37772,116.37202623769087
37773,9.071094358835426
37774,24.58634071464765
37775,79.87217169400847
37776,160.83754910461204
37777,159.86086306576013
37778,96.08120021870418
37779,255.2528245147302
37780,203.26734579818074
37781,198.50085455120652
37782,160.84348987412378
37783,148.98862094272357
37784,137.28222886651957
37785,9.142613193306357
37786,27.520986494044642
37787,101.58214468918831
37788,122.15788290984015
37789,109.76124354696856
37790,134.27977564628222
37791,8.346224151207009
37792,151.66045286139368
37793,116.40596719828164
37794,102.57766732872616
37795,179.88621918088754
37796,30.38383823843384
37797,98.55293265106584
37798,138.25260531122342
37799,57.633838464454456
37800,8.330833332159232
37801,23.470178311664693
37802,119.81413781631196
37803,96.46023175829686
37804,120.93989853618093
37805,78.09310388293903
37806,20.65132140870211
37807,125.10802644528893
37808,107.46107899511637
37809,162.90465165730967
37810,67.54768514417329
37811,8.493241945147837
37812,13.003775557081617
37813,87.81896008424646
37814,119.32402317054091
37815,96.7232077474799
37816,79.29852480214238
37817,9.797279395457922
37818,5.920942484343833
37819,134.27459933597297
37820,100.39094163233146
37821,90.04719186595102
37822,10.040403972788473
37823,38.66379889223667
37824,119.48585512091583
37825,133.18848548343175
37826,105.68798936960867
37827,195.4928577120189
37828,78.40932698355985
37829,197.9929049201632
37830,130.75137878007516
37831,120.76810163395841
37832,179.63822358671965
37833,78.7686256007718
37834,91.7469752282259
37835,18.294896535707466
37836,178.35329224519086
37837,133.32933343031937
37838,195.3279430457173
37839,130.1154098977437
37840,196.8973215738093
37841,67.50576129916126
37842,183.92728157183276
37843,89.6497302495102
37844,120.09350245036782
37845,163.6255877516688
37846,254.83962325879173
37847,166.40828766571204
37848,181.7169275142586
37849,82.93472481961133
37850,125.2062406954965
37851,119.99011678754391
37852,200.29689543375974
37853,110.11362823600479
37854,196.21860118727787
37855,17.290349834664873
37856,200.48447246433534
37857,55.386487255190545
37858,165.8994961730409
37859,54.35854834463709
37860,161.4835384725822
37861,36.33982077573566
37862,182.5543150373415
37863,166.4394526300385
37864,79.31230240299985
37865,157.80916977542716
37866,182.1482648412743
37867,50.85063977838789
37868,30.086592553399985
37869,28.22311548685174
37870,22.930255998329663
37871,26.602378711567646
37872,179.14754456292385
37873,156.283923081789
37874,8.801945660395676
37875,83.53565841762442
37876,25.083313392538106
37877,169.85836437175647
37878,85.14189190101733
37879,8.81001699944851
37880,125.05185089303205
37881,157.76769999129255
37882,44.29944054993307
37883,94.49493459506616
37884,49.621359596915944
37885,201.69322618153703
37886,88.06025305041912
37887,66.62606447982779
37888,116.30453826159948
37889,102.57024177004648
37890,162.82175626420906
37891,202.0176013339951
37892,202.30651965931256
37893,91.42064087255334
37894,138.37590170942315
37895,201.91833581046674
37896,205.59123542907128
37897,54.59831755592539
37898,157.38341666213032
37899,145.01183623209803
37900,178.61340726624417
37901,198.88607459761818
37902,28.26122818913941
37903,72.16738453874973
37904,180.00044717688723
37905,125.51983737176757
37906,7.602465342397496
37907,7.76434817854983
37908,161.32610530864682
37909,164.82572838594766
37910,18.86155002016744
37911,195.96645212419372
37912,102.18513791423639
37913,29.024516948310573
37914,84.46493770860837
37915,22.751345062592662
37916,80.80125157871777
37917,8.701485785708018
37918,116.3917850095472
37919,157.08181620350368
37920,20.843705395972336
37921,117.59241647385373
37922,64.2432362016882
37923,160.1170851426113
37924,9.294594443288359
37925,161.12161723271413
37926,8.146558829421313
37927,102.80402420629532
37928,71.91024370638827
37929,91.42428097981582
37930,12.51269405294991
37931,214.4727943566978
37932,20.740404292355755
37933,20.63255602313413
37934,222.62232195991317
37935,135.18977215053002
37936,20.021157676217555
37937,108.17287284841805
37938,96.97802415601889
37939,9.651779839272512
37940,67.72572464061253
37941,116.81898671679556
37942,200.7675146341734
37943,102.13963229011787
37944,114.59164779921568
37945,63.364862068505325
37946,190.46021644545056
37947,180.20897467837077
37948,168.56292795053238
37949,123.0955054774686
37950,11.37668673109371
37951,193.90984478533787
37952,119.77574314919455
37953,93.54615906025896
37954,150.1579100234826
37955,132.96444172858915
37956,26.40831515404191
37957,92.15186608785126
37958,8.436559719155042
37959,115.65391501675641
37960,197.24799748059854
37961,7.712527984565082
37962,119.27340974860151
37963,162.21506774981285
37964,166.02429043358288
37965,67.40097789963977
37966,23.899710888226927
37967,78.64939539631925
37968,200.875502136868
37969,5.964318579873399
37970,17.873091489364764
37971,84.76435446850033
37972,35.70966709411866
37973,118.20138524792829
37974,198.13760219459058
37975,19.273762338853025
37976,109.44888731793112
37977,118.79380497857295
37978,91.4532555768192
37979,7.499860932297811
37980,78.1070182286239
37981,77.28015450314945
37982,161.9286164593049
37983,141.51708437543445
37984,7.021844870683985
37985,88.03218274322579
37986,83.76619208839945
37987,236.83103612926698
37988,134.4692139357883
37989,29.605570306371426
37990,67.54372930693323
37991,92.66658981194492
37992,139.02218418717007
37993,150.6077639054687
37994,132.71728734536023
37995,103.31823122016671
37996,112.52029091789451
37997,112.89193183366899
37998,7.7944945953683735
37999,119.51628753475038
38000,79.89484343302192
38001,8.734910124883214
38002,254.30857774863568
38003,135.81613765325656
38004,118.4241443626209
38005,88.70778889529737
38006,163.97002402730035
38007,21.14803441071726
38008,91.73660494528741
38009,44.989893012872415
38010,164.60069517061854
38011,62.67037657510171
38012,197.9056303633912
38013,118.06121754033927
38014,166.85365406122514
38015,139.36010056618235
38016,191.36263668610232
38017,44.5273417302099
38018,178.36483510201967
38019,5.340815252776344
38020,119.43602708602731
38021,81.63906186204503
38022,10.962562330883927
38023,48.48975725158265
38024,77.25904379241624
38025,102.12136704531864
38026,81.36890704556815
38027,118.28281371022914
38028,56.7450796131872
38029,80.90898554049554
38030,93.0243176636837
38031,126.32296096308573
38032,168.72911067838479
38033,168.80373788455313
38034,130.52248972260148
38035,141.90511776333534
38036,135.5711269877709
38037,93.59217188039383
38038,180.34384163949315
38039,50.00006874481313
38040,8.003966215042821
38041,27.488641070226524
38042,199.4787990861194
38043,94.6823824323942
38044,134.31575345282027
38045,95.93563790447917
38046,156.15497976451834
38047,118.34217920648418
38048,118.13117138431647
38049,157.54304760273
38050,84.0464921461922
38051,137.02520738608104
38052,105.88137568473137
38053,115.54445244788043
38054,61.26833945436251
38055,100.57734867038464
38056,80.95250145902544
38057,199.02527019439518
38058,8.02944596623851
38059,173.35953164631385
38060,10.119723629440609
38061,153.67436748923404
38062,58.51652992010614
38063,157.666564736959
38064,113.6409488875705
38065,12.708459066529324
38066,195.9584100025486
38067,165.89496342120074
38068,152.64865225347302
38069,79.83946173994381
38070,166.19431917569023
38071,19.290528408492932
38072,7.822555952269088
38073,8.745037651072984
38074,48.89048344786669
38075,67.73757055478667
38076,89.45429832952217
38077,90.29839394440464
38078,77.79418238346611
38079,7.781995837081826
38080,127.15523425910206
38081,95.38943003261426
38082,72.40442422495167
38083,201.29443563254404
38084,98.98513153399355
38085,119.71550437329465
38086,167.2191792190348
38087,13.74442874389874
38088,118.34662110702688
38089,165.06206163173894
38090,118.77825787034948
38091,19.424661868590746
38092,84.90039710183015
38093,128.65519031929958
38094,6.857397988585355
38095,20.25735106740272
38096,237.01439501370854
38097,150.53116741688837
38098,200.505626568563
38099,169.77711352803155
38100,139.36097080489705
38101,92.32945385574068
38102,135.3129729416952
38103,200.71761295927612
38104,168.8986017949302
38105,122.70939548546856
38106,102.0135516984812
38107,150.71425499489237
38108,85.1507425207093
38109,152.26564177514334
38110,73.59170844611137
38111,93.56099927863939
38112,29.052211511534445
38113,89.72492195488316
38114,72.6505928706661
38115,214.62260460124568
38116,51.20589662466263
38117,137.93927290813852
38118,46.61046530880099
38119,121.25144964864546
38120,137.18853330656037
38121,8.850069456395484
38122,14.173817796255715
38123,46.20313584420442
38124,18.75642283402884
38125,116.50770204606026
38126,130.6681340256957
38127,26.967681899953885
38128,120.06062586618056
38129,87.97675702339093
38130,115.19399824025164
38131,79.20673391956731
38132,150.177023663227
38133,214.50573238332348
38134,166.63229417827552
38135,200.73314661062736
38136,15.446750993581118
38137,72.33192321919246
38138,156.96420657782772
38139,205.64257855966596
38140,161.14862042698545
38141,28.60925982724088
38142,90.46876451338152
38143,135.93264467547814
38144,105.8960967884501
38145,64.0928564932424
38146,94.57256757600096
38147,119.61930880251593
38148,24.94775034564097
38149,183.37713011881831
38150,87.01568441849548
38151,115.50357024269601
38152,184.4870611821705
38153,109.10456607019924
38154,183.59413392254075
38155,28.256551127218422
38156,143.6713368454513
38157,168.16099284100906
38158,57.478515153997165
38159,105.31841200798975
38160,105.08095454495036
38161,129.5150085752897
38162,150.69045063127405
38163,50.60851622560533
38164,119.8062459155292
38165,207.36062571415314
38166,191.60804610901096
38167,165.9176946929553
38168,105.92558060816353
38169,243.9941613738277
38170,184.9409189210991
38171,120.60932777188255
38172,131.4322922225694
38173,83.2114098169672
38174,141.61235095878936
38175,157.49190049216895
38176,163.017327977957
38177,102.63812444125759
38178,10.306038630366233
38179,132.1361477710778
38180,164.54899270606694
38181,39.111435204751515
38182,117.11574552550013
38183,197.00672109301559
38184,22.084470090482725
38185,92.88470699940808
38186,200.65745000091232
38187,125.2789469690486
38188,80.64283995917629
38189,118.5075495827539
38190,168.26929966897487
38191,102.28630066773998
38192,160.14204554979156
38193,131.6841786151742
38194,136.12093165948917
38195,164.18758107213043
38196,92.89474265444866
38197,43.46398597341397
38198,151.43134745472094
38199,110.73937328673826
38200,83.04033280314773
38201,153.51805687120827
38202,199.4947935146279
38203,109.21621415123712
38204,120.89055843355048
38205,24.89375409712758
38206,102.51094150526741
38207,132.87059963503825
38208,119.10240159426873
38209,90.77653771885714
38210,164.79515937144174
38211,120.85168164737267
38212,271.0681600379999
38213,132.1907234962792
38214,19.55021337426411
38215,24.232129005654045
38216,153.63329774880137
38217,79.94885304196805
38218,80.17628360877653
38219,18.647175323473228
38220,82.5819837435187
38221,126.3655824773196
38222,135.1735432463227
38223,35.42318755564661
38224,167.6328756995305
38225,24.13184088820268
38226,142.41341632313666
38227,136.00611702675383
38228,47.45244081700363
38229,29.610418564929482
38230,135.8930442973011
38231,82.32439279154642
38232,102.19746757113477
38233,159.37361250679842
38234,150.20809092442232
38235,51.059596339153046
38236,119.60019895161473
38237,48.75143599221754
38238,173.0162037737004
38239,208.64444218113672
38240,57.15555210969858
38241,116.94386514069076
38242,180.9418035033978
38243,118.72324152119167
38244,158.00841901260864
38245,114.84141751612019
38246,26.09386537367378
38247,118.47872655266244
38248,197.829121153239
38249,134.73406618085457
38250,209.5275358829554
38251,6.122560054362701
38252,136.63799863728417
38253,79.93470905954507
38254,55.7614406132359
38255,195.96972415139254
38256,95.08505754346236
38257,89.48826898349152
38258,134.99642691408584
38259,5.342362453517419
38260,193.36768873238427
38261,227.82518094277236
38262,178.73926937398096
38263,139.0432688053571
38264,100.80978908738719
38265,24.943166616306396
38266,199.88884140289798
38267,179.2682725528257
38268,147.48752139885664
38269,133.3713758426882
38270,132.69985919564354
38271,80.39390666694705
38272,264.3674373133327
38273,94.14486118706908
38274,89.28925340883755
38275,197.61095047080994
38276,118.45407951807125
38277,120.56930520654122
38278,200.33618093957242
38279,161.68789637902543
38280,163.14099762305744
38281,13.081005248086209
38282,141.8875427401327
38283,35.720723508148886
38284,85.83093619830814
38285,128.00031286156462
38286,118.56104700865158
38287,161.25968813055627
38288,165.82759404721872
38289,166.47578324647654
38290,17.211833084557412
38291,253.29486929125605
38292,116.05755906538404
38293,201.65215639702032
38294,11.7437159682314
38295,95.01114546579761
38296,12.10722303677173
38297,56.81408710598744
38298,116.53105427543794
38299,91.53483745191636
38300,200.04387691397855
38301,223.28315363481676
38302,39.643714969078864
38303,83.20904520742364
38304,27.708924237775978
38305,197.36912379756683
38306,123.94595503769757
38307,117.62857778925066
38308,136.73806888370666
38309,92.59123656840313
38310,55.84613502916581
38311,118.65075503382712
38312,93.81850175385574
38313,135.47761263755314
38314,6.901848299230509
38315,126.24851585496252
38316,70.05006094777734
38317,123.36954408480833
38318,178.7246957853039
38319,80.88926680411471
38320,201.7283114480775
38321,8.169355759896897
38322,204.79736300987148
38323,202.53854798482433
38324,52.84382490851247
38325,56.12783418727941
38326,15.11638597665045
38327,179.19479398195372
38328,93.2519260103452
38329,91.08553179939031
38330,24.705445575679907
38331,222.0209567661329
38332,38.89596377160233
38333,120.96584887903465
38334,131.18965666132502
38335,89.24158509056038
38336,79.01382756300184
38337,89.11364662403984
38338,158.12517335471185
38339,91.29110772989935
38340,208.33145044014435
38341,66.36216526913456
38342,165.9778467276915
38343,8.136688914874624
38344,66.2191407769125
38345,61.38045313747185
38346,26.298918451878833
38347,133.93690156526674
38348,115.18523761377267
38349,10.75367777207902
38350,235.1699325781846
38351,126.94145864301021
38352,116.70830858998103
38353,197.16763437783123
38354,182.0726188028059
38355,94.08380941957785
38356,7.858120999701816
38357,157.81266558230791
38358,39.44175688897554
38359,199.524186713967
38360,67.01101106147918
38361,85.42516435586074
38362,19.88348892871671
38363,19.248153858786374
38364,114.78429149747906
38365,101.27475768289239
38366,82.57356269697203
38367,239.48470927894294
38368,157.95568798332087
38369,116.03793612513265
38370,21.157463580148427
38371,167.55474787570415
38372,289.0679966276303
38373,103.04885548030636
38374,62.88066229275419
38375,121.72027044384407
38376,14.27552131126169
38377,147.68522370344246
38378,202.80535143068167
38379,72.24850415199397
38380,76.94567106672775
38381,116.54533223944122
38382,83.04199301159906
38383,11.10493504998716
38384,89.66763339476513
38385,78.11490144035186
38386,196.39711790474504
38387,199.87320812557834
38388,198.41487891364554
38389,164.5513485745035
38390,130.08843077566024
38391,54.889728863234986
38392,199.40560635290777
38393,135.44621804375183
38394,21.199864110405414
38395,50.454512341754715
38396,23.662238113950405
38397,10.152446910088344
38398,138.17043003564757
38399,21.89466767052322
38400,67.6132652810297
38401,116.99661473075791
38402,102.83326753552731
38403,67.39134358149359
38404,204.56467653921453
38405,9.713927603692307
38406,10.74252609722723
38407,148.02575066057736
38408,78.06539834386315
38409,74.99427622601957
38410,23.74456451299559
38411,135.73473421465658
38414,131.10416955467207
38415,119.29419333979443
38416,77.29828437087151
38417,66.1961443887843
38418,102.97833767675554
38419,182.39176031965292
38420,208.03587474901698
38421,196.5852331402011
38422,151.94242713349817
38423,182.26258783489448
38424,24.840205925495393
38425,67.0025644704247
38426,151.78073200043283
38427,111.10093306708536
38428,137.6842952816625
38429,181.7617671796216
38430,167.4093921808544
38431,24.494867813875143
38432,118.40635745989054
38433,47.77574426373107
38434,65.65822054437241
38435,9.43435676891388
38436,122.76997762834674
38437,5.949390409480459
38438,138.96389968877386
38439,195.72948900708786
38440,151.84487353692433
38441,115.20774585043574
38442,204.41903389875523
38443,136.3026014082448
38444,57.10318499883422
38445,119.86341557801339
38446,235.13612427153572
38447,25.4760217865268
38448,20.591811720057922
38449,156.65863305154252
38450,101.33656432919209
38451,83.01649278002597
38452,20.03173189707353
38453,8.88841809111919
38454,11.918776374845118
38455,209.62003664887504
38456,117.34368754759795
38457,9.445975270842007
38458,201.02965524345558
38459,199.84204942166787
38460,200.3603243502131
38461,86.53605668689318
38462,93.40739043787032
38463,122.9762445821084
38464,199.75939011003067
38465,84.03660371992035
38466,68.23629444450154
38467,162.84284606848212
38468,202.07511914015518
38469,114.89795995935232
38470,160.72599917301784
38471,118.59513821880797
38472,94.02156259155143
38473,56.56149445846384
38474,24.401452074786654
38475,80.1661019704033
38476,38.82723218742705
38477,134.92916599971184
38478,198.35199622026934
38479,130.98393637860198
38480,49.678653850031424
38481,166.1597214353439
38482,134.9115854508828
38483,150.39551665327883
38484,82.5614654141474
38485,194.15870158885417
38486,195.9431316173673
38487,101.28662602209639
38488,163.48186411508718
38489,196.19438037867684
38490,84.8029701384354
38491,113.72879104062744
38492,115.60715359878415
38493,28.101883284192354
38494,145.28958888285206
38495,183.3032317549041
38496,106.46920452714708
38497,135.94108089317376
38498,196.7409030986464
38499,89.11221409568056
38500,137.95167704229317
38501,79.68671426615568
38502,78.93345472932143
38503,137.266816291549
38504,132.73972693877528
38505,160.03423300742378
38506,117.96120146731367
38507,151.8748417580243
38508,215.16725750561673
38509,192.477205896595
38510,137.69855100107492
38511,153.20587786948735
38512,90.31065847947822
38513,103.23231512662446
38514,152.07684095904878
38515,117.4841023221154
38516,168.62893925745834
38517,202.15636964262544
38518,116.77076501863569
38519,8.332703300881027
38520,242.35168259624825
38521,77.72056731880367
38522,127.58494814965586
38523,163.84812371709302
38524,200.13454777757818
38525,224.42648263911738
38526,89.64143151314401
38527,201.37169423220678
38528,130.40330648590523
38529,278.18298903375324
38530,193.90368095946948
38531,102.38456311789913
38532,63.36689482538891
38533,15.68253073729779
38534,161.09730566928147
38535,182.41791950531595
38536,163.28056354341183
38537,6.733148124682418
38538,18.547677761852555
38539,149.7630395117631
38540,222.98599489711535
38541,118.42577048917134
38542,194.10415074883812
38543,28.675421502808245
38544,131.91791019521276
38545,95.19183174351411
38546,198.03666343730256
38547,83.35368711423673
38548,213.20969804253505
38549,92.90324980392052
38550,25.34385136370169
38551,27.261743534439383
38552,78.62658088129035
38553,135.00079971234558
38554,80.38569205728554
38555,63.21700003446342
38556,170.460014240552
38557,64.57636069992157
38558,86.34600936165465
38559,18.830495166896945
38560,54.528917720088835
38561,131.08722243382587
38562,101.05737737783565
38563,92.08860165592289
38564,203.41078940263355
38565,114.83296372294832
38566,223.62582398830892
38567,161.88388459979015
38568,38.2625835784423
38569,234.01500582451203
38570,134.35166933605012
38571,227.51867031986887
38572,94.66703712870802
38573,133.4392882940687
38574,141.72084812265274
38575,104.13506097638962
38576,198.69121497975073
38577,236.25584577736697
38578,6.740516831205877
38579,165.52437853411962
38580,50.37482955073225
38581,10.347995016572016
38582,151.31970536219828
38583,150.31648123005394
38584,161.05811847722435
38585,133.6598166686295
38586,169.82512814427005
38587,77.39393235794495
38588,132.2453373377681
38589,161.76365114574108
38590,196.32373273831445
38591,118.19188624206902
38592,100.10140045692482
38593,116.77425565149346
38594,20.709630955672058
38595,162.85265708933716
38596,12.988787840337263
38597,141.74079183240374
38598,118.19992529000012
38599,10.690120067783361
38600,11.745943973643563
38601,55.012181242534744
38602,90.58449883719764
38603,199.36274627974493
38604,114.47661316183242
38605,151.67025855489368
38606,201.71329599013583
38607,192.2433747936195
38608,114.6305633563143
38609,70.60268574649074
38610,151.1852116088203
38611,71.40991826736676
38612,224.64932627505337
38613,170.4983291212036
38614,131.08739322396332
38615,151.10003784875357
38616,126.18595131697055
38617,87.93485594508296
38618,151.5325753961024
38619,96.71731114835524
38620,233.78435172068276
38621,71.90699962967653
38622,151.14989842697688
38623,64.51001193708612
38624,63.94488411040873
38625,6.534921593222108
38626,140.04683776503833
38627,81.24065689474934
38628,190.56315388132754
38629,139.55510783440613
38630,122.95069174184198
38631,10.99752486831361
38632,157.35223753111035
38633,74.35280269048737
38634,11.18207325705315
38635,143.85794157242586
38636,23.061599870624196
38637,7.858843635535269
38638,198.2016593683543
38639,83.20878339205548
38640,6.609065608908723
38641,38.46781964926397
38642,68.03238571503348
38643,196.00098568184106
38644,7.118556208660441
38645,17.01961520715914
38646,181.96013649129557
38647,83.70102510962869
38648,130.51585138128186
38649,83.35985408305268
38650,238.28587165591824
38651,19.610810390293008
38652,134.6471250898974
38653,204.6360211832756
38654,87.66644106860124
38655,66.05250460675481
38656,166.96657240627758
38657,183.2740477293736
38658,62.74563745631584
38659,200.05082409049692
38660,116.1314457695318
38661,151.55107459868998
38662,199.80936295819248
38663,164.32070359032647
38664,115.56036174305818
38665,71.85980277773234
38666,270.7588285674125
38667,65.50922378919049
38668,137.04435041577364
38669,151.30766367893168
38670,158.70413168457276
38671,243.5101899651709
38672,117.68696489795805
38673,115.77703639780245
38674,205.00210185493793
38675,107.84735559567885
38676,170.17084718473265
38677,126.31295395419934
38678,178.9831020556546
38679,162.73269986349203
38680,87.77697556404772
38681,7.88457768342294
38682,8.937597031553363
38683,8.864074385728923
38684,114.49279174271568
38685,11.997257722818368
38686,103.0631145044389
38687,124.06014237350767
38688,167.36143013480623
38689,152.26126626908274
38690,181.41876389037816
38691,141.51732209765336
38692,92.26592284303308
38693,115.39921511920473
38694,55.158234587222694
38695,130.62786798697937
38696,9.192272575219553
38697,190.7885538553929
38698,43.565412386058135
38699,122.84096412355522
38700,134.59441250189053
38701,198.20863622573643
38702,5.579173953547078
38703,90.51858842589903
38704,153.3034563233273
38705,216.3715630618515
38706,116.5217868804028
38707,79.58695818913114
38708,243.49883487373341
38709,168.33925534633738
38710,197.85481591867406
38711,22.25022938041725
38712,153.8733789366618
38713,25.50954892319672
38714,19.239008148612154
38715,157.9984624970443
38716,161.8243252968905
38717,84.0044749877663
38718,199.15895052196203
38719,88.91043799459455
38720,93.88980885350045
38721,116.94614126171533
38722,96.82349895700835
38723,199.5163198977897
38724,27.100636644855314
38725,65.05400086536885
38726,20.645168287156352
38727,228.62722387913198
38728,92.75190431661886
38729,65.87601934844737
38730,94.63681321744848
38731,168.6965217562047
38732,165.06731371626418
38733,79.6527659281457
38734,90.9132761826474
38735,11.099077006559346
38736,123.5746533199438
38737,197.49893425473624
38738,78.60071545858244
38739,161.19300722458013
38740,78.73250286270142
38741,23.145444503079137
38742,162.99314212951663
38743,254.16399753186374
38744,151.95076687567695
38745,87.41795247151579
38746,88.37114416309495
38747,229.03525875969544
38748,135.65165254206727
38749,66.0628596606387
38750,115.7961204782972
38751,130.73185102075553
38752,149.2704230738532
38753,205.48504931443458
38754,200.13733102569972
38755,131.71622927654505
38756,116.18332803134317
38757,141.74997685358602
38758,79.93444461346576
38759,183.57155998560606
38760,102.93484192457022
38761,150.10658041303452
38762,215.8563633598772
38763,153.12629547828786
38764,131.78627989709796
38765,82.02850398972262
38766,116.35576062580463
38767,24.250455735507103
38768,151.83019660087464
38769,7.372095065687047
38770,182.14001276024078
38771,164.2422756290471
38772,116.04488162633344
38773,80.34797187990957
38774,115.52403820089356
38775,7.790704871268645
38776,169.0632848661983
38777,102.86010631126406
38778,205.48504931443458
38779,141.59666220690306
38780,133.59157474076355
38781,141.29002460500826
38782,37.9651520142223
38783,84.12957332617347
38784,123.60516598284345
38786,93.94582357771587
38787,80.48553895874933
38788,95.06269864189616
38789,118.10376521084639
38790,253.65406600143024
38791,92.71747695843787
38792,73.78304066256992
38793,107.99355688845264
38794,205.2392473978729
38795,208.7668337323908
38796,235.4795292967901
38797,114.81885538918077
38798,162.16036040411157
38799,24.3981979329961
38800,89.57504531545831
38801,24.685036323681988
38802,150.1915409342346
38803,117.29537033870155
38804,133.37238628980185
38805,57.19814832513354
38806,168.91959674292482
38807,11.080310739373722
38808,95.3154880773104
38810,116.66678147965268
38811,9.268060304190398
38812,137.960657423047
38813,104.89469242467811
38814,158.80667948960374
38815,241.26081269098898
38816,137.23806786090387
38817,184.6844899539511
38818,199.61339131209633
38819,151.4105292667882
38820,54.92978285440568
38821,7.9691991690264405
38822,135.8722112995626
38823,86.42531075707689
38824,200.5709298153832
38825,83.07555905620856
38826,116.71292071904122
38827,23.333622212042524
38828,91.65054527056682
38829,45.557035605937145
38830,56.05544208074172
38831,118.09754767774332
38832,78.69531588694907
38834,271.88630146903
38835,167.1795967891735
38836,191.52423625597544
38837,118.23297271565914
38838,119.36790581577478
38839,87.24118146516503
38840,272.1836887670109
38841,115.61308201861844
38842,78.02673728417322
38843,65.99702761715608
38844,134.9617775899561
38845,197.95137649710324
38846,191.25326970797857
38847,65.31408337064578
38848,65.50240673247566
38849,200.852256851349
38850,242.90257751620783
38851,107.53538665909763
38852,203.14304518728036
38853,15.993989870542178
38854,57.1412856829927
38855,35.669218545614235
38856,143.14930963104032
38858,103.5588415011098
38859,132.54713404231254
38860,200.86053748890853
38861,77.78461266870373
38862,118.61230272264685
38863,17.902882521541017
38864,199.75020324720614
38865,190.74169624746202
38866,137.30521319758327
38867,119.52539451478277
38868,81.70344302845665
38869,12.690311905678962
38870,134.61547803314954
38871,165.95162961040435
38872,240.67826706484735
38873,89.47983445839753
38874,134.91472232549822
38875,197.9895579241651
38876,201.15653784526864
38877,79.17571545063507
38878,96.11117856682623
38879,83.21685937295166
38880,47.920548938076344
38882,201.4260792078704
38892,116.79845764129256
38893,114.33371611945178
38894,130.77373625490202
38895,115.52234817128857
38896,101.03286012267255
38897,65.42639791151129
38898,208.60071904355016
38899,79.29015875585615
38900,46.54797817442035
38901,115.48388875406262
38902,250.8836762740952
38903,62.36468720841662
38904,162.21418679796778
38905,98.3514478277587
38906,133.14032997143985
38907,180.77161631891633
38908,10.256765720824063
38909,51.80381280083249
38910,182.1882360816721
38911,116.59377110972802
38912,131.24933176443912
38913,163.87590584060067
38914,50.16184416412317
38915,191.7842463073391
38916,167.4516727300536
38917,131.84164027822462
38918,149.02112486806553
38919,201.86046250118923
38920,77.90380600865187
38921,163.5675788835156
38922,216.34037686318737
38923,163.4089575446302
38924,102.42056573460772
38925,254.94171063906154
38926,133.89931212296136
38927,201.53621297751607
38928,90.9499537147387
38929,192.2412773409475
38930,82.4557946433328
38931,136.4643149365942
38932,79.36432093962371
38933,229.090584447428
38934,100.77266707782356
38935,23.417071167766526
38936,116.2404074031264
38937,152.13892353615245
38938,115.50574415492542
38939,61.50002799916319
38940,183.1895588639916
38941,200.1933991372528
38942,5.983326821809026
38943,52.256338179768335
38944,102.36031154855601
38945,82.77192882873365
38946,151.33857035534257
38947,228.67525984691204
38948,91.62058917922322
38949,208.30331515420085
38950,15.436883100211533
38951,149.10162301864122
38952,79.17198331909002
38953,151.08805634487499
38954,8.714845639630438
38955,18.51517944826206
38956,151.24193132360276
38957,78.70672561430655
38958,91.60355223525906
38959,230.26221351815485
38960,123.39418508613163
38961,179.93411542072087
38962,65.8022724404625
38963,18.5481904250412
38964,114.4795507112965
38965,8.506997556452392
38966,70.01790596956477
38967,130.27231727197616
38968,114.00539470312968
38969,134.54566495398018
38970,158.02633923518275
38971,24.55536170379651
38972,47.059362024932874
38973,8.892519554706315
38974,89.96608234264039
38975,163.07610021609835
38976,199.66280728393266
38977,127.71405615613641
38978,194.25858900817218
38979,137.18867825645265
38980,121.36313512783586
38981,79.14558712889607
38982,9.192120230912938
38983,202.02339797930594
38984,116.17282746137086
38985,198.94749462850353
38986,44.71866662985621
38987,253.71416426719205
38988,93.11726530937351
38989,70.7828558332373
38990,99.67723237310703
38991,122.98721674613387
38992,114.68372888042715
38993,83.82927688723863
38994,6.592312207395157
38995,63.751991923245605
38996,194.19454403879448
38997,54.56307806101761
38998,8.501845630100966
38999,26.71000350489653
39000,114.95527769254028
39001,67.5471083330211
39002,93.88352457457417
39003,64.48105118717527
39004,185.7922187223359
39005,152.46158451746143
39006,250.8865932841942
39007,89.17694872390197
39008,93.45733004734971
39009,200.68941001247842
39010,140.3760558259207
39011,44.7587764230305
39012,157.6312258593776
39013,140.4835007459056
39014,5.858559216238573
39015,76.24055838643089
39016,125.90385284767731
39017,199.6459876388126
39018,163.08947055964325
39019,80.0955694676525
39020,72.49559596094292
39021,166.91645151224978
39022,13.90885684477611
39023,64.93920320076086
39024,200.0511791151275
39025,135.81027253836842
39026,67.10029120389093
39027,23.526976619225344
39028,167.67469663630217
39029,116.89868253565683
39030,102.30836648876573
39031,137.83499066993537
39032,123.39333073804896
39033,116.21848134900961
39034,19.333801603801454
39035,28.224738283487454
39036,166.80470103930782
39037,157.31897468100806
39038,136.18868121370664
39039,78.34384668365223
39040,167.60720658821188
39041,88.88601763872884
39042,199.40617789711902
39043,67.20076201822116
39044,84.32456067777163
39045,109.06496836395604
39046,169.982121995338
39047,118.09410997757523
39048,116.77302328977846
39049,90.26761433150709
39050,135.20876215860858
39051,116.82584785772538
39052,66.53548431738399
39053,121.61906997211109
39054,125.47954788289164
39055,254.60728829269613
39056,80.34030935769165
39057,57.47520195272343
39058,135.09711020504716
39059,37.22909398253511
39060,26.32612206958887
39061,12.400654370654758
39062,67.34311352530561
39063,66.7070161192449
39064,20.35600160684268
39065,94.42007295531303
39066,10.13150291894431
39067,152.33733971816005
39068,85.86938014219542
39069,92.17378860564838
39070,159.33422299222713
39071,136.95432166996864
39072,80.35206457953491
39073,150.2809229807701
39074,204.52366115707486
39075,36.48547041270953
39076,164.38093801714024
39077,22.405209497101385
39078,198.48739292333244
39079,66.70008605469263
39080,67.00657583381688
39081,198.92485182457978
39082,163.90713278594896
39083,71.79520938503696
39084,121.17360519148234
39085,72.32764889375972
39086,10.823048732406328
39087,126.90635983680076
39088,89.63095287721903
39089,47.29531296532603
39090,200.7571677491975
39091,49.497385439811225
39092,125.8030613546307
39093,194.2177132405328
39094,95.75001798842405
39095,67.40050766127368
39096,135.69836984982564
39097,149.87553371886918
39098,169.89116203669576
39099,230.2863105676164
39100,85.27723080612967
39101,127.14330302584571
39102,18.010271942608576
39103,163.46794363221565
39104,127.36560896321548
39105,103.00782802625244
39106,77.971643622157
39107,89.48857399463816
39108,131.0816209797687
39109,36.84085892695869
39110,90.88369955881981
39112,116.23922505550516
39115,13.53523895274925
39116,29.852804563579394
39117,77.14766716521119
39118,208.34088704167993
39119,57.7040824858417
39120,116.45011391370954
39121,28.656772540019222
39122,67.67486594756689
39123,11.997283758412486
39124,160.47325279884532
39125,19.08662506977515
39126,181.4177836715265
39127,151.00929390454527
39128,116.65527870763259
39129,183.3073863979814
39130,289.5534304245123
39131,152.0861797181579
39132,24.82746023725744
39133,198.98286974370842
39134,126.6029228879116
39135,245.10770275854472
39136,82.14549314205833
39137,199.944980512376
39138,116.17412071333247
39139,272.39041214509336
39140,94.22690751955012
39141,289.24629625240806
39142,143.42854462625547
39143,167.7368351301981
39144,215.9823745365239
39145,65.11343047014856
39146,182.57013484053908
39147,93.99484511605536
39148,124.2892373359751
39149,116.39354527011876
39150,158.33147831046412
39151,152.85173153577995
39152,77.79592430482921
39153,121.34645088205612
39154,8.053454771027246
39155,184.12262897090224
39156,214.80888039729052
39157,126.6888107304411
39158,11.018950525041788
39159,162.0464119524522
39160,66.71290602432266
39161,126.31746152103153
39162,162.9505733765801
39163,153.62516290131117
39164,194.43907888906443
39165,124.9700795580312
39166,128.51013476442668
39167,163.93703308918455
39168,116.82832919763723
39169,71.77521390730203
39170,151.0606793388767
39171,25.370692303563136
39172,116.81798413245853
39173,20.498513693329695
39174,82.67771107780754
39175,82.9230488487841
39176,39.13318588132936
39177,196.6907461750635
39178,185.1356512531163
39179,198.81519614403223
39180,103.11561500039507
39181,86.4366244989689
39182,165.72655761558102
39183,120.36361607325405
39184,119.61916409759488
39185,13.879748467926284
39186,167.67320469320973
39187,162.67135878155574
39188,116.35509758746485
39189,168.15844562626765
39190,159.12172617885935
39191,71.14627732915574
39192,99.64890338408588
39193,33.1007581485856
39194,199.95181653959418
39195,185.05553253376308
39196,63.06892741043096
39197,163.18021174929635
39198,133.74226413778237
39199,71.66414905889745
39200,120.99003139132718
39201,170.63541696628292
39202,183.05093278476875
39203,253.7268350595042
39204,115.98492933617753
39205,96.38872494018905
39206,157.66616805192783
39207,103.27207735145164
39208,77.74704509569938
39209,46.35262069069302
39210,79.06018836392721
39211,164.34452048109466
39212,13.29925707558872
39213,55.31011502264231
39214,137.77426349187064
39215,93.02758568992365
39216,243.52734165942442
39217,10.294211463136556
39218,252.70361649891655
39219,198.20217183215203
39220,179.4680766999939
39221,199.88872385099523
39222,140.40643993987038
39223,7.970297829603428
39224,152.38034001742565
39225,11.233574906408533
39226,81.22830677090117
39227,114.25034595572784
39228,47.13258811546211
39229,180.36294697408673
39230,99.91357064027412
39231,140.1094240771645
39232,114.67522015171234
39233,119.29970645862433
39234,49.88408143064798
39235,25.406689684907654
39236,108.07794035044834
39237,40.673717147266274
39238,199.1973994637045
39239,21.401760507527563
39240,254.97209526974578
39241,135.73777705525706
39242,117.46298157121223
39243,81.35609271680352
39244,161.3630566343575
39245,102.80239193678435
39246,135.29418316727993
39247,167.72618841003796
39248,162.8062886808543
39249,200.62556179573963
39250,152.6511211486972
39251,44.139537199582854
39252,6.937057664332041
39253,131.5393729311699
39254,131.28598052110232
39255,234.95518549420825
39256,108.38471241385238
39257,136.06297765822123
39258,167.27073238661697
39259,152.09622395223488
39260,168.75261913061587
39261,62.924157709496775
39262,38.70949973198801
39263,93.96085568007057
39264,8.950703381983466
39265,115.59915101203437
39266,77.15015907220784
39267,137.23634422528423
39268,95.89014035825761
39269,36.452549425517205
39270,198.93549036891372
39271,116.28062268826812
39272,171.43789049275256
39273,127.75139296585283
39274,149.97020806329246
39275,20.872194511271157
39276,198.88547678631392
39277,169.86200001581813
39278,115.13411135928563
39279,134.9450655892705
39280,185.09323765871625
39281,89.52506524144114
39282,12.486989808504138
39283,89.77105084894971
39284,124.6421022370827
39285,116.53257916273398
39286,200.21233516237766
39287,38.812190250178446
39288,57.62951375773353
39289,27.58927384474392
39290,145.28344167297922
39291,12.437794272463506
39292,163.8694311955331
39293,47.07763574300282
39294,68.46845439378284
39295,224.1827038059558
39296,200.90083458769627
39297,120.42539757300405
39298,19.04254476066785
39299,239.92937786909022
39300,102.09912973351202
39301,130.81494630746087
39302,178.4054919514592
39303,8.0865202070448
39304,77.06525048898042
39305,114.5277306903786
39306,122.34061096228527
39307,22.337988878125635
39308,137.96940958320644
39309,117.9571071765539
39310,215.1096180048994
39311,183.86547584124597
39312,93.44270702165348
39313,102.49558670730342
39314,182.3326838965255
39315,133.74404065267643
39316,17.41295558888984
39317,241.99505982632394
39318,36.53007380892356
39319,262.0357637255751
39320,142.1103771007537
39321,76.98121023851746
39322,7.001793368485477
39323,164.92891936612796
39324,7.592528728889078
39325,134.16750101699236
39326,234.13762081677913
39327,20.8386916968999
39328,163.3554315022919
39329,61.62006223075463
39330,196.26247410919711
39331,114.4814144982454
39332,115.20269822026405
39333,201.2944181347443
39334,161.2933338358827
39335,63.48351039962523
39336,221.7106834688778
39337,8.25316537954635
39338,132.97924421711429
39339,60.78825542013921
39340,10.301363469887995
39341,21.6610551363044
39342,115.73952214186929
39343,135.09515240955199
39344,189.17297331959773
39345,198.93322968644657
39346,132.81330033607512
39347,85.13998126529778
39348,181.68573301312594
39349,76.9854185812552
39350,6.441219808010952
39351,181.45415679060383
39352,198.44986249337748
39353,58.52534311395316
39354,234.32014007765534
39355,158.12085675482507
39356,143.81113036781684
39357,84.8975850617707
39358,183.01682033595932
39359,10.036928440687038
39360,93.17225551003065
39361,66.64787503557316
39362,19.22593283004163
39363,169.83305531631123
39364,136.6680141999958
39365,165.6924911998932
39366,95.19787926078922
39367,182.59620405332436
39368,115.47832104232815
39369,83.77014269470796
39370,77.09085690426674
39371,6.486674313673372
39372,197.56367746527536
39373,189.44305441906835
39374,286.990333421645
39375,90.65387289714717
39376,75.0303458744162
39377,8.466694698594107
39378,181.99559311558082
39379,163.9464936028984
39380,205.29869363191466
39381,49.5048256567096
39382,163.27451982382976
39383,82.1780457273371
39384,194.48273046339915
39385,152.3565034160041
39386,9.92058641082564
39387,109.13908489831694
39388,7.10918007142375
39389,23.21030674613413
39390,24.01032212823003
39391,76.78394865509372
39392,94.14161187494658
39393,123.30704861692239
39394,119.73526745372861
39395,114.24698371104266
39396,134.6422248066342
39397,16.50634729298293
39398,114.39395353887207
39399,197.94078619720332
39400,101.82455086745682
39401,149.80061598109722
39402,140.1026315179963
39403,170.6005452131374
39404,136.22398253772084
39405,167.02994633123106
39406,150.8962451006587
39407,159.6152265883291
39408,142.75206022158562
39409,32.52714156022142
39410,22.53398075710081
39411,89.903055165891
39412,203.8607541905402
39413,103.79441348896947
39414,135.308041528841
39415,8.091883991594637
39416,126.154343438762
39417,115.53277600576077
39418,20.14017509712906
39419,134.23951421351927
39420,8.773255203012324
39421,64.21287114382102
39422,183.11092832831375
39423,121.86307704997157
39424,82.11088854492266
39425,81.99202390575888
39426,86.40956214611501
39427,122.42270278429937
39428,24.004968003751774
39429,197.61601716637054
39430,25.082439673574264
39431,7.358135127880733
39432,185.4302097845218
39433,85.95484790021487
39434,115.70739685093666
39435,162.23416386403147
39436,66.48667948031385
39437,123.95716264359078
39438,163.46505077858666
39439,216.01160956464568
39440,82.01668872798118
39441,83.63953580887006
39442,159.3153254212019
39443,131.2540311400249
39444,107.3592189409111
39445,209.5971569775452
39446,9.382666044078906
39447,12.399004369389363
39448,8.321302332376941
39449,201.78792247125673
39450,152.45428661738453
39451,22.29209018287494
39452,110.16601078436113
39453,117.70757664752281
39454,9.44069448048821
39455,127.84596653919455
39456,24.184959291737304
39457,162.51045907998292
39458,23.43896317716239
39459,132.95284916585922
39460,199.8284190261049
39461,184.14851472242137
39462,153.0048502327793
39463,115.88266372407473
39464,13.336183127834634
39465,87.0415993599109
39466,101.26717686211909
39467,92.77698233094796
39468,12.26328307316754
39469,142.47161540703738
39470,22.61930351877005
39471,206.24689678485342
39472,122.96314398352877
39473,185.29407253677206
39474,184.2986171917255
39475,246.26383605296272
39476,128.17958583355258
39477,90.22365287221741
39478,90.93828121763816
39479,202.45451382856706
39480,20.00055604008639
39481,53.28460650714625
39482,131.82589599134403
39483,107.30320335291589
39484,184.04686294536899
39485,18.542230019597458
39486,115.05752803447771
39487,101.8612348432987
39488,23.509448159025307
39489,171.53493414397664
39490,113.87095188724905
39491,108.83057560423856
39492,59.91248121900116
39493,86.46146379858243
39494,32.54173662281014
39495,169.05929668197254
39496,184.8382860143253
39497,214.6396411715894
39498,142.35170104558222
39499,91.48488039245164
39500,87.13002367870133
39501,152.37162845204804
39502,131.6755346333433
39503,102.61920188276741
39504,93.20412024172373
39505,200.27727228064404
39506,87.38518355017834
39507,195.61011918879174
39508,127.37384784121106
39509,88.26704035944708
39510,65.03395948591103
39511,107.80033455956281
39512,154.04069160944505
39513,89.7329849681972
39514,169.86104938841817
39515,87.17689770863521
39516,108.92338191697146
39517,19.446426603537358
39518,158.51426027088007
39519,93.23187640031914
39520,207.84222731431763
39521,161.05159889713704
39522,114.09294187526903
39523,202.18102982792786
39524,141.58181262487912
39525,185.67060124240226
39526,56.91935372331881
39527,150.23023387160742
39528,153.76341306498483
39529,11.130964798624456
39530,206.1576054009947
39531,23.766431826751024
39532,20.267122326937667
39533,23.601051603521586
39534,152.01173333824164
39535,10.170883527066795
39536,82.1241317417435
39537,169.73979006408908
39538,128.29218565987642
39539,78.12350241358854
39540,11.384026831755287
39541,114.08515518891649
39542,168.54917747610708
39543,162.85738225717603
39544,224.14928773787565
39545,77.0761533909367
39546,21.251234199201516
39547,135.34529413381023
39548,132.2923180368216
39549,116.52489004862647
39550,67.997284129156
39551,21.45797265998033
39552,34.77852119403202
39553,157.42451325136423
39554,135.1799623468497
39555,183.39811616073854
39556,137.30372393439447
39557,163.39201745430873
39558,167.2148757480437
39559,118.176276212692
39560,118.14179508293998
39561,24.241606718034483
39562,74.95432969285719
39563,78.22888474560438
39564,114.4511442352932
39565,44.18491199531425
39566,180.42104896410888
39567,52.230284872937524
39568,197.85813049985643
39569,37.671735757737686
39570,77.87433741885178
39571,71.0971243136613
39572,84.98516265385466
39573,202.5675113204553
39574,93.4327785221306
39575,92.32406778572523
39576,66.1517580976944
39577,94.32235377205626
39578,130.54289643560233
39579,101.39455510240595
39580,106.19475667372113
39581,183.64858302549584
39582,134.71498211080188
39583,22.51523108568471
39584,114.17555110169151
39585,79.8978824100876
39586,152.02988804836474
39587,114.34547961396504
39588,193.55485179265185
39589,62.03279669235888
39590,100.61106660434108
39591,22.361474639036235
39592,113.14858638374014
39593,7.524302980632565
39594,133.80230145302502
39595,114.60055287143531
39596,122.72952837983772
39597,165.93392978059688
39598,132.43219912593847
39599,20.184306291637576
39600,80.51550024113016
39601,114.80850873998334
39602,91.67721438276047
39603,102.17464940705041
39604,208.0643842754788
39605,115.9233247263222
39606,134.6977613525548
39607,6.835358289113078
39608,162.34312240371992
39609,276.67344596859044
39610,193.68044026896246
39611,84.03545947273126
39612,253.48841756217215
39613,114.35579901824825
39614,133.3299219324707
39615,92.11985735149929
39616,91.83143549527942
39617,8.327800667190486
39618,164.98967524582116
39619,92.8427291574051
39620,102.97663278234346
39621,134.03737448231706
39622,89.33061980985333
39623,130.56465033038776
39624,199.2034830315096
39625,139.49717625783882
39626,106.15607304288628
39627,108.6300338152952
39628,130.59282421799125
39629,55.45107721662906
39630,130.49894245904972
39631,162.8175265532093
39632,114.61854057098944
39633,85.28789365566021
39634,90.71896601581037
39635,160.77670012459816
39636,20.24997644029418
39637,57.36212678015435
39638,8.772718387671317
39639,115.66362402572348
39640,171.24290491619897
39641,195.73872499091124
39642,204.53609793101825
39643,69.9945613182611
39644,131.9612947039556
39645,88.46607640641244
39646,212.8983034819475
39647,197.82181667727426
39648,121.27570990619552
39649,76.75591048772182
39650,80.62243640300089
39651,11.688876816021457
39652,7.431039595380157
39653,12.208173818723154
39654,229.19499602126882
39655,17.76615181309237
39656,22.884735076556495
39657,45.34347234553414
39658,269.53347358403073
39659,113.29263257980953
39660,182.18743063507227
39661,125.3036295064756
39662,7.2952348756482825
39663,204.4161388334026
39664,137.47466234708978
39665,106.39533882902313
39666,215.0655292318751
39667,89.46677539007038
39668,106.77644067612322
39669,91.28116406993385
39670,192.27515385030796
39671,163.7082001020128
39672,133.17179814465615
39673,23.438513186082943
39674,88.03694447750007
39675,25.691834269898557
39676,196.71349147462314
39677,7.33672891303973
39678,207.2335341202087
39679,197.5541088231988
39680,45.60353996391904
39681,84.58130227236225
39682,64.09101769145396
39683,141.88935744565225
39684,197.35166367608966
39685,198.80168847459575
39691,86.71003487845704
39692,201.5550394206347
39693,199.9138661229808
39694,102.35236783851468
39695,114.94676652107938
39696,204.09974505379904
39697,189.33501681375358
39698,197.7659735733275
39699,267.8666564908132
39700,150.70298727048427
39701,133.71953498190044
39702,193.31075387584252
39703,235.03010031106786
39704,76.34095233890608
39705,100.33418723064648
39706,30.618250618910878
39707,133.59818069142858
39708,168.69426041339773
39709,40.01076205527717
39710,194.58852774419518
39711,80.57729292083015
39712,78.33970396387434
39713,195.344581615472
39714,75.80839427291525
39715,14.578690768716948
39716,164.5727403456103
39717,109.1213985896026
39718,201.18828664209997
39719,165.5785801137433
39720,8.597953657356339
39721,197.3044429654802
39722,227.95941530268092
39723,182.98730639339675
39724,189.92316529290756
39725,93.42358945342866
39726,81.26277672601506
39727,129.47770296142747
39728,178.3172589625308
39729,178.18559669641635
39730,84.29683976965515
39731,78.84594236263375
39732,8.828133763472142
39733,159.72866038378552
39734,88.21494235386547
39735,90.36615332319987
39736,214.23918212281367
39737,156.92234473024084
39738,134.81567292423924
39739,167.59963122989134
39740,199.00097210661417
39741,12.423165932469
39742,78.43711014009136
39743,94.54420902871956
39744,33.569148757267484
39745,93.52217213508813
39746,11.652019944430373
39747,178.08038249723916
39748,81.75541476744964
39749,130.2087616442207
39750,116.51566686113132
39751,157.30771782922616
39752,10.529972985358535
39753,147.585926526695
39754,91.6841735567991
39755,139.76663630883152
39756,22.28305887000686
39757,138.94399799917522
39758,198.51693462739865
39759,125.13354561981417
39760,64.48163728642241
39761,70.50486981801043
39762,156.1820671399976
39763,156.17372207792766
39764,135.80663358043185
39765,114.35142433951933
39766,129.4635946726391
39767,114.15476666314274
39768,87.59837905400752
39769,163.24350930336206
39770,134.82171510914858
39771,197.94591085815887
39772,194.777232299622
39773,134.29444822878398
39774,158.48908387199896
39775,44.22001281466778
39776,114.18679414768201
39777,136.56082916931152
39778,10.557883168278325
39779,143.28774425420895
39780,37.32915507652096
39781,52.77264209933321
39782,78.92441049843139
39783,114.44107644665215
39784,19.729273434786304
39785,166.95673908701815
39786,126.2717250230101
39787,235.90178644565924
39788,135.7490191547778
39789,159.8578091906016
39790,56.40727773545214
39791,23.858570648432583
39792,160.2949666382522
39793,23.237417748939997
39794,160.68502792972384
39795,215.28784782294844
39796,180.76960097138138
39797,158.13777311639993
39798,134.29444822878398
39799,88.36495005270316
39800,114.1443516637782
39801,77.34396110478414
39802,18.242224027558862
39803,116.90572401420603
39804,195.4257294247619
39805,19.51438940193467
39806,198.61107293865868
39807,202.18173328392479
39808,139.64138922351205
39809,139.72921735613895
39810,102.38711567123599
39811,116.77396905158152
39812,86.93390947094846
39813,117.05537069070834
39814,123.90686224102572
39815,228.334518666704
39816,158.11523610266244
39817,101.65693339366054
39818,115.17492183114317
39819,67.76141727476907
39820,79.81032897786382
39821,178.84671368918706
39822,81.8097594604294
39823,78.97239589076838
39824,78.08748976484722
39825,67.68018207856159
39826,195.6766190840431
39827,123.79265269244874
39828,93.2093836560641
39829,114.80752173001007
39830,130.03469116340577
39831,65.29840406455999
39832,14.576764703377162
39833,194.8238631540982
39834,182.73036922558416
39835,135.8591996190785
39836,181.33185847095177
39837,235.93951847886663
39838,84.99912203312847
39839,25.841328484317533
39840,161.2187140291714
39841,13.690288389134265
39842,118.38161364434272
39843,93.0057943282028
39844,162.40088718377868
39845,82.51285380056291
39846,200.7881573639845
39847,66.73414830162056
39848,163.69147462242273
39849,76.25221728253608
39850,152.66049229313413
39851,34.364280544351324
39852,115.70162032806016
39853,198.21544384775515
39854,118.14508187548657
39855,200.76932326826153
39856,114.17029818530072
39857,82.8129056825373
39858,122.22340127497353
39859,161.2705199276073
39860,9.467340997420209
39861,152.0889331507968
39862,46.88825607522713
39863,23.552840301657515
39864,152.94543973278326
39865,194.3745539176026
39866,129.66559348984214
39867,21.059234505682937
39868,72.99603340919735
39869,87.54059170384662
39870,127.13862371726104
39871,115.50453993899943
39872,151.63843930863135
39873,184.23957271420534
39874,136.21896345746765
39875,180.45881271639473
39876,93.73951601391965
39877,296.62690548255034
39878,151.62845508656687
39879,160.87215304263165
39880,214.20336866782756
39881,113.83309519769526
39882,76.55282739572554
39883,198.38583157586245
39884,195.50617147479156
39885,122.64732211108719
39886,214.5399666178684
39887,113.38650449210327
39888,178.9919598848927
39889,204.0200869840848
39890,115.45342323865758
39891,150.060665593925
39892,182.7914680982848
39893,88.89164915042464
39894,63.43319283957853
39895,192.23912130484555
39896,133.28704602142997
39897,79.98941592871789
39898,114.37412256767604
39899,151.23831325621836
39900,8.111856134629614
39901,160.23361063010668
39902,137.49129838040184
39903,211.57981370165527
39904,97.98558140592718
39905,193.36849886003637
39906,113.14901621651143
39907,121.3660311151072
39908,134.51770003450352
39909,241.45310953481828
39910,19.246943842419768
39911,147.58967998616453
39912,113.57112061020266
39913,113.85689814663498
39914,155.40288445505962
39915,191.72684853595268
39916,150.10269343563215
39917,196.54406475660664
39918,93.37486577085875
39919,113.43492398902804
39920,31.651534596852386
39921,234.23515219987215
39922,100.99767335025595
39923,91.86422782019248
39926,155.87315320490808
39927,193.71982122263336
39928,67.4747741346114
39929,199.3948098201677
39930,89.66769927937108
39931,196.9863268742836
39932,84.36321494562753
39933,160.91508756082533
39934,114.70970740515125
39935,21.410151648204973
39936,10.349833079367595
39937,63.11950855164455
39938,179.85362946548514
39939,5.629613622196006
39940,134.0408207108394
39941,131.0248471188832
39942,8.656106003678707
39943,61.498530734406884
39944,60.37789564762304
39945,116.23640254777972
39946,197.99410451569725
39947,188.4965271477339
39948,87.4065579845539
39949,52.30559419137156
39950,10.071613347203034
39951,87.57414299350278
39952,45.77700211292102
39953,112.63976699506821
39954,113.58613682518404
39955,82.98099047980108
39956,87.25230953710464
39957,71.3675048809641
39958,84.42660053829393
39959,198.15700992048954
39960,152.41603693807974
39961,152.19879541911087
39962,182.42007515182826
39963,179.4526577299166
39964,197.60462273591256
39965,157.78481795927456
39966,130.32635183050454
39967,77.09929532589967
39968,60.00940386845209
39969,169.90146358182065
39970,113.15640243833654
39971,18.87114912138531
39972,8.2050485105218
39973,242.68219408030328
39974,34.202364526052186
39975,69.35815278730367
39976,199.30021183367273
39977,22.9677371858754
39978,151.03423349534157
39979,221.70617456637862
39980,244.15702226628684
39981,86.55713817020307
39982,115.549126730583
39983,88.46705723795527
39984,115.32120519176343
39985,197.47869011315692
39986,14.421022252365098
39987,160.91306711752264
39988,102.7554299100224
39989,195.48132499037308
39990,197.78703625430708
39991,86.29283659780982
39992,114.6562915334813
39993,169.73117700206674
39994,181.08586836185546
39995,8.519374738144135
39996,167.9108263872589
39997,211.33318584409886
39998,129.62036059072915
39999,180.29899322944118
40000,198.06661549816536
40001,129.63009814311988
40002,165.00377615005866
40003,115.25211830410889
40004,114.41360765798572
40005,76.0038635799378
40006,126.75320975972029
40007,227.1774792021604
40008,46.735525378161
40009,155.30833946906347
40010,135.40647363251645
40011,198.94747118899014
40012,214.04447453923893
40013,45.211834321444314
40014,77.79016917250429
40015,80.63027353764826
40016,81.8735665184884
40017,87.4075122382259
40018,135.69234473612957
40019,53.133666375229375
40020,70.95441138930364
40021,60.94653725513876
40022,147.88848428152625
40023,113.5408553032237
40024,94.45895683635638
40025,53.295431923375716
40026,9.666499817557618
40027,212.54668234019744
40028,93.27698044761446
40029,269.7765972479764
40030,165.17194857041517
40031,221.2338081535224
40032,180.99610259522314
40033,120.99619375792636
40034,78.10456128773217
40035,36.51793959515613
40036,192.57357829295054
40037,131.07393459172346
40038,156.8788251743142
40039,165.20607038448597
40040,135.40863256309095
40041,84.37637246514718
40042,181.2689073720216
40043,100.51084642966381
40044,113.74099631184481
40045,160.45776725443622
40046,113.44144677282202
40047,7.5143489953947205
40048,182.57218867427866
40049,199.90772559681213
40050,7.740596696036242
40051,27.197210627077183
40052,239.7798863182597
40053,131.433378046914
40054,114.6579074653316
40055,85.57622524997647
40056,27.203664361569267
40057,101.0940548344985
40058,182.33830351818108
40059,116.82935180425831
40060,159.83060844319158
40061,215.90961942168286
40062,79.00206690892489
40063,136.51206516093268
40064,185.05081062020815
40065,46.17788893105284
40066,125.96003424844763
40067,226.58291333658687
40068,88.65202393776669
40069,188.8543634912439
40070,105.26972710395394
40071,221.5524046392451
40072,8.554397782010195
40073,113.50224147670805
40074,12.672329657636357
40075,70.26677547387544
40076,70.60147025618186
40077,93.12761419636666
40078,23.717870799050978
40079,113.45821641137076
40080,148.43907126130088
40081,11.590479829384364
40082,77.74833938348023
40083,263.699903098632
40084,136.35499286690703
40085,9.090550204325426
40086,15.253846895828252
40087,133.04668331802714
40088,115.90666894085456
40089,78.41895364421691
40090,250.4424714202819
40091,270.07169967673576
40092,93.44598545632822
40093,168.2355593342581
40094,177.716658413956
40095,189.74405408267197
40096,74.9674575074623
40097,233.60436569009076
40098,113.50449628230763
40099,141.99530402499946
40100,114.28828016988625
40101,105.50370090038452
40102,133.82108982093894
40103,23.53892785982178
40104,7.044648670627002
40105,98.99318639265648
40106,51.984757277031946
40107,151.8002425898285
40108,144.3617305835372
40109,117.38981273663443
40110,200.07001704725528
40111,115.80257141834944
40112,9.534571628964697
40113,100.39357320172238
40114,199.17166858379196
40115,9.083517074453296
40116,115.04820366089189
40117,157.5976745450191
40118,270.39800412961046
40119,202.1890840351931
40120,122.85881406165001
40121,152.44100019831524
40122,8.837546698905605
40123,28.23226791198412
40124,164.04377872407284
40125,124.35496668691356
40126,137.3155485608595
40127,117.36225916967811
40128,116.40409953537456
40129,116.08780697889672
40130,25.75734875131248
40131,100.60599111581276
40132,21.300455941081818
40133,78.67114884180538
40134,200.51888837354034
40135,102.83232918210166
40136,159.37578762688847
40137,121.28220258876475
40138,89.5200789226368
40139,34.4109649855148
40140,87.59143076391493
40141,127.10273112878059
40142,158.1631660122757
40143,118.84266193691468
40144,161.77356349768107
40145,12.571918761870624
40146,171.3193145168656
40147,24.811741190717555
40148,185.03547158953828
40149,152.78122269989174
40150,9.40105804133319
40151,162.1756221407209
40152,183.6594138413002
40153,201.18365679499786
40154,67.09223464830906
40155,128.37094420554976
40156,162.02580959684647
40157,165.30296538223465
40158,142.90001064369156
40159,86.00110393943066
40160,186.32598658090492
40161,186.29444497038878
40162,107.3640265131174
40163,64.6647384628497
40164,67.19276904334595
40165,194.1462054487766
40166,180.8292630213916
40167,115.20824538105703
40168,101.34434369991868
40169,8.930781056010531
40170,114.07369701681661
40171,23.2020345677085
40172,124.33159911988294
40173,203.54126956817478
40174,37.92362761464441
40175,132.8046114390121
40176,186.07953836373204
40177,132.97050396163317
40178,82.04057814731675
40179,118.92613937017805
40180,185.43377233748413
40181,132.47518032487048
40182,116.86098601502283
40183,200.66380388903718
40184,154.15638629848416
40185,23.30837009036605
40186,164.30228547227009
40187,183.96138180546637
40188,19.058177936775454
40189,7.367458034710367
40190,24.8439572915252
40191,112.89998574204542
40192,184.89416932691893
40193,49.80143803498071
40194,157.54271163930534
40195,25.05027589230852
40196,128.04159691337952
40197,89.9549585474062
40198,244.55764010656927
40199,8.497438445421464
40200,115.59522539162155
40201,7.130108502097002
40202,81.97136817469617
40203,8.729060992419768
40204,253.79960814239942
40205,89.35649397623322
40206,102.24694704265748
40207,114.82185177384213
40208,23.03821154791815
40209,191.88842392093807
40210,162.71899775018596
40211,180.79728778194035
40212,16.908067450375587
40213,193.3735442104464
40214,182.34789929675236
40215,94.71675009667598
40216,179.40081137883698
40217,131.85430073943806
40218,11.010450377139321
40219,103.22228500126594
40220,85.36288844720671
40221,116.95689355576576
40222,186.79640005053858
40223,11.412198959839175
40224,88.37375432667923
40225,60.45903841061876
40226,65.99841979095031
40227,61.039551075800574
40228,115.63867398193844
40229,153.00198111555792
40230,136.21954078436744
40231,127.06207389943283
40232,162.8423902910277
40233,255.40894923684255
40234,121.94325682961751
40235,184.23704360251733
40236,181.4249899774013
40237,224.57474406812184
40238,158.87635350891864
40239,51.655504084185
40240,134.17754964632243
40241,131.42854417760392
40242,167.39418454672472
40243,53.78579582489525
40244,202.28315528145686
40245,117.86593395428666
40246,168.75839150290656
40247,134.3295858601924
40248,119.58163484166347
40249,130.32509964977623
40250,161.19688682951173
40251,236.13251912824558
40252,6.7626756086393565
40253,152.43104562675
40254,116.60046102777139
40255,102.10753287074931
40256,8.468166290121879
40257,158.26839808834097
40258,108.07450630314305
40259,54.41081593851926
40260,115.48907697892808
40261,90.64016371221994
40262,8.66533041398139
40263,114.38197820113288
40264,156.74951203234102
40265,82.68125223096676
40266,130.39974557795918
40267,119.61073910739695
40268,184.99651756220146
40269,114.72160992928151
40270,168.05819690381423
40271,92.40120318174131
40272,236.81694626676924
40273,87.0631748702512
40274,69.98089092215378
40275,115.2178981875217
40276,66.29241825103814
40277,18.42147110932662
40278,163.65063744663775
40279,43.52089763731798
40280,65.57630469586177
40281,17.406950787082106
40282,121.5002603366483
40283,5.875472642203257
40284,150.48057963798453
40285,160.23276837637212
40286,5.649569529903683
40287,124.6724481106587
40288,149.9186390255657
40289,182.17328436813716
40290,11.955064661788446
40291,10.597033251035503
40292,205.59894362238956
40293,62.46386394459784
40294,84.92267187213727
40295,162.63276914237954
40296,23.724382492435875
40297,93.10600452601268
40298,170.23879530360458
40299,12.542566944698521
40300,82.55338065060765
40301,23.59338506405803
40302,65.67348649927101
40303,200.71887612135222
40304,198.6893455539614
40305,129.87095981978462
40306,150.3700308094382
40307,149.60378321860446
40308,69.11666063331613
40309,130.18223208752485
40310,15.627192267724922
40311,34.810761441875826
40312,112.7166970532086
40313,25.6955184640687
40314,19.536254371337908
40315,66.85275614171357
40316,200.1451973167515
40317,204.73709903374575
40318,115.76024604298873
40319,155.60434612726317
40320,77.57954564282225
40321,7.696560672126048
40322,49.18417179024201
40323,90.85870949902291
40324,124.58759306870597
40325,115.38143670707218
40326,92.2777038994042
40327,78.23038314169165
40328,136.953646149123
40329,18.935614819901463
40330,164.11145539585652
40331,77.27937706442479
40332,238.24743341219607
40333,89.16865011350103
40334,79.97683282759233
40335,76.62501953722784
40336,81.42987930115093
40337,156.68446850425312
40338,113.63108744465734
40339,183.50865117404769
40340,148.20850068868486
40341,115.80654665519914
40342,135.650361371027
40343,201.20267257773855
40344,160.9221771610419
40345,133.65482261479715
40346,142.8324149674793
40347,23.627494961751587
40348,264.5679538467434
40349,153.48655864533822
40350,163.23140481978336
40351,117.00040387100583
40352,10.794964222448218
40353,94.0138385533196
40354,115.70909186938877
40355,59.000928543457604
40356,54.11176848787253
40357,89.26437548292787
40358,165.41758811352358
40359,200.8500803098837
40360,121.38225789252803
40361,78.20533337914283
40362,87.21839638026816
40363,114.5825005621626
40364,131.15033124640638
40365,143.15457179414634
40366,88.20868806031469
40367,152.70067921310505
40368,150.15676368823512
40369,87.74009993961997
40370,7.938789859313166
40371,52.27386811102864
40372,208.63027328946342
40373,8.965119266405296
40374,199.16265860460803
40375,8.713546082621658
40376,65.50483761324405
40377,88.6397706994621
40378,224.29285916806097
40379,115.70755551161193
40380,99.45689395440253
40381,41.16892846455933
40382,149.98839093823108
40383,78.23503224684859
40384,98.30895605800619
40385,88.46179822307931
40386,163.43215544543307
40387,166.8375541756048
40388,51.105897134299816
40389,78.94990160456952
40390,68.27647610626904
40391,126.3203499709002
40392,179.81782528831587
40393,129.71056164604988
40394,6.930995673721813
40395,165.82682082031062
40396,17.33438684336789
40397,65.8126527006734
40398,130.23020407312606
40399,114.39691166808647
40400,170.20252206536955
40401,76.96014071484053
40402,33.70182319219037
40403,90.45641763299182
40404,181.72575863991955
40405,160.38176624672448
40406,113.14679796644984
40407,198.35929318497443
40408,199.82404618834732
40409,166.16034792287982
40410,23.758429926016383
40411,165.87683377683013
40412,101.65203173065981
40413,90.59670517148065
40414,70.10126483753805
40415,102.00952645991505
40416,76.49388690296911
40417,124.34733749375314
40418,104.23602978690298
40419,129.94568224459636
40420,150.6230135175079
40421,91.99971557007602
40422,64.34312864497193
40423,6.227192983654743
40424,164.55431526903243
40425,113.27894017321995
40426,100.76206915247786
40427,197.61986543223864
40428,18.09332841370247
40429,114.75378049650395
40430,35.13033780004657
40431,160.22785361769874
40432,7.764264557207884
40433,165.9953518680871
40434,166.59701807849711
40435,48.52228640033197
40436,114.87352564410777
40437,49.949763024869824
40438,144.49274854033828
40439,163.91905676149443
40440,30.562895938856972
40441,18.294255605663384
40442,189.7037165948984
40443,236.04950273159008
40444,150.57411447820368
40445,157.21402089584754
40446,90.82766100228224
40447,127.12623058152053
40448,136.56851019130318
40449,103.06236369405559
40450,196.7742478288847
40451,127.3258470477531
40452,133.9666457049032
40453,102.05693574975275
40454,114.9188530529698
40455,202.04923154676766
40456,123.29609158868091
40457,123.66610105290559
40458,126.6612225224074
40459,88.60841449411124
40460,17.854341800993467
40461,208.6765556574152
40462,194.33649777633588
40463,201.85783732523768
40464,24.116411753654994
40465,200.58357436514007
40466,235.20175505096387
40467,182.36765646203511
40468,214.54476171125953
40469,166.71133610005026
40470,54.281960097995345
40471,152.47011079652304
40472,32.84361770577186
40473,77.2123713177193
40474,133.9813224268871
40475,126.09735903319022
40476,147.85181591336078
40477,8.324509984887221
40478,105.23733214734185
40479,150.80295868834742
40480,166.14353200981492
40481,165.45409527929195
40482,130.54469902376874
40483,88.03192674639926
40484,151.34759704033522
40485,91.94129941270182
40486,178.56958827784166
40487,143.7320177392829
40488,115.72626806033796
40489,66.38888807636489
40490,194.08679200366697
40491,157.3771273157208
40492,242.6910904873451
40493,152.74403998123586
40494,157.74013333420686
40495,11.847552528532045
40496,135.15610119815693
40497,90.07851037081267
40498,167.17625103428628
40499,135.27876523260062
40500,181.48801453964012
40501,241.27597642447674
40502,58.86683649638083
40503,180.68761692053994
40504,162.0370516128126
40505,234.0807566499359
40506,161.65698217991041
40507,157.45298977357183
40508,168.74380667117188
40509,181.25141366716284
40510,200.55889135101225
40511,61.43892440626178
40512,89.76747959333568
40513,214.75359621200982
40514,6.98513853816054
40515,115.46978334734347
40516,123.88679385644673
40517,101.68247285050268
40518,208.19915410520568
40519,150.90687548126255
40520,88.6245010314915
40521,76.10605376400146
40522,132.93530556864923
40523,197.0783666303808
40524,121.84485917039669
40525,106.02744785472885
40526,67.84739948122849
40527,133.22942809799343
40528,134.60764953682897
40529,65.37860675401063
40530,182.59991744403303
40531,213.92896275019308
40532,115.9392161599799
40533,136.50892491886626
40534,27.060590834870442
40535,162.98457470230414
40536,149.91458912351249
40537,92.53234076239556
40538,66.8063244294396
40539,227.91092130491305
40540,136.9481945761651
40541,48.31741475029312
40542,167.2895891874428
40543,130.98742817734245
40544,116.63954445780696
40545,181.64320940240387
40546,18.22593527935165
40547,7.066097193235428
40548,192.95377587842663
40549,106.37423020814347
40550,84.78673349238659
40551,18.54510684245202
40552,125.01693155799866
40553,134.18132283293832
40554,197.7615966898171
40555,136.02896143166348
40556,92.56788772895848
40557,140.54241339949237
40558,196.77287191075084
40559,170.1625293239601
40560,161.4891655513619
40561,134.77736250233986
40562,77.85794322295722
40563,26.395337810475255
40564,22.039753055593284
40565,140.62713896665883
40566,152.13139407593826
40567,190.55009955108926
40568,157.64184932680587
40569,189.0070678391649
40570,108.07536643741159
40571,164.52751564561694
40572,33.4054871722598
40573,114.05028597473449
40574,8.07884344305188
40575,115.12933251475212
40576,200.2415296127368
40579,114.3747040467043
40580,163.83493302508828
40581,134.13236805077645
40582,79.46432332118519
40583,101.19202763574323
40584,199.02852164707937
40585,160.22197311391275
40586,78.42332306359475
40587,18.726057789050277
40588,129.99140440211266
40589,78.4420631936217
40590,103.24965740840129
40591,13.298784738244763
40592,183.45096253124444
40593,114.7325125094219
40594,115.60352057675905
40595,54.1151364946922
40596,92.37015620429906
40597,118.27712386459241
40598,76.27294499105686
40599,98.75695521448348
40600,197.46490595724862
40601,8.035602010128581
40602,125.89144399842887
40603,64.04830192779507
40604,195.42681067783724
40605,102.71279778981136
40606,28.103600514121247
40607,98.8951748993698
40608,134.7260921640387
40609,276.6856205147581
40610,8.701049067889935
40611,22.859617315218003
40612,198.04714649517373
40613,13.828288994723657
40614,118.40262811412518
40615,82.05781633026004
40616,76.16901783491024
40617,103.66842010417764
40618,89.31314950837924
40619,191.15692201023336
40620,192.95380811916132
40621,141.45855994518675
40622,95.08653761573395
40623,129.65379906011998
40624,165.16673886698968
40634,182.6975602334111
40635,136.85194364454583
40636,204.23115462604
40637,78.27279358940883
40638,198.63435302477575
40639,161.9915782455241
40640,77.26613457094464
40641,130.6079756148638
40642,134.77962161000994
40643,105.50272712268331
40644,105.22089738763846
40645,10.886438138386872
40646,70.26682548020075
40647,94.90255424596114
40648,77.46758419159872
40649,54.02482195592383
40650,191.27181188913733
40651,113.1083468741004
40652,251.68736254540005
40653,131.72858151770788
40654,183.5229717008787
40655,100.14677524442516
40656,73.64915523555939
40657,129.4630542006259
40658,196.51388070961346
40659,114.76476698674821
40660,150.11074520747167
40661,131.18840573900303
40662,114.59548989021697
40663,115.43418946812652
40664,33.16673054066313
40665,115.10718587619195
40666,161.57182854050737
40667,133.96624502618235
40668,125.61313272781119
40669,160.38685752298363
40670,125.54520560366856
40671,116.00630345039748
40672,162.4247000320306
40673,122.1479891192974
40674,95.14528241918626
40675,149.4989088820416
40676,115.77068174503559
40677,93.31890078350854
40678,124.32860632838721
40679,124.02358741757668
40680,25.29015809217697
40681,136.31008176014416
40682,227.7787555193411
40683,36.16919665221267
40684,81.99868631474592
40685,277.4253450523402
40686,60.1976319861015
40687,199.1410688932646
40688,100.03080123087456
40689,116.66896623208011
40690,107.7538444155696
40691,142.31500585418183
40692,9.030463605650672
40693,126.62788363856978
40694,84.47546750598912
40695,5.610287936925813
40696,195.61190875327577
40697,8.148883785185657
40698,243.14523068447895
40699,157.12020826087843
40700,21.754342127785588
40701,196.6977413153627
40702,68.9413792358628
40703,72.30312794621419
40704,6.0756332371687565
40705,51.9969707225442
40706,63.83757602990981
40707,165.28441249649927
40708,197.63045142390456
40709,19.044379974892166
40710,134.7875170943974
40711,9.281614696457904
40712,134.10841826491966
40713,249.243424529823
40714,6.476058374639757
40715,30.12432164133152
40716,161.05246056862032
40717,163.56373558045715
40718,41.321188410266764
40719,197.33135335080482
40720,56.940053870722906
40721,211.29977173258115
40722,147.19422450593478
40723,200.44480738790392
40724,135.88943466542483
40725,162.20845670438823
40726,162.1969186102356
40727,198.0256938954377
40728,116.23762905451909
40729,47.260548823921155
40730,114.90550663758147
40731,74.46630175586533
40732,77.23763599888673
40733,213.09534128149724
40734,161.7782451335852
40735,158.19734743981334
40736,190.3060542486829
40737,160.32799848918364
40738,226.76805490608817
40739,5.413881540075855
40740,30.39380139854421
40741,67.50803148792916
40742,15.057620603312357
40743,117.45534765259836
40744,121.54334885201887
40745,233.47464567663906
40746,178.87992681214095
40747,83.79925301751807
40748,149.7361912785535
40749,8.800601989143471
40750,122.26260715587459
40751,113.63652924079342
40752,45.555784415397255
40753,102.47299477320465
40754,69.54390400482066
40755,45.512304311554146
40756,160.40161213162912
40757,181.76559796431587
40758,152.31681538799455
40759,85.90054157818626
40760,74.16936233947698
40761,85.18481918296196
40762,98.4224257504955
40763,50.4172585371305
40764,188.5243131607398
40765,99.60028239719094
40766,164.34847343652754
40767,9.945503685341896
40768,68.4691243712182
40769,169.06498392756083
40770,169.06498392756083
40771,23.749830714700742
40772,135.12141758613106
40773,136.08328846924448
40774,71.80919818157697
40775,135.04902644330625
40776,9.067114457767728
40777,45.318674519994914
40778,156.91296538223145
40779,118.03988154968593
40780,115.45912625272213
40781,102.64335122416557
40782,152.8817210897845
40783,158.1196438915474
40784,166.04990051343924
40785,119.02551308205751
40786,87.43907655694419
40787,79.1316337178859
40788,23.055138824904066
40789,86.14871305383369
40790,75.6970863601315
40791,206.30297795790142
40792,24.28417130277463
40793,182.94520975024648
40794,93.14426782203569
40795,101.35197719198543
40796,141.0248092796824
40797,15.745091830548008
40798,63.88218466956629
40799,21.347384550627112
40800,89.43897153609788
40801,47.749454858715154
40802,196.808201200299
40803,78.80189322433235
40804,9.386364726648276
40805,89.89771394292106
40806,164.78882820274745
40807,214.43012569144202
40808,95.81541561195297
40809,80.59541666411714
40810,115.8965281730211
40811,143.65377799619026
40812,21.954602557169338
40813,93.91751045451103
40814,113.16667375387848
40815,114.47226381298472
40816,104.97763434623197
40817,43.08808903641672
40818,135.7645864619399
40819,115.7863588486175
40820,116.93502476540176
40821,23.223186707411266
40822,163.07767491061884
40823,42.33784396665694
40824,207.73694802671216
40825,21.25319635110808
40826,165.39734851380064
40827,7.1975777689754
40828,6.558390155906037
40829,79.6495556308243
40830,7.984424059168759
40831,163.48136719305953
40832,115.9545186926678
40833,199.59554756412402
40834,102.94104888111055
40835,130.20318565953318
40836,93.4216005675846
40837,52.36479013754467
40838,86.20515962390849
40839,21.660897870567815
40840,136.34166292264982
40841,90.62371908056618
40842,114.78360213802176
40843,276.657884575769
40844,90.48215572225965
40845,137.58964007117896
40846,116.48562220057931
40847,200.6536093259897
40848,131.60687920016193
40849,93.98248477766397
40850,250.9160138081025
40851,54.317509895902305
40852,103.11181701402376
40853,180.42505993990355
40854,60.26320088124524
40855,166.00878771278985
40856,81.5635662950029
40857,183.62353812742694
40858,184.31861899187203
40859,115.04459173674366
40860,32.68825064263537
40861,86.648882510339
40862,114.7670205392724
40863,171.01485604911898
40864,136.21147734921453
40865,153.18055940286246
40866,136.92585008943507
40867,169.10795313355337
40868,103.093226253531
40869,125.42542921481625
40870,118.41114471832596
40871,87.9668161936312
40872,183.16209290582205
40873,182.69849390147346
40874,199.82001899970794
40875,65.72234881146129
40876,136.39707578294883
40877,190.39533223606196
40878,205.3996481482174
40879,10.738504644784118
40880,117.22889675836733
40881,102.81051973343395
40882,207.89499837916821
40883,6.8891075332866585
40884,24.889559454558018
40885,198.07438753186264
40886,83.06877155089573
40887,19.659280836781356
40888,204.54809833242447
40889,13.81402690304375
40890,183.77247820793625
40891,11.638266014946375
40892,14.082598920117098
40893,131.56019661638555
40894,53.88309430256725
40895,134.03496299987103
40896,224.00717937421015
40897,107.80753588358654
40898,215.26148250350252
40899,135.57245201944775
40900,184.6189428913039
40901,9.02377348184756
40902,164.35531591630146
40903,150.9287291551793
40904,89.57068494769453
40905,229.72476079968757
40906,82.13702490248693
40907,11.529591483607595
40908,167.17707024055116
40909,13.769881796034817
40910,114.94552384580842
40911,196.8798363234985
40912,151.8757786516841
40913,94.73117751440373
40914,89.86396489228753
40915,203.14946184406887
40916,20.17974521264547
40917,168.04830289210597
40918,251.28492195431733
40919,153.61693502174901
40920,97.75024949872873
40921,104.79666805291636
40922,81.27455928595865
40923,74.6245635855286
40924,120.17416933327891
40925,162.0952801587035
40926,208.68646847621437
40927,5.810918309425438
40928,7.933353924499739
40929,215.26812326591659
40930,116.48730361869809
40931,120.40863395450508
40932,152.92115253797036
40933,102.82032511691395
40934,236.02194053064872
40935,150.94100609854104
40936,83.72986839181799
40937,87.90012520406343
40938,107.5873854099075
40939,65.26549271802384
40940,214.7920154528344
40941,120.61892213444568
40942,24.128797195121134
40943,140.45784468264387
40944,200.5863703646538
40945,190.67835357583013
40946,65.31299689456617
40947,21.820566587260643
40948,198.5397878421193
40949,9.015232297533945
40950,136.6265535953575
40951,77.79139598247694
40952,199.20359299435657
40953,24.53352012026596
40954,61.362103862971296
40955,156.759689814373
40956,164.0462325695046
40957,193.837605232679
40958,147.97630848564057
40959,134.9999094163695
40960,182.612301854072
40961,18.597822646397542
40962,53.13204563072345
40963,20.08110065873679
40964,20.90032667037094
40965,168.18862384423107
40966,199.30615386709513
40967,157.78922987305776
40968,138.16760953107766
40969,115.83225899804332
40970,119.12137915716231
40971,215.13721474673602
40972,206.55543886555486
40973,77.58751137668246
40974,196.13290876036834
40975,200.92559137056918
40976,162.78962543521567
40977,134.68102785334088
40978,135.94441954617437
40979,9.721624193204201
40980,11.257037079409882
40981,163.04173501103705
40982,21.865089615361473
40983,12.344751629282458
40984,6.695286105948871
40985,83.8252864150874
40986,136.30845937074884
40987,149.0257963601898
40988,168.97155901616836
40989,89.10522790324748
40990,116.93073181465081
40991,166.280161720875
40992,150.45031345387187
40993,78.13672195213758
40994,135.14972353510007
40995,7.4154627582221675
40996,116.45068865074327
40997,77.7010637679102
40998,205.41278909156293
40999,35.671888749577995
41000,120.7011833956076
41001,86.18856876380134
41002,80.62936632511816
41003,136.876828002413
41004,87.4093252645847
41005,228.58874565919191
41006,7.897957892715485
41007,162.72148929547723
41008,114.54544049096383
41009,114.67027196878028
41010,135.83736743830696
41011,184.88181363558374
41012,132.65081472924697
41013,185.5678637949587
41014,116.7156728003576
41015,28.10130925659345
41016,114.99447525936624
41017,198.46394171432237
41018,87.79985611698994
41019,24.626416814217507
41020,163.13342182396053
41021,137.05198435130924
41022,66.68636547828585
41023,97.21232413694925
41024,103.59218435508156
41025,118.66064275668519
41026,164.00209598714335
41027,88.99610652184062
41028,162.6707067979552
41029,80.84447760434513
41030,215.33089948408093
41031,215.2105889582382
41032,54.47798340498673
41033,21.531038985321793
41034,185.5235249651848
41035,132.73308939356227
41036,153.07783551311147
41037,78.68513042662335
41038,109.24331970987035
41039,91.11117778849534
41040,135.72253237683765
41041,19.681845306327517
41042,115.15809722627385
41043,20.211158104698704
41044,81.27835859193033
41045,115.41015881114114
41046,152.2834470708462
41047,158.456162146695
41048,167.63097813075441
41049,13.511801703825991
41050,200.8507027727618
41051,77.0946193026081
41052,78.46382315400461
41053,132.28429344771837
41054,90.30527427186836
41055,134.8971199585587
41056,151.10417081195104
41057,65.74790783929801
41058,102.05066382677377
41059,107.10999483323778
41060,183.39248107309058
41061,87.69198403878417
41062,83.86970842214483
41063,32.86385106641852
41064,46.36047907797783
41065,16.793166128244945
41066,69.70619812455517
41067,206.80514301416034
41068,159.59290711936626
41069,196.8478468724482
41070,42.68107917010642
41071,5.770629389950975
41072,133.2889621297178
41073,228.29739302981653
41074,79.77842065987694
41075,113.36654021541233
41076,6.981072992368321
41077,114.59618559466688
41078,107.91156035855718
41079,4.796700152528421
41080,23.40104664029957
41081,23.89742861333937
41082,10.593999056569588
41083,67.44737115465585
41084,151.25291763314164
41085,78.05859354964844
41086,200.2918080933878
41087,90.25008504770382
41088,137.15145030268266
41089,151.89485103676643
41090,204.73459643446375
41091,66.34905055849435
41092,144.02224700536453
41093,44.19746059435143
41094,217.36999777709624
41095,25.30054740532708
41096,136.56286700839786
41097,204.53938490122405
41098,19.237603391436917
41099,156.8375619859378
41100,32.96780772675919
41101,251.57861453139853
41102,7.246655012915637
41103,7.906435899535182
41104,22.22178617282827
41105,23.272228083892664
41106,150.63658735503475
41107,223.30451696677068
41108,200.40708037261533
41109,132.81793285883558
41110,117.27294573935522
41111,78.01092417879677
41112,139.83992902569128
41113,102.1499262632921
41114,126.99195535708515
41115,65.60017744514472
41116,21.20713276877149
41117,118.3893116772815
41118,117.49717061842709
41119,77.36533116599807
41120,65.68465979146805
41121,157.88124764448625
41122,148.18796941873146
41123,228.5480939282879
41124,198.76866265600782
41125,20.87520104252577
41126,101.61690819564306
41127,18.13367940489635
41128,7.131029913014009
41129,250.99880561204645
41130,199.58517326310616
41131,78.58362567960859
41132,201.57518141701127
41133,198.74170669739308
41134,8.397462859022419
41135,166.23219625113416
41136,82.45258865582296
41137,136.96571676494074
41138,288.3684346384534
41139,208.59667052259852
41140,110.23586991181934
41141,199.1139884848049
41142,6.735901974551708
41143,152.32039551771527
41144,152.80629972141645
41145,162.58083397728922
41146,81.72045181646223
41147,137.0937443721782
41148,167.6388588313254
41149,8.72946892659201
41150,90.60397531441168
41151,45.95378166415312
41152,162.3312946188034
41153,196.26892992672035
41154,78.0090972041402
41155,25.697432231262326
41156,121.38651075269348
41157,22.786207905071322
41158,101.08378546192239
41159,90.16559242793035
41160,157.61391380948552
41161,134.40436937401012
41162,124.40131893023226
41163,215.25586633342198
41164,134.03032876007236
41165,86.85057440610831
41166,91.85474220352663
41167,65.02466099737163
41168,33.477096505980676
41169,15.552415468291105
41170,196.5146211606565
41171,67.27245309785592
41172,135.76276866896342
41173,90.69701103118408
41174,115.95840493063625
41175,199.36980263868313
41176,126.69126162678927
41177,48.20688965477224
41178,79.51513063744176
41179,172.45518099301728
41180,151.92192675675255
41181,181.29860544286626
41182,97.33335963318393
41183,14.966553153495191
41184,152.86631252448933
41185,132.8206782389505
41186,135.2804237405562
41187,18.58270164988591
41188,76.85487464309622
41189,45.16903948422341
41190,141.08207787858242
41191,144.19895335369532
41192,116.77920675359928
41193,183.76710275275505
41194,201.64402609219306
41195,137.3206552970665
41196,162.06311361307831
41197,79.75094218264103
41198,64.49520425561994
41199,182.98945057430979
41200,52.65753604721869
41201,162.83567745755866
41202,215.69190641006549
41203,162.5588136654086
41204,115.52350046272345
41205,21.75077266174506
41206,123.95889634462705
41207,185.06561631853873
41208,103.53015503100598
41209,182.35411422246386
41210,138.1769403836089
41211,135.59218375255728
41212,93.3789442166497
41213,11.141620446914228
41214,87.46807509447895
41215,87.31942904105976
41216,158.1978643751057
41217,116.84312147341878
41218,189.79699650303442
41219,132.31357388927728
41220,79.15892988678279
41221,58.01986795547184
41222,75.17146647152855
41223,121.98334605951109
41224,87.86735506937734
41225,23.177236761706375
41226,182.27719132215753
41227,124.0559071012645
41228,137.0567800373713
41229,62.38457932338975
41230,29.943964478716403
41231,107.11237710081312
41232,7.033052856023678
41233,165.46255320607736
41234,70.5450627321848
41235,94.4818657161279
41236,143.6857178908104
41237,100.32380305522896
41238,21.108531248189934
41239,206.31988352046227
41240,9.843972712129435
41241,7.21274856494883
41242,168.86603846892714
41243,8.22143554045665
41244,198.69961341977066
41245,133.81471111039144
41246,132.60664568382276
41247,76.00309591076628
41248,58.140400467129794
41249,87.17028246641908
41250,53.934306839106625
41251,202.32813004322972
41252,67.76179433471926
41253,151.57282703011637
41254,183.36955714294692
41255,51.820121460056264
41256,137.43999008566095
41257,49.52359189873985
41258,106.78728771573618
41259,84.4510371513887
41260,70.42787829217261
41261,123.89070781804222
41262,17.694362025773987
41263,179.92234964426635
41265,21.780324502983294
41266,16.08206731582974
41267,92.7659083553178
41268,87.05306381912116
41269,135.8717255191243
41270,115.86632016693684
41271,9.042120711673215
41272,183.268442471975
41273,93.62983592674097
41274,132.0149713200613
41275,249.45728856970894
41276,200.12757855818592
41278,131.8688646615622
41279,19.84891959532485
41280,19.895807332946756
41281,196.35945677282126
41282,88.50000514528315
41283,106.54200633218016
41284,22.06738513525217
41285,149.91941890799578
41286,199.64852021335673
41287,205.99721245518165
41288,84.42193376258439
41289,161.06145840826886
41290,115.56512273475676
41291,168.68144904042288
41292,117.15515603435556
41293,58.8334657280348
41294,197.27864941009662
41295,115.54643715939737
41296,89.15197700698964
41297,126.81443473608813
41298,66.28130773594843
41299,142.91383433842714
41300,102.70419590720945
41301,63.7877953939565
41302,252.7597269537497
41303,34.38696183334576
41304,138.00515169923827
41305,119.39031659417832
41306,25.210081798220415
41307,91.33808008909624
41308,18.16411324815182
41309,239.6700222062718
41310,92.97399759015634
41311,104.49156763986588
41312,236.11405914928199
41313,60.1444490153144
41314,196.85432410919452
41315,156.7473950268514
41316,6.796444366537283
41317,86.55723743161731
41318,141.9764693291206
41319,115.66186156392094
41320,116.09486168213797
41321,78.52749388955232
41322,66.61507483556274
41323,91.98498604487668
41324,234.8723196918715
41325,49.35903274496714
41326,85.38790916953549
41327,116.6568738386944
41328,13.733545036426667
41329,144.6531763393876
41330,19.273873711262944
41331,23.32520851437474
41332,22.802178569161224
41333,7.95111986580758
41334,198.96008584523648
41335,152.2017807046823
41336,180.2524258459229
41337,167.60074795845102
41338,104.14072101667792
41339,117.68006470070554
41340,183.02562072303144
41341,212.3194789438452
41342,18.920752451148882
41343,260.29933913209
41344,19.126802929367877
41345,84.94890255045463
41346,114.79907463941197
41347,123.43692052596006
41349,234.65577075213497
41350,184.87929005920853
41351,141.4501024125462
41352,182.48589333567048
41353,137.35305987253992
41354,70.95050738635653
41355,151.61044390946748
41356,116.81755997438277
41357,54.02004540924115
41358,200.08980685313128
41359,118.01760769079111
41360,23.642458883307942
41361,36.247936155141666
41362,152.74093675119042
41363,183.79810723729625
41364,150.93926262873615
41365,148.36940336232198
41366,60.99171457718571
41367,114.61817370696455
41368,89.3558270499948
41369,100.92360504935452
41370,114.44115720763277
41371,76.16735017727288
41372,168.52988559000596
41373,36.254654481918564
41374,21.784249860697848
41375,64.72236943043625
41376,170.9203773460554
41377,135.51547475175926
41378,8.748504365880269
41379,157.37632086915255
41380,116.78594424806595
41381,88.00382186951416
41382,96.24840181511468
41383,19.840922081199604
41384,126.93261359469122
41385,19.885183565995447
41386,89.46588934931923
41387,89.77192450892059
41388,165.0889944762759
41389,117.58502134148429
41390,160.58458397015934
41391,21.801284446354384
41392,114.7831932239154
41393,151.44588625378202
41394,200.51307098653785
41395,24.789837147754273
41396,56.34325135740602
41397,154.16945319858308
41398,207.79495593413336
41399,136.24842196434747
41400,24.39948937581385
41401,23.778249572033758
41402,124.23173229426824
41403,136.91868874379904
41404,101.43047459434283
41405,24.087238427336157
41406,195.27985704161733
41407,89.49524242440317
41408,152.80236649405828
41409,8.111101943236639
41410,200.53865067047286
41411,69.12320493845014
41412,195.81359201869176
41413,157.96146784804273
41414,11.295139163659396
41415,130.64984013423478
41416,213.86955765490418
41417,76.65958679642513
41418,213.64289177297343
41419,136.82634200927419
41420,196.82015797684244
41421,124.54040603560827
41422,109.96740757220849
41423,228.75381265542154
41424,163.53671136865387
41425,95.28274817431168
41426,143.27736941631417
41427,76.49349704028978
41428,120.7686873310121
41429,200.04026204505627
41430,103.01626997707723
41431,51.42526458562004
41432,34.705053728595814
41433,117.05807112748863
41434,60.391018445517716
41435,9.745525053974282
41436,19.01377164293977
41437,198.22260027269311
41438,106.94178017551124
41439,117.19922589927262
41440,34.674224794687895
41442,77.02709237525742
41443,77.66712585969634
41445,93.65882633386482
41446,8.48928834051322
41447,193.8202956213858
41448,117.38432884065085
41449,129.4653989316763
41450,179.46850183400593
41451,166.51392480239946
41452,76.48070830360112
41453,158.16386451150157
41454,157.75949457738494
41455,135.4249649360184
41456,190.82912653077608
41457,166.4196005420225
41458,163.48891035473062
41459,194.99827881658322
41460,118.19303489362537
41461,115.81442757422607
41462,164.16824380436074
41463,101.2878385534943
41464,149.2257568090139
41465,81.38527974020226
41466,9.928054627491075
41467,158.1417514869527
41468,14.10898136079821
41469,72.65172187430434
41470,169.30126660601974
41471,169.1185299967166
41472,200.72775229241495
41473,7.571086057027994
41474,135.59778231036165
41475,95.63682181160783
41476,184.2616765111974
41477,201.61107119041995
41478,18.048662754601214
41479,120.57172736861858
41480,167.28701738136323
41481,90.14376013388551
41482,216.5139712835151
41483,87.5401203425463
41484,91.88078488729084
41485,23.124518533129464
41486,123.98570015698137
41487,35.312222675461236
41488,92.91080628129959
41489,201.45215169119948
41490,15.537412193302924
41491,12.809098482573903
41492,198.45535875909565
41493,201.3103843698058
41494,21.067109782224854
41495,215.63322658196356
41496,144.1597859498594
41497,183.1222882634152
41498,64.25626923846039
41499,199.52778969584799
41500,94.19718629394136
41501,92.43264638005475
41502,151.78078819558374
41503,89.21875644002972
41504,12.692181349454941
41505,124.65074996888244
41506,91.78350081619055
41507,66.48018183632843
41508,200.67063519763494
41509,256.16807549647933
41510,47.205108736943785
41511,129.36005042949583
41512,86.96439952854232
41513,252.5321936153958
41514,151.0458243361425
41515,180.5424260395847
41516,202.01351955072423
41517,123.4947527020344
41518,105.20263068938488
41519,205.89136645864338
41520,166.42133960894125
41521,53.26669897476508
41522,65.84863848664062
41523,89.0478693288296
41524,198.77728372900728
41525,202.05354756910253
41526,249.61052450508004
41527,70.5831730964702
41528,124.43578701198058
41529,87.8811528330198
41530,102.25606508565272
41531,177.88931077225018
41532,114.5210144385517
41533,196.95692528134234
41534,79.08670389474908
41535,161.1762425364244
41536,85.23247438706272
41537,7.233905392662194
41538,34.40150609492234
41539,122.21507770737178
41540,237.20634417964936
41541,87.3808095302666
41542,106.35922921819684
41543,151.68243074106158
41544,77.08932901485956
41545,81.85202574254895
41546,119.75335418072268
41547,87.57005584989956
41548,7.096800247402763
41549,76.58268656268159
41550,158.07459971549648
41551,163.15990929174293
41552,196.35538664845214
41553,200.2402100582796
41554,46.66352791468041
41555,65.38603022401958
41556,70.96660627418414
41557,107.84947167609833
41558,77.44700049334848
41559,102.464386819404
41560,53.4572928698977
41561,166.03762438493018
41562,45.02383793795882
41563,35.59818220650084
41564,152.73351401277534
41565,165.03647725052153
41566,101.22687308510648
41567,171.4529599829035
41568,165.94872112855842
41569,227.97284432855204
41570,162.58550200171985
41571,216.22854919005258
41572,120.0684118708851
41573,198.82904619539372
41574,200.3329854802664
41575,110.48263247174296
41576,69.2513698058538
41577,80.08220462740793
41578,143.11422220628592
41579,19.527844503405046
41580,81.45955247059665
41581,198.15427010872477
41582,159.6537041506582
41583,5.58016337761982
41584,18.06209198358409
41585,247.7753466704639
41586,200.00587999202054
41587,77.66544050440862
41588,14.744036424705447
41589,22.83804134589349
41590,151.52683234427695
41591,233.83758157062536
41592,233.83758157062536
41593,10.59889845192601
41594,94.14605731677797
41595,54.3424239984506
41596,124.51113985746036
41597,19.497399579795484
41598,80.46462606160742
41599,53.53016135821732
41600,151.84555430687962
41601,80.41187263934347
41602,88.21251229430338
41603,150.24422904891856
41604,212.77344648361512
41605,241.07209993389606
41606,146.91639799445156
41607,116.9697493534673
41608,196.88516779904677
41609,198.75657400973535
41610,170.06020772026665
41611,13.012097788376481
41612,201.12750689732871
41613,138.02633456643613
41614,53.464941210528345
41615,71.15472465238142
41616,156.52804934961364
41617,12.029122164461638
41618,112.3136955422803
41619,76.39932871480842
41620,65.69480253562926
41621,84.00175325526418
41622,11.719074449435409
41623,190.58840533783368
41624,7.687120050121285
41625,124.13958559003774
41626,53.657479062517794
41627,235.5857931477549
41628,119.52839303213955
41629,6.760582929284824
41630,152.2867722863023
41631,20.257776197985677
41632,185.30952844302774
41633,163.34375790402274
41634,202.13297097207004
41635,128.94034091584163
41636,170.8808378537345
41637,120.67490320461572
41638,77.72073521482746
41639,194.06773665865884
41640,17.71265978886613
41641,118.06476945117959
41642,77.75657398017697
41643,167.6311553347823
41644,43.051103238138516
41645,86.22119793928093
41646,118.48639725892053
41647,201.89381985866285
41648,80.80201055470377
41649,87.54997973637948
41650,18.817603878772477
41651,34.25612610118333
41652,141.38183326895063
41653,116.20999433270649
41654,116.68593053610586
41655,215.3209528778574
41656,8.908477869013042
41657,252.10986007013827
41658,201.66465458371954
41659,92.09154744040005
41660,142.24318234979458
41661,72.42669057115998
41662,139.10142947864273
41663,250.38312223194552
41664,77.15456514763127
41665,97.31994924308205
41666,65.76114360873035
41667,77.37143480182708
41668,89.10965775558049
41669,22.707189503267216
41670,93.86042944130253
41671,120.06186644481852
41672,87.96368885959859
41673,8.230325646484015
41674,110.47067917316919
41675,118.69097353284998
41676,230.1052476398685
41677,119.64783538747515
41678,180.24277003150561
41679,86.9985475611271
41680,200.42563303202988
41681,45.34614039600473
41682,153.0078485546919
41683,169.0738873150221
41684,165.05954953667495
41685,250.38969269159915
41686,78.65309091615613
41687,200.1088478708874
41688,201.266414884697
41689,119.52258813745331
41690,229.9550597007033
41691,110.57774490601072
41692,121.07498551123626
41693,119.20680542685125
41694,17.849180775184383
41695,168.51781442769968
41696,159.66353030342825
41697,118.5767203507023
41698,217.91150660823004
41699,86.3045336956757
41700,8.39122159355003
41701,230.34295585754055
41702,185.14912229393073
41703,164.30470139855285
41704,90.03474413571973
41705,136.6462065291762
41706,19.97207639687936
41707,101.23330957747113
41708,49.41408587702654
41709,134.2084973237146
41710,184.0019698253919
41711,26.40368830441695
41712,165.65145965113697
41713,130.9719252965466
41714,163.17935508581732
41715,97.11489489514364
41716,163.96910842587386
41717,70.43808100478195
41718,8.275262191108053
41719,12.05248202512939
41720,80.20731453961406
41721,8.709413394945823
41722,205.1540866558995
41723,114.60025469596683
41724,178.43993013687606
41725,163.53446985706353
41726,116.61680877222905
41727,313.0176945463032
41728,286.5515248338912
41729,198.91273667058113
41730,46.755935253785935
41731,200.3470118053637
41732,8.403168660987701
41733,199.47926750243514
41734,14.622102057185275
41735,90.89760700131282
41736,200.8075227572519
41737,137.64002266282196
41738,10.744564029971006
41739,125.1544436622006
41740,135.4500755464557
41741,131.09700310645957
41742,87.85038429931645
41743,166.62576987952534
41744,199.71006391792625
41745,109.50634568013417
41746,205.13321522404362
41747,108.32976793371019
41748,78.77540727316357
41749,194.73672341162313
41750,198.9598648925188
41751,76.0903310739926
41752,65.03471144827434
41753,215.35316836265815
41754,115.41645356477278
41755,118.83935223125303
41756,95.32646754376893
41757,199.0620077644446
41758,244.17898457012095
41759,118.4311957418707
41760,253.27015666218074
41761,81.42282866885299
41762,93.95007413694915
41763,160.91997241426648
41764,59.891702812663794
41765,162.25446633272696
41766,81.30518160689599
41767,10.214533555079592
41768,9.86551611756217
41769,91.60625812794487
41770,143.75886329114115
41771,17.67247194619482
41772,126.8871742688256
41773,126.46839642505148
41774,102.26376632147408
41775,43.401624905853744
41776,130.1942906066264
41777,107.96084769005222
41778,184.20136945272662
41779,21.47579754886478
41780,123.04540630231094
41781,22.601036405225972
41782,97.37190774602365
41783,24.56726401155822
41784,47.39722594208808
41785,118.51830476115646
41786,77.72644151348919
41787,201.91231695767692
41788,199.66966365327997
41789,166.64574562696734
41790,166.52955217494426
41791,124.27741927585794
41792,199.96193245450635
41793,93.09360126923616
41794,244.4529448694311
41795,44.09017168923325
41796,23.351812489025868
41797,12.22248568910672
41798,18.254222085527587
41799,11.353863794399329
41800,130.2078093757121
41801,167.6415663492522
41802,117.67205466908251
41803,20.05230434685988
41804,86.80437889375834
41805,170.05494186335713
41806,92.30745298002601
41807,63.01806119498677
41808,13.382972214332792
41809,87.29034410518607
41810,71.02572764081094
41811,117.49669063797127
41812,150.94404198050628
41813,94.13597705134924
41814,127.61484578051278
41815,152.08470392385246
41816,19.76809386451058
41817,231.0206141790228
41818,65.62040790694302
41819,152.74241062114208
41820,21.357524699446678
41821,120.70794561935733
41822,123.71848401496148
41823,213.41773458615108
41824,96.76813123129749
41825,198.98011608492058
41826,135.73608400385052
41827,229.86139260237562
41828,9.868041715409111
41829,152.02883950570603
41830,19.05691073273472
41831,119.53321905628918
41832,185.42772084369037
41833,201.56631015814494
41834,163.63058740974535
41835,94.72141554590756
41836,152.90347432150614
41837,263.5955508734826
41838,118.76196748749437
41839,183.89071382187012
41840,86.9799415912811
41841,192.56849768688193
41842,181.37943458948232
41843,77.66326080967603
41844,168.9362929017097
41845,166.76137490905
41846,163.35647760139577
41847,116.5520930207659
41848,201.52781966016514
41849,46.626318784103205
41850,118.22243857829324
41851,121.25981432834901
41852,202.01625209846347
41853,40.042841747270145
41854,134.49871578864833
41855,82.57879808000521
41856,122.19661059366628
41857,142.25714499559464
41858,19.819964152583193
41859,201.54329732737023
41860,144.30159821478006
41861,55.12443901625874
41862,91.99659825804243
41863,202.8756381460383
41864,145.12186209854036
41865,37.48781966501832
41866,64.30644875682627
41867,165.75764059596602
41868,165.72068338302293
41869,136.4069528863936
41870,93.20609118627016
41871,166.20145115960446
41872,91.13824965314622
41873,53.367149679705186
41874,209.0562293826707
41875,148.83443857935535
41876,63.9576377790784
41877,123.01892458614812
41878,116.94070034614987
41879,87.9646678552695
41880,130.51277124960959
41881,42.15868762379811
41882,168.4167008153029
41883,119.57293384842237
41884,7.050525009065405
41885,99.88811310585727
41886,76.18032547721039
41887,31.640509411060687
41888,108.80798298617245
41889,182.09008376528448
41890,116.30152229516514
41891,161.2047576592495
41892,118.29562599907274
41893,80.05926349922208
41894,63.20060925005634
41895,14.717102415433503
41896,178.99532799939186
41897,162.99421259396274
41898,92.59189832350938
41899,5.441499685112907
41900,149.09252127574834
41901,46.451893919277616
41902,122.64158631263605
41903,8.671312943358929
41904,116.64132710050461
41905,111.0439560139444
41906,7.110858575405933
41907,206.7128356681793
41908,91.99700465707677
41909,94.11265529716307
41910,150.61714838368394
41911,118.33160297104669
41912,136.141082674541
41913,20.150989044566643
41914,108.11285676720462
41915,5.119920915174217
41916,94.79780825792061
41917,200.47021337173487
41918,8.253411958950982
41919,89.08795308034537
41920,5.062662644028815
41921,120.08684979735843
41922,147.92443403346695
41923,138.43647262019118
41924,78.7161725995721
41925,10.711469987843227
41926,22.0928097283512
41927,200.5208022451319
41928,169.7470999898249
41929,117.57890757160594
41930,124.52036534043151
41931,25.33779790780418
41932,196.8971529917214
41933,65.43500237565377
41934,143.35691366716335
41935,19.053140640227973
41936,106.04363156267279
41937,198.78004221397126
41938,42.72812046607914
41939,165.04722625560217
41940,21.43092389680317
41941,44.431690891125484
41942,116.61888809610073
41943,181.06958860976337
41944,92.18235244651082
41945,161.63137862322418
41946,199.6931668143599
41947,66.92170906977589
41948,13.349097286186845
41949,90.1060900098504
41950,197.39490927877827
41951,61.72408021311889
41952,182.49060725774245
41953,93.34743978048212
41954,215.1753808985876
41955,252.30657245211046
41956,183.53903219095145
41957,9.061581678783915
41958,8.885306362028512
41959,120.52648146998531
41960,181.4837664662704
41961,150.98129164330982
41962,65.15055535303654
41963,8.139181111940097
41964,178.3974756258121
41965,227.6517996853072
41966,72.4732222563522
41967,166.30489735670574
41968,270.9965624595131
41969,100.98566026324274
41970,101.72618749946939
41971,156.40196667410478
41972,93.34171641526164
41973,195.36454179553934
41974,89.18027822617084
41975,117.0939273524307
41976,12.528414075182607
41977,97.07281917663428
41978,33.99867896772047
41979,136.69920662088563
41980,8.669294117708288
41981,181.97622047697647
41982,52.73002840623697
41983,222.57488444557157
41984,195.24356702024514
41985,151.3555000914802
41986,8.516213594341998
41987,74.94563748379512
41988,48.4074442667327
41989,65.25930692904723
41990,207.8742392991352
41991,107.3883939889424
41992,74.83909066768645
41993,67.41166942004558
41994,83.16146064359017
41995,151.385057674477
41996,11.669035134183689
41997,118.34388099240707
41998,142.7952851352014
41999,10.007584707767407
42000,15.09091321854354
42001,119.15605374141194
42002,198.84663250925135
42003,198.38518096576402
42004,78.25572581557914
42005,199.1271401362598
42006,91.70201608098523
42007,91.15011216850525
42008,120.13717811914228
42009,166.80132881732362
42010,76.96159136304682
42011,86.83392243225939
42012,16.434932949667616
42013,134.40757359021632
42014,177.22862309715666
42015,181.5737121337474
42016,18.313687649464747
42017,88.89104376660804
42018,200.50754635161508
42019,133.4867721624805
42020,121.10139239684776
42021,121.44425648910311
42022,152.5136321301162
42023,137.29048168102344
42024,78.26135410247242
42025,170.4145892857464
42026,20.44677577969539
42027,197.92849372279736
42028,48.76886784209116
42029,153.6517547949851
42030,106.62556002156288
42031,81.31657853894632
42032,195.1131443096642
42033,162.7567826805272
42034,118.00931973531209
42035,215.28082926457634
42036,181.39887290812894
42037,59.19810346750682
42038,6.149898002684739
42039,114.60654668933043
42040,198.3972660580547
42041,157.177585131175
42042,207.01130147156255
42043,79.50700070387163
42044,112.7011340467581
42045,119.36738320861107
42046,134.40763973008478
42047,166.5737020574874
42048,214.52997359496825
42049,227.06837827527184
42050,212.85317100852538
42051,160.9510026525241
42052,92.82110295512204
42053,131.18803090448867
42054,162.1110609247447
42055,124.37845247731667
42056,46.96859735921713
42057,84.55343807739804
42058,170.73036491599467
42059,97.5622258664396
42060,119.58116787875308
42061,115.64177359137094
42062,48.708434058617506
42063,103.76301670269406
42064,83.38130543562963
42065,70.28753374122275
42066,27.23333696336172
42067,118.68299835379041
42068,163.72229508272966
42069,197.54964307824068
42070,16.05916368589696
42071,208.02190935118824
42072,136.88151652484902
42073,22.571813537656347
42074,88.59863547354637
42075,9.070573041023456
42076,9.287437852353076
42077,216.51834565485996
42078,70.21699349978385
42079,152.988430610349
42080,119.10005335170234
42081,121.19308878125986
42082,136.64530131400667
42083,6.603719400519789
42084,199.9924522588472
42085,118.32251846282588
42086,81.92861567007901
42087,150.85397507162483
42088,65.8613122510786
42090,132.0906482534653
42091,107.62998256349235
42092,164.65858332455875
42093,101.93385222113913
42094,29.45145309503818
42095,137.05213064773565
42096,93.52539095054765
42097,8.001910101133683
42098,130.61344898363487
42099,80.77183580119096
42100,135.98395789861087
42101,54.68269082652855
42102,21.92839344213561
42103,198.7518921515935
42104,165.71726125538567
42105,119.0093139819996
42106,143.15887778339555
42107,165.1105596418601
42108,118.62075799956897
42109,19.872686693801594
42110,133.22894267977912
42111,180.5782960059328
42112,156.95971985285783
42113,118.69611541347618
42114,156.80593061102206
42115,102.8809226411678
42116,184.27029517022
42117,197.37965457720568
42118,22.79842980831308
42119,194.81116311747866
42120,251.6308249677372
42121,151.95293441550484
42122,182.06414749737996
42123,75.54390452106064
42124,81.14800167115236
42125,103.00119105831179
42126,88.95453941884527
42127,18.154209711586155
42128,106.26892553946615
42129,165.13839759795496
42130,17.811671576584885
42131,126.96308091597129
42132,123.48875043841751
42133,92.00241920453144
42134,151.2606583894168
42135,141.08395092686752
42136,88.45204199121483
42137,191.9815302409187
42138,157.1320703192924
42139,207.3334019828054
42140,118.56418013574903
42141,94.06270429752159
42142,102.96962138364272
42143,199.92563074541408
42144,109.31094736185221
42145,117.72802575837058
42146,235.12242918798623
42147,19.65410354423909
42148,137.6412779133883
42149,118.76758626995507
42150,93.9834646840138
42151,44.413022308524916
42152,74.62466745703094
42153,86.76447586434121
42154,149.09971389554363
42155,165.23569866000398
42156,8.86699522185658
42157,19.158596738424578
42158,150.2036881283924
42159,160.1022585484749
42160,12.66070858534155
42161,170.4911453110018
42162,118.27018507502926
42163,165.05857358080203
42164,56.33472062316642
42165,16.4018854285833
42166,94.25070265231915
42167,94.59843877419253
42168,92.19256294375916
42169,89.56677164626063
42170,213.39875282803362
42171,7.976364287323067
42172,53.66561355164376
42173,86.86622158208245
42174,120.11212412384874
42175,162.52063856090922
42176,170.88054319448125
42177,191.41088562532573
42178,151.25407592702643
42179,8.168252959272568
42180,9.527916804433964
42181,196.85248070626963
42182,190.2293545763545
42183,161.2903257618591
42184,60.52629040860057
42185,91.12924869325462
42186,88.82335487376082
42187,28.083277968085824
42188,134.745468593341
42189,251.21099107176624
42190,86.8215739100183
42191,199.5573324346642
42192,54.04598252453921
42193,10.529919514938614
42194,184.162484570114
42195,101.13770350654102
42196,201.0027860150916
42197,201.70502722723285
42198,93.02674789390977
42199,195.79032980019062
42200,51.692601328325395
42201,47.95308295635521
42202,190.73218765152222
42203,9.436399748385524
42204,119.45419853751892
42205,199.25134687565966
42206,199.90688811603565
42207,86.63416827186558
42208,183.41766120163288
42209,24.01495971501994
42210,75.68837196923339
42211,134.42868205845073
42212,140.36776449429075
42213,29.269838518792252
42214,230.972233299409
42215,8.112992409228351
42216,119.78676689500345
42217,127.03329172700396
42218,6.875349171615009
42219,198.4788877021004
42220,65.27356712004747
42221,119.00896796235422
42222,134.53094053669264
42223,9.060630152054948
42224,22.344296271653395
42225,204.2116264084798
42226,116.69431320328191
42227,15.02086785522491
42228,90.47085855268652
42229,116.82118097933711
42230,129.9804878984689
42231,4.291622307433058
42232,115.2489348593082
42233,54.94952687538026
42234,131.523001163117
42235,150.5674483701056
42236,140.94537529441615
42237,199.39800550491728
42238,247.3393030846484
42239,21.566529731118194
42240,86.96740137989782
42241,159.4879669268855
42242,110.98809871156126
42243,15.054174450597152
42244,104.18670552363439
42245,196.68255454844288
42246,11.443720679934943
42247,131.288287869356
42248,8.068330189725225
42249,167.6439092718715
42250,129.94374933473023
42251,75.04662405551956
42252,85.47192413870991
42253,10.360674222768415
42254,182.2299217991492
42255,60.67617436686057
42256,150.87268007715335
42257,37.147755815998636
42258,250.2065776901014
42259,205.25603698263077
42260,244.8794971107226
42261,250.17540434783848
42262,76.98670623439116
42263,52.09875268184981
42264,238.3126920046858
42265,110.59677663592107
42266,164.33528021385672
42267,76.49806093612966
42268,76.96652294824709
42269,165.9806365048594
42270,9.03643801267687
42271,165.1704733616547
42272,152.54890540307886
42273,79.22340232403428
42274,120.88655100538153
42275,127.2687766593128
42276,130.77689875147627
42277,159.18198091789262
42278,59.85425349760941
42279,267.47750137693953
42280,100.23864601537713
42281,110.97580192103963
42282,234.33899130888582
42283,9.596202392908376
42284,234.56575988602478
42285,119.86040489045426
42286,85.0536347933967
42287,24.912588527022237
42288,21.19935500396389
42289,90.79582204124597
42290,134.90191806549512
42291,161.47887624842073
42292,132.33127404216395
42293,80.54108084704434
42294,196.50980064186925
42295,269.5190471539901
42296,200.4645437038056
42297,89.0430152377451
42298,151.77976895550188
42299,156.60333180479455
42300,207.45235895781786
42301,90.53265934819193
42302,33.981177243787194
42303,193.77921189893573
42304,139.8034375129679
42305,24.094844132864324
42306,161.84426939027747
42307,228.37817424163953
42308,71.92981318494564
42309,51.73727146026342
42310,121.70916376903124
42311,160.47544399006975
42312,119.3804106022291
42313,192.56789313159086
42314,132.4796923803804
42315,182.51588485537525
42316,66.41205775799122
42317,18.60002706409061
42318,91.22802379389238
42319,19.65068065601365
42320,143.27191468861992
42321,8.46512704961868
42322,82.68692477773845
42323,91.92654205444683
42324,24.971288243269868
42325,90.76572902226769
42326,118.71013942665257
42327,199.5822897472303
42328,24.969048051450525
42329,136.77950984066806
42330,156.52037685272055
42331,119.90659438024903
42332,85.67175887104187
42333,24.28532407801332
42334,228.34744464931592
42335,119.73059456116329
42336,91.3325522451922
42337,242.0883274500207
42338,132.29445801856235
42339,259.78115284109634
42340,11.777007566621863
42341,97.77417945293989
42342,18.10137995093508
42343,113.16030200863946
42344,112.23541036039924
42345,83.44214061948864
42346,120.77840721181626
42347,86.83442254167069
42348,118.6410980140865
42349,65.89596071671785
42350,200.21094436540497
42351,21.567347098803598
42352,129.98247810034476
42353,22.212602627776157
42354,56.70298327320883
42355,68.24195293299938
42356,112.21018754631899
42357,129.44567047259298
42358,26.30659686885641
42359,88.43234355372293
42360,36.26317560322442
42361,24.801809103889475
42362,195.5703563193177
42363,13.880015777031712
42364,119.56175254290294
42365,218.28894289939188
42366,202.0818606605149
42367,145.13058503460826
42368,120.24164435538772
42369,165.24026664627092
42370,136.854422015615
42371,198.83380889141682
42372,110.17130791420483
42373,181.6516112575862
42374,90.44808050080374
42375,228.3227191235317
42376,102.93012394706562
42377,6.6704830140419835
42378,117.2430003104306
42379,166.8417554139252
42380,213.65293706882417
42381,35.69620890841912
42382,7.188393804862877
42383,149.93203955903553
42384,146.96947236838375
42385,10.145533535671373
42386,91.90803332245308
42387,93.29139602436416
42388,165.52758183892936
42389,86.71696326920993
42390,85.83692296028714
42391,119.90485572033757
42392,15.26126093530993
42393,229.1309405302534
42394,178.91689620083727
42395,68.19094207836959
42396,21.406357417053684
42397,21.367522111728935
42398,157.17210434596433
42399,31.85680625729209
42400,93.11532246955579
42401,6.056541726352429
42402,151.43606931164163
42403,156.04301331655424
42404,104.43058773850304
42405,127.56763587378269
42406,165.52513104360736
42407,124.83575527407504
42408,165.52407202000478
42409,22.356070327867872
42410,136.64181640007382
42411,127.13328514530133
42412,198.48918797153135
42413,120.06554697440541
42414,117.8280241915492
42415,81.68043092492601
42416,202.28348543024813
42417,11.824367697035823
42418,151.01420458935945
42419,118.71822859074898
42420,105.04605958081213
42421,91.1359984603697
42422,116.44630058272611
42423,149.8812677127018
42424,62.432861040016085
42425,123.66261254494975
42426,137.36080058843933
42427,46.51076639533596
42428,152.00178710743694
42429,139.39263288906784
42430,63.13046446792727
42431,23.267265630192092
42432,61.293905383230666
42433,123.86659681039856
42434,117.69891882931914
42435,198.36405587852212
42436,90.27243833044898
42437,48.871625865057915
42438,161.50023458836841
42439,35.54920643739046
42440,63.97649712250772
42441,66.00770441194018
42442,33.1988421735746
42443,157.47429325287067
42444,182.22398922027082
42445,178.9264392826489
42446,228.21575226606194
42447,205.4397847727878
42448,89.9383075890353
42449,196.5257266826784
42450,118.65687079095484
42451,89.91988443906544
42452,66.75425792559706
42453,95.47436558145058
42454,139.84395643206003
42455,209.04040608592024
42456,162.5984124994148
42457,64.29895749617863
42458,25.375259576225112
42459,156.79864141611063
42460,179.29803762298408
42461,199.05745925399268
42462,94.00475064165605
42463,148.78943339797343
42464,166.65227242210264
42465,16.965465929916675
42466,132.44734055194925
42467,179.12077371282294
42468,150.270421256616
42469,114.51465319042723
42470,270.8619295307926
42471,235.26814292301972
42472,116.9756917207106
42473,102.01383909607739
42474,162.75775319873023
42475,115.94782802444145
42476,200.43316398322978
42477,19.751979215712563
42478,97.0365571891187
42479,159.6976458867186
42480,181.43499389612015
42481,8.227909607849318
42482,40.87382036313297
42483,6.001649625193815
42484,51.702805311764024
42485,16.44609997777149
42486,150.62902989485227
42487,129.73000079530604
42488,108.53067245509287
42489,118.43582952493348
42490,199.4792985390245
42492,22.67963861951851
42493,4.72874131633281
42494,161.1332644032453
42495,86.75131929013358
42496,31.95906714730434
42497,156.7000021986314
42498,5.09344304250544
42499,55.668941314104565
42500,13.07711286045036
42501,133.96515933471983
42502,208.52479640098133
42503,78.12534618977843
42504,65.2402790258553
42505,221.68646912469137
42506,159.41850733638933
42507,251.51295223758024
42508,123.66904198975327
42509,130.63415463702702
42510,201.13809930400714
42511,110.53814135266053
42512,131.39733593793562
42513,11.240070948733356
42514,215.87548212422183
42515,140.7403444451587
42516,116.64333624577647
42517,177.5492254057971
42518,20.48871491706807
42519,77.47019109592725
42520,149.65687883820365
42521,119.01176924261802
42522,147.8284422385906
42523,133.14170231377577
42524,162.9311242362669
42525,22.68118730754118
42526,198.69354970739568
42527,81.31494603756042
42528,120.88901363803515
42529,76.30793242353704
42530,93.16275729146875
42531,131.1484150482288
42532,162.612517350702
42533,179.92537478967296
42534,144.3318874698477
42535,77.37060791072635
42536,138.02385426624176
42537,129.81212871218722
42538,118.37518447937485
42539,150.9754739164858
42540,16.269870215262372
42541,6.265874162731039
42542,200.74944208196
42543,110.69451596116961
42544,143.72888572558196
42545,52.93904770437497
42546,201.84541039572096
42547,138.2382063189092
42548,105.41849792680956
42549,138.15494290781103
42550,11.013540636926262
42551,140.5359450532132
42552,202.18606549813467
42553,134.9195771223627
42554,127.69617248463754
42555,92.28622049339953
42556,191.92092648674856
42557,201.03819084073425
42558,87.53016001632159
42559,137.13950184271988
42560,132.07502681960344
42561,139.88695647325048
42562,63.88597043790584
42563,197.99446153032906
42564,156.46122729540926
42565,198.7697415211018
42566,21.5780844300718
42567,24.781020142509885
42568,238.67904326481946
42569,200.34365246646936
42570,62.4450991166574
42571,171.82132793819716
42572,88.49521013363291
42573,12.603354024368166
42574,8.826422857556803
42575,119.4538793456741
42576,206.44636327779776
42577,204.42567557691768
42578,198.64913578403062
42579,167.83088689762943
42580,135.0074522133755
42581,197.31479884945563
42582,6.506186624961804
42583,185.35425104534164
42584,22.482035004369806
42585,45.43210098671625
42586,160.73940055143407
42587,178.7755775099577
42588,76.29199255704424
42589,160.5866068819127
42590,156.4447188663596
42591,92.98274902519753
42592,123.21995491542013
42593,243.75470380074995
42594,93.82096428148651
42595,97.2407345698894
42596,124.80586776637598
42597,105.76584578265214
42598,167.3935200038167
42599,202.00535371874653
42600,96.21254927981761
42601,53.42647257848788
42602,234.05598981983746
42603,122.32499368428992
42604,7.751999262120408
42605,227.7740509812634
42606,193.53027837914038
42607,207.6738254081914
42608,198.77097915289008
42609,269.68112020059175
42610,22.45691604143153
42611,59.8841527969419
42612,79.36782402197923
42613,78.538599064849
42614,119.77559003435672
42615,78.82378980817063
42616,19.035588148364806
42617,51.216574995277966
42618,92.28590504142059
42619,199.23357512272077
42620,79.08663030736203
42621,165.52513104360736
42622,16.851296754753108
42623,60.622257225114154
42624,110.38050785651006
42625,75.86929048356743
42626,50.605690348948315
42627,30.405381145171688
42628,71.36103180136433
42629,32.179524582507426
42630,49.569765109516226
42631,15.414818103475326
42632,5.606638848707448
42633,5.649548971456168
42634,264.7723201506057
42635,117.63068390183956
42636,206.70477789081542
42637,103.68553043976503
42638,108.6028979825705
42639,134.45848159429113
42640,160.6631858671175
42641,16.469471777432567
42642,88.41682635300641
42643,135.74940916710258
42644,5.703805621673056
42645,198.16944809800822
42646,191.5270142311742
42647,6.432187279224366
42648,53.401256146006986
42649,118.84020441822938
42650,165.2050171102334
42651,206.60489057715552
42652,74.8377601752994
42653,251.5465096165544
42654,118.08354310295485
42655,100.92275199904616
42656,158.83246778468194
42657,136.01603420959358
42658,132.07286684872585
42659,235.51241011917563
42660,130.31029490433156
42661,33.066186072179455
42662,54.97294362895301
42663,200.72352054590485
42664,162.46792504842568
42665,7.973517769378338
42667,11.005153012572839
42668,121.1250864921047
42669,158.20379832506467
42670,71.68920085081938
42671,9.480887262402115
42672,24.335928380436552
42673,211.90145483331602
42674,151.3011342400158
42675,184.6560609762232
42676,199.51217904744655
42677,77.20408797447884
42678,88.20830528592701
42679,106.12340738152106
42680,144.68966005483782
42681,189.56761855212898
42682,227.76963724955422
42683,164.0719265813142
42684,165.1714100055847
42685,234.37397479491466
42686,100.94359619060465
42687,200.7300164805127
42688,156.38499978726884
42689,157.6578359057884
42690,100.51170886784685
42691,15.345443553029797
42692,139.88063680725338
42693,140.21570519938027
42694,80.33744746420032
42695,117.91711032280287
42696,54.917322504750224
42697,55.44712324930855
42698,81.0650601561208
42699,17.790875078694988
42700,76.93542275660089
42701,161.34615888331984
42702,200.7566561085321
42703,242.96760675598716
42704,90.06590617484001
42705,200.18450026681865
42706,136.45187300405073
42707,95.83737577628834
42708,140.99128491530163
42709,192.96257629583823
42710,79.47585594044452
42711,78.82021804505233
42712,87.52944149903061
42713,76.49917356954936
42714,200.884372991144
42715,66.16375049661421
42716,76.7685741152613
42717,135.99159114064335
42718,132.09962347869717
42719,85.79869778431001
42720,213.9139017100741
42721,75.89302602301053
42722,106.0232542618224
42723,6.442963733826953
42724,92.41571904054366
42725,18.669977838380266
42726,49.23782679180205
42727,8.247110329077683
42728,51.05135420388806
42729,119.33559142775069
42730,95.84269849798042
42731,86.63913810530882
42732,90.57588650635078
42733,77.50793466487815
42734,116.9240778716669
42735,116.2229913623461
42736,132.06842793116815
42737,100.33421115502819
42738,86.69192234544258
42739,165.68889249593641
42740,156.6772170190914
42741,117.58570339956272
42742,199.38840579066135
42743,116.25814820877383
42744,103.06495287721316
42745,117.1331600364623
42746,123.33904701877033
42747,45.08607213768156
42748,4.977682595410716
42749,132.7509430986941
42750,164.79561437988548
42751,32.72787750620795
42752,191.6092792375245
42753,8.819501581182399
42754,77.17730049635445
42755,214.29175191699673
42756,135.80674790999353
42757,90.66197600588582
42758,129.50984067705306
42759,199.75829392135182
42760,9.502482293649281
42761,198.05553172825472
42762,82.11931289752177
42763,162.2567776727639
42764,79.0792130890561
42765,212.76820585016708
42766,119.55871778775958
42767,21.94628422606878
42768,147.7052013258566
42769,196.70605220066403
42770,200.23664666816643
42771,118.25628776962341
42772,166.6908247894791
42773,87.88752953085262
42774,158.4907744988272
42775,137.33615707547028
42776,22.699049930942735
42777,31.968509126489934
42778,130.02385753611
42779,123.12060167848165
42780,117.79303671503605
42781,117.52646117816904
42782,199.52474636519375
42783,135.65330714880832
42784,8.001157930108198
42785,234.336252669468
42786,7.082390639494743
42787,182.89312203251941
42788,14.548346550363405
42789,200.11737902485643
42790,96.62660291828914
42791,139.96586671367487
42792,9.817993719202075
42793,160.03227568790595
42794,143.8344297876995
42795,156.30361368870882
42796,180.42183527457394
42797,128.4345640290253
42798,103.05522659502736
42799,63.53933250426822
42800,88.92849188124924
42801,200.0322396122853
42802,56.165869247277534
42803,8.768495926226363
42804,35.134496020111015
42805,156.41512495484324
42806,92.72853047957155
42807,157.5699835254008
42808,7.274639978582868
42809,35.28255438667587
42810,133.89254235211953
42811,184.90753708964579
42812,11.686326647460685
42813,152.8006441998834
42814,201.67504248248542
42815,120.42924072830145
42816,179.02087516963095
42817,128.09155506852557
42818,94.20596258246867
42819,165.45553878530012
42820,233.8189124021363
42821,80.87998136672326
42822,118.18302298227006
42823,35.83564898370262
42824,125.65502227315203
42825,111.22405031687039
42826,198.49933456158107
42827,199.3292869988018
42828,165.72888567668855
42829,182.4642970245866
42830,69.64206259089646
42831,43.8142843673552
42832,143.42424615733805
42833,120.16651655216896
42834,238.59795972507243
42835,9.91858416339413
42836,163.86654399539873
42837,158.84557171091365
42850,66.62993167246889
42851,35.439409665903355
42852,91.8271560879248
42853,6.961866676410165
42854,199.13892688876882
42855,267.4363372140264
42856,90.88806756208157
42857,76.92962906933941
42858,16.378523995902583
42859,24.27480349014023
42860,78.59410096297024
42861,200.090668002198
42862,294.816303622993
42863,66.59462303335215
42864,46.66120399995358
42865,18.987906867730835
42866,147.884298398231
42867,136.98375723036884
42868,118.7285273109696
42869,83.69193364774296
42870,194.64454326963957
42871,167.45944983472373
42872,164.875321059322
42873,136.48820726435792
42874,103.60415018448958
42875,63.82962877961441
42876,150.52659224053806
42877,141.0773792721265
42878,155.91961123598475
42879,6.985468124347964
42880,136.7788490848124
42881,91.12257757562436
42882,53.74730347968197
42883,164.06235618628287
42884,130.1091183609136
42885,253.00829549843525
42886,151.06214769198047
42887,92.87287659832407
42888,117.56822178999884
42889,22.928500467118806
42890,198.68045713892036
42891,136.78375682359723
42892,136.51383017995644
42893,25.794521987701028
42894,164.25240878067555
42895,45.288573601997015
42896,79.92882357018851
42897,122.62693344680156
42898,75.41124979126248
42899,61.91834998104947
42900,119.7027213290564
42901,182.17968707034007
42902,178.81015597534096
42903,160.26457751613907
42904,149.61961380184613
42905,83.13898994320407
42906,196.51893198401663
42907,11.343879761955801
42908,146.26848260146724
42909,168.2926432276051
42910,120.10933818413027
42911,66.80330759967273
42912,119.57604467716972
42913,64.71204269835829
42914,152.93962281857165
42915,180.2732095834911
42916,150.03672071399924
42917,137.40924044845295
42918,166.81963623125026
42919,171.7778720723001
42920,66.4159598651518
42921,9.207702107377846
42922,132.97113639506208
42923,177.99364203368935
42924,7.096582630330395
42925,116.13083152201656
42926,194.69891423296207
42927,111.28412253887494
42928,204.39043827867022
42929,196.29327294624926
42930,104.9975269990807
42931,89.44650218615499
42932,90.98155550421106
42933,124.56152437881933
42934,27.39050585471501
42935,20.72193289705553
42936,9.55938094391017
42937,118.58220687332488
42938,236.83107608423668
42939,7.006148498983083
42940,105.90601155545328
42941,102.15237463770461
42942,110.51147489263911
42943,200.8927772395501
42944,51.45243509182999
42945,8.895285831940997
42946,80.1477927692432
42947,74.31536536847842
42948,8.260297745578974
42949,131.21856815357623
42950,19.931927662282412
42951,116.8134073803304
42952,89.57868429697496
42953,25.333432572263607
42954,170.77264136395493
42955,94.35236184348973
42956,122.55802134016294
42957,159.2620847225759
42958,140.02262475764852
42959,124.78599914129218
42960,61.03249177737632
42961,23.38709415126256
42962,124.3690099438433
42963,36.2912526415528
42964,166.8023208001933
42965,113.13155553351255
42966,162.8712377932811
42967,36.00496266661395
42968,23.230490925026526
42969,215.84158513424623
42970,111.42102134054294
42971,180.00419472089482
42972,14.392994550930613
42973,92.65289476155776
42974,198.25435588379204
42975,11.054064587842916
42976,251.6687433876835
42977,131.15393493534214
42978,61.361385488177305
42979,140.93997336619432
42980,197.711124916097
42981,62.466650298294205
42982,73.7896497656338
42983,135.18953365512183
42984,149.47975544756056
42985,102.16608691087305
42986,140.82525604979898
42987,165.59376281946916
42988,127.06677104814374
42989,68.59887080420911
42990,118.0958893353785
42991,214.1722258519078
42992,136.16036983137414
42993,198.3002917271388
42994,77.45601499264133
42995,132.03938509773636
42996,164.57847916655814
42997,199.35571330829896
42998,199.75734523791337
42999,20.259567218370762
43000,198.72044783371862
43001,213.00184999790054
43002,77.20114406006405
43003,52.819105789223364
43004,119.62620791695599
43005,129.38913901197728
43006,89.29580957680362
43007,24.12146913910016
43008,198.4706742739044
43009,52.815633658333425
43010,78.9614664412613
43011,121.32524935112582
43012,9.863188958304612
43013,9.008851218074321
43014,86.74072622771045
43015,165.99912073513505
43016,128.2957515931876
43017,7.1195322852653335
43018,197.9695138476189
43019,163.83053370322676
43020,127.7127458614527
43021,123.39660613695241
43022,159.4701447982803
43023,250.69704412499416
43024,170.38624515421026
43025,135.11553382386526
43026,21.502337043039418
43027,124.19380352919988
43028,167.34090053096176
43029,118.11443887561245
43030,85.37526770518672
43031,151.7305422532207
43032,36.63985356060702
43033,169.6104273103216
43034,87.55619925737464
43035,8.831581415636713
43036,84.55526765043845
43037,119.16684825548873
43038,152.66138887663655
43039,145.063870497874
43040,20.88036679167689
43041,123.77896712193511
43042,81.67065900798008
43043,91.5037725189358
43044,33.51370167591243
43045,118.97036623019858
43046,294.89082476222836
43047,228.2143155215186
43048,33.27514441641307
43049,120.67747944269972
43050,91.57779449718738
43051,127.04023093617629
43052,182.70810267134462
43053,112.76319485962875
43054,67.74147622622016
43055,197.98506178669007
43056,17.30365682516021
43057,128.41239406511176
43058,11.178999718957604
43059,24.676724975252917
43060,162.24485308858132
43061,70.03807391671653
43062,6.456743001812669
43063,65.91421272596232
43064,55.41510056475854
43065,16.923420203103557
43066,150.92779968877494
43067,8.483857484418976
43068,76.38452524217081
43069,125.03049818390978
43070,90.2273109529713
43071,85.61157929993674
43072,66.80322890046
43073,17.3144318508041
43074,76.26303507974492
43075,159.53696071359295
43076,88.43247713425006
43077,126.0009744442735
43078,198.63798848854154
43079,158.4157283606088
43080,16.48390305111137
43081,150.90234364802268
43082,184.47550760740594
43083,75.94664320564253
43084,7.840831623803913
43085,85.55276063877808
43086,129.31755591466106
43087,158.6756309463047
43088,78.53090822905081
43089,6.876860787893408
43090,16.06320403195728
43091,138.65827233547523
43092,237.46734627501624
43093,116.32829718006938
43094,199.40047490114398
43095,21.747430170519532
43096,73.92116723310698
43097,6.830577421521745
43098,139.17689264443433
43099,49.20421625577807
43100,159.19818542563473
43101,82.87656806766388
43102,240.7376395208159
43103,225.1262991122886
43104,7.3968756337708585
43105,157.83359367948077
43106,65.08670343962912
43107,162.1332689198332
43108,16.490418145261643
43109,201.98341004855135
43110,183.97560819555164
43111,12.165134678587362
43112,105.15676133837619
43113,126.61557579087729
43114,164.9038412774578
43115,116.6692760405603
43116,167.2123600960372
43117,117.55600508205414
43118,157.84952903159316
43119,16.380379413879613
43120,119.01395152956212
43121,203.186024393364
43122,201.49632063584724
43123,130.8991873335478
43124,119.36204780441543
43125,200.22746404474694
43126,118.57516196555338
43127,202.6053092832946
43128,117.9164246491078
43129,120.05242392590601
43130,20.345258591891653
43131,16.9979296680235
43132,185.19788530411654
43133,216.80746847443393
43134,117.26365413701193
43135,104.63165385589546
43136,185.2326370450768
43137,138.49973975446804
43138,7.955283696078081
43139,184.85465977832612
43140,16.00614678121128
43141,118.00132460085653
43142,83.3939656651981
43143,74.46765672174529
43144,119.67917110470177
43145,170.9570991025044
43146,119.62222103179107
43147,202.24451493329087
43148,208.19095938273958
43149,208.21610739963228
43150,117.98170988214922
43151,78.87377856903197
43152,116.00892747449848
43153,195.39383101933458
43154,191.69158376584298
43155,11.047997844215724
43156,136.74943299553632
43157,7.271106941795155
43158,116.43916691273569
43159,78.48358962094849
43160,54.843073947288396
43161,168.48864246128895
43162,74.36569934726137
43163,115.92071724475026
43164,41.92875835732897
43165,118.8105719394563
43166,181.38724439845188
43167,54.24575119115807
43168,160.0405881485931
43169,119.73862156857749
43170,119.94838211629433
43171,87.3496619894416
43172,169.38073507929164
43173,164.74945449712618
43174,110.80017112193158
43175,132.03415318740775
43176,164.57425476133514
43177,152.4772384678621
43178,90.62256312713616
43179,200.14256551752445
43180,171.90117630014396
43181,244.11183031040292
43182,9.29543038695458
43183,162.84660197183075
43184,200.34741674513117
43185,185.0642026427423
43186,91.77190821273659
43187,16.33995838858168
43188,206.57958760498502
43189,77.85411207758274
43190,92.23630721621082
43193,239.04167385250517
43194,19.10488015769337
43195,169.48617616882842
43196,68.62066983945955
43197,68.40403445933109
43198,126.19213105811069
43199,162.80402629435685
43200,183.54633671058107
43201,191.78826713069702
43202,71.12088459203291
43203,22.276900534990947
43204,91.5973034679171
43205,138.78958638412885
43206,102.99114395308364
43207,89.24720720309367
43208,8.398254352839498
43209,96.4165721220843
43210,167.58075025868885
43211,45.3147293955036
43212,162.61999199081285
43213,9.475968969120109
43214,132.15990080661072
43215,132.74777162529946
43216,149.3496473070716
43217,34.12224133288391
43218,12.093260252760691
43219,165.69403484923038
43220,14.86934339137477
43221,69.97503215027868
43222,201.72594133254916
43223,124.49028431908974
43224,139.22532577900532
43225,162.46136927706237
43226,158.02600838621262
43227,117.25456864339392
43228,49.45183240575143
43229,271.2404913839549
43230,94.01991576426849
43231,137.3904334326737
43232,145.78379863590106
43233,80.94449938810169
43234,88.56743619104628
43235,201.70911639023427
43236,65.9041088844956
43237,139.93532290685317
43238,178.6826143457397
43239,99.38873136161256
43240,116.33492628375274
43241,181.97504113987958
43242,108.83457982043778
43243,5.6864468355054445
43244,206.2178950142408
43245,35.14936539700449
43246,132.8911204564304
43247,16.614817838270703
43248,79.13458823234635
43249,86.12353069765855
43250,128.20288678732453
43251,52.43894145564461
43252,236.84790364889875
43253,120.0319828668038
43254,171.71958617883908
43255,118.65698368153235
43256,185.8779558558968
43257,8.767015487568518
43258,69.27596539804598
43259,79.05985308695342
43260,79.7058792718698
43261,149.3669799503
43262,155.03357735915284
43263,116.65486895321487
43264,117.90349862624356
43266,252.91267861823317
43272,138.900254314479
43273,9.847026584384801
43285,168.03755296284936
43286,157.3965051365007
43287,200.75471334393455
43288,157.33126088415875
43289,48.37011949299896
43290,171.8557967514495
43291,118.2336580223863
43292,184.90586652173783
43293,208.5618778474726
43294,112.13437746083036
43295,173.20257063086547
43296,185.8565364766811
43297,123.35820894674887
43298,236.50273607823308
43299,185.25139427784225
43300,78.11449800529087
43301,132.23828167611677
43302,172.15401619610748
43303,238.19439780664007
43304,164.6819287395369
43305,136.3823994406705
43306,202.3450276539576
43307,99.80126260760592
43308,31.43152912603075
43309,158.96638339566695
43310,87.63949393880802
43311,271.32978830750756
43312,130.93270494580037
43313,160.40992119599377
43314,75.81953036128954
43315,201.0510341506685
43316,118.12372594212242
43317,111.34725698400557
43318,117.34428244051638
43319,16.93377621972608
43320,93.12721943998675
43321,152.09297427242052
43322,8.296219541935882
43323,184.7039317908043
43324,93.08276454356414
43325,132.7785145393977
43326,6.718474678362041
43327,132.24224292661185
43328,23.139854945735753
43329,88.48906551527426
43330,9.372565389262927
43331,52.34667740116829
43332,103.8012885825813
43333,91.89688510835144
43334,169.5261296131393
43335,5.433234579594246
43336,116.90313807928196
43337,117.81956527625002
43338,84.45866005028137
43339,52.059235451713874
43340,198.2709501322618
43341,238.66203171724655
43342,7.120659422040908
43343,42.99003428355215
43344,30.742626885954483
43345,91.68060475236791
43346,200.76979527757175
43347,152.87325195786048
43348,108.54526833486398
43349,116.5130623215299
43350,90.07915435283616
43351,164.5288373895745
43352,172.3140477572759
43353,158.38438247625382
43354,6.9633801966723325
43355,118.90631943093882
43356,102.9647385065592
43357,182.51339968336688
43358,129.9180387884004
43359,153.98415352902913
43360,77.56849036076841
43361,182.48883186887653
43362,201.02666408722175
43363,10.333366660470785
43364,22.502371024712794
43365,168.93520883922596
43366,106.0745519577869
43367,186.2197823351469
43368,133.77613491078753
43369,162.7922776610655
43370,66.86647388474867
43371,139.33557167669628
43372,138.29733994651352
43373,72.94039486616694
43374,186.0066857979199
43375,8.331421776602943
43376,132.4304511183215
43377,20.159007010116273
43378,25.54310565201871
43379,183.69928263218745
43380,23.989057913130758
43381,20.71972111520122
43382,156.08752207220394
43383,21.57707386605582
43384,184.69583412341106
43385,161.29099809328775
43386,68.71410519403449
43387,186.0836287007438
43388,8.964236519467613
43389,152.7006510662068
43390,22.29017112595784
43391,81.78774273621126
43392,84.59447479431398
43393,199.131295589292
43394,80.96264103613491
43395,118.07344487574821
43396,87.73396871017836
43397,35.111364111561585
43398,25.3217268536824
43399,134.90632785702635
43400,119.92303178208267
43401,168.58877110518773
43402,95.43587978287829
43403,100.95445535767347
43404,166.27071102373995
43405,88.28281545083989
43406,9.89955203397559
43407,166.34631221557683
43408,73.13255573426949
43409,120.99495461340507
43410,78.21332761386215
43411,38.30906001168531
43412,10.199998969912066
43413,139.53888542551613
43414,79.59473920416546
43415,199.14298798106526
43416,183.80125617949793
43417,47.37335387671112
43418,206.6241397000649
43419,240.04284532506645
43420,93.98191112915556
43421,141.9692990911171
43422,125.32038115189417
43423,207.82732992777989
43424,11.667151330885643
43425,99.62735581570448
43426,178.85550520889356
43427,165.05728543942897
43428,117.31226134196692
43429,198.89822908808029
43430,130.0016111176671
43431,121.31712047807945
43432,159.7327504631926
43433,117.22655273200212
43434,118.07827251037187
43435,63.223320063872585
43436,288.5685349896281
43437,85.27967589953403
43438,165.4239780963388
43439,230.67104032753184
43440,16.658462163576598
43441,157.9398011111328
43442,118.65246291168243
43443,223.8728978055594
43444,45.353531244133436
43445,64.85896685434443
43446,118.47897084180191
43447,78.79108676322677
43448,81.4185815421025
43449,240.25992796279513
43450,122.03986286660933
43451,61.93103902010749
43452,86.38682309384947
43453,141.23108011870906
43454,136.12016603014237
43455,74.54947990884216
43456,7.2845919210452275
43457,117.11902169725072
43458,116.69500681706067
43459,75.61208331374347
43460,200.7424781983381
43461,157.98855184487928
43462,126.31856487637292
43463,87.96546681144326
43464,216.85166209116719
43465,18.58787314498894
43466,79.30285331067002
43467,84.63199594898569
43468,138.1841161140836
43469,163.48648360401316
43470,20.166283850082987
43471,71.17983815892153
43472,151.1349371833851
43473,75.17818314063673
43474,88.4007066284594
43475,128.22438852386057
43476,34.265462051487106
43477,134.63238394271443
43478,156.11846459114685
43479,120.5762315249149
43480,199.96569168094035
43481,164.46875999069118
43482,118.05535164716609
43483,91.81261582181548
43484,217.75220058966835
43485,75.95839340785896
43486,95.05809258320177
43487,89.38401640911263
43488,140.9455778848164
43489,251.55887696717804
43490,131.61705753183873
43491,91.70114723480171
43492,128.00435548360042
43493,17.419010085931404
43494,104.78424718675879
43495,217.32472559550075
43496,163.76313517682982
43497,201.33667890483187
43498,184.64230305959012
43499,70.79910182267913
43500,234.59820595289062
43501,7.370529508461884
43502,136.08937202198663
43503,9.49233970362253
43504,10.417304240333792
43505,180.9991929969098
43506,71.64223730742219
43507,203.4995843997334
43508,9.969042276232367
43509,118.1055036076633
43510,21.74292551615268
43511,92.09937867943168
43512,208.06669148140787
43513,223.82014804033466
43514,152.12598415052793
43515,8.829362030611119
43516,19.31894506864437
43517,124.72371142895153
43518,64.27966101770653
43519,163.53432194560295
43520,213.81974549105766
43521,32.353201929431066
43522,49.361156880133834
43523,19.52599591063378
43524,93.24766753318637
43525,118.88243790864968
43526,118.57507532139245
43527,178.51319235889753
43528,139.34364589687635
43529,116.51341225598213
43530,118.2971712771896
43531,118.78548428765178
43532,118.17936414860395
43533,70.32355053437178
43534,19.88286466617715
43535,123.96837853629626
43536,79.22839504381984
43537,152.60830472777235
43538,116.95120103645863
43539,117.15275329722786
43540,184.36033217012616
43541,11.279879197398998
43542,223.9564701348261
43543,6.509746923515639
43544,202.64636638893109
43554,131.3195921289689
43555,81.47916058372857
43556,11.283019313016435
43557,77.30332814798537
43558,103.67160965192713
43559,128.15958871774595
43560,202.59466118399766
43561,117.41375955957447
43562,136.6950440277183
43563,137.91751595977064
43564,92.16622846257853
43565,105.4952551266778
43566,118.32488804796002
43567,162.9815599166504
43568,44.98509185496784
43569,78.5427915861573
43570,137.85332899657618
43571,18.98609849769724
43572,121.9907358499014
43573,77.31056733811457
43574,149.02102529748086
43575,195.45990096274605
43576,77.64547818250142
43577,166.63001925050483
43578,131.79018002484034
43579,88.48415727842483
43580,122.56358283092892
43581,199.54406508798834
43582,105.9610855591149
43583,201.24594308043805
43584,112.75960882206036
43585,12.642909397661564
43586,110.76222424577068
43587,10.9947882872329
43588,92.56600420253504
43589,90.77542836387812
43590,223.8393768168175
43591,209.71069477733002
43592,119.5113954013637
43593,201.80502543738487
43594,88.25512908536
43595,10.781103762168966
43596,149.71830541445317
43597,136.3438981691063
43598,41.93587350429558
43599,48.624802279573935
43600,182.4412434191542
43601,8.619075279259308
43602,156.77167970271853
43603,93.01444232551506
43604,155.91740514925755
43605,186.4607321321983
43606,57.656900838538995
43607,24.803469915472046
43608,202.57450133091123
43609,119.10982335748587
43610,136.33630146292765
43611,180.62070889995752
43612,35.867977342272795
43613,180.7411522522067
43614,162.8396215795639
43615,202.44868580440524
43616,202.97342303208455
43617,119.74708753993445
43618,167.93439225137433
43619,119.41274487612935
43620,123.09909177287905
43621,20.892528399525926
43622,98.79979190656523
43623,5.466317975796449
43624,108.45046305412397
43625,198.21870756618733
43626,167.50593393848587
43627,123.21378646154268
43628,102.85299272218234
43629,83.59970060295187
43630,49.0574838018395
43631,166.50900340859724
43632,11.118441475108371
43633,8.918868823949925
43634,180.1685929867325
43635,131.4176479806637
43636,118.76889100260807
43637,130.33833304024157
43638,240.02757595780704
43639,118.14671482681807
43640,135.27331451869452
43641,240.54317283224503
43642,117.56393113909851
43643,214.98617827168272
43644,5.770410072087315
43645,19.438149858597157
43646,71.50016767610384
43647,154.44548663578158
43648,221.83553580049445
43649,75.99183512439762
43650,182.65872722010988
43651,252.55237585617837
43652,207.24669909342572
43653,89.28644014738619
43654,169.61695022768885
43655,135.1071183703276
43656,72.41157610833608
43657,141.0785026146945
43658,81.62616492796542
43659,121.20750017947076
43660,16.644863389514704
43661,7.042640456210971
43662,93.05028271569223
43663,136.0404933669229
43664,22.724308004618432
43665,153.01375614086862
43666,119.15403011913928
43667,158.83130865549086
43668,180.52243333904624
43669,195.17247672474747
43670,155.76158869254715
43671,91.40629343216945
43672,126.79150827527302
43673,251.47148534003998
43674,183.54016503072776
43675,117.27263838173367
43676,110.31834880371267
43677,79.41213806651062
43678,26.68083388208792
43679,217.2238085013795
43680,152.0577297702972
43681,20.44593440215544
43682,111.90717171310517
43683,200.03377179992717
43684,84.17336693186562
43685,63.50493341445388
43686,137.1290004874215
43687,162.77078865659985
43688,83.91985794825216
43689,77.66789412223585
43690,150.32033323978166
43691,23.042485886366293
43692,81.09357213715879
43693,110.9148043839871
43694,162.32177201409672
43695,85.31627128945001
43696,154.4291093559205
43697,199.444283538794
43698,83.06489985455897
43699,297.6500014167683
43700,202.96073271521036
43701,136.22965387361745
43702,106.08376327015556
43703,81.35150262296006
43704,215.34968608351008
43705,130.90488644938767
43706,11.54018092325115
43707,7.925365933709002
43708,122.66369202276037
43709,124.63993053683903
43710,47.60600097490934
43711,12.207209816885378
43712,9.12803654432021
43713,67.07142814711123
43714,88.30602841311311
43715,163.80152810754115
43716,110.48395687939752
43717,188.677765434732
43718,156.13272952913806
43719,151.399212706994
43720,183.97991367335862
43721,19.4557783465003
43722,82.22726129298584
43723,252.80178123634704
43724,9.771291942396449
43725,92.7541299647639
43726,151.94110430294032
43727,7.960592186027899
43728,67.01595539852563
43729,235.51242284128358
43730,124.73966422615504
43731,77.73071796837687
43732,130.95057173353007
43733,77.97989213891424
43734,216.57291109050303
43735,35.68451622464099
43736,82.04636746009493
43737,12.73690743662533
43738,93.57058632018942
43739,104.60215206162975
43740,199.30041078044852
43741,30.409597611238926
43742,149.18228838872594
43743,117.43486713853564
43744,5.640961939728541
43745,65.84612993532174
43746,66.12216520779022
43747,213.23561308147166
43748,150.37814416959242
43749,125.39606372412824
43750,137.9619572683009
43751,7.792673933728518
43752,164.21790241781025
43753,165.98838797711193
43754,66.32059248110612
43755,120.64353992835684
43756,119.12343185258548
43757,124.76648196758076
43758,89.47391940847253
43759,166.84619493350485
43760,196.39064842581837
43761,37.29568276916802
43762,21.228686748384604
43763,63.615104998031725
43764,119.30271583003848
43765,134.9925382353038
43766,164.57573706617782
43767,181.16069659984922
43768,135.10072198912593
43769,130.86961972931155
43770,213.49967191485564
43771,121.1335359288276
43772,156.62964025611257
43773,138.59746935246272
43774,105.58209825525756
43775,106.26047902454665
43776,199.89987499177218
43777,117.7093754350484
43778,90.18660973878974
43779,66.76853905251357
43780,144.0191322609209
43781,81.56775531913983
43782,135.72040153791576
43783,125.77515959835874
43784,88.35260210974954
43785,13.110884859318856
43786,22.853999970855824
43787,54.71137426101231
43788,32.566614456372015
43789,148.4795035921172
43790,242.1830147670372
43791,80.48989492099007
43792,88.87489206910459
43793,78.82598930274003
43794,167.1363402663092
43795,145.69140732609122
43796,118.53817262502398
43797,19.086686952117223
43798,37.03590423097518
43799,128.27660406392962
43800,132.34932558583992
43801,116.9372427812419
43802,161.8752920287158
43803,16.81054900732694
43804,135.76903240027553
43805,131.74041608944427
43806,40.58784806507719
43807,75.45807113695233
43808,162.76351189161667
43809,19.54868505834326
43810,262.6253053591012
43811,158.57305728771135
43812,116.78818064418509
43813,92.53950927946767
43814,165.54198376988444
43815,84.21353968208933
43816,86.53758179852454
43817,200.36396212955643
43818,83.8960113155054
43819,124.13539869765302
43820,65.5543001035845
43821,133.53966817354117
43822,158.196866457155
43823,215.2134362780684
43824,40.50264992872078
