ID,Age,Sex,EducationLevel,Country,Background,EmotionalStabilityScore,SocialEnergyScore,OpennessScore,CooperationScore,SelfDisciplineScore,ImpulseControlScore,NoveltySeekingScore,Marijuana,LSD,Mushroom,Psychotropic,Ex
1,1.09449,0.48246,-1.7379,-0.09765,-0.31685,0.04257,0.47617,-1.68062,-0.15487,0.93949,-1.37983,-0.84637,0,0,0,0,0
2,-0.95197,-0.48246,0.45468,-0.57009,-1.10702,0.82562,0.32197,0.58331,0.94156,-0.00665,1.29221,0.7654,2,1,1,1,1
3,-0.07854,0.48246,-0.05921,-0.57009,0.1144,-0.14882,0.80523,0.7233,-2.07848,-1.78169,1.86203,1.92173,1,0,0,0,0
4,1.09449,-0.48246,0.45468,0.96082,-0.31685,-1.86962,0.63779,-1.11902,-0.45321,-0.00665,-0.21712,-0.84637,0,0,0,0,0
5,-0.07854,-0.48246,-0.61113,0.96082,-0.31685,1.98437,2.127,-0.31776,-0.60633,-0.00665,1.29221,0.07987,0,0,0,2,2
6,-0.95197,-0.48246,-1.43719,-0.57009,-1.10702,-0.34799,-1.92173,-0.58331,-1.772,0.58489,-0.21712,1.2247,2,0,0,0,0
7,-0.95197,0.48246,1.16365,0.96082,-0.31685,-0.24649,0.47617,0.88309,-0.15487,1.81175,0.52975,0.40148,0,0,0,0,0
8,-0.07854,-0.48246,-0.61113,-0.57009,-1.10702,0.52135,-3.00537,0.29338,-1.34289,-2.04506,0.88113,0.7654,2,1,1,2,0
9,-0.95197,-0.48246,-0.61113,-0.57009,0.1144,-1.55078,1.2861,-0.45174,-0.60633,-0.00665,0.88113,1.2247,1,0,0,1,0
10,-0.95197,0.48246,0.45468,0.96082,-0.31685,-0.34799,0.16767,-0.01928,0.59042,0.58489,-1.37983,-1.18084,0,0,0,0,0
11,-0.95197,-0.48246,-0.61113,-0.57009,-1.10702,-0.92104,-0.69509,0.14143,-0.60633,-0.27607,0.19268,0.40148,2,1,1,0,0
12,-0.07854,0.48246,1.98437,0.96082,-0.31685,-1.05308,-0.43999,0.14143,0.28783,-0.27607,-0.71126,-0.21575,0,0,0,0,0
13,-0.95197,0.48246,0.45468,0.96082,-1.10702,-0.34799,-1.37639,1.24033,-1.772,0.25953,0.88113,0.07987,2,0,0,1,0
14,-0.95197,-0.48246,-0.61113,-0.57009,0.1144,-0.46725,-0.43999,-0.01928,-1.34289,-1.13788,1.86203,1.2247,1,0,0,1,0
15,-0.95197,0.48246,-0.61113,-0.57009,0.1144,1.23461,-0.30033,-0.01928,-0.01729,-0.40581,-0.21712,-0.21575,1,0,1,2,1
16,-0.95197,-0.48246,-0.05921,0.96082,0.1144,0.41667,-0.94779,0.7233,-1.21213,-0.52745,-0.71126,-0.52593,1,0,0,0,0
17,1.09449,-0.48246,-0.05921,0.96082,-0.31685,0.41667,0.47617,-0.84732,-1.47955,0.41594,1.29221,1.2247,0,0,0,0,0
18,-0.95197,-0.48246,-0.61113,-0.57009,-1.10702,1.13281,-0.43999,0.88309,-0.45321,-1.38502,0.88113,0.40148,2,2,1,1,1
19,-0.95197,0.48246,-0.61113,-0.57009,0.1144,1.8399,2.32338,-2.39883,-1.47955,-1.38502,1.86203,1.2247,1,0,1,1,2
20,0.49788,-0.48246,1.16365,0.96082,-0.31685,-0.79151,0.63779,-0.17779,-1.34289,0.25953,0.88113,0.40148,0,0,0,0,0
21,1.09449,-0.48246,-0.05921,0.24923,-0.31685,0.22393,0.96248,-0.58331,-0.91699,-1.92173,1.86203,1.92173,0,0,0,0,0
22,-0.95197,0.48246,1.16365,0.96082,-0.31685,0.04257,-0.80615,-0.01928,0.59042,0.58489,-1.37983,-1.18084,0,0,0,0,0
23,-0.07854,-0.48246,-0.61113,0.96082,-1.10702,0.73545,0.47617,1.88511,1.61108,0.41594,-0.21712,0.07987,2,1,1,1,1
24,-0.07854,0.48246,1.16365,-0.57009,-1.10702,1.02119,2.127,1.24033,-0.76096,1.46191,0.88113,1.92173,2,1,2,0,1
25,-0.95197,0.48246,-0.61113,0.96082,0.1144,1.49158,2.57309,0.29338,-1.21213,-1.25773,1.86203,0.7654,1,0,0,1,1
26,-0.95197,-0.48246,-0.61113,-0.57009,-1.10702,1.02119,-0.30033,-0.58331,-0.76096,-0.52745,-0.21712,0.7654,2,0,1,1,1
27,-0.07854,0.48246,1.98437,0.96082,0.1144,0.41667,2.32338,1.43533,0.59042,0.58489,-0.21712,0.07987,1,0,0,0,0
28,-0.95197,-0.48246,-0.61113,-0.57009,-1.10702,1.60383,0.63779,-0.31776,-0.91699,-0.00665,0.19268,0.7654,2,1,1,2,1
29,-0.07854,0.48246,0.45468,0.96082,0.1144,-0.92104,1.11406,0.88309,0.13136,-0.00665,0.52975,0.07987,1,0,0,0,0
30,-0.95197,-0.48246,-0.61113,-0.57009,-1.10702,-0.46725,1.11406,0.7233,-0.91699,1.13407,-0.71126,0.07987,2,0,1,0,0
31,-0.07854,0.48246,0.45468,0.96082,-0.31685,1.02119,0.47617,0.7233,1.61108,-0.14277,-0.71126,0.7654,1,0,1,2,1
32,-0.07854,0.48246,-1.22751,0.96082,-0.31685,-0.14882,-0.15487,-1.97495,0.59042,0.7583,-0.71126,-0.84637,0,0,0,0,0
33,1.09449,0.48246,-1.7379,0.96082,-0.31685,0.41667,-1.37639,-2.09015,0.59042,-0.27607,-1.37983,-2.07848,0,0,0,0,0
34,0.49788,0.48246,1.16365,0.96082,-1.10702,-0.46725,1.11406,0.88309,0.28783,0.41594,-2.55524,-0.21575,2,0,0,1,0
35,-0.07854,0.48246,-0.05921,-0.57009,-1.10702,-1.55078,0.16767,0.14143,-1.21213,-1.5184,1.86203,1.92173,2,0,0,1,0
36,0.49788,0.48246,0.45468,0.96082,-0.31685,-0.79151,0.47617,0.88309,-1.07533,-1.0145,0.19268,0.40148,0,0,0,0,0
37,-0.07854,-0.48246,-0.05921,0.96082,0.1144,-1.43907,-0.69509,-0.71727,-0.91699,-0.27607,-1.37983,-0.84637,1,0,0,0,0
38,-0.95197,-0.48246,-0.61113,0.96082,-1.10702,1.02119,-0.94779,0.44585,-0.60633,-0.89891,0.52975,1.2247,2,0,0,2,1
39,-0.95197,-0.48246,-0.61113,0.24923,-1.10702,-0.34799,1.2861,2.15324,0.76096,0.93949,-0.71126,0.07987,2,2,1,1,0
40,-0.95197,0.48246,0.45468,0.96082,-0.31685,-0.24649,0.16767,0.44585,-1.34289,0.41594,0.52975,0.7654,0,0,0,0,0
41,-0.95197,-0.48246,-0.61113,-0.57009,-1.10702,0.82562,-0.15487,0.58331,-0.76096,0.41594,-0.71126,0.07987,2,0,0,2,1
42,-0.95197,-0.48246,-0.61113,-0.57009,-1.10702,1.23461,0.32197,-0.01928,-1.34289,-0.14277,0.52975,0.07987,2,1,1,0,1
43,-0.95197,-0.48246,-0.61113,-0.57009,0.1144,-0.05188,-0.80615,-1.27553,-1.34289,-1.92173,-0.71126,0.07987,1,0,1,0,0
44,1.09449,0.48246,-0.05921,0.96082,-0.31685,-0.92104,-0.30033,-0.58331,0.94156,0.7583,-1.37983,-0.21575,0,0,0,0,0
45,0.49788,0.48246,0.45468,-0.09765,-0.31685,-1.86962,0.16767,0.29338,-0.15487,0.58489,0.19268,0.40148,1,0,0,0,0
46,-0.95197,-0.48246,0.45468,0.96082,-0.31685,-0.34799,1.2861,-1.11902,0.59042,-0.52745,0.52975,0.07987,0,0,0,0,0
47,1.09449,0.48246,0.45468,0.96082,-0.31685,-1.69163,-0.94779,-0.45174,0.76096,-0.14277,0.19268,-0.21575,0,0,0,0,0
48,-0.95197,-0.48246,-0.61113,-0.57009,-0.31685,0.82562,-0.94779,-0.45174,-0.30172,-1.64101,1.29221,0.07987,2,0,0,1,1
49,0.49788,-0.48246,1.16365,0.96082,-0.31685,-1.69163,-0.43999,-0.01928,-2.07848,0.7583,-0.71126,0.07987,0,0,0,0,0
50,-0.07854,-0.48246,-0.61113,-0.57009,-0.31685,-0.46725,-2.11437,-0.17779,-0.45321,-0.89891,-1.37983,-0.84637,0,0,1,1,0
51,1.09449,-0.48246,0.45468,0.96082,-0.31685,-0.46725,2.127,0.14143,0.28783,-0.40581,0.19268,-0.21575,0,0,0,0,0
52,-0.95197,-0.48246,-0.05921,0.96082,-1.10702,1.37297,-0.43999,-0.71727,0.94156,-0.14277,0.19268,-0.21575,2,0,0,0,1
53,-0.95197,-0.48246,-0.61113,0.96082,-1.10702,1.8399,0.63779,-0.84732,-1.07533,-1.38502,1.29221,0.7654,2,0,0,1,2
54,-0.95197,0.48246,-0.61113,0.96082,-0.31685,-0.34799,-1.37639,0.7233,-0.45321,0.58489,-0.21712,0.7654,0,0,0,0,0
55,-0.95197,0.48246,0.45468,0.96082,0.1144,1.02119,0.80523,-0.01928,1.11406,-0.65253,-0.21712,-0.84637,1,0,0,1,1
56,0.49788,0.48246,-0.61113,0.96082,-0.31685,-0.92104,-0.57545,0.88309,1.2861,-0.65253,0.88113,-0.21575,0,0,0,0,0
57,0.49788,-0.48246,1.16365,0.96082,-0.31685,-0.79151,0.96248,0.14143,-0.01729,0.93949,0.88113,-0.21575,0,0,0,0,0
58,0.49788,0.48246,-1.7379,0.96082,-0.31685,-0.58016,0.63779,-1.11902,1.2861,0.58489,-1.37983,-2.07848,0,0,0,0,0
59,1.09449,-0.48246,0.45468,0.96082,-0.31685,0.22393,-0.69509,0.44585,0.76096,-1.38502,0.19268,-0.21575,0,0,0,0,0
60,-0.95197,0.48246,0.45468,0.96082,0.1144,-0.67825,0.47617,0.88309,1.61108,0.58489,-0.21712,0.40148,1,0,0,0,0
61,-0.07854,0.48246,-0.05921,0.96082,-0.31685,0.04257,1.11406,0.29338,1.45039,-0.00665,0.88113,0.7654,0,0,0,0,0
62,-0.07854,-0.48246,-1.7379,0.96082,-0.31685,0.41667,1.11406,-1.82919,-0.45321,0.7583,-0.21712,0.7654,0,0,0,0,0
63,-0.07854,0.48246,1.98437,0.96082,-0.31685,0.82562,1.2861,0.58331,0.28783,-0.78155,0.52975,-1.18084,0,0,0,0,1
64,1.09449,0.48246,1.16365,0.96082,-0.31685,0.22393,0.16767,0.29338,0.94156,1.13407,-1.37983,-1.18084,0,0,0,0,0
65,-0.95197,0.48246,0.45468,-0.57009,-1.10702,1.02119,-0.94779,1.24033,-0.91699,-1.38502,2.90161,1.92173,2,1,1,2,1
66,0.49788,0.48246,-0.05921,0.96082,-1.10702,0.22393,0.47617,-0.58331,0.59042,-0.14277,-0.21712,0.40148,2,0,0,1,0
67,1.09449,-0.48246,1.16365,0.96082,-0.31685,-0.67825,-0.57545,-0.71727,1.11406,0.7583,-0.71126,-0.52593,0,0,0,0,0
68,-0.07854,0.48246,-0.61113,0.96082,-0.31685,1.37297,-0.80615,-0.84732,-1.07533,-0.89891,1.29221,1.92173,0,0,0,0,1
69,-0.07854,0.48246,1.16365,-0.57009,-1.10702,2.28554,1.11406,0.44585,-2.5383,-0.14277,0.88113,1.2247,2,0,2,1,2
70,0.49788,0.48246,0.45468,0.96082,-0.31685,-0.67825,2.32338,1.65653,-1.34289,0.41594,1.29221,1.92173,0,0,0,0,0
71,-0.95197,-0.48246,-1.22751,-0.57009,0.1144,0.22393,3.27393,2.15324,-0.60633,0.93949,1.86203,1.2247,1,0,0,1,0
72,0.49788,0.48246,-0.05921,0.96082,-1.10702,-0.05188,-0.69509,0.29338,0.76096,0.12331,-0.71126,-0.84637,2,0,0,0,0
73,-0.95197,0.48246,0.45468,-0.57009,-1.10702,1.49158,0.32197,0.44585,0.76096,0.12331,1.29221,1.92173,2,1,0,1,1
74,-0.95197,-0.48246,-0.61113,-0.57009,-1.10702,2.127,-1.50796,0.44585,-0.01729,-0.89891,-0.71126,0.07987,2,0,0,1,2
75,-0.95197,-0.48246,-0.61113,-0.57009,0.1144,-0.24649,-0.94779,2.15324,-1.772,-1.92173,1.86203,0.40148,1,0,0,0,0
76,-0.95197,0.48246,-0.61113,0.96082,-0.31685,1.49158,-0.57545,0.44585,-0.60633,-1.0145,0.52975,1.92173,2,0,0,1,1
77,1.09449,-0.48246,0.45468,0.96082,-0.31685,-1.69163,-0.94779,-0.84732,1.11406,-0.89891,-0.71126,0.07987,0,0,0,0,0
78,0.49788,-0.48246,-1.7379,0.96082,-0.31685,-0.46725,-0.30033,-1.55521,-0.45321,-0.27607,-0.21712,-0.21575,0,0,0,0,0
79,-0.07854,0.48246,1.98437,0.96082,-0.31685,-0.05188,0.32197,-1.55521,1.45039,1.13407,-1.37983,-0.52593,0,0,0,0,0
80,-0.95197,0.48246,-0.61113,-0.09765,-1.10702,0.91093,0.96248,1.65653,-0.01729,1.30612,0.52975,0.07987,2,0,0,0,1
81,0.49788,-0.48246,-0.05921,0.96082,-0.31685,-1.69163,0.63779,-0.17779,-0.15487,-0.65253,0.88113,-0.21575,0,0,0,0,0
82,-0.95197,-0.48246,-0.61113,0.96082,0.1144,-0.58016,-0.43999,-0.71727,-0.76096,-1.64101,1.29221,0.7654,1,0,0,2,0
83,-0.95197,-0.48246,-1.22751,0.96082,-0.31685,1.13281,1.74091,0.29338,0.76096,-1.0145,0.19268,1.2247,2,0,0,0,1
84,1.09449,0.48246,0.45468,0.96082,-0.31685,-1.05308,0.16767,-0.97631,0.76096,0.58489,0.19268,-1.54858,0,0,0,0,0
85,-0.95197,-0.48246,-0.05921,0.24923,-1.10702,-2.05048,0.32197,1.43533,-0.30172,-0.40581,1.29221,1.92173,2,0,0,1,0
86,1.09449,-0.48246,0.45468,0.96082,-1.10702,0.73545,-1.37639,-0.45174,-0.60633,-1.78169,0.19268,0.40148,2,0,2,2,1
87,1.09449,0.48246,-0.05921,0.96082,-0.31685,-1.86962,-0.30033,-1.42424,1.45039,2.04506,-0.71126,-0.52593,0,0,0,0,0
88,1.09449,0.48246,-0.05921,0.96082,-0.31685,-0.92104,0.80523,-0.97631,2.75696,1.13407,-1.37983,-2.07848,0,0,0,0,0
89,1.09449,-0.48246,-1.7379,0.96082,-1.10702,0.22393,-1.09207,-0.45174,-1.6209,-0.65253,1.86203,1.2247,2,0,0,0,0
90,-0.07854,0.48246,-1.43719,-0.57009,-0.31685,-0.92104,-0.43999,-0.45174,-1.92595,-2.04506,0.88113,-0.21575,1,0,0,0,0
91,1.09449,-0.48246,-0.05921,0.96082,-0.31685,-0.24649,0.16767,-1.42424,-0.30172,2.33337,-0.71126,-1.18084,0,0,0,0,0
92,-0.07854,0.48246,1.16365,-0.57009,0.1144,-0.67825,0.47617,1.88511,-2.78793,-1.25773,1.86203,1.92173,1,0,0,1,0
93,0.49788,0.48246,-0.05921,0.96082,-0.31685,-0.05188,-0.57545,-2.21069,0.76096,-1.5184,0.88113,0.07987,0,0,0,0,0
94,0.49788,0.48246,-0.61113,0.96082,-0.31685,0.04257,-0.30033,-0.97631,1.81866,1.63088,-1.37983,-2.07848,0,0,0,0,0
95,-0.07854,0.48246,0.45468,0.96082,-0.31685,0.52135,-0.80615,1.24033,-1.6209,-1.13788,0.88113,0.40148,0,0,0,0,0
96,0.49788,0.48246,-0.05921,0.96082,-0.31685,-0.46725,-0.15487,-0.97631,1.11406,-0.65253,-1.37983,-1.18084,0,0,0,0,0
97,-0.95197,0.48246,-0.61113,-0.57009,-0.31685,-0.79151,-0.43999,0.29338,-0.76096,-0.14277,1.86203,-0.21575,2,0,0,1,0
98,1.09449,0.48246,1.16365,0.96082,-0.31685,-0.05188,0.00332,0.14143,0.94156,0.93949,0.19268,0.40148,0,0,0,0,0
99,0.49788,0.48246,1.98437,0.96082,0.1144,0.22393,1.74091,-0.01928,0.59042,2.63199,0.88113,-0.21575,1,0,0,0,0
100,0.49788,0.48246,0.45468,-0.57009,-1.10702,-0.79151,-1.09207,0.29338,-0.30172,1.30612,-0.21712,-0.21575,2,0,0,1,0
101,-0.95197,-0.48246,0.45468,-0.57009,0.1144,0.91093,-0.94779,0.14143,0.76096,-0.65253,-0.21712,1.2247,1,1,1,1,1
102,-0.95197,-0.48246,-0.61113,-0.57009,-1.10702,1.37297,0.16767,2.15324,-0.30172,-0.00665,0.88113,0.40148,2,1,1,0,1
103,-0.07854,-0.48246,-0.61113,-0.57009,-1.10702,1.02119,-0.43999,0.58331,-0.76096,-0.52745,0.88113,1.2247,2,1,1,0,1
104,-0.07854,0.48246,0.45468,0.96082,0.1144,-0.79151,-0.30033,0.88309,0.43852,-0.00665,0.19268,0.07987,1,0,0,0,0
105,-0.07854,-0.48246,-0.05921,-0.57009,-1.10702,-0.58016,-0.15487,0.7233,-1.772,-0.40581,-0.21712,-0.21575,2,0,1,1,0
106,1.09449,0.48246,-1.7379,0.96082,-0.31685,0.04257,-0.15487,-1.27553,2.46262,0.58489,-1.37983,-2.07848,0,0,0,0,0
107,1.09449,0.48246,0.45468,0.96082,-0.31685,-0.46725,0.32197,-0.58331,-0.15487,1.13407,-1.37983,-2.07848,0,0,0,0,0
108,-0.07854,-0.48246,1.16365,-0.28519,-1.10702,1.02119,2.57309,0.58331,-1.47955,-0.40581,-0.21712,1.2247,2,0,1,0,1
109,-0.95197,0.48246,-0.61113,-0.57009,0.1144,0.31287,-1.23177,1.06238,-0.30172,-2.30408,0.88113,-0.21575,1,0,0,0,0
110,-0.07854,0.48246,0.45468,-0.57009,-0.31685,-0.24649,-1.37639,1.88511,0.76096,-1.0145,0.19268,-1.18084,0,0,0,1,0
111,1.09449,-0.48246,1.16365,0.96082,-0.31685,-0.79151,0.80523,-0.01928,-0.01729,0.41594,-1.37983,-1.54858,0,0,0,0,0
112,-0.07854,0.48246,1.16365,0.96082,-0.31685,-2.05048,-0.69509,-0.97631,-0.45321,2.04506,-1.37983,-0.84637,0,0,0,0,0
113,-0.07854,0.48246,1.16365,0.96082,-1.10702,1.8399,0.63779,0.7233,1.61108,0.25953,-0.21712,1.92173,2,1,1,1,2
114,-0.07854,-0.48246,-1.7379,-0.57009,0.1144,0.41667,-0.15487,-0.17779,-0.15487,-0.52745,0.19268,0.7654,1,0,0,1,0
115,0.49788,-0.48246,1.16365,0.96082,-0.31685,1.02119,-0.15487,-0.17779,-1.21213,-0.00665,-0.71126,-0.84637,1,0,1,0,1
116,1.09449,-0.48246,0.45468,0.96082,-0.31685,-1.55078,-0.30033,-0.71727,-0.60633,-0.00665,-1.37983,-1.18084,0,0,0,0,0
117,1.09449,0.48246,0.45468,0.96082,-0.31685,-0.24649,-1.09207,-0.45174,0.13136,0.12331,-1.37983,0.07987,0,0,0,0,0
118,-0.07854,-0.48246,-1.22751,-0.57009,0.1144,-0.46725,-1.23177,-2.39883,-1.07533,-0.78155,1.29221,-0.21575,1,0,0,1,0
119,-0.95197,-0.48246,-1.7379,-0.09765,0.1144,-0.24649,1.2861,0.29338,-1.21213,-0.89891,0.88113,1.92173,1,1,0,1,0
120,1.82213,-0.48246,0.45468,0.96082,-0.31685,-0.46725,0.63779,1.24033,0.76096,1.46191,-0.21712,-0.52593,0,0,0,0,0
121,1.09449,0.48246,-2.43591,-0.09765,-0.31685,0.31287,0.63779,-0.97631,0.94156,0.25953,-1.37983,-2.07848,2,0,0,0,0
122,-0.07854,0.48246,1.16365,0.96082,-0.31685,0.22393,-0.57545,0.14143,0.59042,2.04506,-0.21712,0.07987,0,0,0,0,0
123,1.09449,0.48246,-0.05921,0.96082,-0.31685,0.31287,0.32197,-0.17779,0.94156,1.13407,-0.71126,-0.21575,0,0,0,0,0
124,0.49788,0.48246,0.45468,-0.57009,-1.10702,-1.32828,-0.94779,0.29338,1.11406,-0.89891,0.88113,-0.21575,2,0,0,0,0
125,1.09449,-0.48246,-0.05921,0.96082,-0.31685,-0.34799,0.32197,-0.45174,-0.15487,0.25953,-0.21712,-1.18084,0,0,0,0,0
126,-0.07854,0.48246,1.16365,-0.57009,-1.10702,0.62967,0.63779,-0.45174,-1.21213,-0.78155,0.88113,1.92173,2,1,1,0,1
127,0.49788,-0.48246,-0.61113,0.96082,-0.31685,-0.24649,-0.15487,-1.11902,0.13136,-0.14277,-0.21712,0.40148,0,0,0,0,0
128,1.09449,0.48246,1.98437,0.96082,0.1144,0.41667,-1.23177,-0.71727,-0.45321,0.58489,-0.71126,-1.54858,1,0,0,0,0
129,-0.95197,-0.48246,-0.61113,-0.09765,-0.31685,0.62967,0.16767,0.58331,-0.45321,-0.00665,0.19268,0.7654,2,2,1,1,1
130,-0.95197,0.48246,-0.61113,0.96082,-0.31685,0.52135,0.63779,-0.31776,0.76096,0.93949,-0.71126,-0.21575,0,0,0,0,0
131,-0.07854,-0.48246,-0.61113,-0.57009,-0.31685,-0.14882,0.32197,1.88511,0.76096,-1.13788,0.88113,0.40148,0,0,0,0,0
132,-0.07854,0.48246,0.45468,-0.28519,-0.31685,-0.46725,-1.6334,0.44585,0.94156,-1.64101,-0.21712,-0.84637,0,0,0,0,0
133,-0.95197,-0.48246,0.45468,0.96082,0.1144,1.02119,-0.43999,0.58331,0.59042,-0.14277,0.19268,0.40148,1,0,1,2,1
134,-0.07854,0.48246,-0.05921,0.96082,-0.31685,0.22393,-0.15487,-1.42424,-0.01729,-0.40581,0.88113,-2.07848,0,0,0,0,0
135,-0.07854,-0.48246,-0.61113,-0.28519,-1.10702,-0.58016,-2.72827,0.14143,-0.01729,-0.14277,0.19268,0.07987,2,0,1,2,0
136,1.09449,0.48246,1.16365,0.96082,-0.31685,-0.79151,0.63779,-0.31776,-0.60633,-1.13788,0.19268,-0.84637,0,0,0,0,0
137,-0.07854,0.48246,0.45468,0.24923,0.126,0.41667,1.2861,-0.01928,-0.01729,0.41594,-0.71126,-1.18084,0,0,0,0,0
138,-0.95197,-0.48246,-1.22751,-0.28519,-1.10702,0.62967,1.11406,1.65653,1.2861,0.25953,0.88113,1.2247,2,0,0,2,0
139,-0.95197,0.48246,-0.61113,-0.57009,-1.10702,0.04257,-0.30033,-0.71727,0.43852,-0.89891,-0.21712,-0.21575,2,0,0,1,0
140,-0.95197,-0.48246,-0.61113,-0.57009,-1.10702,-0.14882,0.63779,-0.31776,-0.60633,-0.27607,0.52975,0.7654,2,1,1,0,0
141,-0.07854,0.48246,0.45468,0.96082,-0.31685,-0.14882,0.80523,-0.97631,1.45039,1.13407,-1.37983,-1.18084,0,0,0,0,0
142,-0.07854,0.48246,0.45468,0.96082,-0.31685,-0.14882,2.8595,1.88511,0.94156,-0.89891,1.86203,1.2247,0,0,0,0,0
143,-0.07854,0.48246,1.16365,0.96082,-0.31685,0.13606,0.80523,-0.58331,1.45039,0.93949,0.19268,-0.84637,0,0,0,0,0
144,0.49788,-0.48246,-1.7379,0.96082,0.1144,0.91093,-1.23177,-0.97631,-1.772,-1.64101,1.86203,1.92173,1,0,0,1,1
145,-0.95197,0.48246,-0.61113,-0.57009,-1.10702,0.22393,-0.94779,0.88309,0.13136,-0.14277,-0.71126,0.40148,2,0,0,0,0
146,1.09449,-0.48246,1.16365,0.96082,-0.31685,-0.24649,0.32197,0.14143,-0.30172,-0.14277,0.19268,-0.52593,0,0,0,0,0
147,-0.95197,0.48246,1.16365,0.96082,0.1144,-0.92104,0.80523,-0.97631,0.28783,0.25953,-0.21712,0.40148,1,0,0,0,0
148,0.49788,-0.48246,-0.61113,0.96082,-0.31685,-1.05308,0.47617,-0.84732,1.11406,0.58489,0.52975,-0.21575,0,0,0,0,0
149,0.49788,0.48246,0.45468,0.96082,-0.31685,-1.05308,-0.15487,0.14143,0.13136,0.93949,-1.37983,0.07987,0,0,0,0,0
150,-0.95197,-0.48246,-0.05921,0.96082,-1.10702,-1.55078,0.63779,-0.01928,0.28783,-0.52745,-0.21712,-0.52593,2,0,0,0,0
151,1.82213,-0.48246,1.16365,0.96082,-0.31685,-1.32828,0.00332,-1.42424,0.59042,0.12331,-1.37983,-0.84637,0,0,0,0,0
152,0.49788,0.48246,1.16365,0.96082,-0.31685,-0.24649,1.45421,0.14143,0.28783,1.81175,-1.37983,-1.54858,0,0,0,0,0
153,-0.95197,-0.48246,0.45468,-0.09765,-1.10702,-0.79151,-2.11437,-2.8595,0.94156,-1.38502,-0.71126,-1.18084,2,0,0,0,0
154,-0.07854,0.48246,1.98437,0.96082,-0.31685,0.04257,0.47617,-0.45174,-0.01729,1.30612,0.52975,0.07987,0,0,0,0,0
155,-0.07854,-0.48246,-0.61113,-0.57009,0.1144,2.28554,-1.09207,2.44904,-0.91699,-0.65253,1.29221,0.7654,1,1,1,2,2
156,-0.07854,0.48246,1.16365,0.96082,-0.31685,0.62967,0.32197,0.7233,0.13136,1.13407,-0.21712,-0.52593,1,1,0,1,1
157,0.49788,0.48246,1.16365,0.96082,-0.31685,-0.92104,0.16767,1.43533,1.81866,1.13407,-0.71126,-0.84637,0,0,0,0,0
158,-0.95197,-0.48246,-0.61113,-0.57009,-1.10702,0.41667,-2.03972,1.43533,-0.60633,-2.72827,1.86203,-0.21575,2,0,0,0,0
159,0.49788,0.48246,1.98437,0.96082,-0.31685,-0.24649,0.80523,0.29338,-0.01729,-0.14277,-0.21712,-0.52593,0,0,0,0,0
160,-0.07854,-0.48246,-0.61113,-0.57009,0.1144,-1.32828,0.16767,-0.31776,-0.45321,-0.89891,1.29221,0.7654,1,0,1,0,0
161,1.09449,-0.48246,-0.61113,-0.57009,-0.31685,0.04257,0.00332,0.29338,0.28783,-0.27607,0.88113,1.2247,0,0,0,0,0
162,0.49788,0.48246,-0.05921,0.96082,-0.31685,0.22393,0.47617,-1.42424,-0.91699,0.12331,1.29221,0.7654,0,0,0,0,0
163,1.09449,0.48246,0.45468,0.96082,-0.31685,0.31287,0.00332,-1.27553,-0.15487,0.93949,-0.21712,-1.18084,0,0,0,0,0
164,0.49788,-0.48246,-0.05921,0.96082,-0.31685,0.22393,0.47617,-1.82919,-0.76096,2.04506,-1.37983,-1.54858,0,0,0,0,0
165,-0.07854,0.48246,0.45468,-0.57009,-0.31685,-0.92104,-0.43999,-0.84732,-1.772,-2.04506,0.88113,0.07987,0,0,0,0,0
166,0.49788,0.48246,0.45468,0.96082,-0.31685,-0.67825,-1.50796,-1.82919,0.59042,-1.78169,-0.71126,-1.54858,0,0,0,0,0
167,1.82213,0.48246,-0.61113,0.96082,-0.31685,-0.92104,-0.94779,-1.42424,0.43852,-0.00665,-0.71126,-0.52593,0,0,0,0,0
168,-0.95197,-0.48246,-1.22751,0.24923,-1.10702,0.82562,0.16767,-0.01928,-0.91699,-0.89891,0.52975,0.07987,2,1,1,2,1
169,-0.07854,0.48246,0.45468,0.96082,0.1144,0.41667,-0.69509,-0.45174,-0.01729,0.12331,1.29221,0.07987,1,0,0,0,0
170,-0.95197,0.48246,-2.43591,0.96082,-1.10702,0.04257,-0.15487,-0.31776,1.61108,-0.27607,-0.71126,0.40148,2,0,0,0,0
171,0.49788,0.48246,-1.7379,0.96082,-0.31685,0.22393,0.00332,-1.11902,-0.30172,0.25953,0.19268,-0.21575,0,0,0,0,0
172,-0.07854,0.48246,1.16365,-0.57009,0.1144,-2.05048,1.2861,1.88511,-2.5383,-1.25773,1.29221,1.2247,1,0,0,1,0
173,-0.07854,0.48246,0.45468,0.96082,0.1144,-0.79151,1.11406,0.7233,0.94156,0.93949,-1.37983,-0.21575,1,0,0,1,0
174,1.09449,-0.48246,0.45468,-0.57009,0.1144,-0.79151,0.00332,-0.01928,-0.01729,0.41594,-2.55524,-0.52593,1,0,0,0,0
175,-0.95197,0.48246,-1.22751,-0.57009,-1.10702,0.52135,-0.94779,-0.31776,0.28783,-0.40581,-0.21712,-0.52593,2,0,0,0,0
176,-0.95197,-0.48246,-1.22751,-0.57009,-1.10702,1.23461,0.63779,-0.31776,-1.34289,-1.64101,1.29221,1.2247,2,1,1,1,1
177,0.49788,0.48246,0.45468,0.96082,-0.31685,-2.05048,0.63779,1.24033,0.13136,0.25953,0.52975,0.40148,0,0,0,0,0
178,-0.95197,-0.48246,1.16365,-0.28519,-1.10702,1.02119,-0.30033,-0.31776,-0.91699,-0.14277,0.52975,0.7654,2,1,1,1,1
179,-0.95197,-0.48246,-0.61113,-0.57009,-0.31685,-0.24649,-0.69509,-0.01928,-0.30172,-1.25773,-1.37983,0.40148,2,2,1,1,0
180,-0.07854,0.48246,-0.61113,-0.57009,-0.31685,-0.58016,-0.43999,-1.55521,0.13136,0.58489,-1.37983,-1.54858,0,0,0,0,0
181,-0.95197,0.48246,0.45468,-0.57009,-1.10702,0.62967,-0.15487,-0.58331,-0.30172,1.30612,-0.71126,-0.52593,2,1,0,0,1
182,1.82213,-0.48246,-0.05921,0.96082,-0.31685,-0.92104,-1.23177,-0.17779,-0.45321,-0.27607,0.19268,-1.18084,0,0,0,0,0
183,1.09449,0.48246,0.45468,0.96082,-0.31685,-1.69163,1.45421,0.29338,0.43852,0.7583,-0.21712,-0.21575,0,0,0,0,0
184,1.82213,-0.48246,1.16365,0.24923,-0.31685,-0.46725,1.45421,-0.97631,0.59042,1.46191,-0.21712,-1.18084,0,0,0,0,0
185,0.49788,0.48246,0.45468,0.96082,-0.31685,-0.58016,1.2861,-0.45174,0.94156,1.13407,0.19268,-0.84637,0,0,0,0,0
186,-0.07854,-0.48246,0.45468,0.96082,-1.10702,1.72012,1.93886,0.29338,-0.15487,-0.52745,0.52975,0.40148,2,0,0,1,2
187,-0.07854,0.48246,0.45468,0.96082,-0.31685,-0.79151,-0.57545,-1.55521,0.43852,-1.38502,-1.37983,-0.84637,0,0,0,0,0
188,1.09449,0.48246,0.45468,-0.28519,-0.31685,0.13606,0.80523,-0.01928,0.76096,0.41594,0.19268,0.07987,0,0,0,0,0
189,-0.07854,0.48246,0.45468,0.96082,-0.31685,0.13606,-0.69509,-0.31776,-0.76096,0.7583,-0.71126,-0.84637,0,0,0,0,0
190,-0.95197,-0.48246,-0.61113,-0.57009,-1.10702,1.02119,1.2861,0.7233,0.28783,-0.65253,0.19268,0.7654,2,1,0,1,1
191,1.82213,0.48246,0.45468,0.96082,-0.31685,-0.05188,0.47617,-0.71727,-0.91699,-0.52745,-0.71126,-0.84637,0,0,0,0,0
192,-0.95197,-0.48246,-0.61113,-0.57009,0.1144,0.73545,2.127,1.88511,0.13136,-0.65253,1.86203,1.92173,1,2,2,2,1
193,0.49788,0.48246,0.45468,0.96082,-0.31685,-0.14882,-0.30033,-1.42424,1.61108,0.41594,-0.21712,-1.54858,0,0,0,0,0
194,-0.95197,-0.48246,-0.61113,0.96082,0.1144,-1.86962,0.96248,-0.97631,-0.60633,0.58489,1.29221,0.40148,1,0,0,0,0
195,-0.95197,-0.48246,-0.05921,0.96082,0.1144,-1.32828,-0.30033,-0.71727,0.59042,0.41594,-0.71126,-1.54858,1,0,0,0,0
196,1.09449,-0.48246,-1.7379,0.96082,-0.31685,-1.1943,-0.30033,-0.31776,0.13136,-0.14277,0.88113,0.40148,0,0,0,0,0
197,1.82213,0.48246,-0.05921,0.96082,-0.31685,-0.79151,0.96248,-0.31776,0.94156,1.81175,-2.55524,-1.54858,0,0,0,0,0
198,-0.95197,-0.48246,-1.22751,0.96082,-1.10702,0.73545,-0.69509,1.65653,1.81866,-1.13788,-0.21712,-0.52593,2,0,0,1,1
199,1.09449,-0.48246,1.16365,-0.57009,-0.31685,-0.58016,0.32197,0.14143,-1.21213,0.25953,0.19268,0.40148,0,0,0,0,0
200,-0.95197,-0.48246,-0.61113,-0.57009,0.1144,1.02119,-1.23177,0.29338,-0.01729,-1.13788,1.86203,1.92173,1,1,0,1,1
201,-0.95197,-0.48246,-0.61113,-0.57009,-1.10702,0.62967,-0.80615,1.06238,-0.01729,2.33337,-0.71126,-0.21575,2,1,0,2,1
202,-0.07854,0.48246,1.98437,0.96082,-0.31685,-0.58016,0.32197,0.29338,-0.30172,-0.27607,-1.37983,0.07987,0,0,0,0,0
203,-0.07854,0.48246,-0.61113,-0.57009,-0.31685,2.46262,-1.92173,-0.58331,-2.35413,-2.30408,1.29221,1.2247,0,1,1,1,2
204,0.49788,-0.48246,-1.7379,0.96082,-1.10702,0.73545,-0.57545,-0.58331,-1.21213,-0.65253,1.29221,0.7654,2,0,1,1,1
205,-0.07854,0.48246,0.45468,0.96082,-0.31685,-0.58016,-0.15487,-0.97631,0.13136,0.41594,-0.71126,-0.52593,0,0,0,0,0
206,-0.07854,0.48246,-0.61113,-0.57009,-0.31685,-1.05308,-0.43999,0.14143,-1.07533,-0.27607,-1.37983,0.07987,1,0,0,0,0
207,-0.07854,-0.48246,0.45468,0.96082,-0.31685,0.04257,-1.37639,-1.82919,-1.34289,0.41594,-1.37983,-1.18084,0,0,0,0,0
208,-0.07854,0.48246,0.45468,-0.57009,-1.10702,-0.14882,-0.15487,1.88511,-1.772,1.13407,0.52975,1.2247,2,0,0,0,0
209,-0.07854,-0.48246,1.16365,0.96082,0.1144,-0.05188,-1.09207,-0.84732,-0.60633,-0.65253,0.19268,0.40148,1,0,0,0,0
210,0.49788,-0.48246,-0.61113,0.96082,-0.31685,-0.46725,-0.80615,0.88309,0.13136,-0.40581,0.52975,-0.21575,0,0,0,0,0
211,-0.07854,0.48246,0.45468,0.96082,-0.31685,-1.43907,1.11406,-1.11902,2.46262,1.30612,-1.37983,-1.54858,0,0,0,0,0
212,-0.95197,-0.48246,1.98437,0.96082,0.1144,1.13281,1.74091,0.58331,1.11406,0.25953,-0.71126,0.40148,1,1,0,1,1
213,-0.95197,0.48246,-0.61113,-0.57009,-1.10702,2.61139,0.32197,1.43533,-0.01729,-0.78155,1.86203,1.92173,2,2,1,1,2
214,-0.95197,-0.48246,-0.61113,-0.57009,-1.10702,2.82196,0.47617,1.65653,-0.15487,0.25953,0.88113,1.2247,2,2,1,1,2
215,-0.95197,-0.48246,-0.61113,-0.57009,-1.10702,1.02119,1.2861,-0.45174,0.76096,0.25953,-0.21712,0.40148,2,2,1,1,1
216,-0.95197,-0.48246,1.16365,0.96082,0.1144,0.13606,0.16767,0.44585,-0.30172,-0.52745,0.88113,0.07987,1,0,0,0,0
217,-0.07854,-0.48246,-0.61113,-0.57009,-1.10702,1.60383,0.00332,2.15324,-0.91699,0.41594,-0.21712,0.40148,2,2,1,2,2
218,1.82213,-0.48246,1.16365,0.96082,-0.31685,-0.58016,1.74091,-1.97495,-1.07533,1.63088,0.88113,0.40148,0,0,0,0,0
219,1.82213,0.48246,0.45468,0.24923,-1.10702,1.49158,-1.09207,1.06238,-0.45321,-0.65253,-0.71126,0.07987,2,0,0,0,1
220,1.09449,0.48246,-1.7379,-0.57009,-0.31685,-0.14882,-1.6334,-1.42424,1.61108,-2.04506,-0.21712,0.07987,0,0,0,0,0
221,-0.95197,-0.48246,-1.22751,-0.57009,-1.10702,1.37297,-1.23177,-0.71727,-1.07533,0.58489,-0.71126,-0.52593,2,1,1,1,1
222,-0.95197,-0.48246,-0.61113,-0.28519,0.1144,0.73545,0.63779,0.29338,0.59042,-0.78155,1.86203,0.40148,1,0,1,2,1
223,1.09449,-0.48246,0.45468,0.96082,-0.31685,-0.14882,1.2861,0.29338,-0.01729,0.7583,-0.21712,-0.84637,0,0,0,0,0
224,1.82213,-0.48246,-0.61113,0.96082,-1.10702,-0.34799,-1.7625,-1.11902,-0.76096,-1.78169,0.52975,0.07987,2,0,0,0,0
225,-0.95197,-0.48246,-0.61113,-0.28519,0.1144,0.31287,-1.7625,-0.31776,-1.47955,0.25953,-1.37983,-0.52593,1,2,1,0,0
226,1.09449,0.48246,0.45468,0.96082,-0.31685,0.41667,0.47617,-0.71727,1.45039,1.46191,-0.21712,-0.84637,0,0,0,0,0
227,1.09449,-0.48246,-0.05921,0.96082,-0.31685,-1.05308,0.96248,-0.31776,-0.45321,0.25953,-0.21712,-1.54858,0,0,0,0,0
228,-0.07854,0.48246,1.16365,-0.57009,-1.10702,1.37297,1.2861,-0.17779,-0.76096,-1.0145,0.19268,-0.52593,2,0,1,0,1
229,1.09449,0.48246,-0.05921,0.96082,-0.31685,0.04257,0.80523,0.58331,0.13136,0.7583,-2.55524,-0.84637,0,0,0,0,0
230,1.09449,-0.48246,1.16365,0.96082,0.1144,-0.92104,-0.30033,0.29338,-0.15487,0.12331,-0.21712,-0.21575,1,0,0,0,0
231,-0.95197,-0.48246,-1.22751,-0.57009,-1.10702,0.62967,0.32197,0.44585,-0.15487,-0.14277,0.88113,1.2247,2,2,2,0,1
232,-0.95197,-0.48246,0.45468,0.96082,-0.31685,-0.34799,-0.43999,0.14143,0.13136,-1.78169,0.52975,-1.18084,0,0,0,0,0
233,1.09449,0.48246,-1.43719,0.24923,-0.31685,-0.58016,-0.69509,-1.55521,0.43852,0.58489,-2.55524,-2.07848,0,0,0,0,0
234,0.49788,0.48246,0.45468,-0.57009,0.1144,1.02119,0.32197,-0.45174,-0.01729,0.58489,1.29221,1.2247,1,0,0,0,1
235,0.49788,0.48246,1.16365,0.96082,-0.31685,-0.05188,0.47617,-1.55521,-0.30172,1.46191,-0.21712,-0.84637,0,0,0,0,0
236,-0.95197,0.48246,1.16365,0.96082,-0.31685,-1.05308,1.93886,-0.17779,1.11406,1.81175,0.19268,0.7654,0,0,0,0,0
237,1.82213,0.48246,-1.43719,0.96082,-0.31685,-0.05188,-0.94779,-1.11902,1.45039,-1.64101,0.19268,-0.21575,0,0,0,0,0
238,0.49788,-0.48246,0.45468,0.96082,-0.31685,1.02119,1.2861,-0.45174,-1.47955,-0.78155,1.86203,1.2247,0,0,0,1,1
239,0.49788,-0.48246,0.45468,-0.57009,-1.10702,1.98437,-0.94779,1.24033,-0.60633,-1.64101,0.52975,1.2247,2,0,1,2,2
240,-0.95197,0.48246,0.45468,-0.57009,-0.31685,0.82562,0.32197,-0.17779,-0.15487,0.12331,0.88113,1.2247,0,1,1,0,1
241,1.09449,-0.48246,-2.43591,0.21128,-0.31685,-1.69163,-0.94779,-0.01928,1.11406,-1.0145,0.19268,1.2247,2,2,0,1,0
242,-0.07854,-0.48246,1.16365,0.96082,-0.31685,0.52135,1.11406,-0.01928,-0.01729,1.46191,0.19268,0.07987,0,0,0,1,0
243,-0.95197,-0.48246,0.45468,-0.57009,-0.31685,-0.67825,1.45421,1.43533,1.45039,1.13407,-1.37983,0.07987,1,0,0,0,0
244,-0.95197,-0.48246,1.16365,-0.57009,-1.10702,1.8399,2.57309,1.24033,0.28783,1.46191,-0.21712,1.2247,2,2,1,1,2
245,1.09449,-0.48246,0.45468,0.96082,-0.31685,-1.69163,-0.80615,-1.82919,-1.07533,0.12331,-0.71126,-0.84637,0,0,0,0,0
246,1.09449,0.48246,-0.61113,0.96082,-0.31685,0.22393,-0.94779,-1.27553,-0.60633,0.41594,-0.21712,0.07987,0,0,0,0,0
247,0.49788,0.48246,1.16365,0.96082,-0.31685,0.31287,-0.80615,1.06238,0.76096,0.58489,-0.71126,-0.21575,0,0,0,0,0
248,0.49788,0.48246,1.16365,0.96082,-0.31685,-1.05308,0.63779,-0.84732,-1.07533,0.25953,-0.71126,-0.21575,0,0,0,0,0
249,0.49788,-0.48246,-1.7379,-0.28519,-1.10702,-1.43907,-0.57545,-1.11902,-0.91699,-0.78155,1.29221,-0.52593,2,0,0,0,0
250,0.49788,0.48246,0.45468,0.96082,-0.31685,0.52135,0.00332,-0.45174,-0.01729,-0.00665,-0.71126,-2.07848,0,0,0,0,0
251,0.49788,0.48246,1.16365,0.96082,-0.31685,0.04257,2.32338,-0.45174,1.45039,1.46191,0.19268,-1.18084,0,0,0,0,0
252,1.09449,-0.48246,1.16365,-0.28519,-1.10702,0.13606,0.80523,0.44585,-0.15487,0.25953,-0.21712,0.40148,2,0,0,0,0
253,-0.95197,-0.48246,-0.61113,-0.28519,-1.10702,0.82562,0.63779,-0.01928,-1.21213,-0.78155,-0.21712,0.7654,2,1,1,1,1
254,0.49788,-0.48246,1.16365,-0.28519,-1.10702,-0.34799,-1.7625,-0.01928,-0.30172,0.25953,-0.21712,-1.54858,2,0,0,0,0
255,-0.07854,-0.48246,1.16365,0.96082,-0.31685,0.22393,-0.30033,1.06238,-0.91699,-0.14277,0.88113,-0.21575,0,0,0,0,0
256,0.49788,0.48246,0.45468,0.96082,-0.31685,-0.79151,0.00332,-1.27553,-0.91699,1.13407,-0.71126,-0.52593,0,0,0,0,0
257,-0.95197,-0.48246,-1.22751,-0.57009,-1.10702,0.82562,1.2861,1.06238,-0.01729,-0.52745,0.52975,1.2247,2,2,1,1,1
258,1.09449,0.48246,-0.61113,0.96082,-0.31685,0.13606,0.00332,0.29338,0.59042,-0.00665,0.52975,-0.52593,0,0,0,0,0
259,-0.07854,-0.48246,-0.61113,-0.28519,0.1144,0.62967,0.63779,0.58331,-0.01729,0.58489,0.88113,0.40148,1,1,1,0,1
260,-0.95197,-0.48246,-1.7379,0.96082,-1.10702,1.23461,-1.37639,-0.17779,-1.772,-1.64101,0.88113,0.7654,2,0,0,1,1
261,-0.95197,-0.48246,0.45468,-0.57009,-1.10702,0.73545,-0.30033,0.44585,-0.91699,0.25953,0.52975,0.40148,2,2,1,0,1
262,-0.95197,-0.48246,-0.61113,0.96082,-1.10702,1.23461,0.00332,-0.45174,-0.91699,0.25953,0.52975,1.92173,2,1,1,1,1
263,-0.95197,-0.48246,-0.61113,-0.57009,-1.10702,-0.24649,-0.30033,0.14143,1.2861,1.13407,0.19268,-0.21575,2,0,0,1,0
264,1.82213,0.48246,-1.7379,0.96082,-0.31685,-1.05308,-0.80615,-1.97495,1.11406,0.58489,-1.37983,-1.54858,0,0,0,0,0
265,-0.07854,0.48246,-0.61113,0.96082,-0.31685,-0.14882,-0.30033,-1.82919,0.28783,-0.40581,-1.37983,-0.84637,0,0,0,0,0
266,-0.95197,-0.48246,-0.61113,-0.57009,-1.10702,1.37297,1.58487,1.06238,0.43852,-0.27607,0.52975,1.2247,2,1,1,1,1
267,2.59171,0.48246,-1.7379,0.24923,-0.31685,-0.92104,-0.15487,-1.42424,-1.34289,-0.00665,-0.21712,0.7654,0,0,0,0,0
268,-0.95197,-0.48246,-0.61113,0.96082,-1.10702,-0.24649,-1.50796,-1.27553,-0.60633,-1.78169,1.29221,-0.84637,2,0,0,0,0
269,0.49788,0.48246,0.45468,0.96082,0.1144,-1.1943,-0.30033,-0.97631,-0.76096,0.93949,-1.37983,-2.07848,1,0,0,0,0
270,1.82213,-0.48246,-0.05921,0.96082,-0.31685,0.52135,-0.15487,-1.42424,0.59042,0.41594,-0.21712,-0.84637,0,0,0,0,0
271,-0.95197,-0.48246,-0.61113,-0.57009,-1.10702,1.23461,0.47617,1.06238,1.81866,1.30612,-0.21712,1.2247,2,1,2,1,1
272,1.09449,0.48246,-1.7379,0.96082,-0.31685,-1.05308,-0.57545,-1.11902,1.11406,0.93949,-1.37983,-2.07848,0,0,0,0,0
273,1.82213,0.48246,-0.05921,0.24923,-0.31685,-0.67825,0.80523,-0.01928,0.94156,3.46436,-0.71126,-0.84637,0,0,0,0,0
274,-0.95197,0.48246,-0.05921,0.24923,-1.10702,1.49158,-1.37639,-1.82919,-0.91699,2.33337,-1.37983,-1.18084,2,1,1,1,1
275,1.82213,0.48246,1.98437,-0.57009,-1.10702,-0.46725,0.47617,0.44585,-0.45321,-0.00665,-0.21712,0.07987,2,0,1,2,0
276,-0.07854,-0.48246,-0.05921,0.96082,-0.31685,-2.3436,-0.43999,-2.39883,0.13136,-0.40581,-0.71126,-0.21575,0,0,0,0,0
277,-0.95197,-0.48246,0.45468,-0.57009,-1.10702,-1.1943,-1.50796,1.88511,-0.60633,3.00537,0.19268,1.2247,2,1,1,1,0
278,-0.07854,0.48246,1.16365,0.96082,-0.31685,0.22393,-0.15487,0.29338,-0.45321,0.93949,-0.71126,-0.21575,0,0,0,0,0
279,0.49788,-0.48246,-0.05921,0.96082,-0.31685,-0.46725,0.32197,-0.17779,-0.15487,-0.00665,1.29221,0.40148,0,0,0,0,0
280,1.09449,0.48246,1.16365,0.96082,-0.31685,0.31287,0.80523,1.24033,0.59042,-0.00665,-0.21712,-1.54858,0,0,0,0,0
281,-0.07854,-0.48246,-0.61113,0.24923,-1.10702,1.60383,-0.57545,1.43533,-0.91699,-0.78155,0.52975,0.40148,2,1,1,2,1
282,-0.95197,-0.48246,0.45468,0.96082,-0.31685,-0.58016,0.32197,-0.58331,1.2861,-0.89891,0.19268,-1.18084,0,0,0,0,0
283,1.09449,0.48246,-0.61113,0.24923,-0.31685,-0.24649,0.63779,-1.11902,0.28783,1.46191,-0.71126,-0.84637,0,0,0,0,0
284,1.09449,0.48246,1.98437,0.96082,-0.31685,-0.58016,0.80523,0.58331,-0.01729,0.41594,-0.71126,-0.52593,0,0,0,0,0
285,0.49788,0.48246,-0.61113,0.21128,0.1144,0.62967,0.00332,-0.84732,-0.60633,-0.52745,-0.71126,0.07987,1,0,0,1,1
286,1.82213,0.48246,-0.61113,-0.57009,0.1144,0.41667,0.96248,0.44585,-0.60633,-0.40581,0.52975,-0.21575,1,0,0,0,0
287,-0.07854,-0.48246,-0.05921,0.96082,-0.31685,-1.1943,-0.80615,-0.84732,-1.21213,1.30612,0.19268,-1.18084,0,0,0,0,0
288,1.82213,-0.48246,1.16365,0.96082,-0.31685,-0.79151,0.16767,0.7233,-0.01729,-0.89891,-0.71126,-0.84637,0,0,0,0,0
289,-0.95197,-0.48246,-0.61113,-0.57009,-0.22166,-0.58016,1.93886,1.24033,0.13136,0.58489,0.52975,0.40148,2,0,0,1,0
290,-0.95197,-0.48246,-0.61113,0.21128,0.1144,0.73545,2.127,1.65653,1.11406,0.41594,0.88113,1.2247,1,1,1,1,1
291,-0.95197,-0.48246,-0.61113,-0.57009,0.1144,0.41667,1.74091,0.58331,0.76096,-1.5184,0.88113,0.7654,1,2,1,1,0
292,-0.07854,0.48246,1.16365,0.96082,-0.31685,-0.34799,-0.94779,-0.58331,2.75696,1.46191,-1.37983,-1.18084,0,0,0,0,0
293,-0.07854,-0.48246,1.98437,0.96082,-0.31685,-1.1943,-0.43999,-0.31776,0.59042,0.93949,-0.71126,-1.18084,0,0,0,0,0
294,1.09449,0.48246,-0.05921,0.96082,-0.31685,-0.05188,0.80523,-0.58331,0.94156,1.46191,0.19268,0.07987,0,0,0,0,0
295,-0.95197,-0.48246,-0.61113,-0.28519,-1.10702,1.13281,0.63779,0.29338,-1.07533,-1.38502,-0.71126,-0.21575,2,2,1,2,1
296,-0.95197,0.48246,-1.7379,0.96082,0.1144,0.62967,-0.57545,-0.71727,-0.76096,-1.0145,1.29221,-0.21575,1,0,0,0,0
297,0.49788,-0.48246,1.16365,0.96082,-0.31685,-0.58016,0.16767,0.29338,-0.15487,0.12331,0.52975,0.40148,0,0,0,0,0
298,0.49788,-0.48246,0.45468,0.96082,-0.31685,-0.05188,-0.57545,-0.17779,-0.01729,-1.5184,-0.21712,-0.21575,0,0,0,0,0
299,0.49788,0.48246,0.45468,0.96082,-0.31685,0.41667,0.63779,0.7233,1.11406,0.25953,1.29221,1.2247,0,0,0,0,0
300,0.49788,0.48246,0.45468,-0.57009,0.1144,0.52135,1.2861,1.43533,1.2861,0.25953,-0.71126,-0.21575,1,0,0,0,0
301,0.49788,0.48246,0.45468,0.24923,-0.31685,-0.14882,-1.09207,0.29338,-0.15487,0.7583,-1.37983,-1.54858,0,0,0,0,0
302,-0.95197,-0.48246,0.45468,0.96082,-0.31685,-1.43907,-0.30033,0.29338,1.2861,-0.14277,-0.71126,-1.54858,0,0,0,0,0
303,0.49788,-0.48246,-0.05921,-0.57009,0.1144,0.22393,-0.94779,0.14143,-1.47955,-1.25773,0.88113,-0.52593,1,1,0,2,0
304,-0.07854,0.48246,-1.22751,-0.28519,-1.10702,-0.67825,1.2861,1.06238,-0.76096,1.46191,0.19268,0.40148,2,1,1,1,0
305,-0.95197,0.48246,-0.61113,-0.57009,-1.10702,3.27393,0.00332,-0.01928,0.76096,-0.27607,0.19268,-0.21575,2,1,1,0,2
306,-0.07854,-0.48246,0.45468,-0.57009,0.1144,-0.46725,-2.21069,0.44585,0.76096,0.25953,-0.21712,1.92173,1,0,1,1,0
307,1.09449,-0.48246,-1.7379,0.96082,-0.31685,-1.1943,0.00332,-0.31776,-0.15487,-0.00665,0.52975,-0.21575,0,0,0,0,0
308,-0.95197,0.48246,-1.7379,0.24923,-1.10702,-0.34799,-0.30033,-0.01928,-1.772,-2.18109,1.29221,0.40148,2,0,0,0,0
309,-0.95197,-0.48246,1.98437,0.96082,-1.10702,0.73545,1.74091,1.65653,1.61108,-0.52745,-0.21712,1.2247,2,0,2,1,1
310,-0.07854,0.48246,0.45468,0.96082,0.1144,-0.24649,-0.94779,-0.01928,-0.30172,-1.64101,0.52975,0.7654,1,0,1,0,0
311,-0.07854,-0.48246,-0.61113,-0.28519,-0.31685,1.02119,-0.43999,-1.82919,-2.35413,-0.14277,0.52975,0.7654,0,1,0,1,1
312,-0.07854,-0.48246,-0.05921,0.96082,-0.31685,0.82562,0.63779,-0.17779,-0.76096,1.81175,0.52975,0.40148,0,0,0,0,1
313,1.82213,-0.48246,1.98437,0.96082,-0.31685,0.41667,0.47617,-0.58331,-0.30172,-0.52745,-0.21712,-0.52593,0,0,0,0,0
314,-0.07854,0.48246,0.45468,0.24923,0.1144,0.62967,-0.30033,-0.71727,1.11406,-0.40581,0.19268,0.07987,1,0,0,0,1
315,-0.95197,-0.48246,-0.05921,-0.09765,0.1144,1.98437,0.96248,1.06238,0.28783,-0.27607,1.86203,1.92173,1,1,0,1,2
316,0.49788,0.48246,0.45468,0.96082,-0.31685,-0.67825,-1.23177,-1.97495,0.28783,-0.27607,-1.37983,-1.18084,0,0,0,0,0
317,-0.07854,-0.48246,-0.61113,-0.57009,-1.10702,0.62967,0.47617,0.7233,-0.60633,0.25953,-0.21712,1.2247,2,0,0,2,1
318,-0.07854,0.48246,1.16365,-0.57009,0.1144,-0.67825,-1.09207,-0.58331,0.28783,-1.0145,0.52975,-0.21575,1,0,1,0,0
319,-0.95197,0.48246,-0.61113,-0.57009,-1.10702,-0.46725,1.11406,-0.58331,-2.21844,-0.65253,1.86203,0.40148,2,0,1,0,0
320,2.59171,0.48246,-1.7379,0.96082,-0.31685,-0.34799,-0.80615,0.14143,-0.15487,1.13407,-0.21712,-0.52593,0,0,0,0,0
321,0.49788,-0.48246,1.16365,0.96082,-0.31685,1.02119,-0.94779,-1.27553,-0.01729,-0.65253,-0.21712,-0.52593,0,0,0,0,1
322,-0.07854,0.48246,-0.05921,0.96082,-0.31685,0.04257,0.47617,-1.97495,0.28783,0.93949,-0.71126,-0.84637,0,0,0,0,0
323,-0.95197,-0.48246,-0.61113,-0.57009,-0.31685,2.127,-0.43999,-0.01928,-0.45321,-1.64101,0.88113,0.40148,0,0,2,2,2
324,-0.07854,0.48246,1.16365,0.96082,-0.31685,-0.14882,-0.57545,-1.97495,-0.91699,0.25953,0.52975,1.2247,0,0,0,0,0
325,-0.07854,0.48246,-0.05921,0.96082,0.1144,0.73545,-0.15487,-1.11902,0.94156,0.12331,-0.71126,-0.52593,1,0,0,0,1
326,1.09449,-0.48246,-1.22751,0.96082,-0.31685,-1.05308,1.2861,1.43533,-1.34289,-0.00665,-0.71126,1.2247,0,0,0,0,0
327,0.49788,0.48246,1.16365,0.96082,-0.31685,-0.79151,-1.50796,-0.71727,0.28783,1.30612,0.19268,-0.52593,0,0,0,0,0
328,-0.95197,0.48246,-0.61113,-0.57009,0.1144,1.8399,1.11406,-0.58331,-0.60633,-0.78155,0.88113,0.07987,1,0,0,0,2
329,-0.95197,-0.48246,-0.05921,-0.57009,-1.10702,1.02119,-0.69509,1.43533,2.03972,-0.40581,-0.71126,1.92173,2,2,1,2,1
330,0.49788,0.48246,1.98437,-0.57009,-0.31685,-0.79151,-0.15487,0.7233,0.13136,2.33337,-1.37983,-1.54858,0,0,0,0,0
331,0.49788,0.48246,0.45468,0.96082,-0.31685,-0.14882,0.63779,0.88309,-0.45321,0.25953,-1.37983,-1.54858,0,0,0,0,0
332,1.09449,0.48246,0.45468,0.96082,-0.31685,-0.58016,-0.15487,-0.84732,0.13136,0.58489,-1.37983,-1.54858,0,0,0,0,0
333,-0.07854,-0.48246,0.45468,0.96082,0.1144,0.73545,1.74091,1.43533,0.76096,-0.00665,0.88113,1.2247,1,1,0,0,1
334,1.09449,0.48246,0.45468,0.96082,-0.31685,-0.46725,0.47617,0.29338,0.43852,0.25953,0.19268,-0.21575,0,0,0,0,0
335,-0.07854,0.48246,-0.61113,0.24923,-1.10702,0.52135,0.16767,-0.17779,1.11406,0.58489,-0.71126,0.07987,2,0,0,0,0
336,-0.95197,0.48246,0.45468,0.96082,-0.31685,-1.55078,0.16767,-0.84732,1.11406,1.46191,0.52975,1.2247,0,0,0,0,0
337,-0.95197,-0.48246,-0.61113,-0.57009,0.1144,0.13606,-0.15487,1.88511,0.28783,-1.5184,1.29221,0.7654,1,0,0,1,0
338,-0.95197,-0.48246,0.45468,-0.57009,0.1144,1.13281,-0.15487,-0.01928,1.81866,-1.13788,0.52975,0.40148,1,1,0,1,1
339,0.49788,0.48246,0.45468,0.96082,-0.31685,0.13606,0.47617,-0.17779,-0.15487,0.58489,-1.37983,-1.18084,0,0,0,0,0
340,-0.07854,0.48246,1.16365,-0.57009,0.1144,1.37297,-0.30033,0.44585,0.76096,-1.25773,1.29221,0.7654,1,0,0,0,1
341,-0.95197,-0.48246,-0.61113,-0.09765,-1.10702,-0.14882,0.32197,0.58331,1.11406,-0.00665,0.19268,0.7654,2,0,0,1,0
342,-0.95197,-0.48246,-0.61113,-0.57009,-1.10702,0.13606,-0.57545,-0.84732,-0.60633,-0.52745,-0.21712,-2.07848,2,0,0,0,0
343,-0.95197,-0.48246,-0.61113,-0.09765,-1.10702,0.73545,-2.32338,1.06238,-0.01729,-2.42317,0.19268,-0.84637,2,2,0,0,1
344,1.09449,-0.48246,-0.05921,0.96082,0.1144,-0.79151,0.47617,-1.11902,-0.76096,-0.14277,-0.21712,0.7654,1,0,0,0,0
345,-0.95197,0.48246,1.16365,0.96082,-0.31685,-0.79151,0.32197,-0.58331,0.13136,0.7583,-0.21712,-0.21575,0,0,0,0,0
346,-0.07854,-0.48246,-1.7379,0.96082,-0.31685,-0.05188,0.00332,-0.17779,-0.60633,0.41594,0.52975,-0.84637,0,0,0,0,0
347,-0.95197,-0.48246,-1.22751,-0.57009,-1.10702,1.60383,1.93886,1.65653,-1.07533,-0.40581,1.86203,1.92173,2,2,1,1,1
348,-0.07854,-0.48246,-0.61113,-0.57009,0.1144,0.41667,-0.15487,1.65653,0.13136,0.25953,0.52975,1.2247,1,0,0,1,0
349,1.09449,0.48246,1.16365,0.96082,-0.31685,-0.79151,-0.15487,1.43533,-0.01729,0.93949,1.86203,0.7654,0,0,0,0,0
350,0.49788,0.48246,-1.7379,0.96082,-0.31685,-0.67825,0.00332,-1.27553,-0.76096,0.58489,0.52975,-0.21575,0,0,0,0,0
351,-0.95197,-0.48246,-0.61113,-0.57009,-1.10702,-0.58016,1.2861,-0.97631,0.43852,0.93949,0.19268,1.92173,2,1,1,1,0
352,0.49788,-0.48246,-1.7379,-0.57009,0.1144,0.73545,-0.57545,0.14143,0.59042,-1.5184,-1.37983,-0.21575,1,0,0,0,1
353,-0.95197,0.48246,-1.22751,-0.57009,-1.10702,-1.69163,1.45421,2.44904,-0.45321,1.13407,0.52975,0.7654,2,0,1,2,0
354,-0.07854,0.48246,0.45468,0.96082,0.1144,-0.58016,1.74091,0.88309,-0.01729,-0.27607,1.29221,0.7654,1,0,0,0,0
355,-0.07854,0.48246,1.16365,0.96082,-0.31685,1.60383,-0.94779,-0.31776,-1.772,-2.04506,1.29221,1.92173,0,0,0,0,1
356,0.49788,0.48246,1.16365,0.96082,-0.31685,-0.34799,-0.15487,-1.27553,0.43852,1.46191,-0.21712,-0.84637,0,0,0,0,0
357,-0.95197,0.48246,-0.61113,0.24923,0.1144,0.62967,0.16767,0.58331,-0.15487,-2.04506,-1.37983,0.40148,1,0,0,0,1
358,-0.95197,-0.48246,-0.05921,-0.09765,-1.10702,1.23461,-1.92173,0.29338,0.13136,-0.52745,-0.71126,1.2247,2,1,1,1,1
359,2.59171,0.48246,1.98437,0.24923,-0.31685,-0.46725,0.32197,0.44585,-0.15487,1.46191,-0.21712,-0.21575,0,0,0,0,0
360,-0.95197,-0.48246,-0.61113,-0.57009,-1.10702,-0.67825,0.00332,1.06238,-1.21213,-1.5184,1.29221,0.40148,2,1,1,1,0
361,-0.95197,-0.48246,-0.61113,-0.57009,-1.10702,1.02119,-0.80615,0.88309,-0.30172,1.13407,-0.21712,0.7654,2,1,1,0,1
362,-0.07854,-0.48246,1.16365,-0.46841,-1.10702,0.31287,-0.69509,0.14143,-1.21213,-0.27607,-0.21712,-0.21575,2,0,1,2,0
363,0.49788,0.48246,-1.22751,0.21128,-0.31685,0.41667,-0.57545,-0.58331,-0.15487,0.25953,-1.37983,-1.54858,0,0,0,0,0
364,0.49788,0.48246,-0.61113,0.96082,-0.31685,0.04257,0.80523,-0.31776,1.2861,0.7583,-1.37983,-1.18084,0,0,0,0,0
365,0.49788,0.48246,-0.61113,0.96082,0.1144,-0.46725,-0.80615,-1.68062,0.28783,0.7583,-0.21712,-2.07848,1,0,0,0,0
366,-0.07854,0.48246,0.45468,-0.57009,0.1144,-0.46725,-1.92173,1.88511,-0.91699,0.25953,0.19268,1.92173,1,0,0,0,0
367,0.49788,0.48246,0.45468,0.96082,-0.31685,-0.05188,-0.94779,-0.71727,-0.15487,0.7583,-1.37983,-1.54858,0,0,0,0,0
368,1.09449,0.48246,0.45468,0.96082,-1.10702,1.37297,0.32197,-0.31776,0.28783,-0.78155,0.19268,0.40148,2,0,0,0,1
369,-0.95197,-0.48246,-0.61113,-0.09765,-1.10702,0.82562,1.2861,1.24033,-0.60633,-1.0145,0.19268,0.40148,2,2,1,2,1
370,1.82213,-0.48246,1.16365,-0.57009,-1.10702,-0.67825,0.00332,1.24033,1.2861,0.41594,0.19268,0.07987,2,0,1,0,0
371,-0.95197,-0.48246,-0.61113,-0.57009,-1.10702,0.91093,0.32197,1.88511,-1.07533,-0.78155,-0.21712,0.40148,2,1,1,2,1
372,1.09449,-0.48246,-0.61113,-0.57009,-0.31685,-0.67825,-1.23177,-0.01928,-2.5383,-2.90161,-0.21712,1.2247,0,0,0,0,0
373,-0.95197,-0.48246,-1.22751,0.96082,-1.10702,0.73545,0.80523,-0.01928,-0.91699,1.13407,0.52975,0.7654,2,0,0,0,1
374,-0.07854,0.48246,0.45468,0.96082,-0.31685,-1.55078,2.127,-2.21069,-0.91699,-0.14277,1.29221,-0.21575,0,0,0,0,0
375,1.09449,0.48246,1.16365,0.96082,-0.31685,-1.32828,-0.57545,-0.58331,1.81866,0.12331,-0.71126,-1.18084,0,0,0,0,0
376,-0.95197,-0.48246,-0.05921,-0.57009,-1.10702,1.13281,-1.6334,1.06238,-0.91699,-1.38502,1.29221,0.7654,2,2,2,2,1
377,0.49788,-0.48246,1.98437,0.96082,-0.31685,-0.34799,-0.15487,-0.17779,0.59042,-1.64101,0.52975,-0.21575,0,0,0,0,0
378,1.09449,0.48246,0.45468,0.96082,-0.31685,-1.05308,0.63779,-0.97631,0.76096,-0.52745,-1.37983,-2.07848,0,0,0,0,0
379,1.09449,-0.48246,0.45468,-0.57009,0.1144,-0.14882,-0.57545,-0.58331,0.13136,0.41594,-0.71126,-0.84637,1,0,0,2,0
380,1.09449,0.48246,0.45468,0.96082,-0.31685,-0.79151,-0.30033,-0.58331,-1.07533,-0.14277,-1.37983,-1.18084,0,0,0,0,0
381,-0.07854,-0.48246,-0.05921,0.24923,-0.31685,1.23461,-0.43999,-0.17779,-0.45321,0.12331,-0.71126,-0.84637,2,2,0,0,1
382,-0.07854,-0.48246,-2.43591,0.96082,-0.31685,0.13606,-0.94779,-1.42424,-0.76096,-0.27607,-0.21712,-0.21575,0,0,0,0,0
383,-0.95197,-0.48246,-0.61113,-0.28519,0.1144,1.02119,-0.15487,-0.01928,-1.34289,-0.89891,-1.37983,0.07987,1,0,0,2,1
384,0.49788,0.48246,-0.05921,0.96082,-0.31685,0.04257,0.32197,-1.27553,0.76096,0.7583,-1.37983,-1.18084,0,0,0,0,0
385,1.82213,0.48246,-0.05921,0.96082,-0.31685,-0.67825,0.63779,-0.01928,-0.76096,-0.40581,-0.21712,0.07987,0,0,0,0,0
386,-0.07854,-0.48246,1.16365,-0.57009,-0.31685,-0.58016,-0.69509,0.29338,-0.01729,-1.0145,-0.71126,-1.18084,2,1,1,2,0
387,0.49788,-0.48246,-0.05921,-0.28519,-0.31685,-1.1943,-0.80615,0.7233,-0.45321,0.25953,1.29221,-0.21575,0,0,0,0,0
388,0.49788,-0.48246,1.98437,0.96082,-0.31685,-0.58016,0.00332,0.88309,-2.70172,-0.27607,-0.71126,0.07987,0,0,0,0,0
389,-0.07854,-0.48246,1.16365,0.96082,-0.31685,-0.79151,0.47617,1.06238,-0.45321,1.13407,-1.37983,-0.84637,0,0,0,0,0
390,-0.95197,-0.48246,-0.61113,-0.57009,-1.10702,0.91093,0.00332,1.06238,-1.21213,-0.78155,0.52975,1.92173,2,1,0,0,1
391,1.09449,0.48246,0.45468,0.96082,-0.31685,0.04257,-1.92173,-1.42424,1.45039,0.93949,-1.37983,-0.52593,0,0,0,0,0
392,-0.95197,0.48246,-1.7379,0.96082,-0.31685,-1.1943,-0.57545,-1.97495,-0.30172,-0.14277,1.86203,0.7654,0,0,0,0,0
393,-0.95197,-0.48246,-1.22751,-0.57009,-1.10702,1.23461,-0.43999,1.43533,-1.07533,0.12331,-0.71126,0.40148,2,1,0,2,1
394,1.82213,-0.48246,0.45468,0.96082,-0.31685,-0.14882,1.2861,0.44585,0.13136,1.13407,0.52975,0.40148,0,0,0,0,0
395,-0.95197,-0.48246,-0.61113,-0.57009,0.1144,-0.24649,0.47617,-0.17779,-1.07533,0.12331,-0.71126,1.2247,1,0,1,1,0
396,1.09449,-0.48246,0.45468,0.96082,-0.31685,-1.1943,-0.15487,-1.27553,1.45039,0.41594,-0.71126,0.07987,0,0,0,0,0
397,-0.95197,-0.48246,0.45468,-0.57009,-1.10702,1.23461,-0.69509,2.90161,3.46436,-0.78155,0.88113,1.92173,2,1,1,0,1
398,-0.95197,0.48246,0.45468,-0.57009,-1.10702,0.73545,0.00332,-0.31776,0.13136,-0.52745,1.29221,1.2247,2,1,2,1,1
399,0.49788,0.48246,0.45468,0.96082,-0.31685,-0.92104,0.00332,-1.11902,-1.6209,-0.00665,0.19268,0.40148,0,0,0,0,0
400,-0.07854,-0.48246,1.98437,0.96082,-0.31685,-0.14882,0.32197,-0.17779,0.13136,0.58489,-1.37983,-1.54858,0,0,0,0,0
401,1.09449,0.48246,-0.05921,0.96082,-0.31685,-0.79151,-0.57545,-0.45174,-0.45321,0.7583,0.19268,-1.18084,0,0,0,0,0
402,-0.07854,0.48246,0.45468,-0.57009,-1.10702,-0.67825,-1.6334,-0.31776,-1.47955,-1.13788,-1.37983,-1.18084,2,0,0,0,0
403,1.82213,-0.48246,-0.05921,0.96082,-0.31685,-0.46725,-1.50796,-1.55521,0.76096,-0.40581,0.19268,-0.21575,0,0,0,0,0
404,-0.07854,-0.48246,0.45468,0.96082,-0.31685,-0.67825,0.96248,-1.68062,0.76096,0.7583,-0.21712,-0.52593,0,0,0,0,0
405,-0.95197,-0.48246,-0.61113,-0.57009,0.1144,0.62967,-0.80615,-0.17779,-1.34289,-0.65253,-1.37983,-0.84637,1,1,1,1,1
406,-0.07854,0.48246,0.45468,0.96082,-0.31685,-0.34799,0.00332,-0.97631,0.13136,-1.38502,-0.71126,-0.52593,0,0,0,0,0
407,-0.07854,0.48246,1.16365,0.96082,-0.31685,0.31287,0.63779,-0.97631,-1.07533,0.7583,0.19268,1.92173,0,0,0,0,0
408,-0.95197,-0.48246,-0.61113,-0.57009,-1.10702,0.31287,0.47617,0.88309,-0.76096,0.25953,-0.71126,-0.21575,2,0,1,1,0
409,-0.95197,-0.48246,-0.61113,-0.57009,-1.10702,1.49158,-1.09207,-0.01928,-2.21844,-1.38502,-0.71126,0.7654,2,1,1,1,1
410,1.09449,-0.48246,0.45468,0.96082,0.1144,1.37297,-1.7625,0.7233,-0.91699,0.12331,-0.21712,-0.52593,1,0,0,0,1
411,-0.07854,-0.48246,0.45468,0.96082,-0.31685,0.31287,-0.30033,-1.68062,0.28783,0.12331,-0.71126,-1.18084,0,0,0,0,0
412,-0.95197,-0.48246,-0.61113,-0.28519,-1.10702,2.127,0.32197,0.29338,-0.30172,-0.27607,0.88113,0.7654,2,2,0,1,2
413,-0.07854,0.48246,0.45468,0.96082,-0.31685,0.31287,0.96248,-0.01928,-0.91699,1.63088,0.19268,0.40148,0,0,0,0,0
414,1.82213,-0.48246,0.45468,0.96082,-0.31685,0.52135,1.11406,-0.31776,1.11406,0.93949,-0.21712,0.07987,0,0,0,0,0
415,-0.95197,-0.48246,0.45468,0.96082,0.1144,-0.34799,0.63779,1.24033,-0.91699,-0.52745,-0.21712,0.07987,1,0,0,0,0
416,0.49788,-0.48246,0.45468,0.96082,-0.31685,0.52135,1.11406,-0.31776,-0.60633,0.12331,0.19268,0.7654,0,0,0,0,0
417,-0.07854,-0.48246,-0.05921,0.21128,0.1144,0.82562,0.47617,0.88309,0.43852,0.7583,-0.71126,-0.21575,1,1,0,1,1
418,1.09449,-0.48246,1.16365,0.96082,-0.31685,0.41667,1.58487,1.24033,0.13136,1.30612,-1.37983,-1.18084,0,0,0,0,0
419,-0.07854,0.48246,1.16365,0.96082,-0.31685,-0.34799,1.74091,0.29338,0.59042,1.30612,0.19268,-0.52593,0,0,0,0,0
420,2.59171,-0.48246,-0.61113,0.24923,-0.31685,-0.14882,-0.43999,-0.97631,0.13136,0.12331,1.29221,-0.21575,0,0,0,0,0
421,-0.07854,0.48246,1.98437,0.96082,-0.31685,0.04257,0.32197,-0.84732,-0.01729,0.41594,-1.37983,-0.84637,0,0,0,0,0
422,-0.95197,-0.48246,-0.61113,-0.57009,-0.31685,-0.67825,1.45421,1.43533,-0.60633,-0.14277,0.88113,1.2247,0,0,0,0,0
423,-0.07854,0.48246,-0.05921,0.96082,-0.31685,-0.46725,0.00332,-0.97631,-0.45321,0.93949,0.52975,-0.52593,0,0,0,0,0
424,-0.95197,-0.48246,0.45468,-0.57009,-1.10702,2.28554,0.63779,0.14143,-1.07533,1.30612,-0.21712,0.40148,2,2,0,1,2
425,-0.95197,0.48246,-0.61113,-0.57009,0.1144,-0.05188,-0.80615,0.7233,2.23427,1.13407,0.52975,1.2247,1,0,0,1,0
426,-0.07854,-0.48246,-1.22751,-0.28519,-1.10702,1.72012,1.58487,0.29338,-1.47955,-0.00665,-0.21712,0.7654,2,2,0,1,2
427,-0.95197,-0.48246,-0.61113,0.21128,0.1144,-0.14882,-0.43999,1.06238,0.13136,-1.38502,-0.21712,0.7654,1,0,0,0,0
428,0.49788,0.48246,0.45468,-0.09765,-0.31685,-1.86962,0.16767,-0.31776,-0.30172,0.41594,0.88113,1.2247,0,0,0,0,0
429,1.09449,-0.48246,0.45468,0.96082,-0.31685,-2.05048,0.80523,-1.42424,0.94156,0.25953,0.52975,0.40148,0,0,0,0,0
430,-0.95197,0.48246,0.45468,0.96082,-0.31685,-0.92104,1.2861,0.58331,0.13136,0.41594,0.88113,0.07987,0,0,0,0,0
431,-0.95197,-0.48246,-0.61113,-0.57009,-1.10702,0.04257,-0.43999,2.15324,-1.92595,2.33337,1.29221,1.92173,2,1,1,1,0
432,0.49788,0.48246,-0.05921,-0.57009,-1.10702,0.52135,-1.92173,0.88309,0.28783,-1.78169,0.88113,-1.18084,2,0,0,0,0
433,-0.07854,-0.48246,1.16365,0.96082,-0.31685,-1.1943,-1.7625,0.44585,0.28783,0.58489,-1.37983,-0.84637,0,0,0,0,0
434,1.09449,0.48246,0.45468,0.96082,-0.31685,-0.67825,0.80523,-0.01928,0.13136,-0.14277,-0.21712,0.07987,0,0,0,0,0
435,-0.95197,0.48246,-0.05921,-0.57009,-1.10702,1.02119,0.00332,2.44904,-0.60633,-2.18109,0.88113,1.2247,2,1,1,1,1
436,-0.95197,-0.48246,-0.61113,0.96082,-1.10702,1.23461,0.96248,1.65653,-0.60633,0.12331,1.86203,1.2247,2,1,0,1,1
437,-0.95197,-0.48246,-0.61113,-0.28519,0.1144,1.02119,-1.6334,-0.01928,-1.07533,-1.0145,0.19268,0.7654,1,1,0,2,1
438,-0.07854,-0.48246,0.45468,-0.57009,-1.10702,1.23461,-0.94779,1.06238,-0.30172,0.58489,-0.21712,0.07987,2,1,1,0,1
439,-0.07854,0.48246,1.16365,0.96082,-1.10702,2.46262,0.80523,1.24033,1.2861,0.41594,0.19268,1.2247,2,0,1,1,2
440,-0.95197,0.48246,0.45468,0.96082,-1.10702,-0.24649,1.93886,0.58331,-1.47955,0.12331,1.29221,1.92173,2,0,0,0,0
441,0.49788,0.48246,-0.61113,0.96082,-0.31685,-2.75696,0.16767,-1.82919,-0.45321,0.41594,-1.37983,-0.52593,0,0,0,0,0
442,1.82213,-0.48246,1.98437,-0.28519,0.1144,-1.32828,1.2861,0.58331,1.11406,0.7583,0.52975,0.07987,1,0,1,0,0
443,-0.07854,0.48246,1.16365,0.96082,-0.31685,0.13606,0.63779,-0.71727,1.61108,1.13407,-1.37983,-1.18084,0,0,0,0,0
444,-0.95197,-0.48246,-0.61113,-0.57009,0.1144,1.13281,2.127,1.88511,-0.60633,-1.25773,1.86203,1.92173,1,1,1,1,1
445,-0.95197,0.48246,-0.61113,-0.57009,-1.10702,1.98437,1.2861,1.43533,0.76096,2.04506,0.52975,1.2247,2,0,0,1,2
446,-0.95197,-0.48246,-0.05921,0.96082,0.1144,0.73545,0.63779,-1.82919,-1.07533,-0.89891,0.88113,0.40148,1,0,1,1,1
447,-0.07854,-0.48246,0.45468,0.96082,-0.31685,-0.14882,0.16767,-1.55521,-0.76096,-0.40581,0.52975,-0.21575,0,0,0,0,0
448,-0.95197,-0.48246,-0.61113,-0.28519,-1.10702,0.52135,-0.30033,0.88309,1.11406,-1.0145,-0.71126,-0.21575,2,0,1,0,0
449,2.59171,-0.48246,-2.43591,0.96082,-0.31685,-0.58016,-1.09207,-2.39883,-0.91699,-0.65253,-1.37983,-2.07848,0,0,0,0,0
450,1.09449,-0.48246,-0.61113,-0.57009,-1.10702,-0.14882,-0.15487,0.44585,-0.15487,0.12331,0.19268,-0.21575,2,1,2,0,0
451,-0.07854,0.48246,-0.61113,-0.57009,0.1144,-0.34799,1.11406,0.7233,-0.30172,0.7583,-0.21712,1.2247,1,0,0,0,0
452,-0.95197,0.48246,-1.7379,0.96082,-0.31685,-0.67825,-2.44904,1.06238,-0.76096,-2.18109,-0.21712,-0.84637,0,0,0,1,0
453,-0.95197,0.48246,-0.61113,0.96082,-0.31685,-0.46725,-2.72827,-1.11902,-0.45321,-2.42317,-0.71126,-0.84637,0,0,0,0,0
454,-0.07854,0.48246,-0.05921,0.96082,0.1144,-0.46725,1.11406,-0.01928,-0.01729,-0.00665,-0.21712,1.2247,1,0,0,0,0
455,-0.95197,-0.48246,-0.61113,-0.09765,0.1144,0.91093,1.74091,0.7233,0.13136,0.41594,0.88113,1.92173,1,2,2,0,1
456,-0.07854,-0.48246,1.16365,0.96082,-0.31685,-0.67825,-1.23177,-0.17779,-0.76096,0.12331,-0.21712,-0.21575,0,0,0,0,0
457,-0.95197,-0.48246,-0.61113,-0.57009,-0.31685,-0.05188,-0.15487,2.44904,-1.07533,-1.5184,1.86203,1.92173,2,0,1,1,0
458,0.49788,-0.48246,1.98437,-0.28519,-0.31685,0.41667,-0.15487,0.88309,-1.07533,-0.40581,-0.21712,-0.21575,0,0,0,0,0
459,-0.95197,0.48246,0.45468,0.96082,-0.31685,-2.75696,0.47617,0.44585,0.94156,0.12331,-0.21712,0.40148,0,0,0,0,0
460,0.49788,0.48246,-1.22751,0.96082,-0.31685,-1.43907,-0.80615,0.7233,-0.91699,0.25953,-0.71126,-0.21575,0,0,0,0,0
461,-0.07854,0.48246,0.45468,-0.57009,-0.31685,-0.46725,1.45421,0.58331,1.2861,1.63088,0.52975,0.7654,0,0,0,0,0
462,-0.95197,0.48246,-1.43719,-0.57009,0.1144,0.22393,-1.92173,-0.01928,1.11406,-0.78155,-0.21712,1.92173,1,0,0,2,0
463,-0.95197,-0.48246,-0.61113,-0.57009,-1.10702,-0.14882,0.80523,0.88309,0.59042,-0.78155,0.19268,0.07987,2,1,1,1,0
464,-0.07854,0.48246,1.16365,0.96082,-0.31685,-0.14882,0.32197,-0.17779,0.43852,0.41594,0.19268,-0.21575,0,0,0,0,0
465,-0.95197,0.48246,-0.61113,-0.57009,-1.10702,1.72012,0.47617,0.14143,1.45039,-0.27607,-0.21712,1.2247,2,0,1,1,1
466,1.09449,0.48246,-0.05921,0.96082,-0.31685,-0.46725,0.63779,-1.55521,0.28783,0.93949,0.19268,0.07987,0,0,0,0,0
467,0.49788,0.48246,-0.61113,-0.28519,-0.31685,0.62967,0.16767,0.44585,-0.91699,0.12331,1.29221,1.2247,2,0,0,1,1
468,1.09449,-0.48246,0.45468,0.96082,-0.31685,0.04257,1.58487,0.14143,-0.30172,0.7583,0.19268,0.40148,0,0,0,0,0
469,-0.07854,-0.48246,-1.7379,0.96082,-0.31685,1.13281,-1.37639,0.14143,0.76096,-0.40581,-0.21712,1.2247,2,0,0,1,1
470,0.49788,0.48246,0.45468,0.24923,-1.10702,0.91093,0.00332,-0.17779,-0.60633,-0.52745,0.88113,0.7654,2,2,1,2,1
471,1.09449,0.48246,1.16365,0.96082,-0.31685,0.41667,0.00332,-0.45174,0.28783,0.12331,-1.37983,-0.52593,0,0,0,0,0
472,-0.07854,0.48246,-0.05921,0.96082,-0.31685,-0.92104,1.11406,-1.42424,0.28783,-0.00665,-0.71126,-0.84637,0,0,0,0,0
473,-0.07854,0.48246,0.45468,-0.09765,0.1144,1.8399,-2.32338,0.29338,-1.07533,-0.89891,-0.71126,-0.52593,1,0,1,1,2
474,-0.07854,0.48246,0.45468,-0.57009,-1.10702,-0.05188,-0.30033,1.43533,-0.30172,1.46191,-0.21712,0.40148,2,0,1,0,0
475,0.49788,-0.48246,-0.05921,0.96082,-0.31685,0.22393,-0.43999,0.14143,-0.01729,-0.00665,-0.71126,-0.52593,0,0,0,0,0
476,-0.95197,-0.48246,-0.61113,-0.57009,-1.10702,1.23461,-0.15487,0.7233,0.94156,-0.27607,-0.71126,0.40148,2,2,0,2,1
477,1.82213,0.48246,-0.05921,0.96082,-0.31685,-1.69163,-0.69509,-1.11902,-0.45321,-0.40581,-1.37983,-2.07848,0,0,0,0,0
478,0.49788,-0.48246,1.16365,0.96082,-0.31685,0.31287,0.47617,-0.71727,0.13136,0.93949,-0.21712,-0.52593,0,0,0,0,0
479,-0.07854,0.48246,0.45468,0.96082,-0.31685,-1.69163,0.32197,1.43533,0.94156,-0.27607,-0.71126,-0.21575,0,0,0,0,0
480,-0.07854,0.48246,0.45468,-0.57009,-1.10702,0.22393,-1.50796,0.14143,0.28783,0.25953,-0.21712,0.7654,2,0,0,0,0
481,1.09449,0.48246,-0.05921,0.21128,-0.31685,-0.92104,-0.15487,-1.27553,0.94156,0.12331,-1.37983,-1.54858,0,0,0,0,0
482,0.49788,-0.48246,-0.05921,0.96082,-0.31685,-2.3436,-0.30033,0.14143,-0.15487,-0.27607,-0.21712,-0.84637,0,0,0,0,0
483,1.09449,-0.48246,-1.22751,0.96082,-0.31685,-0.14882,0.96248,-0.01928,0.43852,0.93949,0.19268,0.40148,0,0,0,0,0
484,-0.95197,-0.48246,-0.61113,-0.57009,-1.10702,0.62967,0.00332,0.58331,-0.15487,-0.52745,0.19268,1.2247,2,1,1,1,1
485,-0.95197,0.48246,-1.22751,0.96082,-0.31685,-0.79151,-0.15487,-0.71727,-0.60633,0.25953,-0.21712,-0.21575,0,0,0,0,0
486,1.82213,-0.48246,-1.22751,0.96082,-0.31685,-0.24649,-0.80615,-0.97631,0.59042,0.25953,-1.37983,-1.18084,0,0,0,0,0
487,0.49788,0.48246,1.98437,0.96082,-0.31685,0.13606,0.96248,-0.97631,1.61108,2.04506,-0.21712,-0.52593,0,0,0,0,0
488,2.59171,-0.48246,1.98437,0.96082,-0.31685,0.52135,-0.15487,-0.45174,-1.47955,1.81175,-0.71126,-1.54858,0,0,0,0,0
489,-0.95197,-0.48246,-0.61113,-0.57009,-1.10702,1.37297,-0.94779,-0.31776,0.43852,-0.14277,-0.21712,0.7654,2,1,2,2,1
490,-0.07854,0.48246,1.16365,0.96082,-0.31685,0.31287,1.2861,-1.82919,0.13136,0.7583,-0.71126,-0.84637,0,0,0,0,0
491,-0.07854,-0.48246,-1.43719,0.24923,0.1144,0.73545,-0.80615,-0.45174,-1.92595,-1.64101,0.19268,-0.52593,1,0,1,0,1
492,0.49788,-0.48246,-0.05921,-0.28519,0.1144,0.13606,1.11406,0.58331,-0.01729,0.12331,-0.71126,0.40148,1,1,2,0,0
493,0.49788,-0.48246,1.98437,0.96082,-0.31685,1.60383,-0.94779,-1.55521,1.81866,0.58489,-2.55524,-0.84637,2,0,0,0,1
494,0.49788,0.48246,-0.61113,-0.57009,-1.10702,-0.14882,-1.50796,0.44585,0.76096,-0.27607,-0.21712,0.7654,2,0,0,1,0
495,-0.95197,-0.48246,-0.61113,-0.57009,-1.10702,1.37297,-0.43999,-0.01928,-1.772,-1.0145,0.88113,0.7654,2,1,1,1,1
496,-0.95197,0.48246,-0.61113,-0.57009,-0.31685,1.98437,-1.23177,-0.45174,0.94156,-0.14277,0.88113,1.2247,0,2,1,0,2
497,-0.95197,0.48246,0.45468,0.96082,0.1144,1.02119,0.80523,-0.97631,0.94156,-0.65253,0.52975,0.07987,1,0,0,1,1
498,0.49788,0.48246,-0.05921,0.96082,-0.31685,0.31287,0.16767,-0.45174,0.59042,-0.78155,-0.71126,-0.21575,0,0,0,0,0
499,-0.07854,0.48246,1.98437,-0.57009,-1.10702,1.49158,0.80523,-0.31776,-0.15487,0.93949,-0.21712,-0.52593,2,0,0,0,1
500,-0.95197,-0.48246,-0.61113,-0.57009,0.1144,1.37297,1.74091,1.06238,0.28783,-1.0145,0.88113,0.7654,1,2,2,1,1
501,-0.95197,-0.48246,-2.43591,-0.57009,-1.10702,0.91093,-0.69509,0.29338,-0.60633,-0.14277,-1.37983,-0.84637,2,0,1,0,1
502,-0.95197,-0.48246,-0.61113,-0.57009,-1.10702,1.13281,0.96248,-0.17779,-0.30172,-0.27607,1.29221,0.7654,2,1,1,1,1
503,-0.07854,0.48246,0.45468,0.96082,-0.31685,-0.79151,-2.11437,-0.97631,1.11406,-0.65253,-1.37983,-0.84637,0,0,0,0,0
504,-0.95197,-0.48246,-0.61113,-0.57009,0.1144,0.82562,-0.57545,-0.31776,-1.47955,-0.89891,-1.37983,0.7654,1,1,0,1,1
505,0.49788,-0.48246,0.45468,0.96082,-0.31685,0.13606,0.32197,-0.84732,1.81866,-0.40581,-0.71126,-1.18084,0,0,0,0,0
506,0.49788,-0.48246,-0.05921,0.96082,-1.10702,-0.58016,1.45421,-1.27553,-0.45321,-0.00665,-0.21712,0.07987,0,0,0,0,0
507,-0.95197,0.48246,-0.61113,0.96082,-0.31685,-0.92104,-1.7625,0.14143,-0.76096,-2.42317,-0.71126,-2.07848,0,0,0,0,0
508,-0.07854,-0.48246,-0.05921,-0.57009,-1.10702,1.37297,0.96248,-0.17779,-0.45321,0.7583,0.19268,-0.21575,2,0,0,0,1
509,-0.07854,0.48246,1.16365,0.21128,-0.31685,-0.24649,-0.30033,-1.27553,1.81866,-0.27607,-1.37983,-1.18084,0,0,0,0,0
510,-0.07854,0.48246,0.45468,-0.57009,0.1144,-2.75696,0.96248,1.24033,0.76096,-0.27607,-0.21712,0.07987,2,1,1,2,0
511,0.49788,-0.48246,0.45468,-0.28519,-0.31685,-2.75696,-0.57545,0.88309,-1.6209,-0.40581,-0.21712,0.7654,0,0,0,0,0
512,1.09449,0.48246,1.98437,0.96082,-0.31685,-0.58016,0.47617,0.58331,0.28783,-0.14277,-0.21712,-2.07848,0,0,0,0,0
513,-0.95197,0.48246,-0.61113,0.96082,0.1144,-0.67825,1.45421,1.06238,-1.772,-0.89891,1.29221,1.2247,1,1,1,1,0
514,-0.07854,0.48246,1.16365,0.96082,-0.31685,0.13606,-1.23177,-0.71727,-0.91699,-0.00665,-0.71126,-0.52593,0,0,0,0,0
515,-0.95197,-0.48246,0.45468,0.96082,-1.10702,2.28554,-0.43999,0.14143,-0.30172,-0.00665,0.88113,0.40148,2,0,1,0,2
516,0.49788,0.48246,-0.61113,-0.57009,-0.31685,-0.92104,-1.92173,-2.39883,1.11406,0.25953,-0.21712,-1.54858,0,0,0,0,0
517,0.49788,-0.48246,-1.43719,0.96082,0.1144,-0.24649,-0.15487,-0.31776,-0.30172,-0.65253,-0.21712,0.07987,2,0,0,0,0
518,0.49788,0.48246,-1.7379,0.96082,-1.10702,-2.05048,0.96248,-0.58331,0.76096,-0.27607,-1.37983,-1.18084,2,0,0,0,0
519,1.09449,-0.48246,-1.7379,0.96082,-0.31685,0.52135,0.32197,-0.58331,0.94156,-0.27607,-0.21712,-0.21575,0,0,0,0,0
520,1.09449,-0.48246,-0.05921,-0.57009,-0.31685,-0.24649,-0.15487,-0.17779,-1.92595,-1.0145,0.52975,0.40148,0,0,0,0,0
521,-0.07854,-0.48246,0.45468,-0.28519,-1.10702,1.23461,0.63779,1.06238,-0.45321,0.7583,0.19268,1.2247,2,1,2,2,1
522,0.49788,0.48246,1.98437,0.96082,-0.31685,-0.05188,-0.43999,-0.71727,0.59042,0.93949,-0.71126,-0.84637,0,0,0,0,0
523,-0.95197,-0.48246,-0.61113,-0.28519,-1.10702,-0.05188,1.58487,-0.01928,-1.21213,2.04506,-0.21712,0.7654,2,0,0,0,0
524,-0.07854,-0.48246,-0.61113,-0.57009,0.1144,-0.79151,-1.23177,0.44585,-0.76096,-1.38502,0.19268,-1.18084,1,0,0,2,0
525,-0.07854,0.48246,0.45468,0.96082,-0.31685,-2.05048,-0.80615,-0.31776,-0.45321,-0.65253,-0.21712,-0.21575,0,0,0,0,0
526,-0.95197,-0.48246,0.45468,0.96082,0.1144,-0.67825,-0.43999,0.58331,0.28783,-0.52745,0.52975,0.7654,1,0,0,1,0
527,1.09449,0.48246,-0.05921,0.96082,-0.31685,-1.86962,-0.30033,-0.31776,1.2861,0.58489,-1.37983,-0.21575,0,0,0,0,0
528,-0.07854,0.48246,-0.61113,-0.57009,-1.10702,-1.43907,-0.15487,0.7233,0.59042,1.46191,-1.37983,-1.18084,2,0,0,0,0
529,0.49788,-0.48246,-0.05921,0.96082,0.1144,0.62967,-1.50796,-0.84732,-0.15487,-1.13788,0.88113,0.07987,1,0,0,0,1
530,0.49788,0.48246,0.45468,-0.57009,0.1144,-1.69163,0.47617,0.58331,-1.34289,-0.52745,0.52975,0.07987,1,0,0,1,0
531,0.49788,0.48246,-0.05921,0.96082,-0.31685,-0.05188,-2.21069,-1.82919,0.59042,0.41594,-1.37983,-1.54858,0,0,0,0,0
532,-0.95197,-0.48246,-0.61113,-0.57009,0.1144,-0.92104,-2.72827,-1.27553,0.28783,-1.92173,0.52975,1.2247,1,0,1,2,0
533,1.09449,-0.48246,1.16365,0.96082,-0.31685,-1.32828,0.80523,0.29338,0.94156,1.13407,-2.55524,-1.18084,0,0,0,0,0
534,0.49788,0.48246,-0.61113,-0.57009,-1.10702,0.04257,0.00332,-0.45174,-0.76096,-0.52745,0.88113,-0.21575,2,0,0,0,0
535,-0.95197,-0.48246,1.16365,-0.57009,0.1144,-0.14882,1.2861,-1.11902,-0.91699,-0.52745,1.86203,0.40148,1,0,0,1,0
536,0.49788,0.48246,-0.61113,0.96082,-0.31685,-1.69163,0.00332,-0.31776,1.11406,0.12331,0.19268,-0.52593,0,0,0,0,0
537,1.09449,0.48246,-0.61113,0.96082,-0.31685,-0.14882,-0.30033,-2.21069,-0.15487,-0.14277,-0.71126,-0.84637,0,0,0,0,0
538,-0.95197,-0.48246,0.45468,-0.57009,-1.10702,-1.86962,1.93886,0.88309,0.28783,2.33337,-0.71126,0.07987,2,0,0,0,0
539,-0.07854,-0.48246,-0.05921,-0.57009,0.1144,1.98437,-2.72827,1.24033,1.45039,0.41594,-1.37983,-2.07848,1,2,1,2,2
540,-0.95197,-0.48246,-0.61113,-0.57009,0.1144,-0.24649,-1.23177,0.44585,-0.01729,0.25953,-1.37983,-1.54858,1,0,0,0,0
541,0.49788,-0.48246,-0.05921,-0.57009,0.1144,0.73545,-1.7625,-0.01928,0.13136,-1.5184,0.88113,-0.52593,1,0,1,1,1
542,-0.95197,-0.48246,-1.22751,-0.57009,-1.10702,0.04257,-1.50796,-1.82919,-0.01729,-1.64101,1.29221,1.2247,2,0,0,2,0
543,0.49788,0.48246,1.98437,0.96082,0.1144,0.31287,-1.6334,-0.45174,-0.30172,1.30612,-0.21712,-0.21575,1,0,0,0,0
544,-0.07854,0.48246,1.16365,-0.57009,0.1144,-0.24649,0.80523,0.7233,-0.15487,-0.00665,-0.21712,0.07987,1,0,0,0,0
545,-0.95197,-0.48246,-0.05921,-0.57009,-1.10702,-0.34799,0.00332,0.7233,-2.21844,1.46191,0.88113,1.92173,2,1,2,1,0
546,-0.07854,0.48246,1.16365,0.96082,-0.31685,1.37297,0.47617,0.44585,0.28783,0.41594,-0.71126,-0.21575,2,0,0,1,1
547,-0.95197,-0.48246,-0.61113,-0.57009,-0.31685,1.72012,1.11406,1.06238,1.61108,-0.52745,0.19268,0.40148,2,1,0,1,1
548,-0.95197,-0.48246,0.45468,-0.57009,0.1144,0.41667,-1.50796,-0.01928,-2.07848,-0.78155,0.88113,0.7654,1,0,0,0,0
549,1.09449,0.48246,-0.05921,0.96082,-0.31685,-1.69163,-0.15487,-0.58331,-0.60633,0.41594,-0.71126,-0.52593,0,0,0,0,0
550,1.09449,0.48246,0.45468,0.96082,-0.31685,-1.55078,-0.30033,-1.68062,1.81866,1.63088,1.29221,0.07987,0,0,0,0,0
551,-0.95197,-0.48246,-0.61113,-0.57009,-1.10702,-0.24649,-1.37639,-0.71727,-1.34289,-0.78155,-0.21712,0.7654,2,0,0,2,0
552,0.49788,0.48246,-0.05921,0.96082,-0.31685,-1.05308,0.96248,-0.84732,1.45039,0.93949,-1.37983,-1.54858,0,0,0,0,0
553,-0.07854,0.48246,1.16365,0.96082,-0.31685,-0.79151,0.80523,1.24033,-0.01729,0.25953,-1.37983,0.07987,0,0,0,0,0
554,-0.95197,0.48246,-0.61113,-0.57009,0.1144,-0.58016,1.74091,-0.58331,-0.45321,2.33337,0.88113,1.92173,0,0,0,0,0
555,-0.07854,-0.48246,-0.61113,-0.57009,-1.10702,-0.24649,-1.23177,0.88309,-0.76096,-0.27607,-0.21712,0.7654,2,0,1,1,0
556,-0.95197,0.48246,-0.61113,-0.57009,-1.10702,0.62967,0.16767,1.43533,0.59042,0.58489,-1.37983,0.07987,2,0,0,0,0
557,-0.95197,-0.48246,-0.61113,-0.57009,-1.10702,2.127,0.16767,0.14143,-0.60633,-0.65253,0.52975,1.92173,2,1,1,0,2
558,-0.95197,0.48246,0.45468,0.96082,0.1144,-1.05308,0.80523,0.58331,0.94156,-1.5184,0.88113,-0.84637,1,0,1,0,0
559,0.49788,0.48246,-0.05921,-0.57009,-1.10702,-1.32828,0.80523,0.7233,0.28783,0.58489,-0.21712,0.40148,2,0,0,0,0
560,0.49788,-0.48246,-0.05921,-0.28519,-0.31685,0.41667,0.00332,0.29338,-0.15487,-0.27607,-0.21712,0.07987,0,0,0,0,0
561,0.49788,0.48246,1.16365,0.96082,-0.31685,0.13606,0.32197,-0.01928,-0.15487,1.13407,-0.21712,-0.21575,0,0,0,0,0
562,1.09449,0.48246,-0.61113,-0.57009,-1.10702,-1.05308,-1.09207,-0.45174,-0.15487,0.7583,-0.71126,-0.21575,2,0,0,0,0
563,0.49788,0.48246,-0.61113,0.96082,-1.10702,1.98437,0.63779,1.43533,0.43852,-0.65253,1.86203,-0.52593,2,0,0,1,2
564,-0.95197,0.48246,-0.05921,0.24923,-0.31685,0.62967,-0.43999,-1.55521,1.11406,-0.65253,0.19268,-0.52593,0,0,0,0,1
565,0.49788,0.48246,0.45468,0.96082,-0.31685,-0.24649,0.32197,-0.97631,0.59042,0.12331,-0.71126,-0.84637,0,0,0,0,0
566,0.49788,-0.48246,-1.7379,0.96082,-0.31685,0.22393,0.63779,-0.71727,-0.76096,-0.27607,-0.21712,-0.21575,0,0,0,0,0
567,0.49788,-0.48246,0.45468,0.96082,0.1144,0.52135,-0.30033,-0.17779,1.11406,-0.52745,-0.71126,0.07987,1,0,0,0,0
568,-0.07854,-0.48246,-1.22751,-0.57009,-1.10702,0.62967,0.32197,0.88309,1.11406,-0.78155,0.52975,0.07987,2,1,0,1,1
569,-0.95197,0.48246,-0.61113,-0.57009,-1.10702,-0.14882,-0.80615,0.58331,0.43852,-1.13788,0.88113,0.7654,2,0,0,0,0
570,0.49788,-0.48246,0.45468,0.96082,-0.31685,-1.05308,1.2861,-0.71727,-0.30172,0.25953,-1.37983,-0.21575,0,0,0,0,0
571,-0.07854,0.48246,0.45468,0.96082,-0.31685,-1.1943,0.32197,0.88309,-1.21213,-0.78155,-0.21712,-0.21575,0,0,0,0,0
572,1.09449,0.48246,-0.61113,-0.57009,0.1144,0.22393,-0.15487,0.44585,0.43852,-0.65253,1.86203,-0.52593,1,0,0,0,0
573,1.09449,0.48246,1.16365,0.96082,-0.31685,-1.55078,-0.69509,0.44585,0.28783,-1.38502,-0.71126,0.7654,0,0,0,0,0
574,-0.95197,0.48246,-0.61113,-0.57009,-1.10702,0.91093,-1.92173,0.29338,-1.6209,-2.57309,1.29221,1.2247,2,1,1,1,1
575,-0.07854,0.48246,-2.43591,-0.57009,0.1144,0.62967,0.63779,-0.71727,-0.91699,0.25953,1.29221,-0.21575,1,1,0,0,1
576,0.49788,0.48246,1.16365,0.96082,-0.31685,-0.24649,0.47617,-0.31776,0.28783,1.63088,-0.71126,-1.54858,0,0,0,0,0
577,-0.95197,-0.48246,0.45468,-0.57009,-1.10702,-0.14882,-1.09207,-1.27553,-0.45321,-0.40581,0.52975,0.40148,2,0,1,1,0
578,-0.95197,-0.48246,-0.61113,-0.57009,-1.10702,-0.34799,1.74091,0.58331,-1.34289,1.13407,0.52975,1.2247,2,0,1,1,0
579,-0.07854,0.48246,0.45468,0.96082,-0.31685,-1.05308,1.2861,-1.27553,-0.30172,-1.13788,0.52975,0.40148,0,0,0,0,0
580,-0.95197,0.48246,0.45468,0.96082,-0.31685,-0.92104,-0.15487,-0.31776,2.23427,1.13407,-1.37983,-0.52593,0,0,0,0,0
581,0.49788,0.48246,-0.05921,-0.57009,-1.10702,-0.67825,0.96248,0.14143,0.43852,2.04506,-0.71126,-0.21575,2,0,0,1,0
582,-0.95197,0.48246,0.45468,0.96082,-0.31685,0.52135,-0.43999,-1.27553,-0.91699,0.7583,-1.37983,-2.07848,0,0,0,0,0
583,1.82213,-0.48246,-0.61113,-0.57009,-1.10702,-0.14882,-0.30033,1.06238,1.81866,0.7583,-1.37983,-1.18084,2,0,0,0,0
584,-0.07854,0.48246,0.45468,0.96082,-0.31685,-0.67825,0.47617,-1.11902,0.59042,1.81175,-0.71126,-0.52593,0,0,0,0,0
585,-0.07854,-0.48246,1.16365,0.96082,-0.31685,-1.43907,-0.15487,-0.84732,-0.76096,-1.13788,1.29221,0.07987,0,0,0,0,0
586,1.09449,-0.48246,1.16365,0.96082,-0.31685,-0.14882,0.32197,-0.01928,-0.76096,-0.14277,0.19268,0.07987,0,0,0,0,0
587,0.49788,0.48246,-0.05921,0.24923,-0.31685,0.13606,2.57309,-0.97631,0.76096,1.13407,-1.37983,-1.54858,0,0,0,0,0
588,0.49788,0.48246,-0.05921,0.21128,-1.10702,0.62967,0.47617,-0.84732,-0.76096,1.13407,0.52975,0.7654,2,0,0,1,1
589,-0.95197,-0.48246,-1.22751,-0.28519,0.1144,0.52135,-0.80615,-0.17779,-0.15487,-1.92173,0.52975,1.2247,1,1,0,1,0
590,-0.95197,0.48246,0.45468,-0.57009,0.1144,0.52135,0.32197,-0.01928,-2.5383,0.7583,0.88113,0.7654,1,1,1,0,0
591,-0.95197,-0.48246,-0.61113,-0.28519,-1.10702,1.23461,-0.15487,0.14143,-0.76096,0.41594,-0.21712,0.07987,2,1,1,0,1
592,1.09449,-0.48246,-0.05921,0.96082,-0.31685,0.41667,-0.57545,-0.31776,0.28783,1.13407,-0.71126,-0.21575,0,0,0,0,0
593,1.09449,-0.48246,-0.61113,0.24923,0.1144,1.37297,-0.69509,-0.84732,-1.21213,0.7583,1.86203,1.2247,1,0,0,2,1
594,-0.95197,-0.48246,0.45468,0.96082,-1.10702,-0.79151,0.16767,0.58331,-0.60633,-1.25773,0.19268,1.2247,2,1,0,1,0
595,-0.95197,-0.48246,-0.61113,-0.57009,-1.10702,0.91093,1.2861,1.43533,-0.60633,1.46191,-0.21712,1.2247,2,0,0,0,1
596,1.09449,-0.48246,1.16365,0.96082,-0.31685,-0.58016,0.32197,-0.45174,0.43852,-0.89891,-0.21712,-0.21575,0,0,0,0,0
597,-0.95197,0.48246,-0.61113,0.96082,-0.31685,-0.92104,-1.50796,-3.27393,0.76096,-0.89891,-1.37983,-1.54858,0,0,0,0,0
598,-0.95197,-0.48246,-0.05921,-0.57009,-1.10702,0.62967,1.2861,0.58331,1.11406,-0.65253,-0.21712,0.7654,2,1,2,1,1
599,-0.95197,0.48246,-1.22751,0.96082,-0.31685,0.41667,-1.23177,-0.97631,0.43852,1.13407,-0.71126,-2.07848,1,0,0,0,0
600,-0.95197,0.48246,-0.05921,-0.57009,0.1144,-0.67825,-2.11437,-0.17779,0.43852,-0.00665,-1.37983,-0.84637,1,0,0,1,0
601,1.09449,0.48246,-1.22751,-0.09765,-1.10702,0.52135,0.63779,-0.31776,0.43852,0.93949,-0.71126,-0.52593,2,0,0,0,0
602,-0.95197,-0.48246,-0.61113,-0.57009,-1.10702,0.91093,-1.09207,-0.45174,-0.15487,-1.25773,0.19268,0.40148,2,0,0,1,1
603,-0.95197,0.48246,-0.61113,-0.57009,0.1144,-0.92104,-1.92173,1.24033,1.45039,-1.13788,-0.21712,1.2247,1,0,0,1,0
604,2.59171,-0.48246,1.16365,-0.57009,-0.31685,0.52135,0.00332,0.58331,0.76096,0.7583,0.52975,-0.52593,0,0,0,0,0
605,0.49788,0.48246,-0.05921,0.96082,-0.31685,0.52135,-1.09207,-2.63199,-0.91699,0.25953,-1.37983,-1.54858,0,0,0,0,0
606,0.49788,-0.48246,-0.05921,0.96082,0.1144,-1.69163,0.16767,-0.01928,-0.45321,-0.52745,-0.21712,0.40148,1,0,0,0,0
607,-0.07854,0.48246,-0.61113,0.96082,-0.31685,-1.55078,-1.37639,-0.71727,-0.01729,-0.78155,-0.21712,0.7654,1,0,0,0,0
608,0.49788,-0.48246,1.98437,0.96082,-0.31685,0.31287,0.63779,0.14143,0.13136,0.25953,-0.21712,-1.18084,0,0,0,0,0
609,-0.95197,0.48246,0.45468,0.96082,-0.31685,-2.05048,1.2861,-0.71727,0.43852,0.41594,-0.71126,-0.52593,0,0,0,0,0
610,-0.07854,-0.48246,0.45468,-0.57009,-0.31685,0.52135,0.16767,-1.42424,-1.21213,-1.25773,0.19268,1.2247,0,0,0,1,0
611,0.49788,0.48246,-1.7379,0.96082,-0.31685,-0.46725,0.16767,-0.45174,1.2861,0.58489,-1.37983,-0.52593,0,0,0,0,0
612,-0.95197,0.48246,0.45468,0.96082,-0.31685,-0.46725,0.16767,-0.71727,1.61108,1.13407,0.19268,-1.18084,0,0,0,0,0
613,-0.95197,-0.48246,-0.61113,-0.57009,-1.10702,1.60383,1.11406,1.43533,-0.30172,-0.00665,0.19268,0.7654,2,1,1,1,1
614,-0.95197,0.48246,0.45468,-0.57009,-1.10702,1.23461,-0.80615,1.43533,0.28783,1.63088,-0.71126,-0.21575,2,1,1,1,1
615,-0.95197,-0.48246,-0.61113,-0.57009,-1.10702,0.73545,-0.94779,0.7233,0.28783,-0.78155,0.52975,1.2247,2,2,1,2,1
616,0.49788,-0.48246,-0.61113,-0.57009,0.1144,-1.55078,-1.09207,0.29338,-0.60633,-0.78155,1.86203,0.40148,1,0,0,0,0
617,-0.95197,-0.48246,-0.05921,-0.57009,-1.10702,-1.55078,-1.6334,1.88511,-0.91699,0.12331,0.19268,0.40148,2,1,0,1,0
618,0.49788,-0.48246,1.16365,0.96082,-0.31685,0.04257,-0.30033,-0.71727,-0.76096,0.12331,1.29221,0.07987,0,0,0,1,0
619,-0.95197,-0.48246,-0.61113,0.96082,-0.31685,-1.55078,-2.32338,-0.84732,-1.772,-0.40581,1.29221,-0.21575,0,0,0,0,0
620,0.49788,0.48246,1.16365,-0.28519,-0.31685,-0.46725,0.16767,-0.17779,-0.30172,0.7583,0.19268,0.40148,0,0,0,0,0
621,-0.07854,-0.48246,0.45468,0.96082,0.1144,0.91093,-1.7625,-2.8595,-1.47955,-1.13788,-1.37983,0.07987,1,0,0,0,1
622,1.09449,0.48246,-0.61113,-0.57009,-0.31685,0.41667,0.16767,-0.17779,-0.60633,-1.0145,1.29221,1.2247,2,0,1,0,0
623,-0.07854,-0.48246,0.45468,0.96082,-0.31685,-0.46725,-0.30033,-0.97631,-0.30172,-0.27607,0.19268,-0.52593,0,0,0,0,0
624,0.49788,0.48246,0.45468,0.96082,-0.31685,0.04257,1.11406,-1.82919,0.76096,0.93949,-0.71126,-1.54858,0,0,0,0,0
625,-0.95197,0.48246,-0.61113,-0.57009,-1.10702,0.82562,1.45421,1.88511,1.2861,-0.78155,0.19268,1.92173,2,0,0,1,1
626,-0.95197,-0.48246,-1.22751,0.24923,-1.10702,-0.46725,-1.23177,-1.11902,-2.5383,0.93949,-1.37983,-0.21575,2,1,1,1,0
627,-0.95197,-0.48246,0.45468,0.96082,0.1144,1.13281,0.63779,0.44585,-0.30172,0.7583,-0.21712,0.07987,1,1,1,1,1
628,0.49788,-0.48246,0.45468,-0.57009,-1.10702,0.31287,-0.80615,-0.31776,0.13136,0.25953,-0.71126,-0.84637,2,0,1,0,0
629,-0.95197,-0.48246,-0.61113,-0.57009,0.1144,0.82562,-1.09207,0.58331,0.76096,-1.13788,0.88113,-0.52593,1,2,1,2,1
630,0.49788,0.48246,1.16365,0.96082,-1.10702,-1.43907,0.16767,-0.84732,-0.76096,0.12331,-1.37983,-2.07848,0,0,0,0,0
631,1.82213,-0.48246,1.16365,0.96082,-0.31685,-0.14882,0.16767,-0.17779,-0.30172,-0.89891,-0.21712,-0.52593,0,0,0,0,0
632,-0.95197,-0.48246,1.16365,-0.57009,-1.10702,1.49158,0.32197,0.7233,1.81866,0.93949,-0.71126,-0.52593,2,1,0,0,1
633,-0.95197,0.48246,-0.61113,-0.57009,-1.10702,0.73545,0.32197,1.88511,0.59042,-0.14277,2.90161,1.92173,2,1,1,1,1
634,1.09449,-0.48246,1.98437,0.96082,-0.31685,-1.69163,-0.80615,-0.01928,-1.6209,-0.14277,-0.21712,-0.52593,0,0,0,0,0
635,1.09449,-0.48246,-1.7379,0.96082,-0.31685,-0.79151,0.16767,-0.31776,-0.30172,-0.14277,-1.37983,0.07987,0,0,0,0,0
636,-0.95197,0.48246,0.45468,-0.57009,-1.10702,1.02119,-1.09207,1.43533,0.28783,1.13407,0.88113,1.92173,2,0,0,1,1
637,-0.07854,-0.48246,1.98437,-0.57009,-0.31685,-0.92104,-2.32338,-2.21069,-0.15487,-0.14277,-0.21712,-1.18084,0,0,0,0,0
638,-0.95197,-0.48246,-0.61113,0.96082,-0.31685,-0.92104,1.11406,-0.01928,1.2861,2.04506,0.88113,0.40148,0,0,0,0,0
639,0.49788,0.48246,-1.7379,0.96082,-0.31685,-1.1943,1.58487,-0.58331,1.81866,1.63088,0.52975,-0.52593,0,0,0,0,0
640,-0.95197,0.48246,-0.61113,-0.57009,-1.10702,1.49158,-0.94779,-1.11902,0.43852,-1.13788,-0.71126,0.7654,2,1,1,2,1
641,-0.95197,-0.48246,-1.22751,-0.57009,-1.10702,-0.58016,1.2861,1.24033,-0.45321,-0.52745,1.86203,0.7654,2,0,1,1,0
642,0.49788,0.48246,0.45468,0.96082,-1.10702,-1.32828,-1.37639,-1.27553,0.28783,-0.27607,-0.71126,-0.84637,0,0,0,0,0
643,0.49788,-0.48246,0.45468,-0.28519,-1.10702,0.62967,-0.80615,-0.17779,-1.34289,-0.14277,0.88113,0.07987,2,1,1,1,1
644,0.49788,-0.48246,-0.05921,0.96082,-0.31685,-0.79151,-0.80615,-1.97495,1.11406,-0.65253,-0.21712,-0.21575,0,0,0,0,0
645,-0.95197,-0.48246,-0.61113,-0.28519,-1.10702,1.8399,-0.15487,0.29338,-1.6209,-1.38502,0.19268,0.40148,2,0,1,2,2
646,1.09449,-0.48246,-0.05921,-0.57009,-1.10702,-2.42317,-0.94779,-0.97631,-0.76096,0.7583,-1.37983,-0.52593,2,0,0,0,0
647,-0.95197,0.48246,1.16365,0.96082,-0.31685,-0.46725,0.00332,-0.45174,0.13136,0.7583,-0.71126,-0.84637,0,0,0,0,0
648,-0.07854,0.48246,-0.05921,-0.57009,-1.10702,-0.79151,-1.23177,0.7233,0.59042,-0.00665,0.52975,0.7654,2,0,0,0,0
649,0.49788,0.48246,0.45468,0.96082,-0.31685,-0.14882,0.63779,-0.97631,0.28783,1.46191,-0.21712,-0.84637,0,0,0,0,0
650,-0.95197,-0.48246,0.45468,0.24923,-1.10702,-0.58016,-1.7625,0.88309,-0.76096,2.33337,-0.71126,-0.21575,2,0,0,0,0
651,0.49788,-0.48246,1.16365,0.96082,0.1144,0.13606,0.96248,0.14143,-0.91699,0.58489,-0.21712,0.7654,1,0,0,0,0
652,-0.95197,-0.48246,-0.61113,-0.57009,-1.10702,0.82562,-0.69509,0.88309,0.94156,-0.89891,1.29221,0.7654,2,1,1,1,1
653,1.82213,0.48246,-0.05921,0.96082,-0.31685,-0.24649,1.45421,0.44585,-0.60633,1.63088,1.29221,0.7654,0,0,0,0,0
654,1.09449,0.48246,-0.05921,0.24923,-0.31685,-0.46725,0.63779,-0.31776,-0.30172,0.12331,0.19268,0.7654,0,0,0,0,0
655,1.09449,0.48246,-0.05921,0.96082,-0.31685,2.28554,2.32338,0.7233,1.81866,1.30612,0.52975,0.07987,1,1,1,0,2
656,0.49788,0.48246,-0.05921,0.96082,-0.31685,-1.1943,-0.57545,-0.58331,-0.91699,-0.00665,-0.21712,-1.18084,0,0,0,0,0
657,-0.95197,0.48246,-0.61113,-0.28519,-0.31685,-0.34799,-1.23177,1.06238,-1.07533,-1.25773,2.90161,0.40148,0,0,0,0,0
658,-0.95197,-0.48246,-1.43719,-0.09765,0.1144,1.49158,0.63779,-0.31776,-0.30172,-1.25773,0.88113,1.2247,1,2,1,0,1
659,-0.95197,0.48246,-1.22751,0.21128,-0.31685,-0.24649,0.16767,-0.71727,0.13136,-0.14277,-0.71126,-1.18084,0,0,0,0,0
660,-0.07854,-0.48246,-0.61113,-0.57009,-0.31685,-1.05308,-1.09207,-0.45174,0.94156,-0.00665,-0.21712,0.07987,0,0,0,0,0
661,-0.07854,0.48246,1.98437,-0.09765,0.1144,1.8399,0.47617,1.06238,0.59042,0.12331,-1.37983,0.7654,1,1,0,0,2
662,0.49788,0.48246,-1.7379,0.96082,-0.31685,0.13606,1.11406,0.29338,-0.91699,-1.0145,1.86203,0.40148,0,0,0,0,0
663,-0.95197,0.48246,0.45468,0.96082,-0.31685,0.31287,0.16767,-1.11902,0.28783,-0.52745,0.52975,-0.52593,0,0,0,0,0
664,1.09449,-0.48246,1.16365,0.96082,-0.50212,0.04257,0.80523,-0.31776,0.94156,0.25953,-1.37983,-1.54858,0,0,0,0,0
665,-0.95197,-0.48246,-1.22751,0.24923,-1.10702,2.61139,1.45421,2.15324,-0.30172,-1.0145,1.86203,1.92173,2,2,2,1,2
666,1.09449,0.48246,1.16365,0.96082,-0.31685,-2.52197,-0.43999,1.43533,1.2861,0.7583,-0.21712,-0.52593,0,0,0,0,0
667,0.49788,-0.48246,1.98437,0.24923,-0.31685,0.31287,-0.43999,-0.01928,-0.60633,0.93949,-0.21712,1.2247,0,0,0,0,0
668,-0.95197,0.48246,-0.61113,-0.57009,-1.10702,0.73545,-2.21069,0.7233,-0.76096,-1.0145,-0.21712,-0.52593,2,1,1,0,1
669,-0.07854,0.48246,0.45468,0.96082,-0.31685,-0.58016,0.80523,-0.97631,-0.45321,0.58489,-0.71126,-1.18084,0,0,0,0,0
670,-0.95197,0.48246,-0.61113,-0.57009,-1.10702,-0.67825,-0.94779,0.14143,-0.01729,-0.65253,0.19268,0.40148,2,0,0,2,0
671,1.09449,-0.48246,1.16365,0.96082,-0.31685,0.41667,1.2861,1.43533,0.94156,0.58489,-0.71126,-1.18084,0,0,0,0,0
672,-0.95197,0.48246,-0.61113,-0.57009,-1.10702,1.02119,0.80523,1.65653,0.94156,-1.38502,1.29221,0.40148,2,1,1,1,1
673,1.09449,-0.48246,-0.61113,0.96082,-0.31685,0.52135,-0.43999,-1.27553,0.94156,-0.00665,-0.21712,0.40148,0,0,0,1,0
674,-0.95197,-0.48246,-0.61113,-0.28519,0.1144,-0.79151,-1.09207,0.29338,-0.45321,-1.0145,-1.37983,0.7654,1,2,0,1,0
675,-0.07854,-0.48246,1.16365,0.96082,0.1144,0.82562,1.2861,1.88511,-2.5383,-0.40581,0.52975,0.07987,1,1,1,1,1
676,2.59171,0.48246,-0.05921,0.96082,-0.31685,-0.58016,-0.94779,-1.11902,-0.76096,0.41594,-1.37983,-0.21575,0,0,0,0,0
677,-0.07854,0.48246,-0.05921,0.96082,-0.31685,0.62967,1.11406,0.44585,1.2861,1.30612,0.19268,1.2247,0,0,0,0,0
678,-0.95197,-0.48246,-0.61113,-0.57009,-1.10702,2.28554,0.32197,1.65653,-0.15487,-1.78169,2.90161,0.40148,2,0,1,1,2
679,-0.07854,0.48246,0.45468,-0.57009,-1.10702,0.73545,0.63779,0.88309,-1.6209,-0.00665,-1.37983,-1.18084,2,1,0,0,1
680,-0.95197,0.48246,0.45468,0.96082,-0.31685,-0.24649,-0.94779,-0.84732,-1.07533,-0.40581,-0.21712,0.40148,0,0,0,0,0
681,-0.07854,0.48246,0.45468,0.96082,-0.31685,1.60383,1.11406,0.14143,-0.15487,0.58489,0.88113,0.40148,0,0,0,1,1
682,-0.07854,0.48246,0.45468,-0.57009,0.1144,0.22393,0.00332,1.24033,-0.15487,0.41594,0.88113,0.40148,1,0,0,1,0
683,1.09449,0.48246,0.45468,0.96082,-0.31685,0.52135,0.32197,-0.45174,0.43852,-0.00665,0.19268,-0.21575,0,0,0,0,0
684,-0.95197,-0.48246,0.45468,-0.57009,-0.31685,1.60383,-0.94779,-0.45174,-0.15487,-0.14277,-0.21712,0.07987,2,1,1,1,1
685,-0.95197,-0.48246,-1.7379,-0.28519,0.1144,-0.46725,-0.80615,-0.97631,-0.76096,-0.27607,0.52975,0.40148,1,0,0,1,0
686,-0.95197,-0.48246,-0.61113,-0.09765,-0.31685,-0.24649,1.74091,0.58331,0.43852,0.93949,1.29221,0.07987,1,2,1,0,0
687,-0.07854,0.48246,1.16365,0.96082,0.1144,0.41667,-0.57545,-0.45174,0.43852,0.25953,-1.37983,-1.54858,1,0,0,0,0
688,-0.07854,-0.48246,1.16365,0.96082,-0.31685,-0.92104,0.00332,0.7233,0.59042,-0.27607,0.88113,1.92173,0,0,0,0,0
689,-0.95197,-0.48246,-0.61113,-0.57009,-1.10702,0.62967,-0.69509,-0.01928,-1.34289,-0.89891,1.29221,1.2247,2,0,1,2,0
690,-0.07854,0.48246,1.98437,0.96082,-0.31685,-0.92104,1.45421,-0.84732,0.94156,0.58489,-0.71126,-0.52593,0,0,0,0,0
691,-0.95197,-0.48246,-1.22751,-0.57009,-1.10702,1.13281,0.00332,1.43533,0.59042,-1.64101,0.52975,0.40148,2,0,1,2,1
692,-0.95197,0.48246,-0.61113,-0.57009,0.1144,-0.92104,-0.30033,0.29338,-0.15487,-1.78169,0.19268,-0.21575,1,0,0,0,0
693,-0.07854,0.48246,0.45468,0.96082,-0.31685,-1.55078,1.2861,-0.01928,0.13136,0.7583,0.52975,0.7654,0,0,0,0,0
694,-0.95197,0.48246,-0.61113,-0.57009,-1.10702,-1.1943,-1.23177,0.29338,1.11406,0.25953,0.88113,0.7654,2,0,0,1,0
695,-0.07854,0.48246,0.45468,0.96082,-0.31685,0.04257,1.45421,0.14143,1.11406,-0.27607,-1.37983,0.7654,2,0,0,0,0
696,0.49788,0.48246,-1.7379,-0.28519,-0.31685,0.04257,-0.80615,0.14143,-0.60633,-0.00665,-1.37983,-0.84637,0,0,0,0,0
697,-0.95197,0.48246,0.45468,-0.57009,-1.10702,0.73545,1.45421,0.88309,-0.01729,0.12331,0.88113,0.40148,2,1,2,0,1
698,-0.95197,-0.48246,-0.05921,0.96082,0.1144,0.91093,0.80523,2.44904,0.43852,-0.00665,1.29221,1.2247,1,1,0,1,1
699,1.09449,-0.48246,1.16365,0.96082,-0.31685,0.04257,0.32197,1.06238,-1.6209,1.13407,0.52975,-0.21575,0,0,0,0,0
700,-0.07854,0.48246,-0.05921,0.96082,-0.31685,-1.1943,1.45421,-1.82919,1.11406,1.30612,-0.21712,-0.84637,1,0,0,0,0
701,-0.95197,-0.48246,-0.61113,-0.57009,-1.10702,0.91093,1.93886,2.90161,0.76096,0.25953,1.29221,1.2247,2,2,1,2,1
702,1.82213,-0.48246,0.45468,0.96082,-0.31685,-0.46725,-0.94779,-0.71727,-0.45321,-0.40581,0.52975,0.40148,0,0,0,0,0
703,-0.95197,-0.48246,-0.61113,0.96082,-1.10702,0.31287,1.2861,1.43533,0.94156,-0.89891,1.29221,1.2247,2,0,1,1,0
704,-0.95197,-0.48246,-1.7379,-0.57009,0.1144,-0.34799,-0.43999,0.29338,0.43852,-0.14277,-0.71126,1.2247,1,0,1,1,0
705,-0.95197,0.48246,-0.05921,-0.57009,-1.10702,0.82562,0.96248,0.29338,-1.6209,-0.89891,0.88113,0.40148,2,0,0,1,1
706,-0.07854,0.48246,1.98437,0.96082,-0.31685,-0.34799,-1.09207,-0.45174,1.81866,0.41594,-1.37983,0.40148,1,0,0,0,0
707,-0.95197,-0.48246,1.16365,-0.57009,-1.10702,0.31287,0.47617,1.43533,1.11406,0.12331,1.29221,0.40148,2,0,0,0,0
708,-0.07854,0.48246,1.98437,0.96082,-0.31685,-0.58016,0.00332,1.43533,-0.91699,0.93949,0.19268,-0.52593,0,0,0,0,0
709,1.09449,0.48246,-0.61113,0.96082,0.1144,-0.58016,-0.43999,-0.01928,0.13136,-0.40581,1.86203,-0.84637,1,0,0,0,0
710,1.09449,0.48246,0.45468,-0.28519,-0.31685,-3.15735,-1.09207,-0.17779,-0.60633,0.58489,-0.71126,-0.52593,0,0,0,0,0
711,0.49788,0.48246,1.98437,0.96082,-0.31685,-0.58016,-0.15487,0.14143,-0.01729,-0.52745,-0.21712,-0.21575,0,0,0,0,0
712,0.49788,0.48246,-0.61113,-0.57009,0.1144,1.60383,-0.94779,1.43533,0.28783,-0.65253,-0.21712,0.07987,1,0,0,0,1
713,-0.07854,0.48246,-1.22751,0.96082,-0.31685,-0.34799,0.00332,-1.55521,0.13136,0.41594,0.52975,1.2247,0,0,0,0,0
714,-0.95197,0.48246,-0.61113,-0.57009,0.1144,1.02119,0.47617,0.88309,-0.01729,1.13407,-0.21712,1.2247,1,1,0,0,1
715,0.49788,-0.48246,-0.05921,0.96082,-0.31685,0.62967,-0.15487,-0.01928,0.28783,-0.27607,-0.71126,0.40148,0,0,0,0,0
716,-0.95197,0.48246,1.16365,0.96082,-0.31685,0.52135,0.96248,-0.58331,2.23427,2.04506,-0.71126,-0.21575,0,0,0,0,0
717,-0.07854,-0.48246,-0.61113,-0.57009,-1.10702,0.52135,-0.30033,1.06238,-0.30172,-0.89891,0.88113,1.92173,2,1,1,0,0
718,2.59171,-0.48246,-2.43591,0.96082,-0.31685,0.13606,-0.80615,-2.63199,-0.30172,-0.78155,0.52975,-1.54858,0,0,0,0,0
719,1.09449,0.48246,-1.43719,0.96082,-0.31685,-1.05308,-0.80615,-0.84732,0.28783,0.93949,-1.37983,-2.07848,0,0,0,0,0
720,0.49788,-0.48246,-1.7379,-0.57009,-0.31685,-0.46725,-1.23177,-0.45174,0.43852,-0.14277,-0.21712,-0.84637,0,0,0,2,0
721,1.09449,0.48246,1.16365,0.96082,-0.31685,-1.32828,0.00332,-0.71727,0.13136,0.93949,-0.71126,0.40148,0,0,0,0,0
722,1.82213,-0.48246,1.16365,0.96082,-0.31685,0.31287,-0.94779,0.7233,-0.91699,0.58489,-1.37983,-0.84637,0,0,0,0,0
723,-0.95197,0.48246,-1.22751,-0.57009,-0.31685,-0.24649,0.63779,-1.42424,0.13136,0.7583,1.29221,0.07987,0,0,0,0,0
724,-0.07854,-0.48246,0.45468,0.96082,0.1144,0.04257,-1.7625,-0.31776,0.13136,0.41594,-1.37983,-0.21575,1,0,0,0,0
725,-0.07854,0.48246,1.16365,0.96082,-0.31685,-1.55078,-0.80615,-1.27553,1.2861,0.12331,-1.37983,-0.52593,0,0,0,0,0
726,-0.07854,-0.48246,0.45468,-0.57009,-1.10702,1.8399,0.47617,1.43533,-0.30172,-0.40581,0.19268,0.7654,2,2,0,1,2
727,-0.07854,0.48246,0.45468,0.96082,0.1144,-1.05308,0.00332,0.88309,0.94156,-0.52745,-1.37983,0.07987,1,0,0,0,0
728,1.09449,-0.48246,-1.7379,0.96082,-0.31685,0.31287,1.93886,-0.01928,0.76096,1.30612,-1.37983,-0.84637,0,0,0,0,0
729,-0.07854,-0.48246,-0.05921,-0.57009,-1.10702,-0.46725,-0.57545,0.88309,-0.01729,-0.89891,0.88113,0.7654,2,1,1,2,0
730,1.82213,-0.48246,-2.43591,-0.57009,0.1144,-0.79151,0.32197,1.06238,0.13136,-0.65253,0.52975,-0.52593,1,0,0,0,0
731,-0.95197,0.48246,0.45468,-0.28519,-1.10702,-1.69163,0.32197,2.44904,0.43852,-1.64101,0.19268,-0.21575,2,0,0,0,0
732,-0.07854,0.48246,-1.22751,-0.28519,-0.31685,-1.1943,-1.23177,-0.84732,0.76096,-1.0145,0.19268,-1.18084,0,0,0,0,0
733,1.09449,0.48246,1.16365,0.96082,-0.31685,-0.79151,2.127,1.65653,0.76096,0.7583,0.88113,0.40148,0,0,0,0,0
734,-0.07854,0.48246,-0.61113,0.96082,-0.31685,0.31287,1.58487,0.58331,0.13136,0.41594,1.29221,1.92173,0,0,0,0,0
735,1.09449,0.48246,-1.7379,0.96082,-0.31685,-0.67825,1.93886,-1.11902,1.2861,-0.14277,1.86203,0.7654,0,0,0,0,0
736,-0.95197,0.48246,-1.22751,-0.57009,-0.31685,2.127,-0.30033,0.14143,-1.47955,-0.65253,0.88113,1.2247,2,1,1,2,2
737,-0.95197,0.48246,-0.61113,-0.57009,0.1144,0.62967,-2.72827,-1.97495,-0.01729,-1.38502,0.52975,-0.84637,1,0,0,0,1
738,1.09449,0.48246,-0.61113,0.96082,-0.31685,-0.34799,0.47617,-1.42424,-0.91699,-0.52745,-0.71126,0.07987,0,0,0,0,0
739,-0.95197,0.48246,-0.61113,0.96082,-1.10702,1.37297,0.96248,0.7233,0.28783,-0.27607,0.52975,0.07987,2,0,0,0,1
740,-0.95197,-0.48246,-0.61113,-0.57009,-1.10702,-0.58016,0.63779,0.7233,-0.60633,-0.52745,0.19268,0.07987,2,0,0,0,0
741,0.49788,0.48246,0.45468,0.96082,-0.31685,-0.34799,-1.6334,-1.82919,0.43852,-0.89891,-0.71126,-0.84637,0,0,0,0,0
742,0.49788,-0.48246,0.45468,0.96082,-0.31685,1.49158,-0.43999,0.29338,-2.21844,-0.65253,0.88113,0.40148,1,0,0,0,1
743,1.09449,-0.48246,1.16365,0.96082,0.1144,-0.67825,-0.30033,-0.01928,-0.30172,-0.40581,1.29221,-0.21575,1,0,0,0,0
744,-0.07854,-0.48246,-1.7379,0.96082,-0.31685,-0.46725,0.00332,-0.58331,-0.91699,0.7583,0.52975,0.40148,2,0,0,0,0
745,-0.95197,-0.48246,-0.61113,-0.57009,-1.10702,-1.05308,-0.57545,0.88309,0.43852,-0.52745,0.52975,1.2247,2,1,2,1,0
746,1.09449,0.48246,0.45468,0.24923,-1.10702,-2.05048,-0.30033,1.06238,1.61108,-0.00665,-0.71126,0.07987,2,0,0,0,0
747,-0.07854,-0.48246,0.45468,-0.57009,-1.10702,-0.34799,-0.15487,1.24033,-2.07848,0.93949,0.52975,-0.52593,2,0,0,0,0
748,-0.95197,-0.48246,-0.61113,-0.57009,-1.10702,-1.05308,0.80523,0.88309,0.94156,0.41594,-0.21712,0.7654,2,2,1,0,0
749,1.09449,0.48246,-1.7379,0.96082,-0.31685,0.41667,-0.30033,-1.68062,1.2861,1.46191,-1.37983,-1.18084,0,0,0,0,0
750,-0.95197,-0.48246,-1.43719,-0.57009,-1.10702,0.73545,-1.23177,0.58331,-0.60633,-0.40581,0.52975,0.40148,2,0,1,2,1
751,1.09449,-0.48246,1.16365,0.96082,-0.31685,-1.05308,-0.57545,-0.97631,0.59042,-0.14277,-1.37983,-2.07848,0,0,0,0,0
752,0.49788,-0.48246,-0.05921,0.24923,0.1144,1.02119,0.47617,0.29338,-0.60633,0.7583,0.52975,0.40148,1,0,0,2,1
753,-0.07854,0.48246,-0.05921,0.96082,-0.31685,-0.05188,0.96248,-0.97631,0.13136,0.58489,0.52975,0.7654,1,0,0,0,0
754,0.49788,-0.48246,-1.7379,0.96082,-0.31685,-1.05308,1.93886,-0.84732,-0.30172,1.63088,0.19268,-0.52593,0,0,0,0,0
755,2.59171,-0.48246,-0.05921,0.96082,-0.31685,-0.24649,0.16767,0.29338,-1.34289,1.46191,-1.37983,-0.84637,0,0,0,0,0
756,-0.07854,0.48246,1.16365,0.24923,0.1144,0.91093,-0.94779,0.7233,-0.01729,2.04506,-0.21712,-1.18084,1,1,1,1,1
757,-0.95197,-0.48246,-0.61113,-0.57009,-1.10702,1.49158,-1.09207,-0.01928,0.28783,0.58489,-1.37983,-1.54858,2,1,1,0,1
758,-0.07854,0.48246,1.16365,0.96082,-0.31685,-0.34799,1.2861,-1.27553,-0.15487,1.46191,-1.37983,-2.07848,0,0,0,0,0
759,-0.07854,0.48246,1.16365,0.96082,-0.31685,-1.69163,0.00332,-0.31776,0.59042,0.41594,0.19268,0.7654,0,0,0,0,0
760,-0.95197,-0.48246,-0.61113,0.96082,-1.10702,1.02119,1.2861,-0.31776,-0.15487,-0.52745,0.19268,0.40148,2,0,1,2,1
761,-0.95197,0.48246,-0.61113,-0.28519,-1.10702,-0.14882,0.80523,1.65653,-1.21213,-2.30408,-0.21712,0.7654,2,1,1,0,0
762,1.82213,0.48246,0.45468,-0.57009,-1.10702,0.62967,0.80523,0.88309,1.61108,0.93949,-0.21712,0.07987,2,0,0,1,0
763,-0.95197,0.48246,-0.61113,-0.57009,-1.10702,-0.05188,-0.15487,1.88511,1.45039,0.12331,0.88113,-0.84637,2,1,1,1,0
764,-0.95197,-0.48246,-0.61113,-0.57009,0.1144,-0.92104,-1.7625,-0.45174,0.28783,-0.40581,-0.71126,-0.52593,1,0,0,0,0
765,-0.07854,0.48246,-0.05921,0.96082,-0.31685,0.13606,0.00332,-0.45174,0.28783,-0.00665,-0.71126,-1.18084,0,0,0,0,0
766,2.59171,0.48246,1.16365,0.96082,-0.31685,-0.92104,-1.09207,-0.45174,-0.45321,0.25953,-0.21712,-1.54858,0,0,0,0,0
767,0.49788,0.48246,0.45468,-0.57009,-0.31685,-1.05308,0.47617,2.15324,-0.45321,-0.14277,0.88113,1.2247,0,0,0,0,0
768,0.49788,0.48246,1.16365,-0.57009,-1.10702,-1.1943,1.93886,0.88309,-0.45321,1.81175,-0.71126,0.07987,2,0,0,0,0
769,-0.07854,-0.48246,1.98437,0.21128,-1.10702,0.62967,1.45421,1.88511,-0.91699,-0.40581,1.29221,0.40148,2,0,0,0,1
770,-0.95197,0.48246,-0.61113,-0.57009,0.1144,0.41667,0.32197,0.58331,1.11406,0.25953,-0.71126,-0.52593,1,0,1,1,0
771,1.82213,-0.48246,-1.7379,-0.57009,-1.10702,1.49158,-0.30033,-0.17779,0.76096,0.41594,-0.21712,-0.21575,2,0,0,0,1
772,1.82213,-0.48246,0.45468,0.96082,-0.31685,-1.05308,-0.80615,0.14143,0.28783,0.93949,-1.37983,-1.18084,0,0,0,0,0
773,-0.95197,-0.48246,0.45468,-0.28519,-1.10702,-1.86962,1.11406,0.7233,-0.30172,1.30612,-0.21712,0.40148,2,1,1,0,0
774,-0.07854,-0.48246,0.45468,0.96082,0.1144,0.04257,-0.30033,0.44585,-0.60633,-0.65253,-0.21712,-0.21575,1,0,0,0,0
775,-0.95197,0.48246,0.45468,-0.57009,-1.10702,-1.43907,-0.30033,0.88309,1.2861,-0.00665,0.88113,0.07987,2,1,1,0,0
776,0.49788,-0.48246,-1.22751,-0.57009,-1.10702,-1.86962,-1.37639,-0.97631,-0.30172,-0.52745,-0.71126,0.40148,2,0,0,0,0
777,-0.07854,-0.48246,-0.61113,0.96082,-0.31685,-0.24649,0.96248,0.14143,-1.07533,-0.65253,1.29221,1.92173,0,0,0,0,0
778,-0.07854,-0.48246,-1.7379,0.96082,-1.10702,0.82562,1.74091,0.88309,1.2861,0.41594,0.52975,1.92173,2,0,0,0,1
779,-0.07854,0.48246,0.45468,0.24923,0.1144,1.02119,-0.15487,0.14143,-0.01729,-1.13788,0.19268,1.2247,1,0,1,0,1
780,-0.95197,-0.48246,-0.61113,0.96082,-1.10702,1.8399,1.74091,1.43533,1.2861,-0.27607,0.19268,0.40148,2,1,0,1,2
781,-0.95197,0.48246,-1.22751,0.21128,-1.10702,-0.34799,-0.43999,0.44585,0.43852,-1.0145,-0.71126,0.40148,2,0,0,1,0
782,-0.07854,0.48246,-1.22751,0.96082,-0.31685,-0.34799,0.16767,-2.63199,0.59042,1.13407,0.52975,-0.84637,0,0,0,0,0
783,1.09449,0.48246,-0.05921,0.96082,-0.31685,-2.05048,-0.43999,0.7233,-0.01729,0.25953,-0.21712,-0.21575,0,0,0,0,0
784,-0.07854,0.48246,0.45468,0.96082,-0.31685,0.22393,-0.15487,-0.01928,0.76096,0.58489,-0.21712,-0.52593,0,0,0,0,0
785,-0.07854,-0.48246,0.45468,0.96082,-0.31685,0.31287,1.45421,0.44585,1.2861,0.93949,-0.21712,0.07987,0,0,0,0,0
786,0.49788,-0.48246,-0.05921,0.24923,-0.31685,0.52135,-0.57545,0.14143,-1.772,-0.40581,0.52975,-0.21575,0,0,0,0,0
787,-0.95197,-0.48246,-0.61113,-0.57009,0.1144,1.02119,-1.7625,0.58331,-0.15487,-2.57309,0.88113,-0.21575,1,1,1,1,1
788,2.59171,0.48246,-1.7379,0.96082,-0.31685,-0.58016,-1.7625,-2.8595,-1.47955,0.25953,0.52975,-2.07848,0,0,0,0,0
789,-0.07854,-0.48246,0.45468,-0.57009,-0.31685,-0.34799,-0.57545,0.7233,-1.6209,0.41594,-0.21712,0.40148,0,0,0,1,0
790,-0.95197,-0.48246,-1.22751,0.96082,0.1144,1.23461,0.00332,2.15324,0.13136,-1.5184,1.29221,0.7654,1,1,1,2,1
791,-0.95197,-0.48246,-0.61113,-0.57009,-1.10702,-0.58016,-0.15487,1.65653,0.13136,0.25953,0.52975,1.92173,2,0,0,1,0
792,-0.07854,0.48246,-1.7379,0.96082,-1.10702,0.13606,1.58487,0.44585,0.94156,0.12331,-0.21712,0.07987,2,0,0,0,0
793,-0.07854,0.48246,0.45468,-0.09765,-0.31685,0.04257,-0.69509,1.24033,0.94156,0.41594,0.52975,0.7654,0,0,0,0,0
794,0.49788,0.48246,0.45468,0.96082,-0.31685,-0.46725,0.00332,1.06238,1.81866,-0.40581,-0.21712,-0.21575,0,0,0,0,0
795,1.09449,-0.48246,-0.05921,0.96082,-0.31685,-0.79151,0.47617,-0.97631,0.43852,-0.14277,0.52975,-0.21575,0,0,0,0,0
796,-0.95197,0.48246,1.16365,0.96082,-0.31685,0.52135,-1.09207,-0.01928,-0.45321,-0.40581,1.29221,0.7654,0,0,0,0,0
797,1.09449,-0.48246,0.45468,0.96082,-0.31685,-0.92104,-0.57545,-0.01928,-0.15487,-0.14277,-1.37983,-1.18084,0,0,0,0,0
798,1.09449,0.48246,-1.22751,0.24923,-0.31685,-0.46725,1.11406,-0.31776,1.11406,0.12331,-2.55524,-0.84637,0,0,0,0,0
799,-0.07854,0.48246,1.16365,0.96082,-0.31685,-0.58016,1.74091,-0.17779,0.28783,0.58489,0.52975,0.7654,0,0,0,0,0
800,1.82213,0.48246,0.45468,0.96082,-0.31685,0.52135,0.00332,0.44585,1.2861,0.12331,0.19268,0.07987,0,0,0,0,0
801,1.09449,0.48246,-0.05921,0.24923,-1.10702,-1.05308,-1.23177,-0.31776,-0.30172,-0.52745,-0.21712,-0.21575,2,0,0,0,0
802,-0.95197,0.48246,-1.22751,0.96082,0.1144,-2.21844,-0.57545,-0.01928,-2.07848,-1.38502,1.29221,0.40148,1,0,0,0,0
803,-0.95197,-0.48246,0.45468,-0.09765,0.1144,1.23461,-0.80615,-0.58331,-1.21213,-1.25773,0.19268,0.7654,1,1,1,1,1
804,1.09449,0.48246,-1.7379,0.96082,-0.31685,0.41667,-0.69509,-1.68062,0.28783,-0.00665,-1.37983,-0.84637,0,0,0,0,0
805,-0.95197,0.48246,-0.61113,-0.57009,-1.10702,0.73545,0.80523,0.88309,-0.15487,-0.27607,1.29221,1.2247,2,1,1,1,1
806,-0.07854,0.48246,-0.05921,0.96082,-0.31685,0.31287,0.96248,-1.27553,2.23427,2.04506,-1.37983,-2.07848,0,0,0,0,0
807,0.49788,0.48246,0.45468,0.96082,-0.31685,-0.14882,0.47617,-0.17779,0.94156,0.25953,0.19268,-0.21575,0,0,0,0,0
808,-0.07854,0.48246,-0.05921,0.96082,-0.31685,-1.69163,-0.15487,-2.21069,-0.60633,1.46191,-1.37983,-2.07848,0,0,0,0,0
809,1.09449,-0.48246,1.16365,0.96082,-0.31685,-0.79151,-0.30033,-1.11902,0.59042,1.63088,-0.21712,-0.52593,0,0,0,0,0
810,-0.95197,-0.48246,-1.22751,0.96082,-1.10702,0.91093,0.47617,0.44585,0.59042,-0.00665,0.19268,0.40148,2,0,1,1,1
811,-0.95197,-0.48246,-0.61113,-0.57009,-1.10702,1.60383,1.74091,0.29338,1.11406,0.41594,-0.21712,-0.21575,2,0,1,0,1
812,0.49788,-0.48246,-0.05921,0.24923,-1.10702,-0.79151,0.16767,-0.45174,-0.01729,1.81175,1.29221,1.92173,2,0,0,0,0
813,-0.95197,-0.48246,0.45468,-0.57009,0.1144,1.37297,-1.7625,0.88309,-0.45321,-2.04506,-0.21712,0.40148,1,1,0,1,1
814,-0.07854,-0.48246,-1.22751,-0.28519,-1.10702,0.04257,-1.6334,1.06238,-0.76096,-1.38502,-0.71126,-1.18084,2,0,0,0,0
815,1.09449,0.48246,-1.7379,0.96082,-0.31685,-0.58016,-0.30033,-1.27553,-0.15487,0.58489,0.88113,0.40148,0,0,0,0,0
816,-0.07854,0.48246,-0.61113,-0.28519,-1.10702,1.37297,-0.30033,0.44585,-1.21213,-1.0145,0.19268,0.7654,2,1,0,0,1
817,1.09449,0.48246,0.45468,0.96082,-0.31685,-1.86962,0.63779,0.29338,0.13136,0.41594,-1.37983,-0.84637,0,0,0,0,0
818,1.09449,0.48246,-1.7379,0.96082,-0.31685,0.13606,0.32197,-1.42424,0.43852,2.33337,-0.71126,-1.18084,0,0,0,0,0
819,-0.07854,-0.48246,-0.05921,-0.28519,-1.10702,0.73545,1.11406,-0.01928,0.43852,-0.14277,0.88113,0.7654,2,0,0,0,1
820,-0.95197,0.48246,-0.61113,-0.28519,-0.31685,-0.05188,-0.43999,0.44585,0.59042,0.41594,0.19268,0.07987,0,0,0,0,0
821,0.49788,-0.48246,-0.05921,0.96082,-1.10702,0.41667,-0.15487,-0.01928,1.81866,-0.65253,-0.21712,-1.18084,2,0,0,0,0
822,-0.07854,-0.48246,1.16365,-0.28519,-1.10702,0.52135,-1.37639,0.44585,-0.45321,-0.52745,0.19268,0.7654,2,1,1,1,1
823,2.59171,-0.48246,-0.61113,-0.57009,0.1144,-0.24649,-0.15487,2.44904,0.94156,-0.65253,-0.21712,0.07987,1,0,0,0,0
824,-0.95197,-0.48246,-0.61113,-0.57009,0.1144,2.127,0.47617,0.44585,0.43852,0.41594,-0.71126,-0.52593,1,1,1,0,2
825,-0.95197,-0.48246,-0.61113,-0.28519,-1.10702,0.04257,-0.43999,1.43533,-0.30172,-1.13788,1.29221,1.2247,2,1,0,1,0
826,0.49788,0.48246,-0.05921,-0.57009,-1.10702,0.13606,-2.72827,0.29338,1.2861,-0.78155,-0.21712,-0.21575,2,0,0,0,0
827,-0.95197,0.48246,0.45468,0.96082,-0.31685,-1.05308,1.58487,-0.71727,0.76096,1.30612,0.19268,-0.52593,0,0,0,0,0
828,0.49788,-0.48246,-0.61113,0.96082,0.1144,-0.46725,0.47617,-0.01928,0.13136,0.12331,-0.21712,0.07987,1,0,0,0,0
829,0.49788,0.48246,-0.61113,0.96082,-0.31685,-0.58016,0.32197,-1.11902,-0.15487,-0.65253,0.19268,-0.21575,0,0,0,0,0
830,-0.07854,0.48246,1.16365,0.96082,0.1144,0.04257,-0.57545,0.58331,0.43852,-1.0145,1.86203,0.7654,1,0,0,0,0
831,1.09449,-0.48246,1.98437,0.96082,-0.31685,0.22393,1.74091,0.88309,0.94156,1.81175,-0.21712,-0.52593,0,0,0,0,0
832,-0.95197,-0.48246,-0.05921,0.96082,-1.10702,2.127,1.2861,1.06238,-0.01729,-0.40581,0.52975,0.07987,2,2,1,2,2
833,-0.95197,0.48246,1.16365,0.96082,-0.31685,0.13606,0.16767,-0.84732,0.59042,0.7583,-0.21712,-0.21575,0,0,0,0,0
834,-0.07854,-0.48246,-1.7379,-0.28519,-1.10702,-0.46725,-0.57545,0.88309,0.43852,-0.78155,-0.21712,0.07987,2,0,0,0,0
835,-0.07854,0.48246,1.16365,0.96082,-0.31685,-0.58016,1.11406,0.88309,-1.07533,1.46191,-0.21712,-0.52593,0,0,0,1,0
836,1.09449,-0.48246,1.16365,0.96082,-0.31685,-0.46725,-0.30033,-0.31776,-0.45321,1.63088,-1.37983,-0.84637,0,0,0,0,0
837,1.09449,0.48246,-0.61113,0.96082,-0.31685,-1.55078,-0.30033,-1.27553,0.76096,-0.89891,-1.37983,-1.54858,0,0,0,0,0
838,-0.95197,-0.48246,-1.22751,-0.28519,-1.10702,1.60383,0.00332,0.44585,-0.91699,-1.92173,0.19268,1.2247,2,1,1,0,1
839,-0.95197,-0.48246,-1.22751,0.21128,-1.10702,0.82562,0.32197,0.14143,-0.76096,-0.65253,0.88113,1.2247,2,0,0,1,1
840,1.82213,-0.48246,1.98437,0.96082,-0.31685,-0.34799,0.00332,-0.01928,0.28783,-0.00665,0.52975,-0.84637,0,0,0,0,0
841,1.09449,0.48246,-0.05921,0.96082,-0.31685,0.31287,-0.57545,-1.27553,0.94156,0.93949,-1.37983,-2.07848,0,0,0,0,0
842,-0.95197,-0.48246,-0.05921,-0.57009,-1.10702,1.13281,-0.57545,-0.01928,-1.47955,-2.90161,1.86203,1.2247,2,0,0,1,1
843,-0.07854,0.48246,-1.43719,-0.57009,-1.10702,-0.14882,-2.5383,-0.58331,-2.21844,-3.15735,1.86203,1.2247,2,0,0,0,0
844,1.09449,0.48246,1.98437,0.96082,-0.31685,-1.32828,0.16767,0.29338,-0.01729,0.93949,-1.37983,-2.07848,0,0,0,0,0
845,-0.07854,0.48246,0.45468,0.96082,-0.31685,-0.46725,0.32197,0.29338,0.76096,-0.65253,0.19268,-0.21575,0,0,0,0,0
846,1.09449,-0.48246,-1.7379,0.96082,-1.10702,-0.14882,-0.80615,-0.31776,-0.15487,-0.65253,0.19268,-0.84637,2,0,0,0,0
847,-0.95197,-0.48246,-0.61113,0.96082,-1.10702,-0.14882,0.47617,-0.17779,-0.76096,-1.25773,0.19268,0.07987,2,0,0,1,0
848,-0.95197,-0.48246,-0.05921,0.96082,-0.31685,1.72012,1.2861,-0.58331,-0.60633,-1.13788,1.86203,0.7654,0,0,0,2,2
849,0.49788,-0.48246,-1.43719,0.96082,-0.31685,-1.55078,-0.30033,-1.27553,0.28783,-0.14277,0.52975,0.40148,0,0,0,0,0
850,1.09449,0.48246,0.45468,0.96082,-0.31685,0.31287,-0.30033,-0.45174,1.11406,0.7583,-2.55524,-0.52593,0,0,0,0,0
851,-0.07854,0.48246,0.45468,-0.57009,-1.10702,0.73545,-1.37639,-1.27553,-1.772,-1.38502,0.52975,-0.52593,2,0,0,0,1
852,-0.95197,-0.48246,-0.61113,0.96082,-1.10702,1.72012,1.58487,0.44585,-0.30172,-0.65253,0.88113,0.7654,2,0,0,0,2
853,0.49788,0.48246,1.16365,0.96082,-0.31685,0.13606,-0.15487,-1.97495,-0.15487,-1.0145,0.88113,0.40148,0,0,0,0,0
854,1.09449,-0.48246,-1.43719,0.96082,-0.31685,-0.34799,-1.09207,-1.68062,0.28783,-0.78155,-0.71126,0.07987,0,0,0,0,0
855,-0.95197,0.48246,0.45468,0.96082,-1.10702,0.82562,0.32197,-0.01928,-0.60633,0.7583,-0.71126,0.40148,2,1,0,1,1
856,-0.95197,0.48246,0.45468,-0.28519,-1.10702,0.82562,-1.23177,1.06238,-2.07848,-0.52745,1.29221,1.2247,2,1,0,0,1
857,0.49788,-0.48246,-1.22751,0.96082,0.1144,1.23461,-1.6334,-1.97495,0.94156,0.41594,0.52975,0.07987,1,0,0,0,1
858,-0.95197,-0.48246,-0.61113,-0.57009,-0.31685,-2.3436,0.47617,1.24033,1.11406,-1.13788,0.88113,0.7654,2,1,0,1,0
859,-0.95197,0.48246,-0.05921,-0.57009,-1.10702,-0.46725,0.63779,0.14143,-0.30172,0.7583,1.29221,-0.52593,2,0,1,0,0
860,1.09449,-0.48246,-0.05921,0.21128,-1.10702,0.52135,1.2861,-0.31776,-0.60633,0.7583,-0.71126,0.07987,2,0,0,2,0
861,0.49788,0.48246,-0.61113,0.96082,-0.31685,-0.24649,-0.43999,0.29338,0.13136,-0.00665,0.19268,-0.84637,0,0,0,0,0
862,-0.07854,0.48246,-0.05921,0.96082,-0.31685,-1.86962,-0.30033,-1.27553,1.11406,-0.52745,-1.37983,-2.07848,0,0,0,0,0
863,-0.07854,0.48246,0.45468,0.96082,-0.31685,0.31287,-0.80615,-0.58331,-0.45321,-0.27607,-0.71126,-0.52593,0,0,0,0,0
864,-0.07854,0.48246,1.16365,0.96082,-0.31685,-1.05308,-0.43999,-0.45174,1.81866,0.25953,-1.37983,-0.52593,0,0,0,0,0
865,-0.07854,0.48246,1.16365,0.96082,-0.31685,-0.46725,-1.37639,-1.11902,0.59042,0.25953,-1.37983,-2.07848,0,0,0,0,0
866,-0.07854,0.48246,0.45468,0.96082,-0.31685,-0.14882,0.80523,-0.71727,1.2861,-0.14277,-0.71126,-0.21575,0,0,0,0,0
867,-0.95197,0.48246,-0.61113,-0.57009,0.1144,0.31287,0.47617,-0.17779,-0.91699,1.30612,-0.21712,0.07987,1,0,0,0,0
868,-0.95197,-0.48246,0.45468,0.96082,-0.31685,-0.79151,0.63779,-0.31776,-0.76096,-0.40581,-1.37983,-0.52593,2,0,0,0,0
869,-0.95197,-0.48246,-0.61113,-0.57009,-1.10702,0.62967,-0.30033,0.58331,-0.91699,-0.89891,0.88113,0.7654,2,0,0,1,1
870,-0.95197,0.48246,0.45468,0.96082,-0.22166,-0.46725,-0.15487,-0.84732,-0.76096,1.30612,-0.71126,-0.21575,0,0,0,0,0
871,-0.95197,-0.48246,0.45468,0.96082,-0.31685,0.04257,0.32197,-1.42424,-0.60633,1.81175,-0.21712,0.07987,0,0,0,0,0
872,-0.95197,-0.48246,-0.05921,0.96082,-1.10702,-0.24649,0.00332,-1.68062,-0.15487,0.25953,0.88113,0.7654,2,0,0,2,0
873,-0.95197,0.48246,-1.22751,-0.57009,-1.10702,1.60383,0.16767,1.06238,-0.45321,-0.14277,0.19268,0.07987,2,1,1,1,1
874,0.49788,-0.48246,-0.05921,0.96082,-0.31685,0.04257,-1.23177,-0.01928,0.76096,0.12331,-0.71126,-0.84637,0,0,0,0,0
875,1.09449,0.48246,1.16365,0.96082,-0.31685,0.04257,0.96248,-1.11902,0.94156,0.41594,0.19268,0.40148,0,0,0,0,0
876,-0.95197,-0.48246,-0.61113,-0.57009,-0.31685,1.23461,0.96248,1.65653,-0.01729,-0.14277,1.29221,0.7654,2,1,1,2,1
877,-0.95197,-0.48246,0.45468,-0.57009,-1.10702,0.41667,0.80523,0.88309,-0.45321,1.30612,0.19268,-0.52593,2,0,0,0,0
878,0.49788,0.48246,1.16365,0.96082,0.1144,2.127,1.45421,-1.27553,1.61108,-0.40581,1.29221,1.2247,1,1,1,0,2
879,1.09449,0.48246,-0.05921,0.24923,-0.31685,-1.1943,0.32197,1.06238,-1.772,0.41594,1.86203,0.40148,0,0,0,0,0
880,-0.95197,-0.48246,-0.61113,-0.57009,-0.31685,0.82562,1.11406,0.7233,0.13136,-1.0145,1.86203,1.2247,2,0,1,1,1
881,0.49788,0.48246,-0.05921,0.96082,-0.31685,-0.79151,0.47617,-0.17779,2.75696,1.13407,-0.71126,-0.84637,0,0,0,0,0
882,1.82213,-0.48246,-1.7379,0.96082,-0.31685,0.82562,1.11406,-0.58331,-1.07533,-1.13788,1.29221,1.2247,0,0,0,1,1
883,-0.95197,0.48246,1.16365,0.96082,-0.31685,-0.67825,1.11406,-0.84732,-0.45321,-1.25773,-0.71126,-0.84637,0,0,0,0,0
884,-0.95197,-0.48246,-1.22751,-0.57009,0.1144,1.60383,-1.92173,0.29338,-0.60633,-1.13788,0.52975,0.40148,1,1,1,1,1
885,-0.07854,0.48246,0.45468,0.96082,-0.31685,-2.21844,0.47617,1.24033,0.94156,1.63088,-1.37983,-2.07848,0,0,0,0,0
886,-0.07854,-0.48246,-0.61113,-0.57009,-1.10702,-0.34799,-1.37639,0.44585,-1.07533,-1.13788,0.19268,0.7654,2,0,0,0,0
887,-0.07854,-0.48246,0.45468,0.96082,-0.31685,-0.67825,0.16767,-0.17779,-0.30172,0.12331,0.19268,-0.52593,0,0,0,0,0
888,0.49788,-0.48246,1.16365,0.96082,-0.31685,0.22393,0.96248,0.88309,2.23427,1.81175,-0.21712,0.40148,0,0,0,1,0
889,-0.07854,-0.48246,0.45468,0.96082,-0.31685,-0.14882,0.32197,-0.58331,1.2861,0.58489,0.52975,1.2247,2,0,0,1,0
890,-0.07854,-0.48246,-0.61113,-0.57009,0.1144,1.49158,-1.09207,0.44585,-1.6209,-1.25773,1.29221,1.2247,1,0,0,0,1
891,-0.95197,-0.48246,-0.61113,-0.57009,-1.10702,0.62967,1.11406,0.58331,-0.60633,-1.13788,0.52975,1.2247,2,2,0,1,1
892,1.09449,-0.48246,-1.22751,0.96082,-0.31685,0.41667,-0.94779,-0.58331,1.45039,-1.25773,-0.21712,0.40148,0,0,0,0,0
893,1.09449,0.48246,0.45468,0.96082,-0.31685,-0.92104,-0.43999,-0.31776,0.76096,-0.00665,-0.71126,-0.52593,0,0,0,0,0
894,1.82213,0.48246,-2.43591,0.96082,-0.31685,-1.05308,0.00332,-0.01928,1.61108,1.13407,-0.71126,-1.54858,0,0,0,0,0
895,-0.07854,0.48246,-0.05921,0.96082,0.1144,0.62967,0.00332,-0.17779,-0.76096,-0.40581,0.19268,-0.21575,1,0,0,0,0
896,-0.95197,-0.48246,-0.61113,-0.57009,-0.31685,-1.43907,-1.92173,0.14143,1.2861,2.63199,-1.37983,-0.52593,2,1,1,1,0
897,-0.95197,0.48246,-0.61113,-0.57009,-1.10702,0.31287,0.16767,0.58331,-2.07848,-0.00665,1.86203,-0.21575,2,0,1,1,0
898,-0.95197,0.48246,-0.61113,0.96082,-0.31685,0.13606,-0.15487,-0.31776,-0.60633,0.41594,-0.21712,-0.52593,0,0,0,0,0
899,-0.07854,0.48246,1.16365,0.96082,-0.31685,-0.24649,-1.50796,-0.31776,0.59042,-0.65253,-1.37983,0.40148,0,0,0,0,0
900,-0.07854,0.48246,1.16365,0.96082,-0.31685,0.22393,0.47617,-0.01928,1.11406,0.12331,-1.37983,-1.54858,0,0,0,0,0
901,-0.95197,-0.48246,0.45468,0.96082,0.1144,-2.05048,0.00332,-1.11902,1.45039,-0.78155,-0.21712,1.2247,1,0,0,0,0
902,0.49788,0.48246,-0.05921,0.96082,-0.31685,-0.58016,-0.69509,1.24033,-1.21213,-1.5184,1.29221,1.92173,1,0,0,1,0
903,-0.07854,0.48246,0.45468,0.96082,-0.31685,0.13606,-0.43999,0.58331,1.45039,1.30612,-0.71126,-1.18084,0,0,0,0,0
904,0.49788,0.48246,-0.05921,0.96082,0.1144,1.02119,0.47617,0.44585,-0.60633,-0.89891,1.29221,0.40148,1,1,1,1,1
905,0.49788,-0.48246,1.16365,0.96082,-0.31685,1.49158,-0.94779,-0.58331,-1.34289,1.30612,-0.71126,-0.84637,0,0,0,0,1
906,1.09449,-0.48246,-2.43591,0.96082,-1.10702,-0.14882,1.11406,0.44585,0.76096,1.13407,-0.71126,0.40148,2,0,0,0,0
907,-0.07854,0.48246,1.98437,0.96082,-0.31685,1.02119,0.47617,0.44585,0.76096,-0.14277,1.86203,1.2247,0,0,0,0,1
908,-0.07854,-0.48246,0.45468,0.96082,-0.31685,-0.67825,-0.57545,-1.68062,0.28783,1.30612,-1.37983,-0.84637,0,0,0,0,0
909,0.49788,0.48246,-0.61113,0.96082,-0.31685,-0.46725,-1.92173,-1.42424,-0.76096,-0.52745,-1.37983,-2.07848,0,0,0,0,0
910,-0.95197,-0.48246,0.45468,-0.57009,-1.10702,1.8399,-1.09207,0.14143,-1.34289,-0.00665,-0.21712,-0.84637,2,1,1,0,2
911,0.49788,0.48246,1.16365,0.96082,-0.31685,-0.92104,-0.43999,-1.11902,1.81866,0.93949,-0.71126,-0.84637,0,0,0,0,0
912,1.09449,-0.48246,1.98437,-0.57009,0.1144,0.52135,-1.37639,1.43533,-0.91699,-0.52745,1.86203,0.7654,1,0,0,0,0
913,0.49788,-0.48246,0.45468,0.96082,-1.10702,-1.05308,0.96248,-0.58331,-0.30172,-0.40581,0.52975,-0.21575,2,0,0,0,0
914,-0.95197,0.48246,-2.43591,0.96082,-1.10702,0.91093,-0.15487,-0.01928,-0.15487,-0.40581,0.88113,-0.84637,2,0,0,1,1
915,-0.95197,-0.48246,-1.22751,-0.57009,-1.10702,1.13281,0.47617,-0.31776,-1.34289,-0.27607,0.52975,1.2247,2,1,1,1,1
916,-0.95197,0.48246,-1.22751,-0.57009,-1.10702,-1.55078,0.63779,1.24033,0.76096,0.12331,0.19268,0.07987,2,1,1,0,0
917,-0.95197,0.48246,-0.61113,-0.57009,0.1144,0.62967,0.80523,0.29338,2.03972,1.81175,-1.37983,-0.21575,1,0,1,1,1
918,-0.95197,0.48246,0.45468,0.96082,-0.31685,-1.69163,0.16767,-1.55521,0.43852,1.13407,-1.37983,-1.18084,0,0,0,0,0
919,-0.95197,0.48246,-0.61113,-0.57009,-1.10702,1.13281,1.45421,1.65653,1.81866,-0.78155,0.19268,-0.52593,2,1,1,0,1
920,-0.95197,0.48246,-0.61113,-0.57009,-0.31685,-0.79151,0.63779,0.44585,0.13136,-2.57309,1.86203,1.2247,0,0,0,1,0
921,0.49788,0.48246,-0.05921,0.96082,-0.31685,0.04257,-0.57545,-0.17779,-0.30172,0.7583,0.88113,0.40148,0,0,0,0,0
922,-0.95197,-0.48246,-1.43719,-0.57009,-1.10702,-1.55078,0.32197,0.44585,-1.21213,-0.40581,1.86203,0.07987,2,0,0,1,0
923,-0.95197,-0.48246,-2.43591,-0.46841,0.1144,-0.46725,-0.94779,1.06238,1.2861,-0.52745,0.88113,1.2247,1,1,2,1,0
924,-0.95197,-0.48246,-0.61113,-0.57009,-0.31685,1.02119,1.45421,1.06238,-1.6209,0.93949,-0.71126,0.40148,2,0,1,1,1
925,1.82213,-0.48246,0.45468,0.96082,-0.31685,-1.1943,-0.43999,0.7233,-0.01729,-0.14277,1.86203,0.07987,0,0,0,0,0
926,-0.95197,-0.48246,-0.61113,0.96082,-1.10702,-1.55078,-0.15487,0.29338,-0.01729,-0.89891,0.52975,0.40148,2,0,1,0,0
927,-0.95197,0.48246,-0.61113,-0.57009,-1.10702,1.13281,0.63779,1.06238,-1.47955,-1.13788,0.88113,0.7654,2,0,0,2,1
928,1.09449,-0.48246,1.98437,0.96082,-0.31685,3.27393,-0.80615,-0.17779,-0.01729,-2.04506,-0.71126,-2.07848,0,0,0,1,2
929,-0.95197,0.48246,1.16365,0.96082,-0.31685,0.22393,0.47617,-0.01928,-0.30172,0.25953,0.19268,-0.52593,0,0,0,0,0
930,0.49788,-0.48246,-1.7379,0.96082,-1.10702,-0.14882,0.00332,-0.31776,-0.01729,0.41594,-1.37983,-1.18084,2,0,0,0,0
931,1.09449,0.48246,0.45468,0.96082,-0.31685,-0.46725,1.2861,-0.84732,0.94156,-0.14277,-0.21712,-0.52593,0,0,0,0,0
932,-0.07854,0.48246,-1.7379,0.96082,-0.31685,0.04257,-1.23177,-2.21069,1.81866,0.58489,-2.55524,-2.07848,0,0,0,0,0
933,-0.07854,-0.48246,-0.61113,-0.28519,-1.10702,-1.05308,0.32197,0.7233,2.46262,-0.00665,1.29221,0.7654,2,0,1,1,0
934,1.09449,0.48246,0.45468,0.96082,-0.31685,-0.79151,0.00332,0.44585,0.28783,1.13407,0.19268,-0.52593,0,0,0,0,0
935,-0.95197,0.48246,1.16365,0.96082,-0.31685,1.02119,1.11406,-1.42424,-0.45321,-0.78155,0.88113,1.2247,0,0,0,0,1
936,-0.07854,0.48246,0.45468,-0.57009,-1.10702,0.41667,-1.23177,1.24033,2.75696,0.25953,-0.71126,-0.52593,2,0,2,0,0
937,-0.07854,-0.48246,0.45468,-0.57009,0.1144,-0.92104,0.96248,-0.01928,0.43852,-0.00665,0.88113,1.92173,1,0,1,1,0
938,0.49788,0.48246,0.45468,-0.57009,-1.10702,-0.34799,-0.80615,2.15324,0.76096,-0.00665,1.29221,1.92173,2,0,0,0,0
939,-0.95197,0.48246,-0.61113,-0.57009,-1.10702,1.8399,0.96248,-0.01928,-1.07533,-0.40581,-0.21712,0.40148,2,2,1,1,2
940,0.49788,0.48246,0.45468,0.96082,0.1144,-0.24649,-0.15487,0.88309,-0.30172,0.58489,0.19268,-0.84637,1,0,0,0,0
941,-0.95197,-0.48246,0.45468,-0.57009,-1.10702,-1.32828,-1.23177,0.29338,-0.45321,-1.13788,0.19268,-1.18084,2,1,1,1,0
942,0.49788,-0.48246,1.98437,0.96082,-0.31685,-0.05188,1.2861,0.29338,0.76096,1.46191,-0.21712,0.40148,0,0,0,0,0
943,-0.07854,-0.48246,-0.05921,-0.28519,-1.10702,1.37297,-0.57545,0.14143,-0.15487,-0.78155,0.52975,1.2247,2,0,0,0,1
944,-0.07854,0.48246,-1.43719,0.96082,-1.10702,0.22393,0.47617,0.7233,0.43852,1.30612,0.88113,0.40148,2,0,0,0,0
945,0.49788,0.48246,0.45468,0.96082,-0.31685,0.13606,-0.57545,-0.84732,-1.21213,-0.52745,-1.37983,-1.18084,0,0,0,0,0
946,2.59171,-0.48246,-0.05921,0.96082,-0.31685,-0.34799,-0.30033,0.29338,0.43852,0.7583,-0.21712,-0.52593,0,0,0,0,0
947,0.49788,-0.48246,-1.7379,0.96082,-1.10702,-0.05188,-0.30033,0.14143,0.28783,-0.89891,0.88113,1.2247,2,0,0,1,0
948,-0.95197,-0.48246,-0.61113,-0.57009,-1.10702,0.91093,-0.15487,0.58331,1.81866,-0.52745,-0.71126,-0.84637,2,2,1,1,1
949,-0.95197,-0.48246,-0.61113,-0.57009,0.1144,1.02119,-1.23177,-1.11902,0.13136,-0.52745,-0.71126,0.40148,1,1,1,0,1
950,-0.07854,0.48246,0.45468,0.96082,-0.31685,0.52135,1.11406,-0.45174,-0.15487,0.41594,-0.71126,-0.84637,0,0,0,0,0
951,-0.07854,0.48246,1.16365,0.96082,-1.10702,1.37297,-0.15487,-0.45174,-0.30172,0.93949,-0.21712,0.7654,2,1,1,1,1
952,-0.07854,-0.48246,-0.61113,-0.57009,0.1144,-1.32828,-0.43999,0.58331,1.11406,0.41594,0.19268,0.40148,1,0,0,1,0
953,-0.07854,0.48246,0.45468,0.96082,-0.31685,0.22393,0.96248,-0.17779,1.45039,1.30612,-0.71126,-0.21575,0,0,0,0,0
954,1.82213,-0.48246,0.45468,0.96082,-0.31685,0.31287,-1.50796,-1.55521,-1.07533,1.13407,-0.71126,-0.52593,0,0,0,0,0
955,1.09449,-0.48246,0.45468,0.96082,-0.31685,-1.32828,0.32197,-0.17779,0.59042,0.41594,-0.71126,-0.52593,0,0,0,0,0
956,-0.07854,-0.48246,-0.61113,-0.57009,-1.10702,-0.34799,0.63779,1.88511,-0.60633,0.25953,0.19268,0.7654,2,0,1,1,0
957,1.09449,-0.48246,0.45468,0.96082,-0.31685,0.13606,0.00332,1.24033,-0.01729,1.46191,-0.21712,-0.21575,0,0,0,0,0
958,-0.95197,-0.48246,-0.61113,0.24923,-1.10702,1.02119,1.45421,0.44585,-0.60633,-0.00665,1.29221,0.40148,2,0,1,1,1
959,1.09449,0.48246,-0.61113,0.96082,-0.31685,0.62967,-0.57545,-0.58331,0.13136,0.25953,-0.21712,-1.18084,0,0,0,0,0
960,1.09449,0.48246,-0.05921,0.96082,-0.31685,-1.69163,0.63779,0.7233,1.61108,0.25953,-1.37983,-0.84637,0,0,0,0,0
961,-0.07854,0.48246,1.16365,0.96082,-0.31685,-0.14882,0.47617,-1.42424,-0.30172,1.13407,-1.37983,-0.84637,0,0,0,0,0
962,1.09449,0.48246,0.45468,-0.57009,0.1144,0.22393,-0.94779,-0.97631,0.76096,-0.27607,-1.37983,1.2247,1,0,0,2,0
963,-0.95197,-0.48246,1.16365,0.96082,-0.31685,0.31287,0.00332,0.29338,-0.60633,0.12331,0.88113,0.07987,0,0,0,0,0
964,1.09449,0.48246,0.45468,-0.57009,-1.10702,-1.32828,-2.32338,0.14143,-0.01729,-2.04506,0.88113,-2.07848,2,0,0,0,0
965,0.49788,0.48246,-0.05921,-0.57009,-1.10702,-0.05188,-0.80615,-0.01928,0.59042,0.25953,-1.37983,-2.07848,2,0,0,0,0
966,-0.07854,-0.48246,-0.61113,0.96082,-0.31685,0.91093,2.32338,0.29338,-1.47955,0.58489,0.88113,1.2247,0,0,0,1,1
967,0.49788,0.48246,1.16365,0.96082,-0.31685,0.04257,0.16767,0.44585,-0.30172,0.58489,-0.21712,-0.21575,0,0,0,0,0
968,-0.95197,-0.48246,-0.61113,-0.57009,-1.10702,-1.43907,0.47617,-0.71727,-1.47955,-0.52745,1.86203,0.7654,2,0,0,0,0
969,-0.95197,0.48246,-0.61113,0.96082,0.1144,-0.05188,0.32197,0.29338,0.43852,0.7583,-0.21712,0.07987,1,0,0,0,0
970,-0.95197,-0.48246,-0.61113,-0.28519,-1.10702,-0.58016,0.47617,-0.17779,0.28783,-1.78169,0.19268,0.7654,2,0,0,0,0
971,-0.07854,0.48246,1.16365,0.96082,-0.31685,-0.79151,0.63779,-1.11902,-0.60633,1.81175,-0.21712,0.07987,0,0,0,0,0
972,0.49788,-0.48246,-0.05921,0.96082,-1.10702,-0.05188,0.80523,-0.01928,-0.60633,0.12331,0.88113,1.2247,2,0,0,0,0
973,-0.07854,0.48246,1.16365,-0.57009,0.1144,0.31287,-0.69509,0.29338,-0.60633,-1.13788,0.52975,0.40148,1,0,0,0,0
974,1.09449,-0.48246,-1.7379,0.96082,-0.31685,0.52135,-3.27393,-1.27553,0.28783,-1.0145,-1.37983,-1.54858,0,0,0,0,0
975,-0.95197,-0.48246,-1.22751,-0.57009,-1.10702,0.31287,-2.21069,1.24033,0.43852,-1.38502,0.52975,0.40148,2,0,1,1,0
976,-0.95197,-0.48246,0.45468,-0.57009,-1.10702,0.41667,-0.94779,1.06238,-1.92595,0.7583,-0.21712,-0.52593,2,0,1,1,0
977,-0.07854,-0.48246,1.16365,-0.28519,-1.10702,-1.86962,0.63779,1.65653,0.59042,0.58489,-0.21712,1.2247,2,1,1,1,0
978,-0.07854,0.48246,1.16365,0.96082,-0.31685,-0.58016,-0.15487,-0.71727,0.76096,0.25953,-0.21712,-0.21575,0,0,0,0,0
979,-0.95197,-0.48246,-0.61113,0.96082,-1.10702,1.13281,1.11406,1.43533,-1.47955,-1.78169,0.88113,0.7654,2,0,1,1,1
980,0.49788,-0.48246,0.45468,-0.09765,-0.31685,0.41667,0.32197,-0.71727,-1.34289,0.41594,0.52975,1.2247,0,1,0,0,0
981,0.49788,0.48246,-1.22751,-0.57009,0.1144,0.22393,-1.23177,-1.11902,-1.772,-1.38502,0.19268,0.40148,1,0,0,2,0
982,-0.95197,0.48246,-1.22751,-0.57009,-0.31685,-1.05308,-0.94779,0.88309,0.13136,-0.89891,-0.71126,-0.52593,0,0,0,2,0
983,-0.07854,0.48246,1.16365,-0.57009,0.1144,-1.43907,0.96248,1.65653,0.43852,-0.27607,0.52975,0.07987,1,1,1,1,0
984,0.49788,0.48246,0.45468,0.24923,-1.10702,-2.75696,-0.69509,2.44904,-0.45321,1.46191,0.19268,1.2247,2,0,1,0,0
985,-0.07854,-0.48246,-0.61113,-0.28519,0.1144,-0.14882,-1.7625,0.14143,1.45039,-0.89891,0.19268,-0.52593,1,0,0,0,0
986,-0.95197,0.48246,-0.61113,-0.57009,-1.10702,-0.14882,1.74091,1.88511,0.76096,-1.13788,0.88113,1.92173,2,1,0,1,0
987,1.09449,0.48246,0.45468,0.96082,-0.31685,-1.69163,1.58487,0.29338,0.76096,0.41594,-2.55524,-1.18084,0,0,0,0,0
988,1.82213,-0.48246,1.16365,0.96082,0.1144,-0.79151,-0.30033,0.29338,0.28783,1.46191,-0.21712,-0.84637,1,0,0,1,0
989,-0.95197,0.48246,-0.61113,-0.57009,0.1144,1.37297,0.80523,2.15324,0.76096,-0.27607,-1.37983,-0.84637,1,0,0,1,1
990,-0.95197,-0.48246,-1.7379,-0.46841,0.1144,-0.46725,-1.09207,-0.31776,-0.15487,-0.65253,1.29221,0.7654,1,1,0,1,0
991,-0.95197,-0.48246,-0.61113,-0.57009,-1.10702,1.02119,0.00332,0.29338,1.81866,1.30612,-0.21712,-0.52593,2,1,1,1,1
992,0.49788,-0.48246,-0.05921,0.96082,-0.31685,0.22393,-1.7625,-2.39883,-1.92595,0.7583,-1.37983,-2.07848,0,0,0,0,0
993,-0.07854,0.48246,0.45468,0.96082,-0.31685,0.31287,-1.50796,-0.71727,-0.60633,-0.65253,-2.55524,-1.54858,0,0,0,0,0
994,-0.07854,-0.48246,-0.61113,0.96082,-1.10702,1.23461,0.96248,0.88309,0.13136,-0.65253,0.19268,1.92173,2,0,0,1,1
995,-0.07854,0.48246,0.45468,-0.46841,-0.31685,0.04257,0.00332,-0.17779,1.61108,0.93949,-1.37983,-0.21575,0,0,0,0,0
996,-0.07854,0.48246,1.16365,-0.57009,-0.31685,-0.67825,-0.15487,0.29338,0.59042,0.93949,0.19268,-0.84637,0,0,0,0,0
997,1.82213,0.48246,-0.05921,0.96082,-0.31685,-0.67825,0.00332,-0.01928,-0.15487,0.58489,0.19268,-0.52593,0,0,0,0,0
998,-0.95197,0.48246,0.45468,-0.28519,0.1144,0.82562,-1.09207,1.88511,0.28783,3.00537,-0.21712,1.2247,1,1,0,1,1
999,1.09449,0.48246,-0.61113,-0.28519,-1.10702,-0.67825,0.16767,0.14143,0.43852,0.7583,-1.37983,-1.18084,2,0,0,0,0
1000,1.09449,0.48246,1.16365,0.96082,-0.31685,-1.1943,-0.15487,0.14143,1.45039,1.30612,-0.71126,-1.18084,0,0,0,0,0
1001,0.49788,0.48246,-1.43719,0.96082,-0.31685,-1.32828,0.32197,-0.58331,-0.01729,1.13407,-0.71126,-1.18084,0,0,0,0,0
1002,-0.95197,-0.48246,-0.61113,-0.57009,-1.10702,1.23461,-0.15487,-0.17779,-2.35413,-1.13788,0.88113,0.40148,2,1,1,1,1
1003,1.09449,-0.48246,0.45468,0.96082,-0.31685,-0.14882,-1.23177,-1.27553,-1.6209,-0.14277,-1.37983,-1.54858,0,0,0,0,0
1004,0.49788,-0.48246,0.45468,0.96082,-0.31685,0.04257,0.16767,-0.71727,-0.30172,0.12331,-1.37983,-1.18084,0,0,0,0,0
1005,1.09449,-0.48246,-1.7379,0.96082,-0.31685,-0.05188,-0.69509,-1.11902,1.2861,0.41594,-0.71126,-1.18084,0,0,0,0,0
1006,0.49788,0.48246,1.98437,0.96082,-0.31685,-1.86962,1.58487,0.14143,0.13136,0.7583,0.19268,-0.84637,0,0,0,0,0
1007,-0.95197,0.48246,-0.61113,0.96082,-1.10702,1.37297,0.00332,0.14143,0.13136,-0.27607,-0.71126,0.07987,2,0,2,2,1
1008,-0.95197,-0.48246,0.45468,-0.57009,-1.10702,0.62967,1.11406,0.88309,-0.30172,1.81175,-0.71126,-0.21575,2,1,1,1,1
1009,0.49788,0.48246,1.16365,0.96082,-0.31685,0.13606,1.74091,1.06238,1.2861,0.7583,0.19268,0.40148,0,0,0,0,0
1010,-0.95197,-0.48246,-0.61113,0.96082,-0.31685,0.22393,-0.94779,-0.01928,-0.60633,-0.40581,-0.71126,0.07987,1,0,0,0,0
1011,1.09449,-0.48246,1.16365,0.96082,-0.31685,0.31287,-0.15487,1.06238,0.28783,0.25953,-0.21712,-0.21575,0,0,0,0,0
1012,0.49788,0.48246,-0.61113,0.96082,-0.31685,-0.58016,-0.57545,0.14143,1.11406,0.25953,-1.37983,-0.84637,0,0,0,0,0
1013,-0.07854,0.48246,0.45468,-0.09765,-0.31685,1.8399,0.80523,1.43533,1.11406,0.12331,-0.21712,0.40148,2,1,0,2,2
1014,1.82213,0.48246,0.45468,0.96082,-0.31685,-1.1943,-1.23177,-0.01928,-0.91699,-0.14277,0.88113,0.40148,0,0,0,0,0
1015,0.49788,0.48246,-0.05921,-0.57009,-0.31685,-0.34799,-0.94779,-0.17779,0.43852,0.58489,-0.71126,-0.84637,0,0,0,0,0
1016,-0.07854,0.48246,1.16365,0.96082,0.1144,0.41667,-0.43999,-1.42424,0.76096,-0.65253,-1.37983,-0.52593,1,0,0,0,0
1017,-0.07854,0.48246,-0.61113,-0.57009,-1.10702,0.62967,1.93886,1.43533,-0.30172,0.93949,-0.71126,1.2247,2,1,1,1,1
1018,-0.07854,0.48246,-0.05921,0.24923,-1.10702,-0.05188,-0.30033,-0.17779,0.28783,-0.52745,0.88113,0.07987,2,0,0,0,0
1019,0.49788,-0.48246,0.45468,-0.57009,-1.10702,-0.46725,-1.09207,0.88309,0.13136,-0.65253,-0.71126,0.40148,2,0,0,2,0
1020,-0.07854,0.48246,0.45468,-0.57009,-1.10702,0.73545,0.63779,0.58331,-0.60633,-0.14277,1.86203,0.7654,2,1,2,0,1
1021,-0.95197,0.48246,-0.61113,-0.57009,-1.10702,-0.34799,-0.43999,-0.01928,-0.91699,-0.65253,-1.37983,-0.21575,2,0,1,1,0
1022,-0.95197,-0.48246,-1.22751,-0.57009,0.1144,1.8399,0.80523,1.06238,-0.91699,-0.40581,-0.71126,0.07987,1,1,1,1,2
1023,1.82213,-0.48246,-1.43719,-0.57009,0.1144,-0.67825,-0.43999,-0.58331,-1.6209,0.58489,-0.21712,0.07987,1,0,0,0,0
1024,1.82213,0.48246,1.16365,0.96082,-0.31685,-2.21844,0.47617,1.06238,-0.30172,-0.78155,0.52975,0.7654,0,0,0,0,0
1025,-0.07854,0.48246,0.45468,0.96082,-0.31685,0.04257,0.80523,-1.11902,-0.76096,1.81175,0.19268,0.07987,0,0,0,0,0
1026,1.09449,-0.48246,-0.05921,0.96082,-0.31685,-1.86962,0.80523,0.7233,1.61108,-1.13788,0.19268,-0.21575,0,0,0,0,0
1027,1.09449,-0.48246,0.45468,0.96082,-0.31685,0.52135,-1.09207,-0.71727,-0.30172,-0.65253,0.19268,-0.84637,0,0,0,0,0
1028,0.49788,0.48246,1.16365,0.96082,-0.31685,0.31287,-0.57545,0.29338,-0.60633,-0.27607,0.52975,-0.21575,0,0,0,0,0
1029,-0.07854,-0.48246,0.45468,0.24923,-1.10702,1.23461,0.16767,-0.31776,0.43852,-0.78155,0.52975,0.7654,2,1,1,1,1
1030,0.49788,-0.48246,0.45468,0.96082,-0.31685,-0.46725,-1.50796,-0.17779,1.11406,-2.90161,-0.71126,-0.52593,0,0,0,0,0
1031,0.49788,-0.48246,-0.61113,0.96082,-1.10702,0.52135,-0.15487,0.7233,0.13136,-0.40581,-0.21712,-0.21575,2,0,0,0,0
1032,1.09449,0.48246,0.45468,0.96082,-0.31685,-0.24649,0.16767,-1.11902,2.23427,0.7583,1.29221,0.40148,0,0,0,0,0
1033,-0.95197,-0.48246,-0.61113,-0.57009,-1.10702,0.22393,0.47617,2.15324,1.2861,0.41594,0.19268,0.7654,2,1,0,1,0
1034,0.49788,-0.48246,-0.05921,0.96082,-0.31685,-0.92104,-0.15487,0.58331,0.43852,1.13407,0.19268,-0.21575,0,0,0,0,0
1035,1.09449,-0.48246,-0.05921,0.96082,-0.31685,0.22393,0.00332,-0.58331,-0.45321,-1.25773,-1.37983,-1.54858,0,0,0,0,0
1036,0.49788,-0.48246,-0.61113,0.96082,-0.31685,-0.34799,-0.80615,-2.09015,-1.6209,-2.18109,-2.55524,-1.18084,0,0,0,0,0
1037,-0.95197,0.48246,-0.61113,-0.57009,-1.10702,-1.1943,-2.03972,0.44585,-1.21213,-1.92173,1.86203,1.2247,2,0,0,1,0
1038,-0.07854,-0.48246,-0.61113,-0.57009,0.1144,0.62967,2.127,0.88309,0.43852,-0.65253,1.86203,1.92173,1,1,2,2,1
1039,0.49788,-0.48246,-0.05921,0.96082,-1.10702,0.41667,-0.57545,-0.45174,-0.60633,-0.27607,0.19268,-0.21575,2,0,0,0,0
1040,1.82213,0.48246,0.45468,0.96082,-0.31685,-0.05188,0.32197,0.7233,-0.30172,0.93949,0.52975,0.07987,0,0,0,0,0
1041,1.09449,-0.48246,-1.7379,0.96082,-0.31685,0.04257,1.93886,0.29338,0.43852,0.58489,-0.21712,-0.21575,0,0,0,0,0
1042,-0.07854,0.48246,-0.05921,0.96082,-0.31685,-0.24649,0.63779,-0.84732,1.81866,0.58489,-0.21712,-1.18084,0,0,0,0,0
1043,-0.95197,-0.48246,0.45468,-0.09765,-0.31685,1.72012,0.00332,-0.17779,-1.07533,0.58489,1.29221,-0.52593,2,1,1,2,2
1044,-0.95197,-0.48246,-0.61113,-0.57009,-1.10702,-2.21844,-0.30033,-0.58331,0.76096,-0.27607,-0.21712,-1.18084,2,1,1,1,0
1045,-0.07854,0.48246,1.16365,0.96082,-0.31685,-1.32828,0.63779,-0.58331,0.13136,-0.14277,0.19268,-0.21575,0,0,0,0,0
1046,-0.07854,0.48246,1.16365,-0.28519,-0.31685,0.52135,-1.92173,-0.45174,-0.01729,0.41594,-0.71126,-2.07848,0,0,0,0,0
1047,0.49788,-0.48246,-0.05921,0.96082,-1.10702,0.62967,-0.30033,-0.71727,-0.76096,-0.78155,0.19268,1.2247,2,0,1,1,1
1048,-0.95197,-0.48246,-0.61113,-0.57009,-1.10702,2.82196,-0.94779,-0.01928,-1.21213,-1.25773,-0.71126,-1.18084,2,0,0,1,2
1049,-0.95197,0.48246,-1.22751,0.96082,-0.31685,-1.05308,0.00332,-1.42424,0.59042,-0.14277,-0.71126,0.40148,0,0,0,0,0
1050,-0.95197,0.48246,0.45468,-0.57009,-1.10702,0.73545,0.80523,1.06238,1.81866,0.25953,-0.21712,-0.21575,2,1,1,1,1
1051,-0.95197,-0.48246,-1.22751,0.96082,-1.10702,1.98437,0.96248,-0.01928,-0.01729,-0.89891,0.88113,0.07987,2,0,0,0,2
1052,-0.07854,-0.48246,1.16365,0.96082,-0.31685,-0.14882,1.2861,-0.58331,0.76096,-0.52745,0.52975,0.07987,0,0,0,0,0
1053,2.59171,-0.48246,-2.43591,0.96082,-0.31685,-1.05308,0.47617,-1.11902,-0.60633,1.81175,-0.21712,-1.18084,0,0,0,0,0
1054,-0.07854,0.48246,1.16365,0.96082,-0.31685,-0.79151,0.96248,-0.97631,-0.60633,-0.14277,-1.37983,-1.18084,1,0,0,0,0
1055,0.49788,0.48246,-0.61113,-0.28519,-0.31685,-0.34799,-1.50796,0.29338,0.13136,-1.64101,-0.21712,-0.84637,0,0,0,0,0
1056,-0.95197,-0.48246,-0.61113,-0.57009,-1.10702,1.13281,-1.23177,-0.17779,-0.91699,-0.65253,-0.71126,-0.21575,2,1,1,1,1
1057,-0.95197,-0.48246,-0.61113,-0.57009,-1.10702,2.82196,-1.7625,0.58331,-0.76096,-0.14277,1.29221,1.2247,2,1,1,0,2
1058,1.09449,-0.48246,0.45468,0.96082,-0.31685,-0.24649,0.16767,-0.31776,-0.45321,1.46191,0.19268,-0.84637,0,0,0,0,0
1059,0.49788,0.48246,-1.7379,0.96082,-1.10702,-0.34799,-0.57545,-2.09015,-0.76096,-1.92173,-0.21712,-0.52593,2,0,0,0,0
1060,-0.95197,0.48246,-0.61113,-0.57009,0.1144,-1.1943,-0.94779,-0.97631,-0.91699,-1.0145,2.90161,1.92173,1,0,0,0,0
1061,-0.07854,0.48246,0.45468,-0.57009,-1.10702,-2.21844,0.63779,1.24033,-0.15487,-1.38502,0.52975,-0.21575,2,0,0,0,0
1062,1.82213,0.48246,0.45468,0.96082,-0.31685,-0.24649,1.58487,0.44585,0.76096,1.63088,0.19268,-0.52593,0,0,0,0,0
1063,-0.95197,-0.48246,-0.05921,-0.57009,-1.10702,-0.05188,-1.92173,-0.31776,-0.45321,-2.72827,1.29221,1.2247,2,1,0,1,0
1064,-0.95197,0.48246,-0.61113,-0.57009,-1.10702,0.91093,-2.03972,0.88309,-0.01729,-1.13788,-0.21712,0.40148,2,0,1,0,1
1065,-0.95197,-0.48246,0.45468,-0.57009,-0.31685,0.73545,1.45421,0.58331,0.13136,0.93949,0.19268,1.92173,2,0,1,1,1
1066,-0.07854,-0.48246,-0.61113,-0.28519,-1.10702,1.49158,0.80523,1.06238,-0.45321,-1.78169,1.29221,0.7654,2,0,0,2,1
1067,0.49788,-0.48246,-0.05921,0.24923,-0.31685,0.62967,-0.43999,0.7233,0.28783,0.7583,0.88113,0.7654,0,0,0,0,0
1068,-0.95197,0.48246,-0.61113,-0.57009,0.1144,1.60383,0.16767,-0.01928,-0.15487,-1.0145,1.29221,0.7654,1,1,1,0,1
1069,1.82213,0.48246,-0.05921,0.96082,-0.31685,-0.79151,0.00332,-0.84732,0.59042,-0.27607,-0.71126,-1.54858,0,0,0,0,0
1070,1.09449,-0.48246,-0.61113,0.24923,-1.10702,0.22393,-0.57545,0.29338,-1.21213,-1.13788,1.29221,0.40148,2,0,2,1,0
1071,1.09449,0.48246,0.45468,0.96082,-0.31685,-0.92104,1.74091,-0.01928,0.13136,2.04506,-1.37983,-0.84637,0,0,0,0,0
1072,1.82213,-0.48246,-0.05921,-0.28519,-0.31685,-2.05048,0.32197,0.58331,0.13136,-0.00665,-0.21712,-0.21575,1,0,0,0,0
1073,-0.07854,-0.48246,1.16365,-0.57009,0.1144,-0.46725,-0.80615,-0.01928,-0.91699,1.13407,1.86203,1.92173,1,0,0,0,0
1074,-0.95197,-0.48246,-0.61113,0.96082,-0.31685,1.98437,-3.27393,-0.45174,-1.47955,-1.78169,1.86203,0.7654,2,1,1,2,2
1075,-0.07854,-0.48246,-0.61113,-0.57009,0.1144,-0.92104,-1.50796,0.29338,-3.00537,-1.5184,1.29221,1.92173,1,1,1,1,0
1076,0.49788,0.48246,-0.05921,-0.57009,0.1144,-1.86962,-0.30033,0.7233,0.94156,1.13407,-1.37983,0.07987,1,0,0,0,0
1077,-0.95197,-0.48246,-0.61113,-0.57009,-1.10702,0.13606,-0.15487,-0.84732,1.11406,0.41594,-1.37983,-0.84637,2,0,1,1,0
1078,-0.95197,-0.48246,-0.61113,-0.57009,0.1144,0.82562,0.00332,-0.31776,0.76096,-0.78155,-1.37983,1.92173,2,1,1,1,1
1079,1.09449,0.48246,0.45468,0.96082,-0.31685,-0.34799,1.45421,0.14143,0.94156,1.63088,-1.37983,-2.07848,0,0,0,0,0
1080,-0.95197,-0.48246,-0.61113,-0.57009,-1.10702,2.82196,1.45421,1.65653,-0.01729,-0.52745,1.86203,1.92173,2,1,1,1,2
1081,-0.95197,0.48246,-0.61113,0.21128,-1.10702,2.127,-0.43999,-0.17779,0.76096,-2.18109,1.29221,0.40148,2,0,0,0,2
1082,1.09449,0.48246,0.45468,0.96082,-0.31685,0.04257,-2.32338,-1.27553,1.61108,0.12331,-0.71126,-1.54858,0,0,0,0,0
1083,-0.95197,0.48246,0.45468,0.96082,0.1144,1.37297,-0.69509,0.88309,-1.772,-0.40581,0.19268,0.40148,1,0,0,0,1
1084,-0.95197,0.48246,1.16365,0.96082,-0.31685,-0.05188,1.58487,0.29338,1.11406,1.30612,-0.21712,-0.21575,0,0,0,0,0
1085,-0.95197,-0.48246,-0.05921,0.24923,0.1144,1.13281,0.16767,-0.31776,-0.91699,0.41594,0.88113,0.40148,1,1,0,1,1
1086,-0.07854,-0.48246,0.45468,-0.57009,0.1144,1.02119,-0.43999,0.29338,-1.92595,-0.89891,0.52975,0.7654,1,1,2,0,1
1087,-0.07854,-0.48246,1.16365,-0.57009,-1.10702,1.37297,1.11406,-0.17779,0.13136,0.41594,-0.21712,0.07987,2,2,1,1,1
1088,0.49788,0.48246,-0.05921,0.24923,-0.31685,0.22393,0.16767,-0.97631,0.76096,0.41594,-1.37983,-1.18084,0,0,0,0,0
1089,1.09449,0.48246,1.16365,-0.28519,-0.31685,-1.1943,0.00332,1.65653,0.59042,0.93949,-1.37983,-0.52593,0,0,0,0,0
1090,-0.07854,0.48246,1.16365,0.96082,-0.31685,0.62967,0.32197,-0.45174,1.45039,0.93949,-1.37983,-0.52593,0,0,0,0,0
1091,0.49788,0.48246,0.45468,0.96082,-0.31685,0.31287,-0.69509,-0.84732,1.45039,1.13407,-0.21712,0.40148,0,0,0,0,0
1092,-0.95197,-0.48246,-0.05921,0.24923,-1.10702,2.46262,1.45421,1.43533,0.13136,-1.38502,0.52975,0.7654,2,1,1,1,2
1093,-0.07854,0.48246,0.45468,0.96082,0.1144,0.41667,-1.09207,0.44585,2.75696,-0.65253,-0.71126,0.40148,1,1,0,1,0
1094,-0.07854,0.48246,0.45468,0.96082,0.1144,0.52135,1.58487,1.24033,1.2861,0.58489,1.29221,0.40148,1,0,0,0,0
1095,0.49788,0.48246,-0.05921,0.96082,-0.31685,-1.1943,1.2861,-0.17779,0.94156,2.33337,0.19268,-0.52593,0,0,0,0,0
1096,-0.07854,-0.48246,1.98437,-0.57009,-1.10702,1.37297,1.58487,2.90161,1.2861,1.81175,0.52975,1.92173,2,1,0,0,1
1097,-0.07854,-0.48246,-0.61113,0.96082,-0.31685,-0.34799,0.32197,-0.71727,-0.30172,-0.00665,-0.21712,-1.54858,0,0,0,0,0
1098,-0.95197,-0.48246,-0.61113,-0.57009,-1.10702,1.02119,-0.94779,1.43533,-0.15487,-1.25773,0.88113,0.40148,2,1,1,2,1
1099,0.49788,-0.48246,-0.61113,-0.28519,-1.10702,-1.43907,0.00332,0.7233,0.28783,0.12331,-0.21712,0.7654,2,1,1,1,0
1100,1.09449,-0.48246,-0.05921,-0.28519,-0.31685,-0.14882,0.16767,-0.45174,-1.34289,0.41594,-0.21712,0.7654,0,0,0,0,0
1101,-0.95197,-0.48246,-1.22751,0.24923,-1.10702,1.23461,-1.50796,0.44585,0.43852,-1.13788,1.86203,1.2247,2,0,1,0,1
1102,1.82213,0.48246,-1.22751,0.24923,-0.31685,-1.69163,-1.6334,-3.27393,-0.76096,0.58489,0.19268,-1.54858,0,0,0,0,0
1103,-0.07854,0.48246,0.45468,0.96082,-0.31685,-1.1943,-0.57545,-1.68062,0.43852,-0.52745,-0.71126,-1.18084,0,0,0,0,0
1104,1.09449,0.48246,-0.05921,0.96082,-0.31685,-0.46725,-0.15487,-0.84732,0.28783,0.58489,0.52975,-0.52593,0,0,0,0,0
1105,1.82213,0.48246,1.16365,0.96082,-0.31685,-0.92104,1.2861,0.88309,1.61108,1.13407,-0.71126,-1.18084,0,0,0,0,0
1106,-0.07854,0.48246,1.16365,0.96082,0.1144,1.60383,0.32197,-0.17779,-0.01729,0.41594,-0.71126,-0.84637,1,0,0,0,1
1107,0.49788,-0.48246,0.45468,-0.57009,0.1144,-2.52197,-0.57545,0.88309,0.76096,-1.78169,1.86203,1.92173,1,0,1,1,0
1108,-0.07854,-0.48246,1.98437,-0.57009,-1.10702,0.73545,0.47617,-0.01928,-0.60633,-0.00665,0.52975,1.2247,2,1,1,1,1
1109,1.09449,-0.48246,0.45468,-0.09765,-0.31685,0.82562,0.63779,-0.45174,-1.07533,0.7583,0.88113,0.7654,1,1,0,0,1
1110,0.49788,0.48246,-0.05921,0.24923,-0.31685,-0.46725,0.00332,-0.97631,0.13136,-0.14277,-1.37983,-1.18084,0,0,0,0,0
1111,1.09449,0.48246,-0.05921,0.96082,-0.31685,-0.79151,0.96248,2.15324,-0.91699,-0.00665,1.86203,1.2247,0,0,0,0,0
1112,0.49788,-0.48246,-2.43591,0.96082,-1.10702,0.41667,0.00332,-0.58331,-0.60633,0.58489,-0.21712,0.40148,2,0,0,0,0
1113,0.49788,0.48246,-0.05921,0.96082,0.1144,1.23461,0.16767,2.15324,-1.34289,-1.38502,1.86203,1.92173,1,0,1,0,1
1114,1.09449,0.48246,1.16365,0.96082,-0.31685,0.41667,1.74091,0.58331,0.43852,2.04506,-0.21712,-0.52593,0,0,0,0,0
1115,-0.95197,0.48246,0.45468,0.96082,-0.31685,1.60383,-0.43999,0.29338,-0.76096,0.93949,-0.71126,0.40148,0,0,0,1,1
1116,0.49788,0.48246,0.45468,0.96082,-0.31685,-0.14882,-1.37639,-0.45174,-0.15487,-0.89891,-0.21712,-0.52593,0,0,0,0,0
1117,-0.95197,0.48246,1.16365,0.96082,-0.31685,-0.67825,1.45421,-0.17779,2.46262,-0.52745,1.29221,0.40148,0,0,0,0,0
1118,-0.95197,-0.48246,-0.61113,-0.57009,-1.10702,1.23461,0.16767,2.15324,0.76096,-0.00665,0.19268,1.2247,2,2,1,1,1
1119,-0.95197,-0.48246,-1.7379,0.24923,0.1144,-0.79151,-1.92173,1.65653,-0.01729,-0.40581,-0.71126,-0.52593,1,0,0,0,0
1120,1.09449,0.48246,-0.05921,0.96082,-0.31685,-1.1943,0.63779,-1.68062,-1.07533,-0.00665,-0.71126,-1.18084,0,0,0,0,0
1121,0.49788,-0.48246,-0.05921,0.96082,-0.31685,-0.34799,-1.09207,-0.84732,-0.91699,0.41594,0.19268,0.40148,0,0,0,0,0
1122,0.49788,0.48246,-0.05921,-0.57009,-1.10702,-0.05188,-0.80615,-0.84732,-0.15487,-1.13788,0.52975,-1.18084,2,0,0,0,0
1123,-0.07854,-0.48246,1.98437,-0.28519,-1.10702,2.46262,-0.15487,0.7233,-1.92595,0.25953,0.19268,1.2247,2,0,0,0,2
1124,-0.95197,-0.48246,-0.05921,-0.57009,-1.10702,1.60383,-0.80615,-0.71727,-0.45321,0.25953,0.88113,0.07987,2,1,1,0,1
1125,0.49788,-0.48246,0.45468,0.96082,-0.31685,-0.24649,1.93886,-0.97631,-0.01729,1.13407,-0.71126,-0.52593,0,0,0,0,0
1126,-0.95197,-0.48246,-0.61113,-0.57009,-1.10702,0.52135,-0.15487,0.88309,-0.45321,-1.25773,1.86203,0.7654,2,0,0,1,0
1127,-0.07854,0.48246,1.98437,0.96082,-0.31685,-0.34799,0.80523,-0.01928,2.46262,-0.27607,-0.21712,-0.21575,0,0,0,0,0
1128,-0.95197,0.48246,-1.22751,-0.57009,0.1144,1.37297,0.32197,1.88511,-0.91699,-1.78169,0.19268,0.7654,1,0,0,0,1
1129,-0.95197,-0.48246,-0.61113,-0.57009,0.1144,-1.1943,-0.15487,0.58331,-1.6209,-0.14277,1.29221,1.92173,1,0,0,2,0
1130,1.09449,-0.48246,1.16365,0.96082,-0.31685,-0.46725,-0.94779,-0.45174,-0.45321,-0.40581,-0.21712,-0.52593,0,0,0,0,0
1131,-0.07854,0.48246,-0.05921,0.96082,-0.31685,0.62967,0.00332,-0.71727,0.28783,0.93949,-1.37983,-1.18084,0,0,0,0,0
1132,-0.95197,-0.48246,1.16365,0.96082,-1.10702,2.61139,1.11406,-0.01928,0.28783,0.41594,0.19268,1.2247,2,0,0,1,2
1133,1.09449,0.48246,0.45468,0.96082,-0.31685,-0.05188,0.32197,-0.17779,-0.91699,0.12331,-1.37983,-1.54858,0,0,0,0,0
1134,0.49788,-0.48246,0.45468,0.96082,-0.31685,-0.34799,0.80523,1.06238,-0.60633,-0.52745,0.52975,0.7654,0,0,0,0,0
1135,1.09449,0.48246,-2.43591,0.96082,-0.31685,-1.05308,-0.30033,-1.27553,-0.60633,-0.27607,-0.21712,-0.52593,0,0,0,0,0
1136,1.82213,-0.48246,-2.43591,0.96082,-0.31685,-0.14882,0.00332,-1.68062,0.43852,0.58489,-0.71126,-0.52593,0,0,0,0,0
1137,1.09449,0.48246,-2.43591,-0.57009,-1.10702,-1.1943,-0.15487,-0.45174,-0.45321,-1.0145,0.19268,-0.52593,2,0,0,0,0
1138,-0.95197,-0.48246,-0.61113,0.24923,-1.10702,0.13606,0.00332,2.44904,0.76096,-1.5184,0.88113,1.92173,2,0,0,0,0
1139,-0.95197,-0.48246,-0.61113,-0.57009,-1.10702,0.62967,0.16767,0.44585,-2.35413,-1.5184,0.88113,1.92173,2,0,0,0,1
1140,0.49788,0.48246,1.98437,0.96082,-0.31685,-1.05308,0.00332,-1.27553,-0.01729,0.25953,-1.37983,-0.21575,0,0,0,0,0
1141,0.49788,-0.48246,0.45468,-0.57009,-0.31685,0.41667,0.63779,0.88309,-2.90161,-0.78155,0.52975,1.92173,0,0,0,0,0
1142,-0.07854,0.48246,1.16365,-0.09765,-0.31685,-0.79151,-0.43999,1.43533,1.45039,0.25953,0.19268,0.40148,0,0,0,0,0
1143,0.49788,-0.48246,0.45468,0.96082,-0.31685,-0.79151,-1.6334,-0.58331,-1.21213,-0.40581,-0.21712,-2.07848,0,0,0,0,0
1144,-0.95197,-0.48246,-0.61113,-0.28519,-1.10702,1.37297,1.11406,1.24033,-1.6209,-0.65253,0.52975,1.2247,2,1,1,0,1
1145,0.49788,0.48246,0.45468,0.96082,-0.31685,-0.46725,0.96248,-1.11902,0.94156,1.63088,-1.37983,-2.07848,0,0,0,0,0
1146,-0.95197,0.48246,-1.43719,0.96082,-0.31685,-1.32828,0.47617,-0.17779,-0.60633,-0.14277,-0.71126,-0.84637,0,0,0,0,0
1147,0.49788,0.48246,-0.61113,-0.57009,-1.10702,-1.05308,0.32197,0.29338,0.94156,0.41594,-0.71126,-0.52593,2,0,0,0,0
1148,-0.07854,0.48246,0.45468,0.96082,-0.31685,0.31287,0.80523,-1.27553,-0.01729,2.04506,0.19268,-1.18084,0,0,0,0,0
1149,-0.07854,0.48246,-0.61113,-0.57009,0.126,-0.92104,1.45421,2.15324,-0.91699,-0.52745,1.29221,1.2247,2,1,1,0,0
1150,-0.95197,0.48246,0.45468,-0.57009,0.1144,1.60383,-0.69509,-2.09015,-1.34289,-1.0145,0.19268,0.40148,1,0,0,0,1
1151,-0.95197,-0.48246,-0.61113,-0.57009,-0.31685,1.60383,-1.6334,0.44585,-1.07533,0.12331,-0.21712,-0.21575,1,0,0,2,1
1152,-0.07854,0.48246,-0.61113,0.96082,-0.31685,-0.58016,0.00332,-0.31776,0.94156,0.12331,-0.21712,-0.84637,0,0,0,0,0
1153,-0.07854,-0.48246,1.16365,0.96082,0.1144,0.41667,0.16767,-0.45174,0.43852,0.12331,-0.71126,0.40148,1,0,0,0,0
1154,-0.07854,0.48246,-0.61113,0.96082,-0.31685,-0.92104,-0.94779,-1.68062,-1.47955,-1.38502,-2.55524,-1.54858,0,0,0,0,0
1155,1.09449,-0.48246,-0.61113,-0.57009,-0.31685,-0.05188,-1.50796,-1.82919,0.13136,-1.64101,0.88113,-0.52593,0,0,0,0,0
1156,1.09449,0.48246,-0.05921,0.96082,-0.31685,-2.75696,0.47617,-0.71727,0.76096,0.7583,-0.21712,-0.21575,0,0,0,0,0
1157,0.49788,-0.48246,1.16365,0.96082,-0.31685,-1.32828,0.16767,-0.17779,0.59042,0.41594,-1.37983,-2.07848,0,0,0,0,0
1158,0.49788,-0.48246,1.16365,0.96082,-0.31685,0.04257,-1.23177,-0.84732,-1.07533,0.7583,-1.37983,-0.84637,0,0,0,0,0
1159,-0.07854,-0.48246,-0.05921,0.96082,-1.10702,1.72012,0.80523,0.29338,-0.30172,0.12331,1.86203,1.2247,2,0,0,1,2
1160,-0.95197,-0.48246,0.45468,-0.57009,-1.10702,0.62967,0.32197,-0.58331,-0.01729,-0.14277,1.29221,0.40148,2,1,1,1,0
1161,-0.95197,-0.48246,-0.61113,-0.57009,-0.31685,1.23461,1.58487,1.65653,0.76096,2.63199,-0.71126,-1.18084,0,1,1,1,1
1162,-0.95197,0.48246,0.45468,0.96082,-0.31685,1.37297,-0.15487,0.44585,0.28783,0.41594,-1.37983,-0.21575,0,0,0,1,1
1163,1.09449,-0.48246,1.16365,-0.57009,-0.31685,-0.46725,-1.09207,-0.45174,-0.30172,0.93949,-0.21712,0.07987,0,0,0,0,0
1164,1.09449,-0.48246,1.16365,-0.09765,0.1144,1.13281,-0.43999,0.14143,-0.76096,1.13407,1.86203,0.40148,1,1,0,0,1
1165,-0.07854,0.48246,1.98437,0.96082,-1.10702,-0.05188,-0.94779,-0.71727,0.13136,-0.52745,-0.71126,0.7654,2,0,0,0,0
1166,-0.95197,-0.48246,0.45468,-0.57009,-1.10702,1.37297,-0.80615,1.65653,0.13136,-1.25773,-0.21712,-0.52593,2,1,0,1,1
1167,1.09449,0.48246,-0.05921,0.96082,-0.31685,-0.67825,0.80523,0.44585,-0.30172,-0.78155,1.29221,1.92173,2,0,0,0,0
1168,-0.07854,0.48246,0.45468,0.96082,-0.31685,-0.05188,0.47617,-0.45174,-0.76096,0.93949,0.52975,-0.52593,0,0,0,0,0
1169,1.09449,-0.48246,-2.43591,-0.57009,-1.10702,0.04257,-0.43999,0.44585,-1.07533,0.25953,0.52975,0.40148,2,0,0,0,0
1170,1.09449,0.48246,-1.7379,0.96082,-0.31685,0.62967,-0.69509,-1.68062,-0.30172,-0.89891,1.86203,1.92173,0,0,0,2,1
1171,1.09449,0.48246,-1.7379,0.96082,-0.31685,-0.05188,-0.57545,-0.71727,0.28783,0.41594,-0.71126,-0.52593,0,0,0,0,0
1172,2.59171,0.48246,-1.7379,0.96082,-0.31685,-0.05188,-0.80615,-0.97631,0.76096,0.41594,-1.37983,-1.54858,0,0,0,0,0
1173,-0.07854,0.48246,0.45468,-0.57009,-1.10702,1.98437,0.63779,1.24033,0.76096,0.58489,0.19268,1.2247,2,1,1,0,2
1174,-0.95197,-0.48246,-0.61113,0.24923,0.1144,1.49158,-0.94779,0.58331,-1.07533,-0.40581,0.52975,0.40148,1,1,1,2,1
1175,1.82213,-0.48246,0.45468,-0.09765,0.1144,0.22393,-0.15487,-0.17779,-1.92595,-1.5184,-0.71126,-0.21575,1,0,0,0,0
1176,-0.95197,-0.48246,-0.61113,-0.09765,-1.10702,-0.05188,-1.09207,-0.84732,0.28783,0.25953,-1.37983,-0.52593,2,0,0,0,0
1177,-0.95197,-0.48246,-0.61113,-0.57009,-1.10702,0.73545,0.96248,1.88511,-0.76096,-0.65253,1.29221,1.92173,2,1,1,1,1
1178,-0.95197,-0.48246,-0.05921,0.96082,-1.10702,-0.24649,-0.57545,0.88309,-0.01729,0.25953,0.88113,0.7654,2,0,0,1,0
1179,-0.95197,-0.48246,-0.61113,0.96082,0.1144,0.04257,-1.23177,0.7233,-2.35413,-1.92173,0.88113,0.07987,1,0,1,0,0
1180,-0.95197,0.48246,-0.61113,0.24923,-0.31685,-0.14882,0.96248,1.43533,-0.30172,-0.89891,0.88113,1.2247,0,0,0,0,0
1181,-0.07854,-0.48246,-0.61113,0.21128,-1.10702,1.02119,2.127,0.88309,-0.01729,0.93949,-0.21712,0.40148,2,1,1,0,1
1182,0.49788,0.48246,1.98437,0.96082,-0.31685,-0.24649,-0.30033,1.65653,0.28783,1.13407,-1.37983,-2.07848,0,0,0,0,0
1183,-0.95197,-0.48246,-0.61113,-0.57009,-1.10702,0.82562,3.27393,1.88511,-0.01729,-0.78155,0.52975,1.2247,2,2,1,1,1
1184,1.09449,-0.48246,-1.7379,0.96082,-0.31685,-0.24649,-0.80615,-1.27553,-1.47955,-0.65253,-1.37983,0.07987,0,0,0,0,0
1185,-0.95197,-0.48246,-2.43591,-0.09765,-1.10702,0.13606,-0.30033,-0.01928,0.43852,-1.13788,-0.21712,0.40148,2,2,1,1,0
1186,-0.95197,-0.48246,-0.61113,-0.57009,-1.10702,1.49158,1.2861,-0.31776,-2.07848,0.41594,-0.21712,0.40148,2,2,0,1,1
1187,-0.07854,0.48246,-0.05921,0.96082,-0.31685,-0.34799,-0.69509,-1.27553,0.43852,-0.65253,-0.21712,-0.84637,0,0,0,0,0
1188,1.09449,-0.48246,0.45468,-0.57009,0.1144,-1.43907,-1.23177,0.44585,-0.91699,-0.00665,-0.71126,0.07987,1,0,0,0,0
1189,-0.95197,-0.48246,-0.61113,-0.28519,-0.31685,0.73545,-0.30033,-0.17779,-0.15487,-1.25773,0.19268,-0.21575,0,0,0,0,1
1190,-0.07854,-0.48246,-0.61113,-0.57009,-1.10702,-0.24649,0.63779,-0.45174,-0.45321,0.25953,0.88113,0.40148,2,0,0,0,0
1191,-0.07854,0.48246,0.45468,0.96082,-0.31685,0.13606,0.96248,1.24033,-0.01729,0.25953,-0.21712,0.40148,0,0,0,0,0
1192,-0.95197,-0.48246,-0.61113,-0.57009,-1.10702,0.41667,-0.30033,1.06238,-1.07533,-2.42317,1.29221,0.7654,2,0,0,1,0
1193,1.09449,0.48246,-0.05921,0.96082,-0.31685,0.41667,0.00332,-0.17779,0.94156,0.93949,0.19268,-0.84637,0,0,0,0,0
1194,-0.95197,-0.48246,-0.61113,-0.57009,-0.31685,0.82562,0.63779,0.29338,-0.45321,-0.00665,1.29221,1.2247,2,1,1,1,1
1195,1.09449,-0.48246,-0.05921,0.96082,-0.31685,-0.92104,0.16767,-1.11902,0.59042,0.58489,0.52975,-0.52593,0,0,0,0,0
1196,0.49788,0.48246,-1.22751,0.96082,-0.31685,-0.58016,0.80523,-0.17779,-0.01729,1.63088,0.19268,0.07987,0,0,0,0,0
1197,0.49788,0.48246,0.45468,0.96082,-0.31685,0.22393,0.63779,-0.97631,-0.30172,0.58489,-0.21712,-0.52593,0,0,0,0,0
1198,-0.07854,0.48246,-0.05921,0.96082,-0.31685,0.41667,0.00332,-1.11902,0.28783,-0.00665,0.19268,-0.52593,0,0,0,0,0
1199,-0.95197,-0.48246,-0.61113,-0.57009,-1.10702,-0.46725,-1.6334,0.29338,-0.60633,-0.27607,-0.71126,0.40148,2,0,0,0,0
1200,-0.07854,-0.48246,1.16365,0.96082,-0.31685,0.22393,-0.15487,-0.71727,-1.6209,-0.65253,0.52975,0.07987,0,0,0,0,0
1201,-0.95197,0.48246,0.45468,-0.57009,-1.10702,1.37297,0.32197,0.7233,-0.15487,0.58489,-1.37983,-0.52593,2,1,1,0,1
1202,-0.95197,0.48246,1.16365,0.96082,0.1144,0.73545,0.32197,-0.97631,1.61108,0.93949,-0.71126,-1.18084,1,0,0,0,1
1203,0.49788,-0.48246,-0.61113,-0.57009,0.1144,-0.05188,-1.50796,-0.84732,-1.47955,-0.00665,-1.37983,-0.52593,1,0,0,0,0
1204,0.49788,-0.48246,1.16365,0.96082,-0.31685,-0.14882,0.00332,-0.01928,1.11406,-0.14277,-0.21712,0.40148,0,0,0,0,0
1205,2.59171,0.48246,-1.22751,0.24923,-0.31685,0.62967,-0.30033,-1.55521,2.03972,1.63088,-1.37983,-1.54858,0,0,0,0,0
1206,-0.07854,0.48246,-1.22751,-0.28519,-0.31685,0.13606,-0.15487,0.44585,-1.34289,-1.25773,0.88113,1.92173,0,0,0,0,0
1207,0.49788,0.48246,1.16365,0.96082,-0.31685,0.04257,-1.23177,-0.01928,1.61108,2.63199,-1.37983,-0.84637,0,0,0,0,0
1208,1.82213,0.48246,0.45468,0.96082,-0.31685,-1.43907,0.00332,-1.42424,0.28783,-0.78155,0.52975,-1.54858,0,0,0,0,0
1209,1.09449,-0.48246,0.45468,-0.57009,-1.10702,0.22393,0.63779,0.58331,0.76096,1.30612,-0.21712,0.07987,2,0,0,0,0
1210,-0.07854,0.48246,-1.22751,0.24923,-0.31685,-0.46725,0.00332,-2.39883,-0.30172,0.7583,-1.37983,-2.07848,0,0,0,0,0
1211,0.49788,0.48246,1.16365,0.96082,-0.31685,-0.34799,-0.43999,0.14143,0.43852,1.63088,-1.37983,-0.21575,0,0,0,0,0
1212,-0.95197,-0.48246,-0.61113,-0.09765,-1.10702,0.91093,1.74091,0.29338,-0.76096,-1.78169,1.86203,1.92173,2,0,2,2,1
1213,-0.95197,-0.48246,-1.43719,-0.09765,0.1144,0.82562,0.00332,0.58331,-0.30172,-1.5184,1.29221,1.2247,1,1,1,0,1
1214,-0.07854,0.48246,-0.61113,0.96082,-0.31685,0.52135,0.16767,-1.42424,-0.01729,-1.25773,1.86203,0.7654,0,0,0,0,0
1215,-0.07854,0.48246,1.98437,0.96082,-0.31685,0.22393,0.96248,-0.31776,1.81866,1.46191,-0.71126,0.07987,0,0,0,0,0
1216,-0.07854,-0.48246,0.45468,-0.57009,-1.10702,-1.05308,-0.80615,-0.45174,-1.47955,0.12331,-0.71126,-0.21575,2,1,1,0,0
1217,-0.07854,0.48246,-0.05921,0.24923,-0.31685,-1.1943,-0.57545,-0.84732,0.28783,1.13407,-1.37983,-2.07848,0,0,0,0,0
1218,-0.07854,-0.48246,1.98437,0.96082,-0.31685,0.82562,1.93886,1.43533,0.76096,-0.14277,-0.71126,-0.21575,1,0,0,0,1
1219,-0.07854,0.48246,0.45468,-0.09765,-0.31685,-1.86962,-1.6334,0.7233,-1.07533,-1.5184,0.52975,1.2247,2,0,0,0,0
1220,-0.95197,-0.48246,-0.61113,-0.57009,-1.10702,0.73545,0.16767,0.58331,-0.30172,-1.25773,-1.37983,-0.21575,2,1,1,1,1
1221,0.49788,-0.48246,-0.05921,0.96082,-0.31685,-0.92104,0.80523,0.44585,1.45039,-1.64101,1.86203,0.7654,0,0,0,0,0
1222,0.49788,0.48246,-0.61113,0.96082,-0.31685,-0.58016,0.00332,-1.68062,-0.01729,0.25953,-1.37983,-1.54858,0,0,0,0,0
1223,-0.07854,0.48246,-0.05921,-0.09765,-1.10702,-0.79151,0.96248,1.88511,1.45039,0.25953,1.29221,1.92173,2,1,1,1,0
1224,0.49788,0.48246,1.98437,-0.28519,0.1144,-0.46725,-0.43999,1.24033,0.13136,-1.5184,0.52975,0.40148,1,0,0,1,0
1225,-0.07854,-0.48246,-0.61113,0.24923,0.1144,-0.58016,0.16767,-0.31776,-0.45321,0.93949,-0.21712,0.07987,1,0,0,0,0
1226,1.82213,0.48246,-1.22751,0.24923,-0.31685,-0.14882,-0.43999,-1.55521,0.94156,0.7583,-1.37983,-1.54858,0,0,0,0,0
1227,-0.95197,-0.48246,-1.22751,-0.57009,0.1144,1.23461,-1.7625,0.44585,0.43852,-1.38502,-1.37983,-0.84637,1,1,1,2,1
1228,-0.95197,-0.48246,0.45468,-0.57009,-1.10702,0.91093,1.74091,1.65653,0.43852,-0.27607,0.19268,0.40148,2,1,1,1,1
1229,1.82213,-0.48246,-1.7379,0.96082,-0.31685,-0.05188,0.16767,-0.45174,-0.30172,0.25953,-0.71126,0.40148,0,0,0,0,0
1230,-0.95197,-0.48246,-0.61113,-0.57009,-1.10702,1.13281,-0.15487,1.24033,0.94156,-0.14277,0.88113,1.92173,2,1,1,0,1
1231,-0.07854,-0.48246,0.45468,0.96082,-0.31685,-0.24649,0.47617,-1.11902,-0.76096,-0.27607,-1.37983,-0.84637,0,0,0,0,0
1232,-0.07854,0.48246,0.45468,-0.57009,-0.31685,-1.69163,0.63779,1.43533,-1.07533,-0.65253,1.29221,1.2247,2,0,0,1,0
1233,1.09449,0.48246,0.45468,0.96082,-0.31685,-2.21844,1.93886,-0.71727,2.03972,1.63088,-0.21712,-1.18084,0,0,0,0,0
1234,-0.95197,-0.48246,-0.61113,-0.28519,-1.10702,1.23461,0.96248,-0.01928,0.13136,1.63088,-2.55524,-0.21575,2,0,0,0,1
1235,0.49788,-0.48246,-0.61113,0.96082,-0.31685,0.91093,0.80523,0.88309,-0.15487,1.13407,0.88113,0.7654,2,0,1,1,1
1236,1.09449,-0.48246,1.16365,0.96082,-0.31685,-0.34799,1.58487,-0.01928,1.61108,1.30612,-1.37983,-0.84637,0,0,0,0,0
1237,0.49788,0.48246,-0.61113,-0.28519,-0.31685,-0.58016,-0.94779,-1.82919,0.76096,-1.0145,0.19268,-2.07848,0,0,0,0,0
1238,-0.07854,-0.48246,0.45468,0.96082,-0.31685,-1.05308,0.32197,-0.58331,-1.34289,2.04506,-0.71126,0.07987,0,0,0,0,0
1239,-0.95197,-0.48246,-0.61113,-0.57009,-0.31685,0.22393,1.2861,0.88309,1.11406,1.13407,0.88113,0.40148,1,1,1,0,0
1240,-0.95197,0.48246,0.45468,0.96082,-0.31685,-0.92104,-0.69509,-0.71727,0.28783,-0.00665,-0.71126,-0.52593,0,0,0,0,0
1241,1.09449,-0.48246,-1.7379,0.96082,-1.10702,0.22393,-0.57545,0.44585,-2.5383,-0.27607,0.88113,-0.21575,2,0,1,0,0
1242,-0.95197,0.48246,-0.61113,-0.57009,-1.10702,0.91093,1.11406,1.24033,0.28783,-0.78155,1.86203,1.92173,2,1,1,1,1
1243,0.49788,0.48246,1.16365,-0.57009,-1.10702,0.41667,0.16767,1.06238,2.03972,-1.0145,1.29221,1.92173,2,0,0,0,0
1244,-0.95197,0.48246,0.45468,0.96082,0.1144,-0.67825,0.00332,1.06238,0.59042,2.04506,-0.71126,-0.52593,1,0,0,0,0
1245,1.09449,0.48246,-0.05921,0.96082,-0.31685,0.13606,0.63779,0.29338,0.13136,0.7583,0.19268,-0.21575,0,0,0,0,0
1246,-0.07854,-0.48246,-0.61113,0.96082,0.1144,-0.79151,-0.57545,-0.31776,-0.45321,-1.13788,1.29221,0.7654,1,0,0,0,0
1247,0.49788,-0.48246,-0.61113,0.96082,-0.31685,0.73545,-0.69509,1.24033,-0.30172,0.25953,-0.21712,0.07987,2,0,1,0,1
1248,0.49788,0.48246,1.16365,0.96082,-0.31685,-0.46725,2.32338,0.14143,1.81866,0.12331,0.19268,0.7654,0,0,0,0,0
1249,-0.95197,-0.48246,1.16365,0.96082,-1.10702,0.31287,2.57309,0.44585,-0.76096,0.58489,0.88113,1.92173,2,0,0,2,0
1250,1.09449,-0.48246,-0.05921,0.96082,0.1144,-0.79151,-0.69509,0.88309,-0.30172,-1.78169,1.29221,1.92173,1,0,0,1,0
1251,-0.95197,-0.48246,-0.05921,-0.28519,-1.10702,0.73545,0.00332,0.14143,-0.30172,-1.64101,0.88113,0.7654,2,1,1,1,1
1252,-0.95197,-0.48246,-0.61113,-0.57009,-1.10702,-1.05308,0.80523,1.43533,0.59042,-0.00665,0.19268,1.2247,2,1,1,1,0
1253,1.09449,-0.48246,-0.05921,0.21128,-1.10702,-1.1943,0.00332,-0.31776,-1.21213,0.93949,-0.71126,0.40148,2,0,0,1,0
1254,1.09449,0.48246,1.98437,0.96082,-0.31685,0.13606,0.16767,-0.31776,2.03972,1.81175,-0.71126,-1.18084,0,0,0,0,0
1255,-0.07854,0.48246,0.45468,0.96082,-0.31685,-0.46725,0.80523,-0.31776,0.94156,0.58489,-0.21712,0.07987,0,0,0,0,0
1256,0.49788,-0.48246,-0.61113,-0.57009,-1.10702,0.04257,-0.57545,-0.01928,-0.76096,0.12331,-0.71126,0.40148,2,0,0,0,0
1257,-0.07854,-0.48246,-1.22751,0.96082,-1.10702,1.02119,0.00332,-2.39883,0.43852,-0.00665,1.29221,0.07987,2,0,0,2,1
1258,-0.07854,0.48246,0.45468,0.96082,-0.31685,-0.24649,-0.43999,-0.01928,0.94156,-1.38502,-0.71126,0.07987,0,0,0,0,0
1259,-0.95197,0.48246,-0.61113,-0.57009,-0.31685,0.73545,-0.94779,-0.01928,0.43852,0.7583,-0.21712,-0.52593,2,1,1,1,1
1260,-0.95197,0.48246,-0.61113,-0.57009,-1.10702,0.73545,0.16767,0.88309,-0.01729,0.58489,0.52975,0.7654,2,1,1,0,1
1261,-0.07854,0.48246,0.45468,-0.28519,-1.10702,1.02119,0.96248,1.88511,1.81866,1.30612,-0.71126,0.07987,2,1,0,0,1
1262,-0.95197,-0.48246,-1.22751,0.24923,-0.31685,-0.92104,-0.57545,-1.55521,-1.6209,1.30612,-0.71126,0.07987,0,0,0,0,0
1263,-0.95197,0.48246,1.16365,0.96082,-1.10702,-1.86962,1.2861,0.29338,0.43852,0.58489,-0.21712,0.40148,2,0,0,0,0
1264,0.49788,-0.48246,0.45468,0.96082,-0.31685,0.22393,0.63779,0.88309,-0.76096,0.58489,0.19268,0.07987,0,0,1,0,0
1265,-0.07854,0.48246,-1.43719,0.96082,0.1144,-0.34799,-2.11437,-0.84732,-1.07533,-2.30408,0.52975,-1.18084,1,0,0,2,0
1266,1.09449,0.48246,-0.05921,0.96082,-0.31685,2.28554,-0.69509,-1.68062,0.13136,1.81175,-0.71126,0.07987,0,0,0,1,2
1267,1.09449,0.48246,1.16365,0.96082,-0.31685,-1.55078,0.16767,-0.17779,-0.01729,1.30612,-0.21712,-0.84637,0,0,0,0,0
1268,1.82213,0.48246,-0.05921,0.24923,0.1144,0.41667,-0.43999,-0.31776,-0.76096,0.58489,0.88113,1.2247,1,0,0,2,0
1269,0.49788,-0.48246,0.45468,-0.57009,-0.31685,-0.24649,-0.30033,-0.31776,-0.15487,1.30612,-0.21712,0.07987,0,0,2,1,0
1270,0.49788,-0.48246,-0.05921,0.96082,-0.31685,0.22393,1.11406,-2.09015,-0.30172,-0.52745,-0.21712,-1.18084,0,0,0,0,0
1271,1.09449,0.48246,0.45468,0.96082,-0.31685,-0.92104,-1.37639,-0.17779,-1.34289,-0.14277,-1.37983,-2.07848,0,0,0,0,0
1272,-0.07854,0.48246,0.45468,0.96082,-0.31685,-2.21844,-1.09207,-1.68062,0.94156,0.7583,-0.71126,-2.07848,0,0,0,0,0
1273,0.49788,0.48246,1.16365,0.96082,-0.31685,-0.67825,0.47617,-0.58331,-0.30172,0.93949,-0.21712,-0.84637,0,0,0,0,0
1274,0.49788,-0.48246,-0.05921,0.24923,-0.31685,-0.14882,-0.15487,0.58331,0.43852,0.58489,-0.71126,0.40148,1,0,0,0,0
1275,-0.07854,0.48246,1.16365,0.96082,-0.31685,-0.58016,0.00332,0.14143,0.76096,1.46191,-1.37983,-0.52593,0,0,0,0,0
1276,1.09449,-0.48246,-0.61113,-0.57009,0.1144,-1.05308,-0.30033,0.58331,0.13136,-0.27607,1.29221,1.2247,1,0,0,2,0
1277,-0.07854,0.48246,0.45468,0.96082,-0.31685,0.31287,0.00332,0.14143,0.28783,0.12331,-0.71126,-0.52593,0,0,0,0,0
1278,0.49788,0.48246,1.16365,0.96082,0.1144,-2.21844,0.32197,0.7233,0.28783,-0.78155,-1.37983,0.07987,1,0,0,0,0
1279,1.09449,-0.48246,-1.7379,-0.57009,-1.10702,-0.05188,-1.23177,-0.17779,0.94156,0.25953,-0.21712,0.7654,2,0,0,0,0
1280,-0.95197,0.48246,0.45468,0.96082,-0.31685,1.23461,-0.30033,0.29338,-0.15487,0.25953,-1.37983,-0.52593,0,0,0,1,1
1281,-0.07854,0.48246,1.16365,0.96082,-0.31685,0.31287,-0.43999,-1.27553,1.45039,-0.89891,-1.37983,-1.54858,0,0,0,0,0
1282,-0.95197,0.48246,-0.61113,0.24923,-1.10702,1.8399,-0.94779,0.44585,0.59042,1.13407,1.86203,1.2247,2,0,1,1,2
1283,1.09449,-0.48246,1.16365,0.96082,-0.31685,-0.24649,0.80523,0.29338,0.43852,0.41594,0.19268,-0.52593,0,0,0,0,0
1284,-0.95197,0.48246,-0.61113,-0.57009,-1.10702,1.98437,0.63779,2.90161,-1.07533,0.93949,0.88113,1.2247,2,1,1,1,2
1285,-0.95197,-0.48246,0.45468,-0.57009,0.1144,0.04257,-1.92173,-0.97631,0.76096,-1.5184,-1.37983,-0.84637,1,0,0,0,0
1286,-0.95197,-0.48246,-0.61113,-0.57009,-1.10702,0.62967,0.96248,-1.27553,-2.35413,-0.89891,1.29221,1.92173,2,0,0,2,1
1287,-0.07854,-0.48246,-1.22751,0.96082,-0.31685,-1.05308,-0.30033,-0.45174,0.28783,-0.00665,-0.71126,-0.84637,0,0,0,0,0
1288,-0.95197,0.48246,-0.61113,-0.57009,-1.10702,0.62967,-0.57545,1.06238,0.43852,-1.0145,0.19268,-0.52593,2,0,1,1,1
1289,-0.07854,0.48246,1.16365,-0.57009,-1.10702,0.04257,-0.43999,-0.01928,0.59042,-0.27607,-0.71126,-0.84637,2,0,0,0,0
1290,-0.07854,0.48246,0.45468,0.96082,-0.31685,-0.34799,1.11406,-0.97631,0.43852,-0.27607,-0.71126,-0.52593,0,0,0,0,0
1291,-0.07854,-0.48246,-1.22751,-0.09765,-1.10702,0.91093,0.32197,-0.97631,0.28783,-0.65253,-0.71126,0.7654,2,0,0,1,1
1292,-0.07854,0.48246,-0.61113,-0.57009,-1.10702,-0.34799,-0.57545,-0.31776,-0.91699,-0.14277,0.88113,-0.21575,2,0,0,0,0
1293,1.09449,0.48246,-0.05921,0.96082,-0.31685,0.41667,-0.15487,-1.27553,0.76096,0.41594,-1.37983,-2.07848,0,0,0,0,0
1294,-0.95197,-0.48246,-0.05921,-0.28519,-1.10702,0.13606,2.57309,1.88511,0.13136,1.63088,0.19268,0.7654,2,0,1,0,0
1295,0.49788,0.48246,-0.61113,0.96082,-0.31685,-0.79151,1.2861,0.14143,0.59042,1.13407,0.19268,0.07987,0,0,0,0,0
1296,-0.07854,0.48246,0.45468,0.96082,-0.31685,-2.21844,0.63779,-1.97495,0.28783,0.7583,-0.71126,-0.52593,0,0,0,0,0
1297,-0.07854,-0.48246,1.16365,-0.28519,-0.31685,-0.46725,-0.94779,0.58331,0.59042,0.7583,0.52975,-0.21575,0,0,0,0,0
1298,-0.95197,-0.48246,-1.22751,0.24923,-1.10702,1.23461,-0.57545,-1.55521,-1.92595,-2.04506,1.29221,1.92173,2,1,1,1,1
1299,0.49788,-0.48246,-0.05921,0.96082,-0.31685,-0.79151,1.2861,-0.58331,1.2861,2.04506,-0.71126,-0.52593,0,0,0,0,0
1300,1.09449,0.48246,1.98437,0.96082,-0.31685,0.62967,-0.15487,1.24033,-0.45321,0.7583,0.52975,0.7654,0,0,0,0,0
1301,-0.95197,0.48246,-1.43719,-0.57009,-1.10702,1.49158,1.11406,1.06238,-1.47955,0.12331,0.88113,1.92173,2,0,0,1,1
1302,0.49788,0.48246,-0.05921,0.96082,-0.31685,-0.58016,-1.23177,-1.55521,-2.07848,-0.78155,0.52975,0.07987,0,0,0,0,0
1303,0.49788,-0.48246,1.16365,0.96082,-0.31685,0.22393,0.96248,2.15324,0.76096,-0.78155,1.29221,1.92173,0,0,0,0,0
1304,-0.07854,-0.48246,-0.61113,-0.57009,0.1144,-0.67825,0.47617,0.58331,0.59042,0.7583,-1.37983,-0.84637,1,0,0,0,0
1305,0.49788,0.48246,-0.05921,-0.09765,-0.31685,0.22393,1.11406,-1.11902,-1.772,-0.40581,0.52975,0.7654,0,0,0,0,0
1306,-0.07854,0.48246,1.16365,-0.57009,0.1144,-1.1943,0.32197,0.88309,0.43852,0.12331,-0.71126,0.07987,1,0,0,0,0
1307,-0.07854,0.48246,-0.61113,0.96082,-0.31685,0.41667,-0.57545,1.06238,1.11406,-0.78155,1.86203,0.07987,0,0,0,0,0
1308,-0.95197,-0.48246,-0.61113,-0.28519,-1.10702,1.02119,0.16767,-0.17779,-0.01729,-1.92173,1.29221,0.7654,2,0,0,2,1
1309,-0.07854,0.48246,1.16365,0.96082,-0.31685,-1.55078,0.47617,-0.17779,0.76096,1.46191,-0.21712,-0.52593,0,0,0,0,0
1310,1.09449,-0.48246,-1.22751,0.96082,-0.31685,-0.67825,0.47617,-1.11902,1.61108,0.58489,-0.71126,-0.52593,0,0,0,0,0
1311,-0.95197,-0.48246,-0.61113,0.24923,-1.10702,1.60383,0.00332,2.15324,-0.45321,-0.65253,0.88113,0.7654,2,2,2,1,1
1312,-0.95197,0.48246,-0.61113,0.96082,0.1144,-0.34799,0.96248,-1.11902,0.59042,0.25953,-0.21712,0.40148,1,0,0,1,0
1313,1.09449,0.48246,-0.05921,0.96082,-0.31685,-1.32828,0.32197,0.7233,1.61108,-0.52745,0.88113,-0.84637,0,0,0,0,0
1314,-0.95197,-0.48246,0.45468,-0.57009,-1.10702,0.82562,-1.23177,1.06238,-1.21213,0.93949,0.52975,1.92173,2,1,0,1,1
1315,-0.07854,0.48246,-0.61113,0.96082,0.1144,1.02119,0.00332,-0.31776,0.43852,-0.78155,0.19268,0.40148,1,0,0,1,1
1316,-0.95197,-0.48246,-1.22751,0.96082,-1.10702,1.02119,-1.09207,-0.58331,-2.07848,2.63199,-0.21712,0.7654,2,1,1,1,1
1317,-0.95197,-0.48246,-0.61113,-0.57009,-1.10702,2.127,-0.57545,-0.71727,-0.45321,-1.5184,1.29221,0.7654,2,2,1,1,2
1318,0.49788,0.48246,0.45468,-0.57009,-1.10702,0.41667,-1.7625,-0.58331,-0.30172,-1.25773,0.88113,-0.84637,2,0,0,0,0
1319,-0.95197,-0.48246,1.16365,0.96082,-1.10702,1.02119,0.32197,0.88309,-0.15487,0.7583,-0.21712,0.07987,2,1,1,2,1
