transaction_id,sales_channel_pred,revenue_pred
GTA5-112598,Digital,4119.7995586657125
GTA5-104880,Digital,11736.470562286855
GTA5-113648,Digital,7551.55633027119
GTA5-111846,Digital,13006.870668092677
GTA5-109886,Digital,2075.8928482250662
GTA5-108798,Digital,2757.399363994811
GTA5-114483,Digital,4778.589104673878
GTA5-113362,Digital,9407.744569990246
GTA5-109023,Digital,8128.31203097096
GTA5-114258,Digital,5757.346924041351
GTA5-112744,Digital,2704.7281713901575
GTA5-111753,Digital,6247.533863648687
GTA5-108896,Digital,3433.686810712279
GTA5-105742,Digital,14579.582047711421
GTA5-114463,Digital,5417.691633936085
GTA5-106716,Digital,1512.634389548861
GTA5-110636,Digital,3316.871718426635
GTA5-110966,Digital,2756.819562774681
GTA5-108910,Digital,2397.3375555952966
GTA5-114181,Digital,15872.998182815769
GTA5-105588,Digital,12743.299755641114
GTA5-108608,Digital,11347.9851735806
GTA5-113488,Digital,8052.2867043455335
GTA5-100371,Physical,16364.894745246263
GTA5-111477,Digital,3294.1566300619147
GTA5-101430,Physical,43296.312432543986
GTA5-109711,Digital,1251.924259534926
GTA5-108489,Digital,3526.86437931005
GTA5-100009,Physical,2662.305473660943
GTA5-110825,Digital,3356.1126764786454
GTA5-113590,Digital,6994.001473781399
GTA5-114627,Digital,12282.898843745239
GTA5-111866,Digital,4319.538033210039
GTA5-113426,Digital,980.9960816690161
GTA5-110989,Digital,2890.4034967004736
GTA5-111860,Digital,5832.7302277117105
GTA5-102159,Physical,9983.927777105302
GTA5-108591,Digital,7804.180647386068
GTA5-109388,Digital,3318.7443263444984
GTA5-113722,Digital,3575.881670245887
GTA5-105191,Digital,2504.7119265885367
GTA5-109430,Digital,8623.641525987243
GTA5-110553,Digital,4515.460149372689
GTA5-110103,Digital,15027.168641325126
GTA5-113038,Digital,7304.203727898801
GTA5-114325,Digital,13682.586580091098
GTA5-104202,Physical,22397.75648741772
GTA5-110702,Digital,5673.331162535063
GTA5-111391,Digital,6623.245495343172
GTA5-100772,Physical,38711.82692319397
GTA5-111042,Digital,9512.850399608198
GTA5-102815,Physical,11328.11662228763
GTA5-107105,Digital,6920.7989826091025
GTA5-113405,Digital,2583.9174329985335
GTA5-110945,Digital,7801.100547724294
GTA5-114678,Digital,3267.595287612304
GTA5-114421,Digital,3763.1115715814476
GTA5-100755,Physical,5411.525315699192
GTA5-113923,Digital,30160.5085895132
GTA5-112781,Digital,25993.827753223188
GTA5-112572,Digital,3095.396392444708
GTA5-107844,Digital,5281.311033216399
GTA5-110340,Digital,9633.673681399167
GTA5-110367,Digital,1378.8640796128268
GTA5-101801,Physical,8969.357544409235
GTA5-109032,Digital,23704.08146184069
GTA5-112292,Digital,19396.53292305736
GTA5-109353,Digital,6871.859984700157
GTA5-111429,Digital,5990.974929246816
GTA5-110266,Digital,3631.008823052464
GTA5-110311,Digital,6793.217636470938
GTA5-113240,Digital,5548.679106871879
GTA5-100207,Physical,17237.1353327466
GTA5-109777,Digital,5840.190174925658
GTA5-110059,Digital,8289.337453527623
GTA5-105336,Digital,28828.443208049503
GTA5-104829,Digital,9416.81840184663
GTA5-113252,Digital,2972.3283157627225
GTA5-112883,Digital,5320.735551653925
GTA5-105123,Digital,10176.701421212532
GTA5-102367,Physical,4480.991249059161
GTA5-108544,Digital,10664.600974242978
GTA5-112789,Digital,7402.551266802189
GTA5-110996,Digital,6651.830992509429
GTA5-114491,Digital,5653.058808347715
GTA5-109308,Digital,9159.077632278964
GTA5-102818,Physical,15506.8785644686
GTA5-106635,Digital,7350.525761954307
GTA5-114362,Digital,9856.19525917066
GTA5-109280,Digital,42048.15484172864
GTA5-105716,Digital,9006.925833070265
GTA5-108876,Digital,3407.912004178889
GTA5-109550,Digital,10096.415905507441
GTA5-110784,Digital,35398.400970653245
GTA5-109884,Digital,3401.491117497373
GTA5-110720,Digital,13163.645935261102
GTA5-109150,Digital,9778.838163058588
GTA5-113267,Digital,7712.087109417942
GTA5-111824,Digital,12916.952248658385
GTA5-112388,Digital,1219.7717373003657
GTA5-111049,Digital,1089.81409530658
GTA5-111578,Digital,2793.28226232918
GTA5-112634,Digital,7356.741497285407
GTA5-111188,Digital,2798.342669076773
GTA5-110628,Digital,15009.991441184844
GTA5-112290,Digital,1181.2357130814232
GTA5-103394,Physical,6277.785780157323
GTA5-109975,Digital,6996.256295396983
GTA5-110727,Digital,4725.196735668461
GTA5-108656,Digital,16423.98318082512
GTA5-109174,Digital,22001.923486362866
GTA5-111717,Digital,30937.736825514476
GTA5-113163,Digital,5154.905327316017
GTA5-112742,Digital,3497.638636015098
GTA5-108636,Digital,16948.91426724078
GTA5-103849,Digital,9615.793184341128
GTA5-107404,Digital,2152.7815448382166
GTA5-110327,Digital,6049.842185015852
GTA5-108917,Digital,7529.1614423342235
GTA5-102481,Digital,7546.085482353931
GTA5-109148,Digital,9248.064313657213
GTA5-111341,Digital,7739.160810203968
GTA5-109472,Digital,20383.825306709092
GTA5-112657,Digital,12564.414901759634
GTA5-109802,Digital,43839.11680516922
GTA5-109076,Digital,14241.274634624713
GTA5-112936,Digital,3612.753880005357
GTA5-109016,Digital,2629.2502154568415
GTA5-112195,Digital,10423.199856050967
GTA5-108553,Digital,15103.686120654522
GTA5-102401,Physical,4167.835963262701
GTA5-108670,Digital,2992.368475999548
GTA5-103710,Digital,7478.840893356844
GTA5-104758,Digital,5379.117274776354
GTA5-113805,Digital,876.0592649937311
GTA5-110769,Digital,23072.045356976163
GTA5-104340,Digital,9168.271597580782
GTA5-114271,Digital,12670.74442796703
GTA5-107967,Digital,45805.49810595658
GTA5-112207,Digital,12154.648187203324
GTA5-113503,Digital,4391.089400568058
GTA5-111797,Digital,17614.628618446735
GTA5-111273,Digital,1734.8654143439858
GTA5-101074,Physical,14017.708715193527
GTA5-109745,Digital,4398.333227347226
GTA5-113398,Digital,2584.205102798257
GTA5-112767,Digital,3596.035739208366
GTA5-107138,Digital,4752.081189023982
GTA5-112065,Digital,829.5972007217729
GTA5-108522,Digital,3885.4770264497324
GTA5-103375,Digital,15127.32772720021
GTA5-111593,Digital,8558.809713674513
GTA5-103599,Physical,9912.357041418538
GTA5-113064,Digital,5563.918912940817
GTA5-110811,Digital,3121.15372658836
GTA5-113399,Digital,7117.963611140067
GTA5-111958,Digital,9899.792111033874
GTA5-111243,Digital,7181.323907979103
GTA5-110397,Digital,1734.80460729944
GTA5-112956,Digital,2367.125561564322
GTA5-110169,Digital,6910.239575087413
GTA5-111820,Digital,25737.470254907472
GTA5-110454,Digital,7760.974605189764
GTA5-109622,Digital,16952.202961314568
GTA5-114142,Digital,2054.970306453263
GTA5-114547,Digital,6613.667552988731
GTA5-111587,Digital,19502.461808726865
GTA5-110970,Digital,1698.1266302514568
GTA5-109124,Digital,6285.805984650395
GTA5-111963,Digital,13647.02927042596
GTA5-113728,Digital,11205.703211704807
GTA5-113792,Digital,6824.700683994756
GTA5-107235,Digital,4919.06694151282
GTA5-111927,Digital,11551.072443727306
GTA5-110083,Digital,1447.066967450949
GTA5-113714,Digital,22849.78367779579
GTA5-113050,Digital,26507.270834443487
GTA5-108620,Digital,4299.326740925545
GTA5-109162,Digital,9190.059910681723
GTA5-112392,Digital,15908.11716179168
GTA5-113007,Digital,6308.225078534109
GTA5-111884,Digital,43879.741126546556
GTA5-112699,Digital,6242.185124687859
GTA5-110263,Digital,9444.260933488582
GTA5-108484,Digital,3552.1795845686875
GTA5-114188,Digital,1372.40207712087
GTA5-103108,Physical,1677.440281951009
GTA5-110341,Digital,6461.719451674257
GTA5-113414,Digital,5993.093987502159
GTA5-110216,Digital,3847.1645181451186
GTA5-112519,Digital,11793.17540630649
GTA5-109559,Digital,14346.546988157654
GTA5-111277,Digital,19630.151036647447
GTA5-114778,Digital,2044.46737596031
GTA5-114573,Digital,7952.167410385727
GTA5-114499,Digital,11647.927390110684
GTA5-108480,Digital,15227.18116936953
GTA5-107745,Digital,9760.196726405698
GTA5-110766,Digital,34423.01452847784
GTA5-108751,Digital,17437.97481436909
GTA5-101059,Physical,7648.782679720185
GTA5-110556,Digital,22943.008368495553
GTA5-109673,Digital,6652.7133525305635
GTA5-111536,Digital,9819.289642595693
GTA5-109225,Digital,1386.4109717938736
GTA5-110640,Digital,3501.0383417117814
GTA5-102168,Physical,3627.891642122163
GTA5-110406,Digital,3417.4026987815287
GTA5-110050,Digital,3738.1738471138656
GTA5-110503,Digital,4437.063721098301
GTA5-110267,Digital,3840.396593980451
GTA5-108968,Digital,4585.331966592626
GTA5-113614,Digital,9749.996634970654
GTA5-111690,Digital,1975.1549488253036
GTA5-108466,Digital,17991.084214732262
GTA5-104481,Physical,14672.760181072787
GTA5-113019,Digital,4424.49165179693
GTA5-113637,Digital,1227.0487621563989
GTA5-107709,Digital,5707.791633000225
GTA5-108934,Digital,24258.103838627005
GTA5-112223,Digital,4933.841136662904
GTA5-112268,Digital,9993.353799436454
GTA5-104444,Physical,2088.5284750315955
GTA5-110542,Digital,5587.347589661999
GTA5-111358,Digital,5114.49234652742
GTA5-112214,Digital,5995.223575397662
GTA5-112697,Digital,2062.173073891751
GTA5-110921,Digital,6179.721285658714
GTA5-109734,Digital,5821.384433546925
GTA5-111455,Digital,6781.308767915733
GTA5-110110,Digital,6573.684040104514
GTA5-103551,Physical,3377.025154435713
GTA5-111529,Digital,1009.4889772820356
GTA5-110347,Digital,3001.770715479107
GTA5-103019,Physical,6613.9782283970835
GTA5-109136,Digital,14302.803242163249
GTA5-112376,Digital,3210.458937883038
GTA5-110872,Digital,6849.941472667762
GTA5-107454,Digital,3282.8430281448955
GTA5-112780,Digital,1035.1270680879236
GTA5-113520,Digital,3749.810526602335
GTA5-114599,Digital,18161.62575647134
GTA5-113075,Digital,20882.136017260626
GTA5-114553,Digital,4093.4712417478295
GTA5-112594,Digital,6756.676047259827
GTA5-108957,Digital,4381.069427437373
GTA5-111821,Digital,21226.754092788753
GTA5-113022,Digital,4270.789718706707
GTA5-109661,Digital,21385.789175209975
GTA5-113647,Digital,8674.330618936772
GTA5-112439,Digital,5022.774163836964
GTA5-108714,Digital,7054.141077614734
GTA5-108021,Digital,5963.895410927609
GTA5-103376,Digital,14921.180913627752
GTA5-111755,Digital,21178.87364717127
GTA5-104828,Digital,1274.2853441816856
GTA5-114261,Digital,2385.4349902230383
GTA5-113008,Digital,2394.8953555828125
GTA5-111966,Digital,6268.494895048932
GTA5-114005,Digital,7911.414809944437
GTA5-109065,Digital,4745.269821375502
GTA5-102549,Physical,10877.273775728845
GTA5-111484,Digital,27846.682509858932
GTA5-111490,Digital,854.002308476736
GTA5-108770,Digital,10037.547719556884
GTA5-106303,Digital,7502.937202908571
GTA5-114618,Digital,8439.318861348478
GTA5-105075,Digital,5776.060618721983
GTA5-113544,Digital,8375.567373630583
GTA5-111056,Digital,10226.94145405405
GTA5-106745,Digital,4887.734038055835
GTA5-112820,Digital,2048.234337844793
GTA5-107763,Digital,11670.53265732233
GTA5-111090,Digital,7680.533910065346
GTA5-108599,Digital,5043.699089563674
GTA5-109501,Digital,38420.86449635897
GTA5-111654,Digital,21138.69029903142
GTA5-109864,Digital,7096.583954648848
GTA5-112211,Digital,6249.202941493906
GTA5-111434,Digital,14945.541109770069
GTA5-108923,Digital,24177.7111271877
GTA5-111266,Digital,1642.7682947632918
GTA5-112693,Digital,5036.13351544135
GTA5-114093,Digital,4924.010992543415
GTA5-108146,Digital,3595.427048020572
GTA5-109204,Digital,5405.253280434319
GTA5-110646,Digital,23077.29243354054
GTA5-108961,Digital,4670.424569988088
GTA5-111402,Digital,2907.797315905132
GTA5-112154,Digital,2626.3394705076007
GTA5-108685,Digital,2510.7275188742296
GTA5-108419,Digital,22774.749182839354
GTA5-100715,Physical,1074.7925050806234
GTA5-112461,Digital,19954.84179442614
GTA5-105963,Digital,21262.060599681507
GTA5-112125,Digital,3228.5887158080095
GTA5-107975,Digital,978.3786735785477
GTA5-109038,Digital,10914.546001536863
GTA5-108898,Digital,3312.9137037231817
GTA5-112135,Digital,2546.504052466555
GTA5-109173,Digital,12114.893764722583
GTA5-111645,Digital,2082.623947558982
GTA5-110143,Digital,2776.188544047273
GTA5-110630,Digital,6218.945911556029
GTA5-101431,Physical,23859.70235477633
GTA5-113592,Digital,2070.7843069873397
GTA5-111864,Digital,2185.467412243659
GTA5-102851,Physical,6669.599019300427
GTA5-113657,Digital,2507.420925040703
GTA5-106026,Digital,6484.471094749604
GTA5-113963,Digital,3973.910454430273
GTA5-104922,Digital,4527.066433677722
GTA5-110750,Digital,5082.979663808408
GTA5-109261,Digital,4876.283574953793
GTA5-109696,Digital,6132.183050803189
GTA5-114517,Digital,7218.253811862616
GTA5-110097,Digital,1469.1482741700659
GTA5-114425,Digital,4112.19151712102
GTA5-112081,Digital,2926.741673180676
GTA5-111724,Digital,9290.037856391928
GTA5-110561,Digital,7237.603695316557
GTA5-106466,Digital,1917.6509365249321
GTA5-111451,Digital,3572.876017265482
GTA5-108561,Digital,20981.1537004377
GTA5-108647,Digital,1868.7817432748166
GTA5-113895,Digital,2836.577210863612
GTA5-111320,Digital,5015.1877590543745
GTA5-113440,Digital,2160.7146745710634
GTA5-106992,Digital,5839.204316258821
GTA5-112038,Digital,1964.6809110378222
GTA5-114516,Digital,7855.8265218296565
GTA5-112200,Digital,1870.586447318337
GTA5-111666,Digital,7948.28997488325
GTA5-110180,Digital,3197.75460312202
GTA5-113480,Digital,3791.0882883782097
GTA5-105598,Digital,8695.314564766179
GTA5-108878,Digital,12433.11900090812
GTA5-110865,Digital,32227.458463079387
GTA5-111008,Digital,708.185593656262
GTA5-107472,Digital,7125.549685995267
GTA5-113285,Digital,7154.168025765077
GTA5-112536,Digital,19018.673110877822
GTA5-108245,Digital,4464.6377712917765
GTA5-100972,Physical,12405.872549195934
GTA5-110809,Digital,8330.081220117985
GTA5-113040,Digital,12511.354662219306
GTA5-112171,Digital,1876.273491409117
GTA5-112489,Digital,22504.109499205955
GTA5-114282,Digital,10448.676980392596
GTA5-112451,Digital,1870.9127064983725
GTA5-113951,Digital,3382.297075896683
GTA5-109751,Digital,3056.398073060408
GTA5-111302,Digital,7543.292243135146
GTA5-112172,Digital,1922.4249833031622
GTA5-110593,Digital,12995.66753044161
GTA5-108969,Digital,10087.4862386645
GTA5-110317,Digital,7191.964449470498
GTA5-111863,Digital,5724.423617304575
GTA5-112378,Digital,985.1030086328867
GTA5-111073,Digital,16233.318875019115
GTA5-110658,Digital,28384.486939829225
GTA5-109586,Digital,4271.029299671976
GTA5-111023,Digital,2949.239472345518
GTA5-110247,Digital,944.8697182456094
GTA5-113680,Digital,21511.50099203368
GTA5-108598,Digital,4239.3660491321025
GTA5-104936,Physical,19799.602276402053
GTA5-112104,Digital,1496.0263931812192
GTA5-106406,Digital,4498.475103604815
GTA5-108531,Digital,17904.975343063452
GTA5-108822,Digital,9068.278724573947
GTA5-114263,Digital,1995.9691046785601
GTA5-114259,Digital,2553.712216803281
GTA5-113071,Digital,36684.04349576962
GTA5-110586,Digital,4156.747420423089
GTA5-113087,Digital,13702.80788770004
GTA5-108780,Digital,10251.89684922246
GTA5-111576,Digital,1137.0299950848503
GTA5-112431,Digital,3903.763403962855
GTA5-108682,Digital,2537.936683728762
GTA5-102176,Physical,5829.533462511166
GTA5-114448,Digital,6392.337712549252
GTA5-112875,Digital,16736.55156910169
GTA5-109484,Digital,9448.88583120665
GTA5-105291,Digital,21492.301198609144
GTA5-114121,Digital,42982.28305044236
GTA5-113066,Digital,4016.99337665759
GTA5-101028,Physical,3990.673319898462
GTA5-113508,Digital,3375.0543916742126
GTA5-102970,Physical,9516.16160318517
GTA5-113868,Digital,12771.592247463643
GTA5-107086,Digital,25271.419950591022
GTA5-100442,Physical,13654.397801950749
GTA5-113318,Digital,3245.2217234438403
GTA5-110724,Digital,7132.628944108294
GTA5-114361,Digital,1552.985529105751
GTA5-110221,Digital,1661.7589456783978
GTA5-110082,Digital,2027.201824809083
GTA5-109022,Digital,12844.66911211966
GTA5-104011,Physical,5250.495309100486
GTA5-113514,Digital,9324.995382814614
GTA5-113091,Digital,5665.00737564646
GTA5-110354,Digital,9952.431777009344
GTA5-110129,Digital,12772.002326053556
GTA5-100787,Physical,2129.9721292855115
GTA5-109965,Digital,8973.890825796761
GTA5-110839,Digital,11735.338555504273
GTA5-100160,Physical,15357.08284729072
GTA5-110255,Digital,12698.49629297882
GTA5-112089,Digital,7617.772605950871
GTA5-112779,Digital,1741.655996990395
GTA5-112547,Digital,678.3030207197907
GTA5-113354,Digital,1174.9485565901273
GTA5-104421,Digital,2049.2179979438934
GTA5-112584,Digital,1448.698326770314
GTA5-110906,Digital,3137.484241005233
GTA5-114634,Digital,2614.6545222675204
GTA5-100600,Physical,1610.4699358025305
GTA5-112836,Digital,9171.925616125904
GTA5-111314,Digital,1857.203938425039
GTA5-110462,Digital,5212.356583155995
GTA5-110897,Digital,2845.694250305641
GTA5-110759,Digital,4126.014264395801
GTA5-108661,Digital,3144.7905020544595
GTA5-114449,Digital,3646.6395425261417
GTA5-101476,Physical,6336.750953953469
GTA5-101959,Digital,18559.363013649272
GTA5-112175,Digital,5951.541982011697
GTA5-105545,Digital,7693.45536935854
GTA5-113178,Digital,8103.766624517595
GTA5-110437,Digital,6930.646561415244
GTA5-106777,Digital,3852.4685295876775
GTA5-113302,Digital,6053.606441003493
GTA5-110963,Digital,4739.250083064926
GTA5-109167,Digital,10845.141937850647
GTA5-113846,Digital,8685.434150847024
GTA5-112899,Digital,8492.148173300271
GTA5-101335,Physical,8029.654511933755
GTA5-108681,Digital,741.4745269509078
GTA5-114758,Digital,7373.995844984415
GTA5-111886,Digital,10037.69326228415
GTA5-109999,Digital,6215.811450883867
GTA5-114446,Digital,3418.127118724901
GTA5-110953,Digital,14468.72170637809
GTA5-111947,Digital,7923.256588417446
GTA5-108486,Digital,10718.79880792127
GTA5-109824,Digital,3755.1476645214166
GTA5-114199,Digital,56760.09141904484
GTA5-108653,Digital,13257.317338736488
GTA5-113628,Digital,1376.9760107786492
GTA5-108849,Digital,3223.5574473377346
GTA5-113746,Digital,8221.450347661896
GTA5-113773,Digital,2649.461602445108
GTA5-114431,Digital,2364.1257559950313
GTA5-102165,Physical,4470.788561791025
GTA5-113245,Digital,14423.6898337378
GTA5-103896,Physical,24325.524475396924
GTA5-112782,Digital,29670.913438616262
GTA5-111828,Digital,16522.310440452613
GTA5-113458,Digital,16839.643652035353
GTA5-103430,Physical,8693.372040161386
GTA5-108913,Digital,54154.769423695034
GTA5-109321,Digital,4325.264482710082
GTA5-114436,Digital,4486.982412064644
GTA5-111258,Digital,1028.5060918371294
GTA5-101024,Physical,3527.9248149486793
GTA5-106569,Digital,3960.343057186543
GTA5-105230,Digital,18987.08732056887
GTA5-109301,Digital,7448.004172581007
GTA5-103470,Digital,31789.347869274385
GTA5-112740,Digital,6193.910182520306
GTA5-108539,Digital,64973.90703805974
GTA5-114773,Digital,12515.58430266106
GTA5-111374,Digital,6190.825732840096
GTA5-104748,Digital,4740.078064098325
GTA5-110935,Digital,15062.90627524547
GTA5-111695,Digital,32222.036662481318
GTA5-112234,Digital,9532.853590031209
GTA5-112874,Digital,19972.335343367457
GTA5-111195,Digital,873.5905483004519
GTA5-111106,Digital,14521.59792557072
GTA5-112272,Digital,1946.7018498097718
GTA5-100089,Physical,73289.11363568867
GTA5-112295,Digital,10914.710686253826
GTA5-101115,Physical,4382.6865547889665
GTA5-108554,Digital,14444.12039025607
GTA5-110494,Digital,2841.6039228052914
GTA5-114432,Digital,4736.057260639138
GTA5-108722,Digital,17383.989272623425
GTA5-109315,Digital,41159.5321270033
GTA5-111491,Digital,3088.3725809174794
GTA5-109926,Digital,23927.22698125713
GTA5-109523,Digital,9155.426845032784
GTA5-110934,Digital,2550.483146696769
GTA5-102543,Physical,22393.019399988443
GTA5-109825,Digital,3702.5228731056513
GTA5-112902,Digital,3755.988017121546
GTA5-105884,Digital,4636.069478636049
GTA5-110774,Digital,6814.586890146536
GTA5-113611,Digital,7138.37816447176
GTA5-113205,Digital,4720.1801016841855
GTA5-113316,Digital,2621.2306793332773
GTA5-106396,Digital,9623.119354721613
GTA5-113552,Digital,10737.19038894372
GTA5-112475,Digital,1581.078244081326
GTA5-108062,Digital,2756.418466172495
GTA5-112084,Digital,1608.1882492624638
GTA5-108820,Digital,29870.356007276307
GTA5-111974,Digital,2259.1841075694015
GTA5-106118,Digital,2511.979982083169
GTA5-111487,Digital,10556.0032900412
GTA5-107807,Digital,12096.373703452273
GTA5-110248,Digital,4146.9170799360645
GTA5-109947,Digital,5206.948760240794
GTA5-100395,Physical,2914.5523236748986
GTA5-114302,Digital,15306.512871722192
GTA5-105359,Digital,5426.474618795093
GTA5-106713,Digital,2432.000143461239
GTA5-114667,Digital,4629.4562489693
GTA5-113716,Digital,7117.341553153404
GTA5-114625,Digital,2528.6912295238267
GTA5-113967,Digital,3136.1196845548375
GTA5-111708,Digital,29852.20658016234
GTA5-103987,Physical,6006.697557238849
GTA5-112406,Digital,2934.632201792869
GTA5-114196,Digital,2320.357398034966
GTA5-105966,Digital,15687.48504178172
GTA5-102144,Physical,4313.671489866594
GTA5-113634,Digital,3264.343560724101
GTA5-109765,Digital,20538.696913518004
GTA5-113787,Digital,10097.353683597194
GTA5-109832,Digital,5987.513405859612
GTA5-102544,Physical,9109.355014738101
GTA5-109571,Digital,4615.908586223003
GTA5-108498,Digital,11270.390519943121
GTA5-113930,Digital,1987.84685476392
GTA5-111280,Digital,7135.6669214930425
GTA5-113946,Digital,7367.243069229129
GTA5-113367,Digital,17208.573752940567
GTA5-109051,Digital,3934.8297148277725
GTA5-113570,Digital,7371.611534995103
GTA5-109570,Digital,5228.990377570289
GTA5-105133,Digital,1196.4101993363554
GTA5-109405,Digital,16806.495808816333
GTA5-111165,Digital,4657.827464285582
GTA5-113060,Digital,19530.60206130689
GTA5-111686,Digital,4627.404665129407
GTA5-112345,Digital,19885.435441772563
GTA5-109075,Digital,4128.394247182105
GTA5-105961,Digital,15257.81666443298
GTA5-113313,Digital,2194.7161541582655
GTA5-114336,Digital,3897.322397337457
GTA5-109120,Digital,14021.565198433222
GTA5-112943,Digital,2731.9482693076407
GTA5-102957,Digital,4162.520650153691
GTA5-109840,Digital,9503.815920383842
GTA5-112537,Digital,15702.233573724545
GTA5-104352,Physical,7727.673132975022
GTA5-113215,Digital,5488.394873902119
GTA5-113254,Digital,2820.3629819926296
GTA5-102541,Physical,12629.738463610785
GTA5-108463,Digital,31228.239674204928
GTA5-110819,Digital,3405.630963163892
GTA5-107340,Digital,8396.583286363193
GTA5-108919,Digital,5594.66356651054
GTA5-110166,Digital,23280.299654443876
GTA5-109932,Digital,3044.72569196112
GTA5-108689,Digital,5083.530228484628
GTA5-109346,Digital,3490.635751288274
GTA5-112029,Digital,27212.404407988743
GTA5-104122,Physical,11726.001404580946
GTA5-112063,Digital,3079.723527302933
GTA5-109556,Digital,37438.63646599262
GTA5-101412,Physical,10647.381247821248
GTA5-110209,Digital,5148.05328576198
GTA5-108764,Digital,6648.318366784007
GTA5-114314,Digital,12297.936723816498
GTA5-107468,Digital,968.7995342947324
GTA5-109469,Digital,8045.629427893269
GTA5-114014,Digital,23860.61096517025
GTA5-103552,Physical,5087.576776480598
GTA5-110144,Digital,7314.110233260148
GTA5-105861,Digital,8161.806346349289
GTA5-106179,Digital,6040.174201514103
GTA5-106756,Digital,6453.813434375255
GTA5-113348,Digital,17960.31964307246
GTA5-113764,Digital,5417.296189694027
GTA5-106155,Digital,2036.6492240634618
GTA5-110064,Digital,6478.839289350395
GTA5-114733,Digital,7335.222893962068
GTA5-111882,Digital,14385.272368940234
GTA5-113702,Digital,7688.79922349443
GTA5-109019,Digital,2028.5567285178881
GTA5-112980,Digital,21752.36313734065
GTA5-109646,Digital,5868.848625851035
GTA5-109236,Digital,10603.999876291175
GTA5-112715,Digital,2095.9266218763773
GTA5-107150,Digital,6896.069424722007
GTA5-108527,Digital,8890.147704232546
GTA5-108572,Digital,8588.560829038002
GTA5-111758,Digital,2346.8836453432805
GTA5-102631,Physical,6358.216974945602
GTA5-113695,Digital,3674.1363751646
GTA5-113191,Digital,11716.99041495172
GTA5-112927,Digital,12522.162331527072
GTA5-112129,Digital,1624.0608029576663
GTA5-108540,Digital,27173.8460944447
GTA5-108642,Digital,19518.926939930978
GTA5-109575,Digital,5612.097808594173
GTA5-102009,Physical,1212.9858495078583
GTA5-111189,Digital,3297.997851971934
GTA5-112187,Digital,6656.4374478903665
GTA5-102340,Physical,4206.174555970293
GTA5-113724,Digital,1984.8367621800617
GTA5-107011,Digital,61684.003851306814
GTA5-110136,Digital,9538.090836824007
GTA5-102488,Physical,1750.1724495469198
GTA5-110920,Digital,2511.582398348552
GTA5-110430,Digital,2727.7997257325637
GTA5-105391,Digital,21534.1994314017
GTA5-107571,Digital,1548.1139726435867
GTA5-103339,Physical,12915.657277934748
GTA5-111765,Digital,9197.089452045051
GTA5-104695,Physical,2480.2053128164844
GTA5-110558,Digital,24496.284978339118
GTA5-110617,Digital,6305.324329777712
GTA5-101810,Physical,3373.090600819214
GTA5-109920,Digital,3545.3948742329285
GTA5-103435,Physical,2729.2857861077437
GTA5-109531,Digital,16502.616044965154
GTA5-110860,Digital,2888.0532508363035
GTA5-107944,Digital,17635.71059894277
GTA5-110253,Digital,3599.665681809979
GTA5-111711,Digital,10695.944930580947
GTA5-109200,Digital,1657.3056181431261
GTA5-113381,Digital,3326.2938259057937
GTA5-114664,Digital,1212.5545920634215
GTA5-109448,Digital,21269.75622110721
GTA5-111732,Digital,1997.3273226931506
GTA5-112935,Digital,22370.903766834264
GTA5-113696,Digital,4103.056843216243
GTA5-113173,Digital,14123.595955789282
GTA5-108804,Digital,3799.372037668749
GTA5-114602,Digital,6363.54120688743
GTA5-103705,Physical,55072.27960162029
GTA5-111540,Digital,6188.1001459878225
GTA5-108701,Digital,2598.25374278359
GTA5-112313,Digital,8281.521957098295
GTA5-110927,Digital,1053.4421155185253
GTA5-109335,Digital,9141.746142453514
GTA5-109610,Digital,6339.667602462701
GTA5-114734,Digital,23191.93347257644
GTA5-114191,Digital,1862.5191067016622
GTA5-110570,Digital,24134.26524588882
GTA5-101869,Digital,12698.596157280983
GTA5-111059,Digital,9123.273442452064
GTA5-100158,Physical,32747.195778659563
GTA5-114203,Digital,5552.663334856155
GTA5-109250,Digital,17808.20799822108
GTA5-110233,Digital,1701.5236047089754
GTA5-100602,Physical,6585.441914862131
GTA5-112605,Digital,6189.745627141399
GTA5-111486,Digital,10488.614450489888
GTA5-111334,Digital,2172.9461912568636
GTA5-109270,Digital,5799.016560864599
GTA5-100697,Physical,10831.799982141427
GTA5-111423,Digital,42492.87609451911
GTA5-111046,Digital,3852.735419582131
GTA5-113393,Digital,10483.78306263699
GTA5-109191,Digital,8154.340253124957
GTA5-107610,Digital,6739.398685079413
GTA5-112900,Digital,24408.715704457645
GTA5-111586,Digital,7218.157159198419
GTA5-112404,Digital,7720.603993855138
GTA5-111521,Digital,41756.19581167448
GTA5-108686,Digital,3721.532930967771
GTA5-109368,Digital,5143.639566346191
GTA5-108989,Digital,3402.6685949171024
GTA5-108604,Digital,1278.3293174790533
GTA5-107841,Digital,9717.04896149698
GTA5-111470,Digital,3043.478206662723
GTA5-102452,Physical,7432.2467531340635
GTA5-114094,Digital,12663.289585059909
GTA5-100857,Physical,1445.9698891193048
GTA5-111183,Digital,4638.9001426232435
GTA5-110167,Digital,7148.8221768343465
GTA5-111065,Digital,2467.546432881089
GTA5-113057,Digital,26540.773824122683
GTA5-102647,Physical,8792.291869632658
GTA5-106282,Digital,2485.9594257688345
GTA5-111502,Digital,11614.74612592913
GTA5-114509,Digital,19076.10970181987
GTA5-109083,Digital,3762.812732959316
GTA5-113470,Digital,23521.862533764786
GTA5-110788,Digital,3103.3146435272843
GTA5-111530,Digital,1114.2701384154798
GTA5-107873,Digital,3853.590731711268
GTA5-109408,Digital,7438.21135629677
GTA5-112938,Digital,4927.097410913799
GTA5-112108,Digital,15271.565862345637
GTA5-107744,Digital,13407.11550411256
GTA5-106060,Digital,22391.810128486966
GTA5-100717,Physical,1594.0585699104495
GTA5-108555,Digital,5486.716216782318
GTA5-111538,Digital,11414.99777902051
GTA5-113718,Digital,15027.117746616368
GTA5-114572,Digital,7523.2477589219925
GTA5-110957,Digital,12233.579527270882
GTA5-100742,Physical,5945.337485194734
GTA5-108008,Digital,5362.300853573488
GTA5-109879,Digital,40779.97304959642
GTA5-113495,Digital,3127.584613894769
GTA5-114082,Digital,1214.229309433489
GTA5-114288,Digital,6968.896819746472
GTA5-105743,Digital,10020.574000397424
GTA5-106784,Digital,1838.4963438975346
GTA5-110319,Digital,4649.9402381216505
GTA5-102763,Physical,11731.907160811943
GTA5-114767,Digital,1963.4288427155184
GTA5-105799,Digital,2890.369953175452
GTA5-102568,Digital,8600.71453734942
GTA5-109757,Digital,4301.380705988937
GTA5-113713,Digital,2541.8534849209987
GTA5-113968,Digital,853.7015096149466
GTA5-111383,Digital,7075.065232390296
GTA5-104071,Physical,2970.8555377691546
GTA5-110760,Digital,4354.166073676761
GTA5-109841,Digital,19442.774807479225
GTA5-112009,Digital,10549.35238743942
GTA5-112444,Digital,4529.561029061949
GTA5-112414,Digital,1808.617568420321
GTA5-112502,Digital,2789.197135560544
GTA5-104693,Digital,2692.9284497364156
GTA5-111380,Digital,2850.307038860477
GTA5-110551,Digital,12946.269055233985
GTA5-105358,Digital,15737.812567472583
GTA5-110016,Digital,3812.5316720878473
GTA5-113036,Digital,10041.208021957997
GTA5-108051,Digital,2309.2560220682735
GTA5-111888,Digital,4100.677029261521
GTA5-112729,Digital,10460.044188091117
GTA5-111011,Digital,12891.742174391953
GTA5-102344,Physical,15021.374500685866
GTA5-113105,Digital,8248.180978883225
GTA5-109684,Digital,7421.945640923686
GTA5-109617,Digital,34533.68863118063
GTA5-103045,Physical,1205.872849321356
GTA5-113622,Digital,13332.843663785156
GTA5-112478,Digital,16911.482923006297
GTA5-113061,Digital,14487.646417189379
GTA5-102330,Physical,3020.1521432454006
GTA5-113602,Digital,2539.787180943488
GTA5-108943,Digital,8125.522742062415
GTA5-113218,Digital,2701.321493640247
GTA5-109707,Digital,7018.440510422737
GTA5-113676,Digital,4517.342329362648
GTA5-110056,Digital,4739.692892460831
GTA5-113670,Digital,1625.970185714083
GTA5-108932,Digital,1748.7500163200168
GTA5-107425,Digital,20363.70424275235
GTA5-113042,Digital,5152.894653838468
GTA5-114698,Digital,13866.843707761982
GTA5-108773,Digital,3858.6973672752265
GTA5-113476,Digital,6869.2572394000945
GTA5-100044,Physical,7874.190933173248
GTA5-111356,Digital,6095.2180963151
GTA5-103964,Physical,15052.844394127826
GTA5-109209,Digital,13007.107414465609
GTA5-113438,Digital,3026.9890706927154
GTA5-101937,Physical,6079.471802285483
GTA5-109519,Digital,18562.269429867756
GTA5-109239,Digital,9003.233881643002
GTA5-109104,Digital,4794.7028040931555
GTA5-110712,Digital,3922.214917708261
GTA5-113735,Digital,1285.1019650781109
GTA5-105594,Digital,8400.400602849317
GTA5-109931,Digital,2361.739961708708
GTA5-114552,Digital,2408.4243378620645
GTA5-114111,Digital,56513.1342046098
GTA5-109712,Digital,1691.3396183560474
GTA5-114223,Digital,27032.882198583506
GTA5-105549,Digital,4367.3979783324285
GTA5-102927,Physical,2942.3995175383734
GTA5-112988,Digital,7762.2692710019555
GTA5-114090,Digital,17681.60246607389
GTA5-114385,Digital,2092.434022169021
GTA5-112059,Digital,8176.70130660611
GTA5-101964,Physical,3601.6208016991714
GTA5-109851,Digital,12740.208006207818
GTA5-106492,Digital,630.5887083703684
GTA5-109433,Digital,21726.13996555815
GTA5-113744,Digital,11745.790145101893
GTA5-111240,Digital,9033.997482078361
GTA5-112123,Digital,4504.609435452071
GTA5-103477,Physical,11858.977266850681
GTA5-108786,Digital,2635.766212803847
GTA5-111255,Digital,8616.237724710074
GTA5-108618,Digital,2046.6107693442907
GTA5-112630,Digital,1052.7934855586113
GTA5-110704,Digital,32641.938595684907
GTA5-102639,Physical,8804.587032974949
GTA5-112852,Digital,1264.1871475798014
GTA5-113618,Digital,6319.7148904499845
GTA5-110585,Digital,3535.538719239136
GTA5-109027,Digital,6081.143948506193
GTA5-114393,Digital,4902.000485155749
GTA5-109033,Digital,28541.66417783997
GTA5-112700,Digital,3007.661515480806
GTA5-114403,Digital,3757.226652763953
GTA5-114050,Digital,5514.870214131208
GTA5-114323,Digital,25454.407555700225
GTA5-107726,Digital,4693.559337412849
GTA5-108761,Digital,3069.6906434211965
GTA5-112678,Digital,2953.281225733828
GTA5-111730,Digital,19850.8865387839
GTA5-109868,Digital,21467.470514095505
GTA5-108167,Digital,4899.886499816662
GTA5-106370,Digital,3481.243231683213
GTA5-112972,Digital,17620.307453680576
GTA5-112468,Digital,8538.208602601322
GTA5-110205,Digital,2820.363205717367
GTA5-111360,Digital,2379.350375251519
GTA5-102028,Physical,21936.903247746708
GTA5-114319,Digital,1555.4711221179623
GTA5-112432,Digital,4031.2954923861685
GTA5-104074,Physical,13379.751835767991
GTA5-109793,Digital,9819.261387657145
GTA5-111133,Digital,4403.660948798324
GTA5-114429,Digital,8956.120565765166
GTA5-109004,Digital,10479.38247774724
GTA5-111329,Digital,3937.2665529399783
GTA5-112004,Digital,1382.275691355836
GTA5-109542,Digital,4592.46478233927
GTA5-110639,Digital,938.382786493293
GTA5-114513,Digital,7839.49725125921
GTA5-111632,Digital,18202.584021919916
GTA5-108411,Digital,4997.22472027277
GTA5-109262,Digital,13823.595802168289
GTA5-110988,Digital,2723.5979309214317
GTA5-109831,Digital,3704.9456345697326
GTA5-109445,Digital,17246.419234255154
GTA5-109268,Digital,3173.0624135128037
GTA5-112561,Digital,4590.61810629899
GTA5-113276,Digital,18862.197881601463
GTA5-104592,Digital,13610.539440001641
GTA5-109066,Digital,2206.904828552734
GTA5-109589,Digital,18570.959766052347
GTA5-112846,Digital,6164.081002401812
GTA5-100928,Physical,8720.74702079722
GTA5-110655,Digital,58969.7950953719
GTA5-114564,Digital,4105.072078515514
GTA5-104681,Physical,7387.129810759562
GTA5-108595,Digital,1882.9219357059233
GTA5-108987,Digital,8101.573681646173
GTA5-112825,Digital,9339.344003706703
GTA5-108488,Digital,7378.4632200741735
GTA5-108882,Digital,7052.494455308813
GTA5-102282,Physical,1202.4496799371852
GTA5-101610,Physical,22246.313834199133
GTA5-114230,Digital,10228.47658283875
GTA5-110870,Digital,13998.176028332706
GTA5-111007,Digital,7061.973191457775
GTA5-102869,Physical,1627.4838514147684
GTA5-108952,Digital,12287.824241568618
GTA5-112045,Digital,10963.853079858243
GTA5-111508,Digital,11473.875376856991
GTA5-114574,Digital,2280.663517245092
GTA5-114530,Digital,807.1325722243558
GTA5-109639,Digital,2981.4571544129194
GTA5-113095,Digital,14515.309529442193
GTA5-111993,Digital,5930.332391778316
GTA5-108739,Digital,15482.158952629161
GTA5-113847,Digital,3961.5760217518737
GTA5-112447,Digital,4163.573770270389
GTA5-113597,Digital,5323.385969154705
GTA5-108771,Digital,3572.9577783525347
GTA5-100887,Physical,4386.379005601452
GTA5-104165,Physical,2668.385622070796
GTA5-113376,Digital,1736.8384969320314
GTA5-112225,Digital,4091.501788157926
GTA5-111450,Digital,3266.1071212452616
GTA5-108868,Digital,3640.1499519796544
GTA5-112429,Digital,2390.475859716277
GTA5-106346,Digital,24417.98685957732
GTA5-107931,Digital,7377.391801447704
GTA5-112357,Digital,2357.56223320581
GTA5-113441,Digital,1479.0937105299513
GTA5-112078,Digital,2184.1588924391076
GTA5-110163,Digital,58106.04058757781
GTA5-102720,Physical,7812.421538581126
GTA5-103584,Physical,3918.6616066569127
GTA5-114133,Digital,7172.075725900385
GTA5-109011,Digital,63833.54574446856
GTA5-109042,Digital,10509.593244480055
GTA5-110336,Digital,3099.369761492358
GTA5-114145,Digital,3885.5892788581286
GTA5-109791,Digital,53635.499922959934
GTA5-113840,Digital,12828.322499832271
GTA5-112807,Digital,21673.941179999925
GTA5-113401,Digital,17473.074480459156
GTA5-112949,Digital,11669.825142758627
GTA5-110225,Digital,11116.354659274613
GTA5-111299,Digital,3854.4685308636926
GTA5-107583,Digital,1140.679298724367
GTA5-114701,Digital,10909.45496477901
GTA5-106830,Digital,14175.571364584848
GTA5-113998,Digital,8631.51864571826
GTA5-109126,Digital,3256.351186073809
GTA5-112005,Digital,36705.57610991367
GTA5-109419,Digital,17848.750705350634
GTA5-113603,Digital,4988.1693452883555
GTA5-110521,Digital,8398.652772694317
GTA5-109740,Digital,10681.008753766922
GTA5-100386,Physical,68917.02125131406
GTA5-106366,Digital,3958.2134973663174
GTA5-102576,Physical,15946.275054787013
GTA5-109759,Digital,4258.163933215592
GTA5-106159,Digital,40016.9372827605
GTA5-104548,Digital,10746.738959061717
GTA5-104573,Physical,2939.6899882755492
GTA5-108796,Digital,4055.0651897922803
GTA5-109548,Digital,11451.937848186935
GTA5-101325,Physical,3754.858403464027
GTA5-110342,Digital,7557.056694814765
GTA5-112953,Digital,6815.549778438304
GTA5-103713,Physical,30441.148782704346
GTA5-114160,Digital,4791.526629306551
GTA5-111267,Digital,21857.528028051405
GTA5-110715,Digital,15536.845821452394
GTA5-109775,Digital,7194.981307004733
GTA5-114534,Digital,6204.204412750904
GTA5-113527,Digital,5222.818179979963
GTA5-112124,Digital,4028.765942770733
GTA5-110174,Digital,13874.94553330191
GTA5-102157,Physical,5634.500912573665
GTA5-109677,Digital,13108.43337068207
GTA5-104706,Physical,2527.5049974608064
GTA5-108517,Digital,10298.76939748626
GTA5-109818,Digital,3062.684015046344
GTA5-106848,Digital,2699.4209221891992
GTA5-100527,Physical,8037.076224641491
GTA5-114004,Digital,8794.70660594337
GTA5-114401,Digital,9021.964519717008
GTA5-114366,Digital,6932.512171720636
GTA5-111201,Digital,17773.090774013846
GTA5-109229,Digital,25332.440193749728
GTA5-101989,Physical,10434.989384224928
GTA5-110126,Digital,5926.159874538193
GTA5-111938,Digital,5614.434941644942
GTA5-106954,Digital,4485.880469333658
GTA5-114615,Digital,2857.0642176842193
GTA5-112318,Digital,2495.9132351346125
GTA5-113413,Digital,4819.78856242814
GTA5-102625,Physical,1474.6358027669107
GTA5-110694,Digital,5549.966967737003
GTA5-114439,Digital,5379.25585138441
GTA5-103760,Physical,14239.271095876884
GTA5-105879,Digital,9099.872428177332
GTA5-109728,Digital,3033.1804923139234
GTA5-111992,Digital,4220.906235836533
GTA5-114762,Digital,7314.242812781162
GTA5-112363,Digital,4308.785703858878
GTA5-111738,Digital,5626.649237937971
GTA5-111139,Digital,18860.1513372143
GTA5-111466,Digital,3581.550455180358
GTA5-106715,Digital,838.4656930297704
GTA5-107870,Digital,12204.769906465139
GTA5-101799,Physical,16430.623322657775
GTA5-113265,Digital,6324.453092389338
GTA5-111164,Digital,3784.973550176609
GTA5-111737,Digital,3473.842742533451
GTA5-112882,Digital,9979.904209894587
GTA5-101368,Physical,63063.767760373215
GTA5-111594,Digital,4484.856050443972
GTA5-110315,Digital,6493.357447446558
GTA5-113446,Digital,15619.642390424284
GTA5-112394,Digital,10497.196242024946
GTA5-113727,Digital,39766.72607052866
GTA5-109505,Digital,28071.81926109028
GTA5-103104,Digital,6427.223836482257
GTA5-113111,Digital,5801.575748215129
GTA5-110651,Digital,2360.610409378768
GTA5-100753,Physical,22070.98635998031
GTA5-111838,Digital,7408.076534657557
GTA5-109293,Digital,4328.597900527166
GTA5-107254,Digital,2738.2184651963225
GTA5-105929,Digital,18417.884054461356
GTA5-106353,Digital,9667.574373060354
GTA5-107490,Digital,17397.1159632478
GTA5-113701,Digital,12889.399307870666
GTA5-111563,Digital,2035.969548480572
GTA5-103809,Physical,3226.839867271822
GTA5-113389,Digital,3022.8883412245987
GTA5-109986,Digital,1699.4192874271753
GTA5-111971,Digital,12563.01081014249
GTA5-108706,Digital,3080.0587884821407
GTA5-110524,Digital,2433.5740025093323
GTA5-109053,Digital,3091.8238656016647
GTA5-113705,Digital,3074.106245452045
GTA5-102601,Physical,89700.76043562658
GTA5-103828,Physical,9252.948369364069
GTA5-111896,Digital,16412.67202093859
GTA5-110382,Digital,18824.870337424614
GTA5-113179,Digital,7068.26807977449
GTA5-111789,Digital,4060.7979382012995
GTA5-101727,Physical,77940.08983295766
GTA5-104484,Physical,12239.711812257017
GTA5-101914,Digital,31095.793256072655
GTA5-104599,Digital,91378.34289851968
GTA5-100127,Physical,5944.782410482041
GTA5-111355,Digital,1919.0606838555113
GTA5-104111,Physical,48930.62135561091
GTA5-109195,Digital,6486.89843324306
GTA5-111907,Digital,73653.79564584688
GTA5-111609,Digital,28865.392704070255
GTA5-114511,Digital,13283.32347366173
GTA5-113703,Digital,4543.341694609617
GTA5-112062,Digital,1515.2245234800255
GTA5-111233,Digital,4839.916189395092
GTA5-114210,Digital,45727.35513226107
GTA5-107514,Digital,2947.5325563029364
GTA5-109602,Digital,49252.48568727605
GTA5-107155,Digital,6387.6698482436805
GTA5-111774,Digital,5255.01799246446
GTA5-110952,Digital,1063.1500712177342
GTA5-110409,Digital,14201.7786406016
GTA5-114405,Digital,3060.6327338741503
GTA5-100909,Physical,4372.679058551474
GTA5-110250,Digital,4586.177224527258
GTA5-111384,Digital,1273.6381815446375
GTA5-112158,Digital,2683.2402521969334
GTA5-109918,Digital,4801.895804248102
GTA5-113062,Digital,22789.731267937525
GTA5-109870,Digital,2767.481600823299
GTA5-114108,Digital,1718.6260507819052
GTA5-103217,Physical,4053.2909327105554
GTA5-109380,Digital,4154.773139794591
GTA5-112915,Digital,5721.734030027581
GTA5-110269,Digital,1825.895799938558
GTA5-103436,Digital,4702.698368655065
GTA5-109057,Digital,9730.194574925048
GTA5-109264,Digital,3966.0816228620124
GTA5-106989,Digital,2812.451727389963
GTA5-111922,Digital,22297.98840672501
GTA5-114763,Digital,4641.728047111037
GTA5-111548,Digital,7183.585007854524
GTA5-111317,Digital,11070.51182232465
GTA5-106764,Digital,5287.584268746208
GTA5-114703,Digital,6252.253646627515
GTA5-113573,Digital,3342.3692278169956
GTA5-114031,Digital,9430.452183699228
GTA5-102491,Physical,114975.5284002111
GTA5-111527,Digital,4508.060880130233
GTA5-111940,Digital,8536.519325699614
GTA5-110222,Digital,2289.5547348236555
GTA5-107622,Digital,7059.894962181851
GTA5-111584,Digital,3101.8222571356273
GTA5-111178,Digital,8428.555504486756
GTA5-110680,Digital,43489.81724821516
GTA5-113896,Digital,8569.930886943937
GTA5-110837,Digital,9101.14417875032
GTA5-114503,Digital,4941.423194163357
GTA5-110714,Digital,2844.312127369913
GTA5-109970,Digital,3748.7451513867713
GTA5-114125,Digital,16376.734069936425
GTA5-102661,Physical,2387.7832263976306
GTA5-109782,Digital,2408.7961599204373
GTA5-113833,Digital,2026.0795089044882
GTA5-110031,Digital,3312.191203013813
GTA5-100286,Physical,58689.57491102986
GTA5-106152,Digital,4683.409585709312
GTA5-104549,Physical,27972.141134927777
GTA5-108119,Digital,7839.780063633457
GTA5-107164,Digital,16172.389244415735
GTA5-110936,Digital,3089.8561510193695
GTA5-110252,Digital,3383.3819792900763
GTA5-101821,Physical,9265.116478306421
GTA5-112756,Digital,1851.8918161147553
GTA5-111236,Digital,1255.7687435554158
GTA5-101545,Physical,8400.436093711449
GTA5-100083,Physical,8930.853885136552
GTA5-111630,Digital,18746.845057224666
GTA5-112979,Digital,11395.180860265324
GTA5-100250,Physical,14769.478316319677
GTA5-113595,Digital,4160.3670881147755
GTA5-109722,Digital,8060.53857178338
GTA5-110777,Digital,8218.383478669168
GTA5-108632,Digital,11260.125752546686
GTA5-110477,Digital,20506.25134538801
GTA5-112362,Digital,5434.336022251668
GTA5-112821,Digital,3353.846502674348
GTA5-109997,Digital,6344.503057841732
GTA5-108292,Digital,9715.226570987357
GTA5-113697,Digital,3420.291487094704
GTA5-108763,Digital,4808.962881256082
GTA5-101304,Physical,7636.6608619359395
GTA5-110971,Digital,2628.110427252115
GTA5-113872,Digital,9011.988319094295
GTA5-110815,Digital,4272.598632067426
GTA5-112545,Digital,7909.110821809061
GTA5-113981,Digital,7672.125068842514
GTA5-108581,Digital,3360.6635011595463
GTA5-112494,Digital,9738.377991149417
GTA5-112221,Digital,4413.961721455404
GTA5-114674,Digital,22237.324711581005
GTA5-113237,Digital,3682.556709513372
GTA5-102648,Physical,4451.66253642166
GTA5-108067,Digital,9271.705589085906
GTA5-110009,Digital,12145.744560446132
GTA5-113859,Digital,4032.99335783479
GTA5-103037,Physical,2974.6185306466978
GTA5-102521,Physical,9882.013643385439
GTA5-105127,Digital,9034.878961482835
GTA5-105209,Digital,26332.914565346524
GTA5-109154,Digital,7113.728261951633
GTA5-114046,Digital,8089.054872734834
GTA5-111345,Digital,9945.502882478915
GTA5-108323,Digital,5280.882385128808
GTA5-114584,Digital,11478.68518928242
GTA5-110455,Digital,3492.8046157176423
GTA5-114630,Digital,8452.686659845987
GTA5-113292,Digital,13092.634704950015
GTA5-111060,Digital,10274.398336245114
GTA5-110892,Digital,7853.337814921982
GTA5-113264,Digital,9068.060138805113
GTA5-114593,Digital,1260.1624155393251
GTA5-103274,Digital,31731.21070645436
GTA5-104993,Physical,92059.54915986312
GTA5-105121,Digital,3610.2344936949694
GTA5-104731,Physical,2426.071921756027
GTA5-112301,Digital,7501.316688282675
GTA5-110287,Digital,15131.492199460747
GTA5-106834,Digital,10964.255540961349
GTA5-103907,Physical,11202.56663330851
GTA5-110937,Digital,3450.580368624896
GTA5-103147,Physical,3213.843188340264
GTA5-108717,Digital,1278.248172568213
GTA5-113295,Digital,10247.766970009345
GTA5-103130,Digital,17013.47196258724
GTA5-112848,Digital,2041.8835780230497
GTA5-107884,Digital,15156.287905659992
GTA5-110470,Digital,10926.311943684614
GTA5-110733,Digital,3190.8644284439697
GTA5-111029,Digital,4184.252487597199
GTA5-113439,Digital,4161.520660483043
GTA5-110822,Digital,4081.729595680371
GTA5-109362,Digital,3636.955500458551
GTA5-114167,Digital,3849.942001645596
GTA5-104359,Digital,5331.538977077009
GTA5-112963,Digital,11044.578374174966
GTA5-108988,Digital,2614.265585565104
GTA5-105152,Digital,4739.247564831437
GTA5-109231,Digital,12865.649620109198
GTA5-106975,Digital,8451.024296962363
GTA5-108848,Digital,2230.9320588995165
GTA5-109190,Digital,8869.43577963282
GTA5-109452,Digital,1647.1891698869754
GTA5-109310,Digital,2524.972094732066
GTA5-111671,Digital,5340.3688721898325
GTA5-110159,Digital,21013.085277378304
GTA5-112976,Digital,14538.558451117326
GTA5-113748,Digital,11218.350091460654
GTA5-112619,Digital,5984.5479993397585
GTA5-100261,Physical,5725.092553737033
GTA5-107650,Digital,1890.7030504002555
GTA5-110089,Digital,15461.335747295023
GTA5-112168,Digital,855.079882353675
GTA5-114035,Digital,1333.1902925518507
GTA5-113088,Digital,12576.678036077032
GTA5-109508,Digital,6314.437036248458
GTA5-111109,Digital,8370.548885179014
GTA5-105049,Digital,69966.69946898015
GTA5-114420,Digital,7817.336983965676
GTA5-105260,Digital,3482.1146555378727
GTA5-107939,Digital,14657.275529798597
GTA5-109987,Digital,23761.584396847615
GTA5-106166,Digital,11684.716743088302
GTA5-108808,Digital,6868.575876787425
GTA5-109588,Digital,11894.14427240804
GTA5-108427,Digital,3555.349768463016
GTA5-109885,Digital,3755.3582990034856
GTA5-111851,Digital,9523.13582661751
GTA5-101672,Physical,14954.77732990911
GTA5-106759,Digital,4489.708403533426
GTA5-114316,Digital,4377.915272971618
GTA5-111905,Digital,20555.20510735803
GTA5-103335,Digital,4958.820943768702
GTA5-112797,Digital,3220.599659956708
GTA5-109564,Digital,5719.88952097916
GTA5-112787,Digital,12278.042882193968
GTA5-105332,Digital,10224.423942143116
GTA5-111068,Digital,5980.180082748773
GTA5-104797,Digital,24355.78265637548
GTA5-112663,Digital,41052.894587199204
GTA5-112738,Digital,3423.8068342553397
GTA5-101195,Physical,6418.8932607868965
GTA5-108576,Digital,1022.8661657025019
GTA5-114066,Digital,7359.934180446526
GTA5-114629,Digital,3333.9295896572785
GTA5-100862,Physical,14864.66409584522
GTA5-100271,Physical,88359.15861181243
GTA5-105672,Digital,1171.6143005820536
GTA5-109939,Digital,1245.661540995096
GTA5-111160,Digital,3715.776518862781
GTA5-113803,Digital,7084.492282869883
GTA5-114153,Digital,34645.43969771371
GTA5-100392,Physical,9733.401895995383
GTA5-112696,Digital,7889.532809120257
GTA5-108909,Digital,9324.86853779049
GTA5-111950,Digital,8881.509888356515
GTA5-113659,Digital,7093.8550222108925
GTA5-104914,Digital,17431.556706113188
GTA5-102963,Physical,6324.808525072303
GTA5-106650,Digital,3866.6878388055748
GTA5-108784,Digital,7963.238301381039
GTA5-111523,Digital,6688.903616054946
GTA5-108545,Digital,5150.468386508666
GTA5-111100,Digital,2570.332313829151
GTA5-113017,Digital,8704.00573749995
GTA5-100148,Physical,6564.494378983165
GTA5-101439,Physical,88294.79065295642
GTA5-111207,Digital,7610.032488889163
GTA5-111853,Digital,5550.862252844983
GTA5-108638,Digital,9117.512867830716
GTA5-103868,Physical,7340.8609511466675
GTA5-111117,Digital,6724.541330791326
GTA5-109364,Digital,4544.944519653696
GTA5-114241,Digital,3853.1773380798745
GTA5-112969,Digital,39560.41009918944
GTA5-110902,Digital,14058.190892389543
GTA5-113272,Digital,9580.271290649742
GTA5-100007,Physical,7132.409609766644
GTA5-107495,Digital,1605.8677465803753
GTA5-104091,Physical,10221.700975483625
GTA5-101597,Physical,6888.1492564365035
GTA5-113421,Digital,2318.2960634551023
GTA5-111154,Digital,2621.5116165182662
GTA5-113978,Digital,7414.196212768715
GTA5-103559,Digital,7650.120523656248
GTA5-113848,Digital,4542.930828458158
GTA5-114245,Digital,2273.4336720684837
GTA5-113760,Digital,1340.9539499551818
GTA5-108364,Digital,19456.74421612613
GTA5-112252,Digital,8384.53864031232
GTA5-110960,Digital,10920.955446732238
GTA5-102993,Physical,12807.444166141588
GTA5-103664,Physical,13316.165893236624
GTA5-109348,Digital,3500.7422554852583
GTA5-104077,Digital,11256.552488346277
GTA5-113161,Digital,9228.326621194734
GTA5-112804,Digital,6055.9649953233575
GTA5-112997,Digital,5083.59496240636
GTA5-111946,Digital,14856.119720004475
GTA5-101054,Physical,2439.612931367247
GTA5-108737,Digital,39862.261052422
GTA5-112984,Digital,6705.252854417769
GTA5-112309,Digital,4260.697895871654
GTA5-103095,Physical,5079.00106423838
GTA5-112286,Digital,3539.121579706664
GTA5-114711,Digital,7994.455663454184
GTA5-104892,Digital,3366.3449383635466
GTA5-106056,Digital,2711.752227114781
GTA5-112328,Digital,2776.348865739209
GTA5-109650,Digital,16933.275204250283
GTA5-114469,Digital,10883.699474019177
GTA5-113275,Digital,1956.0327399358328
GTA5-108732,Digital,3593.3663536558006
GTA5-109882,Digital,12143.850593238727
GTA5-114346,Digital,5609.141188752383
GTA5-110065,Digital,41992.47518452305
GTA5-113511,Digital,2715.5946485790237
GTA5-112694,Digital,11160.643341092353
GTA5-110208,Digital,4071.885560810434
GTA5-109170,Digital,4420.9013293831085
GTA5-110300,Digital,13300.994909730627
GTA5-108240,Digital,4059.0540098918823
GTA5-112556,Digital,4057.2783693786514
GTA5-112371,Digital,9752.894691581589
GTA5-106038,Digital,28786.747474366915
GTA5-114368,Digital,6809.052542697855
GTA5-113475,Digital,7195.3641668726905
GTA5-109530,Digital,7532.579711831409
GTA5-110644,Digital,29858.43796198818
GTA5-109730,Digital,2210.720064059685
GTA5-110226,Digital,2698.6995165795547
GTA5-112259,Digital,15156.908417826287
GTA5-109525,Digital,8024.972925404969
GTA5-109178,Digital,2634.7217462384206
GTA5-113311,Digital,4164.598127930125
GTA5-114652,Digital,1732.6139461371936
GTA5-108843,Digital,12635.310941664484
GTA5-106141,Digital,4393.033187911999
GTA5-111964,Digital,14472.614485874932
GTA5-108788,Digital,749.4859129991526
GTA5-107659,Digital,7053.3859679415855
GTA5-109220,Digital,15403.345096010378
GTA5-112853,Digital,3034.8159645527276
GTA5-111348,Digital,2694.459998263901
GTA5-104776,Digital,11907.883304518557
GTA5-105654,Digital,13926.083224134934
GTA5-114001,Digital,4798.32671009769
GTA5-111313,Digital,2119.2082154566915
GTA5-105853,Digital,4540.797467026758
GTA5-107140,Digital,2509.071553631784
GTA5-108494,Digital,17693.293232198415
GTA5-111901,Digital,7979.611319850984
GTA5-112714,Digital,4401.66286988298
GTA5-113230,Digital,22422.586141105894
GTA5-110018,Digital,11384.200541857252
GTA5-109652,Digital,14482.249914468259
GTA5-107798,Digital,7779.38267599603
GTA5-111729,Digital,7601.16339969043
GTA5-110117,Digital,4128.834976761613
GTA5-113226,Digital,11711.164642586678
GTA5-109581,Digital,14632.689764845596
GTA5-111647,Digital,5665.405862223466
GTA5-114590,Digital,3947.451249807898
GTA5-113726,Digital,1520.1282302570971
GTA5-108385,Digital,9215.678913659784
GTA5-109785,Digital,6539.134937412604
GTA5-108753,Digital,12870.270349095466
GTA5-109026,Digital,6075.295777304393
GTA5-108238,Digital,1788.3140131066025
GTA5-109992,Digital,7540.041607583426
GTA5-107166,Digital,14255.443965772385
GTA5-106904,Digital,11570.82619276103
GTA5-110395,Digital,6123.537690932408
GTA5-111281,Digital,6414.6694526554875
GTA5-113643,Digital,13791.059797450607
GTA5-111518,Digital,1696.957045664969
GTA5-112307,Digital,12848.129820281854
GTA5-108491,Digital,50919.82178085984
GTA5-111193,Digital,9471.165295207204
GTA5-114512,Digital,9225.863990364425
GTA5-110272,Digital,12645.92039924792
GTA5-105097,Physical,19236.49127021826
GTA5-114536,Digital,5810.401449331216
GTA5-114616,Digital,3239.502156797586
GTA5-101789,Physical,6687.976661198578
GTA5-104460,Digital,6773.435354921556
GTA5-110890,Digital,1147.643115196795
GTA5-113542,Digital,15407.2949313988
GTA5-111792,Digital,3973.590967521523
GTA5-113394,Digital,903.0419159329713
GTA5-109913,Digital,2638.8171738317706
GTA5-114687,Digital,6314.069437710799
GTA5-109749,Digital,11273.07359662203
GTA5-101160,Physical,2843.9858724525643
GTA5-111359,Digital,5276.692127446744
GTA5-111371,Digital,4556.173374407046
GTA5-111858,Digital,7136.390460628107
GTA5-109521,Digital,15647.679484013228
GTA5-111211,Digital,8381.086112006189
GTA5-110687,Digital,9279.492807473694
GTA5-109110,Digital,12134.735091385697
GTA5-104406,Digital,22635.35296475034
GTA5-111627,Digital,1793.622772263322
GTA5-110830,Digital,42860.474349548545
GTA5-112674,Digital,16728.114955551777
GTA5-112208,Digital,12722.352759586041
GTA5-109328,Digital,18105.556928292066
GTA5-114119,Digital,1329.875719120177
GTA5-110182,Digital,1295.9441121461957
GTA5-113452,Digital,7343.277174412453
GTA5-110850,Digital,3110.4255482468275
GTA5-109807,Digital,12881.289049016208
GTA5-107389,Digital,20014.75058807737
GTA5-109781,Digital,3061.123913922567
GTA5-100427,Physical,6004.552390864936
GTA5-100536,Physical,6698.538817519535
GTA5-110965,Digital,2570.1319575960742
GTA5-111782,Digital,5570.724668545151
GTA5-113033,Digital,45834.439563345266
GTA5-114612,Digital,2468.71281375939
GTA5-113815,Digital,46722.35735969432
GTA5-108774,Digital,4373.868951233657
GTA5-109097,Digital,6843.441278603677
GTA5-112908,Digital,6590.9326920391595
GTA5-101438,Physical,74281.8137727412
GTA5-100690,Physical,13310.260237773635
GTA5-107821,Digital,15122.361306162755
GTA5-114610,Digital,8643.686620753886
GTA5-114515,Digital,7592.494658215213
GTA5-114015,Digital,7082.091384078416
GTA5-112329,Digital,2787.074072286174
GTA5-109693,Digital,10781.594283317467
GTA5-107740,Digital,20252.189797664752
GTA5-113975,Digital,2600.9731004236737
GTA5-100016,Physical,20863.895850086843
GTA5-110328,Digital,2185.696628508442
GTA5-108677,Digital,3584.6641224776304
GTA5-109817,Digital,4107.859519511518
GTA5-108759,Digital,5282.521164882064
GTA5-110695,Digital,9653.719223765931
GTA5-108713,Digital,16256.301236185946
GTA5-114730,Digital,2553.193354681819
GTA5-114293,Digital,3376.87979948698
GTA5-109848,Digital,23885.457416208323
GTA5-112324,Digital,10111.249187250278
GTA5-108750,Digital,17706.652634989143
GTA5-109488,Digital,15986.618041087735
GTA5-111375,Digital,4349.532281805628
GTA5-109288,Digital,5920.859122222269
GTA5-112054,Digital,6752.344563125654
GTA5-109102,Digital,5553.170135599421
GTA5-109849,Digital,6042.506050247948
GTA5-101016,Physical,10220.168884343359
GTA5-101409,Physical,16946.008122427294
GTA5-111598,Digital,29659.369475462983
GTA5-111995,Digital,64887.69035262185
GTA5-111642,Digital,4436.5331436629585
GTA5-103686,Physical,32607.812453112652
GTA5-100408,Physical,18506.15253249407
GTA5-113086,Digital,9117.96528680668
GTA5-112114,Digital,9472.131622888208
GTA5-111919,Digital,25316.805505928016
GTA5-113837,Digital,16673.064474343024
GTA5-109168,Digital,8417.652324535868
GTA5-109149,Digital,9470.951657203957
GTA5-101125,Physical,2125.177562222324
GTA5-111766,Digital,25600.74464547503
GTA5-104843,Digital,26753.045957767208
GTA5-110882,Digital,3921.365906924166
GTA5-114444,Digital,2411.133555674509
GTA5-108884,Digital,12668.060525246421
GTA5-109655,Digital,6898.894925540712
GTA5-112741,Digital,2512.175355076027
GTA5-108900,Digital,5852.430027759701
GTA5-110160,Digital,3318.2796238241326
GTA5-110525,Digital,4353.810290361767
GTA5-104279,Physical,790.9534197387898
GTA5-108127,Digital,2053.7410140428137
GTA5-106422,Digital,5588.784409874064
GTA5-113507,Digital,4786.172342353345
GTA5-105627,Digital,5098.775408518546
GTA5-113832,Digital,2358.8340915270064
GTA5-109462,Digital,4844.21216964488
GTA5-104743,Digital,35772.39929973065
GTA5-113625,Digital,3191.8110997475733
GTA5-111064,Digital,13042.643022436398
GTA5-109272,Digital,7110.060886861269
GTA5-108792,Digital,5859.427149117864
GTA5-107412,Digital,18174.778066643914
GTA5-111369,Digital,6014.20254250298
GTA5-113521,Digital,44048.62154399713
GTA5-108637,Digital,1863.1729318130338
GTA5-102962,Digital,2316.2370037688042
GTA5-109035,Digital,24209.04773152445
GTA5-109390,Digital,4598.501488147593
GTA5-112512,Digital,11721.271948476353
GTA5-113350,Digital,2441.9741965957546
GTA5-111412,Digital,15211.154934313836
GTA5-111250,Digital,679.019022332189
GTA5-113151,Digital,8739.181893780822
GTA5-109391,Digital,4110.315905218462
GTA5-113429,Digital,22437.07489588287
GTA5-111836,Digital,6324.539642139964
GTA5-109928,Digital,2414.9111835377266
GTA5-113943,Digital,6913.1360508256075
GTA5-114246,Digital,7821.108784137965
GTA5-102461,Physical,7985.085714792322
GTA5-109962,Digital,3457.604033801546
GTA5-109014,Digital,16226.197435997768
GTA5-104024,Physical,3229.9301653653392
GTA5-112423,Digital,3647.047670014845
GTA5-104050,Physical,13330.124360476628
GTA5-112448,Digital,1516.7265277961392
GTA5-111857,Digital,5187.033932328008
GTA5-110099,Digital,5086.869419130294
GTA5-105444,Digital,1337.3297395557302
GTA5-106268,Digital,9424.078010505425
GTA5-108766,Digital,2852.5164750892586
GTA5-107875,Digital,3792.9790749231342
GTA5-109246,Digital,2211.0508936226406
GTA5-110261,Digital,44902.986885958366
GTA5-109906,Digital,9570.567918989549
GTA5-112690,Digital,6700.091570234581
GTA5-110449,Digital,3243.652612197969
GTA5-101003,Physical,37495.41931768779
GTA5-108892,Digital,6229.453388628317
GTA5-111873,Digital,7782.734386708558
GTA5-101423,Physical,20225.70749480016
GTA5-114020,Digital,2628.8083659291165
GTA5-108461,Digital,44554.613718420296
GTA5-111123,Digital,7312.503285609624
GTA5-109544,Digital,16303.511240140411
GTA5-104201,Physical,1128.4882892293654
GTA5-113113,Digital,6637.945246965024
GTA5-110565,Digital,36324.82341598255
GTA5-103333,Physical,6302.539566395359
GTA5-102355,Physical,6118.886978225791
GTA5-111565,Digital,18665.178506895947
GTA5-108799,Digital,4431.789732794888
GTA5-113824,Digital,1873.1763148740179
GTA5-109359,Digital,10127.488751798388
GTA5-114102,Digital,22354.824076370234
GTA5-112298,Digital,5764.167716437579
GTA5-113222,Digital,6551.095819042899
GTA5-114328,Digital,10220.607128125237
GTA5-109196,Digital,19459.89377335234
GTA5-110943,Digital,35554.33700646895
GTA5-110414,Digital,13358.896999541063
GTA5-103874,Physical,7297.415984828503
GTA5-104832,Digital,6333.756500927076
GTA5-106596,Digital,2269.868702162654
GTA5-112206,Digital,12780.517223840903
GTA5-109738,Digital,15145.492155906795
GTA5-110375,Digital,5808.7010143920825
GTA5-105685,Digital,43145.36776722539
GTA5-100065,Physical,14111.005529452457
GTA5-100132,Physical,9917.020032720104
GTA5-109529,Digital,1715.1038815246893
GTA5-114011,Digital,65880.85539806439
GTA5-113814,Digital,4122.194935622735
GTA5-105690,Digital,47625.98284101845
GTA5-108730,Digital,18813.60622155349
GTA5-112862,Digital,13759.69720397666
GTA5-112841,Digital,4065.5661463187807
GTA5-109819,Digital,6198.455587919167
GTA5-110878,Digital,11207.187292180653
GTA5-105886,Digital,5121.1142406566805
GTA5-101926,Physical,22344.738139620385
GTA5-105809,Digital,30795.731894570617
GTA5-104741,Digital,6306.5665059947305
GTA5-108331,Digital,9113.691216444831
GTA5-101105,Physical,5646.75295024484
GTA5-109720,Digital,16368.183096049532
GTA5-112349,Digital,2597.924491713904
GTA5-106793,Digital,4592.023145527811
GTA5-114606,Digital,16075.254206541375
GTA5-114575,Digital,2166.560822970564
GTA5-111791,Digital,1621.725811255385
GTA5-113335,Digital,52787.668489941396
GTA5-109672,Digital,1973.22619860586
GTA5-109979,Digital,12058.744713401113
GTA5-113790,Digital,4909.262465965889
GTA5-109478,Digital,22844.54802053472
GTA5-105531,Digital,15441.033286189495
GTA5-109163,Digital,3250.8467407100175
GTA5-113029,Digital,9781.456771206704
GTA5-112571,Digital,2815.224720545316
GTA5-113148,Digital,16710.155603888248
GTA5-110292,Digital,5935.533660393781
GTA5-104720,Physical,14983.51692268134
GTA5-108749,Digital,22528.127085381
GTA5-110569,Digital,28378.00832314567
GTA5-110730,Digital,4109.356943763922
GTA5-112459,Digital,4113.123924868824
GTA5-111809,Digital,15471.533317029478
GTA5-105765,Digital,9020.797873091877
GTA5-102343,Physical,1146.997535476386
GTA5-106953,Digital,19991.8102709987
GTA5-108629,Digital,953.7292259944037
GTA5-114057,Digital,8985.791710102007
GTA5-102418,Physical,10419.422697161213
GTA5-109443,Digital,6911.612696692786
GTA5-114065,Digital,2550.252826498961
GTA5-114622,Digital,1010.5597543033923
GTA5-113336,Digital,9810.514404016538
GTA5-102920,Digital,7866.73281888133
GTA5-108994,Digital,31264.56806191262
GTA5-114367,Digital,6060.107830632862
GTA5-113379,Digital,4213.739542900428
GTA5-109686,Digital,3840.6015815369265
GTA5-108134,Digital,11504.326487738388
GTA5-108995,Digital,6872.233362098935
GTA5-108657,Digital,11186.96628573333
GTA5-105516,Digital,1379.0910824528946
GTA5-107179,Digital,13803.285803750416
GTA5-112279,Digital,3822.7974268380394
GTA5-112823,Digital,1330.3688687104614
GTA5-114744,Digital,2047.628805073367
GTA5-112982,Digital,4440.285229672585
GTA5-109397,Digital,1833.1803280727345
GTA5-114379,Digital,2911.378771508498
GTA5-108908,Digital,7076.241218562277
GTA5-110041,Digital,7112.66402989588
GTA5-108723,Digital,18778.617655382925
GTA5-109412,Digital,2358.3393200394084
GTA5-111381,Digital,1961.789281012208
GTA5-103471,Physical,19372.186112260923
GTA5-108290,Digital,4577.731793137861
GTA5-108326,Digital,4736.844213557581
GTA5-114614,Digital,6785.317308408213
GTA5-113712,Digital,1817.2305857469978
GTA5-109201,Digital,10707.224497633899
GTA5-110258,Digital,22793.69668365261
GTA5-112373,Digital,6462.124145137297
GTA5-113529,Digital,1148.53126356522
GTA5-112535,Digital,8280.169333914639
GTA5-113947,Digital,10357.865206148635
GTA5-114568,Digital,2074.2512303970307
GTA5-110392,Digital,1963.2927177157087
GTA5-109930,Digital,38638.59728146527
GTA5-111367,Digital,2429.2505914690437
GTA5-112060,Digital,866.0356274169626
GTA5-110939,Digital,4036.6965622025514
GTA5-113356,Digital,22028.248903943826
GTA5-112113,Digital,7834.482705386378
GTA5-110063,Digital,8359.658420362352
GTA5-111365,Digital,8937.696341070372
GTA5-110941,Digital,5410.459602188011
GTA5-114600,Digital,9136.258994196827
GTA5-107243,Digital,5304.61368553881
GTA5-110088,Digital,18491.246941081077
GTA5-101808,Physical,55631.3773050766
GTA5-109424,Digital,21425.77605872557
GTA5-100131,Physical,25235.902607404514
GTA5-101918,Physical,6943.957172979675
GTA5-110385,Digital,10900.577197229708
GTA5-113903,Digital,9839.501449415402
GTA5-110038,Digital,8714.587152249813
GTA5-108556,Digital,5274.982689030388
GTA5-108337,Digital,19796.540706899068
GTA5-108209,Digital,9624.909323040009
GTA5-109012,Digital,13804.023294756607
GTA5-114638,Digital,11143.59178086654
GTA5-111311,Digital,3609.906731661068
GTA5-112182,Digital,2464.679044826307
GTA5-111335,Digital,27303.71612829932
GTA5-111474,Digital,5459.455437851346
GTA5-113649,Digital,9358.055131953226
GTA5-112496,Digital,5058.449545549276
GTA5-110964,Digital,8063.618459045949
GTA5-112181,Digital,6340.35052632004
GTA5-113220,Digital,5260.146768180639
GTA5-113510,Digital,6143.778570601808
GTA5-111551,Digital,6644.244312031611
GTA5-112066,Digital,3591.9367619721065
GTA5-111118,Digital,3660.099400141811
GTA5-113651,Digital,3386.6736079541415
GTA5-106533,Digital,15756.434471628863
GTA5-114681,Digital,1345.5988642782893
GTA5-113600,Digital,16734.35599249409
GTA5-108492,Digital,7101.814341360234
GTA5-113849,Digital,4608.2153516459575
GTA5-113454,Digital,5944.764725230516
GTA5-108886,Digital,3815.146977400451
GTA5-110682,Digital,11674.58251096228
GTA5-104404,Digital,21309.685394356828
GTA5-108728,Digital,9748.944894408396
GTA5-114174,Digital,7557.929038904982
GTA5-104946,Digital,17523.89239186632
GTA5-112145,Digital,4368.336694754375
GTA5-111052,Digital,21930.08523580429
GTA5-109880,Digital,16445.78842397853
GTA5-110037,Digital,8558.553176727857
GTA5-108901,Digital,1754.116713798003
GTA5-113034,Digital,3680.0419267826155
GTA5-112204,Digital,26160.422077973508
GTA5-108887,Digital,10733.590920404298
GTA5-110948,Digital,4227.562235952559
GTA5-111595,Digital,3725.4880970017175
GTA5-111156,Digital,9300.015371606554
GTA5-110453,Digital,9275.57461791011
GTA5-108914,Digital,12976.435233059778
GTA5-111128,Digital,3333.93557566181
GTA5-107309,Digital,51704.30597718408
GTA5-104035,Digital,10710.9838134997
GTA5-112042,Digital,8296.140002911223
GTA5-106789,Digital,5530.8999630343515
GTA5-111662,Digital,1402.9959977338128
GTA5-103050,Digital,1521.8390387166423
GTA5-108528,Digital,16504.184569407993
GTA5-108516,Digital,5779.408241488369
GTA5-114413,Digital,11172.933428582039
GTA5-107102,Digital,16635.837621534716
GTA5-108962,Digital,13721.278965066915
GTA5-111322,Digital,2403.7025159445075
GTA5-108460,Digital,3087.4102364902474
GTA5-114688,Digital,2529.8461697834277
GTA5-110501,Digital,10579.013804153401
GTA5-112485,Digital,1394.6651676578272
GTA5-105515,Digital,70521.93247720854
GTA5-109456,Digital,10177.865637937291
GTA5-110043,Digital,3717.119283119947
GTA5-108942,Digital,10499.034438165614
GTA5-110419,Digital,2128.619827379036
GTA5-110994,Digital,10412.816437644024
GTA5-109754,Digital,12154.576974782478
GTA5-108812,Digital,2320.335691533913
GTA5-110637,Digital,16027.227704865472
GTA5-102215,Physical,1152.299363767141
GTA5-109536,Digital,9576.616862095034
GTA5-112163,Digital,6272.909844739621
GTA5-110818,Digital,856.5552081786818
GTA5-109040,Digital,10366.037940062764
GTA5-110780,Digital,6922.531522458803
GTA5-112435,Digital,4804.827278189401
GTA5-100507,Physical,13213.561639751275
GTA5-114348,Digital,4072.880433574456
GTA5-101417,Physical,13508.737150392688
GTA5-108481,Digital,6496.560464046024
GTA5-111328,Digital,10635.087080992944
GTA5-114589,Digital,3582.556087058501
GTA5-110648,Digital,7128.7203966930965
GTA5-106296,Digital,10047.408274107538
GTA5-114672,Digital,3726.7349276697555
GTA5-102284,Physical,5041.77770045417
GTA5-112737,Digital,2442.946520310449
GTA5-110520,Digital,7807.3366745627245
GTA5-101988,Physical,4565.349982514018
GTA5-110259,Digital,1540.5640653299643
GTA5-113383,Digital,9368.251786997072
GTA5-108180,Digital,10159.377147505253
GTA5-107557,Digital,24114.852551788914
GTA5-110852,Digital,1883.057401362847
GTA5-111276,Digital,14003.974892180711
GTA5-112091,Digital,3896.899103481841
GTA5-104618,Digital,2225.8215287276807
GTA5-101029,Physical,4589.303372144967
GTA5-111747,Digital,12753.417666742924
GTA5-103891,Physical,7208.291750030958
GTA5-105603,Digital,13296.540556299344
GTA5-113282,Digital,6968.192670963698
GTA5-113464,Digital,8244.78604116894
GTA5-114549,Digital,10934.92339304626
GTA5-112640,Digital,3956.6674648150456
GTA5-110602,Digital,12637.027031831483
GTA5-108622,Digital,4286.125097010467
GTA5-113046,Digital,17709.714606504287
GTA5-113530,Digital,1412.346459730083
GTA5-105173,Digital,9459.38573882645
GTA5-105533,Digital,11761.265169461414
GTA5-110904,Digital,3056.2109671030485
GTA5-111913,Digital,4769.988315055659
GTA5-113448,Digital,12541.361300779246
GTA5-114318,Digital,2461.3240380235843
GTA5-110575,Digital,10984.49071653126
GTA5-110650,Digital,4362.392870983713
GTA5-109377,Digital,1004.8067174703694
GTA5-114148,Digital,22148.041827180612
GTA5-106808,Digital,14589.10393701476
GTA5-100368,Physical,5100.490522018434
GTA5-113067,Digital,1590.1120907508432
GTA5-108465,Digital,25987.371500511163
GTA5-111020,Digital,1628.3185689853335
GTA5-111442,Digital,4690.560456459597
GTA5-114352,Digital,27399.150852205046
GTA5-110265,Digital,7920.874696253166
GTA5-112470,Digital,11335.965591112657
GTA5-110661,Digital,6903.659317504151
GTA5-106828,Digital,12148.310353318517
GTA5-111794,Digital,1366.3195260144796
GTA5-111812,Digital,5283.949317051937
GTA5-112776,Digital,4225.693424286632
GTA5-111099,Digital,1331.2382038042817
GTA5-108707,Digital,4677.65523047181
GTA5-113776,Digital,8356.459366358107
GTA5-109933,Digital,6931.929432453233
GTA5-105107,Digital,51027.32237534574
GTA5-113856,Digital,2203.954185639287
GTA5-108933,Digital,21795.030695994363
GTA5-112751,Digital,27405.328159441204
GTA5-107383,Digital,29859.26088333253
GTA5-108874,Digital,27619.107741994514
GTA5-112573,Digital,1051.496850961152
GTA5-113719,Digital,8094.353659292732
GTA5-111667,Digital,3297.8511758997547
GTA5-114699,Digital,10800.452074050216
GTA5-112199,Digital,3813.428986908714
GTA5-110601,Digital,2072.8193912789407
GTA5-112773,Digital,9972.611181216891
GTA5-112184,Digital,11864.349862668538
GTA5-113331,Digital,11582.225221511024
GTA5-108453,Digital,13834.849112066864
GTA5-110256,Digital,3628.536215221693
GTA5-107196,Digital,2279.7468122668038
GTA5-112785,Digital,9815.390631841818
GTA5-111028,Digital,2787.2364934186735
GTA5-113893,Digital,8181.606301073629
GTA5-111408,Digital,4409.616645620426
GTA5-100287,Physical,104876.86725244776
GTA5-113296,Digital,3848.045416174027
GTA5-108776,Digital,3149.516666267122
GTA5-109565,Digital,2255.7673155558164
GTA5-101163,Physical,43231.40429456015
GTA5-106341,Digital,2618.4314918756772
GTA5-113299,Digital,8039.883750499839
GTA5-113270,Digital,2997.6702513852215
GTA5-112511,Digital,2016.665307679301
GTA5-100795,Physical,2656.5419790606247
GTA5-109514,Digital,47759.5606167422
GTA5-114542,Digital,2125.010285190544
GTA5-110055,Digital,5823.816242103693
GTA5-114529,Digital,3817.223166003044
GTA5-111787,Digital,36517.02339948195
GTA5-111942,Digital,2334.705374696496
GTA5-112769,Digital,1056.6149751138669
GTA5-109111,Digital,11924.437747962456
GTA5-109687,Digital,26676.098698822345
GTA5-114779,Digital,1152.8918818743484
GTA5-111582,Digital,2032.1402363436166
GTA5-102301,Physical,5701.427253442672
GTA5-114322,Digital,25145.898432306567
GTA5-109458,Digital,3619.5566673821068
GTA5-111762,Digital,3599.3147567854776
GTA5-101491,Physical,6499.836957661246
GTA5-111568,Digital,2770.503200465824
GTA5-104148,Physical,17742.537094996904
GTA5-108519,Digital,25396.34766618031
GTA5-108777,Digital,1245.5321869009852
GTA5-113420,Digital,7282.611650829327
GTA5-113031,Digital,1666.4049322329295
GTA5-112488,Digital,33453.9325151486
GTA5-113880,Digital,2746.3197949223777
GTA5-113607,Digital,3809.749353577153
GTA5-112755,Digital,6928.816472299952
GTA5-109619,Digital,21600.55294032581
GTA5-100025,Physical,9526.529377045228
GTA5-108797,Digital,7646.629163734076
GTA5-114169,Digital,14649.873021127722
GTA5-109015,Digital,6524.865305870328
GTA5-114386,Digital,8129.051161375126
GTA5-102588,Physical,3043.202613444517
GTA5-109034,Digital,23075.136944528138
GTA5-108521,Digital,9477.297031170518
GTA5-113973,Digital,13891.934712496197
GTA5-114334,Digital,7926.758911969743
GTA5-113809,Digital,874.5868860164103
GTA5-114387,Digital,3506.141786224054
GTA5-108716,Digital,13113.013856920177
GTA5-102764,Physical,24860.642215748456
GTA5-113914,Digital,11823.369615537908
GTA5-111102,Digital,8086.645737217974
GTA5-110355,Digital,1409.4783198228115
GTA5-109580,Digital,6901.799412290017
GTA5-110749,Digital,6222.587463782462
GTA5-114508,Digital,25446.69994207511
GTA5-107338,Digital,7994.8600697505735
GTA5-108177,Digital,19332.947338609123
GTA5-109331,Digital,14591.199746331524
GTA5-110278,Digital,3128.232354237095
GTA5-114556,Digital,4546.515123602752
GTA5-112364,Digital,5277.928154580177
GTA5-112591,Digital,11821.52483666666
GTA5-101739,Physical,28333.541278657623
GTA5-111180,Digital,9494.605411983537
GTA5-110401,Digital,15871.165259716116
GTA5-111138,Digital,1087.1331980425352
GTA5-111506,Digital,13047.504442295463
GTA5-101780,Physical,19438.880385074117
GTA5-111424,Digital,15460.867519069616
GTA5-105823,Digital,3067.87116195846
GTA5-110438,Digital,4888.683476406548
GTA5-113162,Digital,13215.157472631372
GTA5-111364,Digital,12100.49640146325
GTA5-114580,Digital,7397.7735205292365
GTA5-109688,Digital,4143.634543056972
GTA5-107096,Digital,1457.2805202416405
GTA5-112929,Digital,16093.499633511672
GTA5-102162,Physical,5436.840237285225
GTA5-113287,Digital,1450.938944575246
GTA5-113608,Digital,5725.365514817213
GTA5-111488,Digital,6269.808965824646
GTA5-109500,Digital,2257.1963300500706
GTA5-100731,Physical,10836.521567731272
GTA5-114661,Digital,34189.36251636771
GTA5-109313,Digital,1611.8517753325668
GTA5-108709,Digital,7037.757971401407
GTA5-111058,Digital,10386.452635371503
GTA5-113024,Digital,7666.886484685054
GTA5-112613,Digital,2648.795310781895
GTA5-112599,Digital,1660.7087061789432
GTA5-108451,Digital,61883.89973587838
GTA5-112885,Digital,13196.941488696828
GTA5-114657,Digital,3579.107087890936
GTA5-113853,Digital,3866.6132222874667
GTA5-110804,Digital,6585.818248539612
GTA5-113351,Digital,3210.4502418150473
GTA5-111929,Digital,4218.226557062744
GTA5-109410,Digital,7015.977815431635
GTA5-113838,Digital,11091.498311244657
GTA5-107923,Digital,2563.1360258825152
GTA5-111954,Digital,43910.542694852316
GTA5-110841,Digital,6464.099261917199
GTA5-114291,Digital,9959.27129094658
GTA5-106823,Digital,834.0271321243625
GTA5-113845,Digital,6344.997303964099
GTA5-110245,Digital,23126.22049298319
GTA5-111505,Digital,3758.845249235477
GTA5-111377,Digital,2980.8059026433166
GTA5-109228,Digital,36431.458830029165
GTA5-104534,Physical,4514.222069587812
GTA5-112466,Digital,878.3320125934839
GTA5-109197,Digital,10559.139872677559
GTA5-109476,Digital,25172.59874320819
GTA5-110950,Digital,2959.854670622968
GTA5-109858,Digital,3382.7676872444754
GTA5-105410,Digital,4318.2141965452565
GTA5-108405,Digital,6942.166043218313
GTA5-114660,Digital,13673.089267106596
GTA5-111101,Digital,3595.876915322565
GTA5-106221,Digital,17314.169119875645
GTA5-109643,Digital,14792.819075555588
GTA5-112803,Digital,2390.639291511546
GTA5-110352,Digital,5682.610322866953
GTA5-112367,Digital,3197.1044760547734
GTA5-100403,Physical,31808.304272554662
GTA5-109887,Digital,994.5750025121159
GTA5-114753,Digital,2190.795680223956
GTA5-100074,Physical,10673.993630449615
GTA5-113906,Digital,3379.753101330843
GTA5-102665,Digital,19134.384407391597
GTA5-100502,Physical,14975.859663429484
GTA5-110431,Digital,14054.885269176631
GTA5-111934,Digital,6183.375861779627
GTA5-113037,Digital,17306.39057046217
GTA5-111764,Digital,6760.1328125108885
GTA5-109929,Digital,4660.093979184679
GTA5-113843,Digital,9824.234282558284
GTA5-112746,Digital,8042.120203594064
GTA5-111819,Digital,46925.17753672613
GTA5-106740,Digital,3351.223281178555
GTA5-100218,Physical,22448.374997431718
GTA5-111237,Digital,25915.523477838633
GTA5-110086,Digital,28158.489073620425
GTA5-114071,Digital,5608.960384096797
GTA5-110011,Digital,3389.874852891072
GTA5-113616,Digital,12839.147514479766
GTA5-110178,Digital,5282.955300829386
GTA5-111562,Digital,3338.6857254901443
GTA5-114158,Digital,13804.061699292017
GTA5-110192,Digital,8961.761838462411
GTA5-111618,Digital,1369.6862880106773
GTA5-109327,Digital,26489.563734552212
GTA5-109411,Digital,3232.645490285261
GTA5-107406,Digital,2158.7824852417234
GTA5-109185,Digital,3176.6425654844506
GTA5-111409,Digital,4289.105872168707
GTA5-113909,Digital,9719.450487679378
GTA5-105302,Digital,13021.431279095692
GTA5-107799,Digital,9396.894351551975
GTA5-110007,Digital,2080.6356957369067
GTA5-101783,Physical,7341.9709707968705
GTA5-102792,Physical,12076.3631379799
GTA5-109923,Digital,4331.090066426886
GTA5-110583,Digital,4331.676071610699
GTA5-113912,Digital,6236.192366223201
GTA5-108733,Digital,4182.6753031961025
GTA5-112523,Digital,4660.0860424610155
GTA5-113877,Digital,9490.514421996024
GTA5-113841,Digital,8199.825445670218
GTA5-108972,Digital,4020.4596077044125
GTA5-113110,Digital,1472.7302169033774
GTA5-104666,Digital,18289.188682975197
GTA5-108468,Digital,23350.179731755252
GTA5-114273,Digital,5757.503840723444
GTA5-109976,Digital,7158.503027494531
GTA5-110563,Digital,1568.9762525971696
GTA5-111390,Digital,27327.966305625436
GTA5-109081,Digital,3551.4505833970893
GTA5-101535,Physical,6838.197913846578
GTA5-106253,Digital,4927.408321485615
GTA5-109101,Digital,8336.20227835371
GTA5-100559,Physical,5374.795137163018
GTA5-114492,Digital,4860.590223194783
GTA5-102831,Physical,14180.034200994565
GTA5-112585,Digital,30873.520941969764
GTA5-111965,Digital,4479.644274841569
GTA5-108931,Digital,1633.978073490689
GTA5-101492,Physical,6935.541308175212
GTA5-110768,Digital,23740.298518947893
GTA5-113246,Digital,16787.554011090953
GTA5-110862,Digital,2143.631240311619
GTA5-112764,Digital,13079.043348008612
GTA5-106991,Digital,3633.0461431018443
GTA5-111209,Digital,6669.951221072742
GTA5-113118,Digital,3273.927459112485
GTA5-111783,Digital,10230.663636859537
GTA5-113141,Digital,5930.302034117889
GTA5-114737,Digital,5719.5200457558785
GTA5-109633,Digital,3717.3191964666676
GTA5-109576,Digital,13048.95949899212
GTA5-103478,Physical,9492.888902952573
GTA5-109998,Digital,7159.972740254202
GTA5-113562,Digital,8087.335074000643
GTA5-112863,Digital,6982.707113596567
GTA5-107083,Digital,18174.15205376714
GTA5-111541,Digital,4849.817889532586
GTA5-114036,Digital,11170.959513824746
GTA5-108525,Digital,31525.997376410203
GTA5-113543,Digital,27413.632465748262
GTA5-111581,Digital,5772.16963567287
GTA5-109128,Digital,1339.7348585103048
GTA5-101317,Physical,14547.011925867258
GTA5-109606,Digital,18134.990358720694
GTA5-111419,Digital,3226.8257991348073
GTA5-108911,Digital,3794.756926935878
GTA5-110488,Digital,9355.273628193157
GTA5-104541,Physical,8924.756045507776
GTA5-111611,Digital,6433.202228218917
GTA5-108954,Digital,9134.564973748373
GTA5-112811,Digital,2738.5123037555404
GTA5-112384,Digital,3983.8679783744174
GTA5-113535,Digital,10613.824836953056
GTA5-101201,Physical,5260.206909198807
GTA5-114412,Digital,23110.766842061945
GTA5-100638,Physical,7374.217079992128
GTA5-112994,Digital,3027.434644069127
GTA5-108458,Digital,4368.387107188009
GTA5-109296,Digital,5196.862818372558
GTA5-109079,Digital,3015.3818408042052
GTA5-112296,Digital,8089.612122423937
GTA5-102194,Physical,12363.210029237749
GTA5-111297,Digital,3851.9640069519432
GTA5-113281,Digital,3828.2582940775087
GTA5-109436,Digital,27158.800245455124
GTA5-114514,Digital,11865.74677990915
GTA5-111784,Digital,4584.16481276442
GTA5-113248,Digital,20092.42560111542
GTA5-114183,Digital,9378.285027503662
GTA5-105855,Digital,7408.850496761902
GTA5-113159,Digital,41772.46957989914
GTA5-113020,Digital,6197.992622502512
GTA5-111615,Digital,4049.419554787242
GTA5-106133,Digital,17155.04863828439
GTA5-114506,Digital,1307.6063872354614
GTA5-106807,Digital,8092.8827912665265
GTA5-111660,Digital,5584.583715690434
GTA5-112393,Digital,12076.058470804917
GTA5-112761,Digital,42535.88913709607
GTA5-109917,Digital,11242.863207632383
GTA5-110594,Digital,7318.3877328550525
GTA5-109605,Digital,11230.614162794034
GTA5-106654,Digital,2192.737570125602
GTA5-110626,Digital,14635.982023922366
GTA5-113780,Digital,5801.697784843411
GTA5-102471,Physical,6779.4061712929615
GTA5-101602,Physical,21180.10101370741
GTA5-113762,Digital,9491.670992415378
GTA5-111659,Digital,2252.158231880174
GTA5-113177,Digital,9414.476428210719
GTA5-104084,Physical,8879.329313014501
GTA5-113931,Digital,1215.6433805466809
GTA5-114653,Digital,12318.760089130912
GTA5-112273,Digital,4499.1750241828695
GTA5-111295,Digital,11514.097122257754
GTA5-107081,Digital,3359.6211572281522
GTA5-111333,Digital,1483.365719875438
GTA5-100727,Physical,5350.529424881835
GTA5-113187,Digital,5622.252356552506
GTA5-114662,Digital,3416.9352537556965
GTA5-108158,Digital,2676.024120829661
GTA5-101692,Physical,18093.00546908072
GTA5-100341,Physical,7347.352925415047
GTA5-108194,Digital,2489.955920561413
GTA5-113307,Digital,10939.856603403801
GTA5-112217,Digital,3225.2336008070183
GTA5-109577,Digital,1413.0194858802122
GTA5-108651,Digital,35373.85670079982
GTA5-106236,Digital,20981.91598165589
GTA5-110091,Digital,12672.23126570627
GTA5-110427,Digital,10405.470559391375
GTA5-108624,Digital,3743.268946905084
GTA5-110980,Digital,2754.676556159779
GTA5-107385,Digital,9726.769416770347
GTA5-112971,Digital,32200.564412149968
GTA5-111006,Digital,2150.3395328027545
GTA5-107750,Digital,908.8948440962702
GTA5-109663,Digital,9836.5198962987
GTA5-108384,Digital,2895.075250142062
GTA5-111462,Digital,926.5243259366017
GTA5-102511,Physical,18499.936961116342
GTA5-113080,Digital,13316.030962693207
GTA5-112350,Digital,3769.366922962946
GTA5-107721,Digital,13660.995106507366
GTA5-112090,Digital,2783.7743307545566
GTA5-113063,Digital,9115.487526965762
GTA5-113243,Digital,6469.5633375129
GTA5-100737,Physical,11337.601389488747
GTA5-106869,Digital,9183.674195268346
GTA5-110729,Digital,6820.259519690038
GTA5-112267,Digital,3124.9442667305325
GTA5-113085,Digital,18102.245692786044
GTA5-111561,Digital,2816.9887087731167
GTA5-110916,Digital,4743.70826535701
GTA5-111668,Digital,9140.900996246708
GTA5-108560,Digital,1650.1628424582932
GTA5-105980,Digital,15146.17997634934
GTA5-114452,Digital,1072.3694320198624
GTA5-111889,Digital,3456.20960228199
GTA5-108817,Digital,3423.4157590166287
GTA5-109485,Digital,4110.851572678352
GTA5-114165,Digital,2242.6844169753167
GTA5-111262,Digital,3012.4053897309063
GTA5-101226,Physical,20687.41300929709
GTA5-112332,Digital,19400.417726701904
GTA5-105522,Digital,5864.72738310511
GTA5-112577,Digital,8917.927240125657
GTA5-113933,Digital,23563.776899327524
GTA5-100905,Physical,4383.754562044822
GTA5-113297,Digital,20490.74731508131
GTA5-108667,Digital,4533.755248060303
GTA5-108811,Digital,6028.782216207682
GTA5-113293,Digital,2531.2113992928153
GTA5-108855,Digital,10278.69607755712
GTA5-114404,Digital,2810.90905732377
GTA5-106160,Digital,27674.528183619568
GTA5-111132,Digital,10878.707834950019
GTA5-110013,Digital,2522.496502926248
GTA5-100681,Physical,1731.2625193908666
GTA5-109266,Digital,5120.065254440564
GTA5-103970,Physical,11233.072202483518
GTA5-106163,Digital,16865.439815989506
GTA5-104373,Physical,8310.55610231607
GTA5-102935,Physical,15231.126717887144
GTA5-109395,Digital,8821.22827038214
GTA5-110566,Digital,63528.2305587082
GTA5-114752,Digital,6803.099228520855
GTA5-104255,Physical,13651.996014967935
GTA5-112515,Digital,3110.215168477292
GTA5-109091,Digital,7288.765917890035
GTA5-112462,Digital,2790.5758005202397
GTA5-114129,Digital,10734.548074344139
GTA5-101111,Physical,10687.129006963289
GTA5-109096,Digital,13961.723897270162
GTA5-108807,Digital,4198.239775269356
GTA5-111500,Digital,2691.6244855456334
GTA5-107980,Digital,10291.852292246023
GTA5-110496,Digital,3670.6974777361393
GTA5-108442,Digital,22160.46977967138
GTA5-110012,Digital,10489.181231364215
GTA5-109517,Digital,17046.22968896504
GTA5-101958,Physical,3388.5992456181207
GTA5-107679,Digital,3269.4520753687375
GTA5-108548,Digital,2928.6452448485825
GTA5-102695,Digital,9812.509269246273
GTA5-111803,Digital,1899.6630217936136
GTA5-111120,Digital,1495.9983821540734
GTA5-110361,Digital,8126.305897787543
GTA5-108895,Digital,9298.382313465781
GTA5-113551,Digital,6698.557842680122
GTA5-108859,Digital,12730.707634358438
GTA5-109511,Digital,2470.7550923671706
GTA5-108705,Digital,2201.878057201799
GTA5-110744,Digital,26446.184556144402
GTA5-112413,Digital,5826.076582952652
GTA5-108945,Digital,23497.26015642797
GTA5-113100,Digital,3564.0670647993784
GTA5-110638,Digital,12145.46973284041
GTA5-112344,Digital,8749.870840122649
GTA5-108690,Digital,10479.414230273966
GTA5-108589,Digital,12909.983135868557
GTA5-113459,Digital,2361.815085958116
GTA5-101462,Physical,24300.707599586625
GTA5-113669,Digital,728.5089857809044
GTA5-104097,Physical,10605.934305980889
GTA5-110035,Digital,1451.361495970254
GTA5-114168,Digital,11154.276318496883
GTA5-113365,Digital,5638.086265302341
GTA5-113694,Digital,25910.360488478716
GTA5-109694,Digital,31952.271008707823
GTA5-112103,Digital,1135.2822287011297
GTA5-111999,Digital,8151.684870558286
GTA5-111351,Digital,2114.7887358448124
GTA5-111603,Digital,5471.608026250573
GTA5-112611,Digital,6240.928818580951
GTA5-100785,Physical,3972.3490749994653
GTA5-110954,Digital,22768.26920467291
GTA5-111272,Digital,1876.1691263265743
GTA5-111769,Digital,4241.067302733754
GTA5-113679,Digital,3051.0463613034544
GTA5-109061,Digital,8190.697826363284
GTA5-108821,Digital,5753.669965379882
GTA5-110918,Digital,10082.023360850093
GTA5-113820,Digital,4312.76211642505
GTA5-114441,Digital,4666.1885106502095
GTA5-102302,Physical,2327.405323988924
GTA5-111206,Digital,3528.8064795596597
GTA5-102556,Physical,49349.73507648271
GTA5-110511,Digital,5932.227383598406
GTA5-104315,Digital,90966.08634019531
GTA5-108467,Digital,18392.225088311807
GTA5-107642,Digital,8962.807540146432
GTA5-108565,Digital,19877.0313133644
GTA5-111691,Digital,1689.6074945401906
GTA5-111460,Digital,11718.940138973903
GTA5-109750,Digital,4634.026154854379
GTA5-112397,Digital,3917.039552103586
GTA5-112198,Digital,2428.354041277034
GTA5-112702,Digital,2776.2095252046856
GTA5-113925,Digital,8390.002832981498
GTA5-110886,Digital,2395.093413496883
GTA5-112529,Digital,18374.061861340364
GTA5-101425,Physical,13061.69800737862
GTA5-114704,Digital,12494.504952193267
GTA5-109175,Digital,8398.481056383604
GTA5-114470,Digital,3379.7142738117395
GTA5-101558,Physical,32453.448572385692
GTA5-114442,Digital,10603.380478055777
GTA5-110101,Digital,1805.2461652775473
GTA5-100297,Physical,70392.4325750363
GTA5-110299,Digital,4289.042233195009
GTA5-110932,Digital,8153.061992427822
GTA5-113465,Digital,1836.3439692033762
GTA5-105921,Digital,6833.75499023239
GTA5-112303,Digital,4708.062933157491
GTA5-109087,Digital,5735.1919238355185
GTA5-108530,Digital,5916.517945636562
GTA5-109009,Digital,4435.928322705535
GTA5-111251,Digital,3041.137279000858
GTA5-106730,Digital,19952.55232061319
GTA5-108929,Digital,4707.678777867138
GTA5-101323,Physical,3738.2812052195895
GTA5-109706,Digital,15044.168476355244
GTA5-100094,Physical,7092.7036028875755
GTA5-111522,Digital,19721.932166842136
GTA5-109002,Digital,26985.541306839412
GTA5-113377,Digital,4200.653130917891
GTA5-108447,Digital,1774.2267572015867
GTA5-111405,Digital,3609.85102948917
GTA5-104270,Digital,2148.7348570654995
GTA5-112326,Digital,4608.482680377277
GTA5-110584,Digital,5662.655278793465
GTA5-106648,Digital,7157.406073003059
GTA5-112814,Digital,17045.794844136504
GTA5-114344,Digital,1332.4654294716759
GTA5-109739,Digital,25552.187176357584
GTA5-105867,Digital,1344.847570226998
GTA5-107505,Digital,6860.784096590059
GTA5-113445,Digital,23368.77090554475
GTA5-111605,Digital,4719.075992508103
GTA5-109891,Digital,12390.782117758898
GTA5-114759,Digital,6527.314372524008
GTA5-110701,Digital,2402.8057156214486
GTA5-110798,Digital,4005.2036980326166
GTA5-110876,Digital,5407.429397849303
GTA5-114313,Digital,12193.279054724966
GTA5-101856,Digital,15830.345613481462
GTA5-109628,Digital,7295.52771635832
GTA5-106029,Digital,6003.39573545658
GTA5-109055,Digital,6326.773727209069
GTA5-103426,Physical,38898.34473943848
GTA5-109554,Digital,15012.597917225743
GTA5-114310,Digital,47921.584918635046
GTA5-109320,Digital,4320.125047209573
GTA5-109442,Digital,45609.17057607441
GTA5-111978,Digital,3078.4237556718554
GTA5-101020,Physical,8604.14934873188
GTA5-112858,Digital,2214.5497197976047
GTA5-103842,Physical,57205.07150506535
GTA5-112770,Digital,935.6112110652543
GTA5-113479,Digital,10698.838201710761
GTA5-110990,Digital,6585.810567189189
GTA5-113304,Digital,1847.386087205679
GTA5-113620,Digital,11775.896512032035
GTA5-110433,Digital,3528.697454508844
GTA5-112262,Digital,2677.4188208349437
GTA5-114324,Digital,16318.101603874824
GTA5-112601,Digital,2663.182101376252
GTA5-109667,Digital,11731.255181637905
GTA5-111129,Digital,35372.20654967183
GTA5-111707,Digital,51519.03900608501
GTA5-112650,Digital,4526.413948765019
GTA5-101256,Physical,3674.6397836537444
GTA5-109295,Digital,8414.682613466053
GTA5-103481,Physical,957.0696768248531
GTA5-111553,Digital,1944.4438122248566
GTA5-112948,Digital,29380.03336076619
GTA5-114402,Digital,12946.042312551386
GTA5-100338,Physical,27542.8216300067
GTA5-109284,Digital,4918.524653827741
GTA5-103568,Physical,15583.057442609414
GTA5-106089,Digital,13200.05408311194
GTA5-111511,Digital,39352.80941046161
GTA5-108601,Digital,4439.764125835019
GTA5-110151,Digital,2171.093894437571
GTA5-112812,Digital,8456.847063191242
GTA5-109281,Digital,7651.534277210058
GTA5-102819,Physical,5911.066656962676
GTA5-112486,Digital,1352.6763282336844
GTA5-113227,Digital,2519.146510388611
GTA5-111159,Digital,1802.666695956895
GTA5-103531,Physical,3033.480048150672
GTA5-101837,Physical,38567.95437174513
GTA5-108666,Digital,4615.482686563474
GTA5-111617,Digital,1355.387697477951
GTA5-105897,Digital,2738.573839885821
GTA5-114683,Digital,58241.57724491511
GTA5-108815,Digital,10792.86793481197
GTA5-110286,Digital,17683.645282702113
GTA5-109194,Digital,9179.131108351181
GTA5-108674,Digital,2390.109582739707
GTA5-103269,Digital,1511.0760498123782
GTA5-113884,Digital,3305.199399642524
GTA5-112023,Digital,7672.993885196909
GTA5-113934,Digital,21024.863031400517
GTA5-102677,Physical,16153.196271953999
GTA5-106647,Digital,6902.518102547601
GTA5-106234,Digital,3506.3006992186274
GTA5-108358,Digital,4109.2801921935325
GTA5-107954,Digital,9728.618290076802
GTA5-109465,Digital,17996.39745874017
GTA5-111680,Digital,10887.587215970269
GTA5-114118,Digital,3708.316567011087
GTA5-100888,Physical,13369.759707837577
GTA5-108736,Digital,1601.7649153120815
GTA5-114391,Digital,1175.489460427904
GTA5-108593,Digital,5040.992022969555
GTA5-109644,Digital,5613.296562483301
GTA5-114278,Digital,24620.623245351537
GTA5-106260,Digital,15401.934642804597
GTA5-108369,Digital,9687.829682621736
GTA5-112968,Digital,1100.1129914335095
GTA5-106404,Digital,2196.7700912976775
GTA5-108551,Digital,45801.809207966544
GTA5-110962,Digital,8031.903207579105
GTA5-112748,Digital,14745.246137377317
GTA5-112271,Digital,3428.165485886144
GTA5-113070,Digital,30261.275733458442
GTA5-100103,Physical,9426.294826861127
GTA5-106796,Digital,21582.52415627169
GTA5-113854,Digital,819.8827062431424
GTA5-113461,Digital,6426.946296972765
GTA5-113770,Digital,3426.417603204839
GTA5-109797,Digital,3597.0649563994284
GTA5-110753,Digital,50445.48533182765
GTA5-100917,Physical,7667.807002580852
GTA5-112712,Digital,7937.073289917624
GTA5-111115,Digital,2818.44330726883
GTA5-113263,Digital,7881.411406160456
GTA5-110851,Digital,1456.5737034874885
GTA5-101777,Physical,5435.111092810361
GTA5-110967,Digital,8244.256791329413
GTA5-114693,Digital,29172.763887172336
GTA5-108738,Digital,18126.30584228988
GTA5-109820,Digital,827.6648175629622
GTA5-109157,Digital,4251.276911762558
GTA5-113125,Digital,3188.946701207349
GTA5-110708,Digital,23003.274022133868
GTA5-113881,Digital,4221.8262757468765
GTA5-114025,Digital,27320.4466752099
GTA5-112443,Digital,797.7806330870263
GTA5-108057,Digital,12865.13065955363
GTA5-100739,Physical,11064.117346012928
GTA5-106439,Digital,3723.3471875285386
GTA5-113235,Digital,5146.783358268744
GTA5-111941,Digital,2176.657217468054
GTA5-111923,Digital,9615.592425668505
GTA5-111244,Digital,12263.995131001233
GTA5-110262,Digital,20586.989454064736
GTA5-107909,Digital,3110.4764226208345
GTA5-112361,Digital,2862.001918478327
GTA5-113216,Digital,899.4839021961802
GTA5-112096,Digital,15675.17715650924
GTA5-110201,Digital,3382.6504707864824
GTA5-112760,Digital,14886.915925879064
GTA5-100299,Physical,54118.34187859943
GTA5-114743,Digital,4987.745621330128
GTA5-109030,Digital,1541.8156487649721
GTA5-110320,Digital,2219.1836167146485
GTA5-104688,Physical,3107.020244452894
GTA5-109963,Digital,5986.751402548425
GTA5-110772,Digital,14900.169221210059
GTA5-113196,Digital,810.3206339421974
GTA5-111296,Digital,11261.584375410634
GTA5-100684,Physical,36685.37061392836
GTA5-109210,Digital,12307.202093900589
GTA5-114493,Digital,4213.094290297298
GTA5-110899,Digital,30715.79549914146
GTA5-113798,Digital,7304.011804917817
GTA5-100892,Physical,10536.381394568245
GTA5-113117,Digital,1896.5950787869351
GTA5-101333,Physical,1366.1572186966337
GTA5-109435,Digital,5761.761264438777
GTA5-106987,Digital,6108.865339649665
GTA5-109843,Digital,12101.547038401208
GTA5-106728,Digital,13873.290017198928
GTA5-106546,Digital,9535.66249987051
GTA5-112933,Digital,7204.316324327758
GTA5-102811,Physical,11916.63118542008
GTA5-102468,Physical,20567.00913499719
GTA5-101147,Physical,7945.172394377123
GTA5-114208,Digital,2176.8065410434256
GTA5-103345,Physical,2941.200406989732
GTA5-111926,Digital,10733.427179464026
GTA5-110831,Digital,2955.647462482586
GTA5-111464,Digital,7171.146255037003
GTA5-111191,Digital,10695.628369707054
GTA5-114548,Digital,5038.72901764907
GTA5-109943,Digital,3578.76163312259
GTA5-106365,Digital,11359.54219175844
GTA5-110598,Digital,6954.759450878715
GTA5-101399,Physical,9606.484241478345
GTA5-105099,Physical,6041.580921822937
GTA5-109403,Digital,78014.76018483209
GTA5-114445,Digital,6150.5180985731495
GTA5-110388,Digital,8197.81895899472
GTA5-111031,Digital,58755.01715579696
GTA5-108719,Digital,1796.8824787376925
GTA5-111496,Digital,7044.2397722585
GTA5-111589,Digital,1867.6904646233588
GTA5-113851,Digital,6953.935358472162
GTA5-112830,Digital,5560.166996987953
GTA5-109510,Digital,6096.804600642661
GTA5-110303,Digital,4232.878950713035
GTA5-110365,Digital,3459.6159862643117
GTA5-114708,Digital,7853.662221906051
GTA5-105255,Digital,9325.765880316483
GTA5-110836,Digital,3120.0864589144835
GTA5-112368,Digital,5694.067041468192
GTA5-113871,Digital,2704.1731569604094
GTA5-104190,Digital,9939.363994545783
GTA5-112333,Digital,3637.0250376676804
GTA5-108818,Digital,8845.959555290736
GTA5-110973,Digital,2628.4465714845833
GTA5-111436,Digital,13859.948116409014
GTA5-113341,Digital,3803.5651668763667
GTA5-103186,Physical,2578.1090897786885
GTA5-110764,Digital,1439.6714649728347
GTA5-113483,Digital,2993.511437915682
GTA5-108865,Digital,2634.1140119290076
GTA5-102398,Physical,5867.987513028158
GTA5-108532,Digital,1307.1704595174756
GTA5-108948,Digital,5856.172234137859
GTA5-114604,Digital,12263.511669254029
GTA5-113412,Digital,6837.686639133959
GTA5-109392,Digital,15188.236526813804
GTA5-102551,Physical,16330.778520394444
GTA5-112947,Digital,59631.22153003237
GTA5-111656,Digital,3427.4406964561203
GTA5-112025,Digital,7094.987064772198
GTA5-102500,Physical,2538.512432700514
GTA5-112276,Digital,11302.669628268413
GTA5-112236,Digital,4911.412287825346
GTA5-113742,Digital,12706.872880667415
GTA5-110075,Digital,30931.130095220586
GTA5-104571,Physical,1427.7017982117818
GTA5-110528,Digital,6051.037802697107
GTA5-101935,Physical,5658.179471664311
GTA5-110028,Digital,6954.970300200479
GTA5-114374,Digital,7890.653377230899
GTA5-114009,Digital,5177.831475925402
GTA5-114341,Digital,5271.7140659756515
GTA5-112558,Digital,2688.9204538732806
GTA5-114269,Digital,7794.806068313665
GTA5-110495,Digital,7835.771217688769
GTA5-107209,Digital,40026.01382852778
GTA5-114132,Digital,13083.29033437463
GTA5-109629,Digital,34294.52751666411
GTA5-114197,Digital,11400.230236639516
GTA5-112127,Digital,1709.0120497109795
GTA5-108586,Digital,6004.919464427857
GTA5-114251,Digital,6842.624909252638
GTA5-111498,Digital,7771.702657479403
GTA5-103881,Digital,10770.27643097375
GTA5-113619,Digital,30242.330656802857
GTA5-109189,Digital,17219.970507343915
GTA5-109812,Digital,11435.754211298976
GTA5-104155,Physical,932.6951769172365
GTA5-112588,Digital,12998.14415952918
GTA5-109991,Digital,8882.86298936229
GTA5-113940,Digital,9547.035400930245
GTA5-107376,Digital,12212.116376764534
GTA5-104871,Digital,8734.952096211115
GTA5-101354,Physical,49400.193914549316
GTA5-107146,Digital,6731.73034059838
GTA5-110498,Digital,3658.8818807941766
GTA5-106940,Digital,1835.2888133984543
GTA5-112647,Digital,10566.84649786703
GTA5-110504,Digital,1861.498760463559
GTA5-110344,Digital,9187.589259040851
GTA5-106704,Digital,27016.622161591273
GTA5-106411,Digital,10760.581538331096
GTA5-112879,Digital,11294.654891926213
GTA5-104241,Physical,4821.380206502639
GTA5-112967,Digital,3121.1726159450736
GTA5-101745,Physical,6254.152513481413
GTA5-114451,Digital,2992.280485470162
GTA5-112872,Digital,28028.21255725163
GTA5-105104,Digital,1696.8166916278365
GTA5-104210,Digital,13427.090855353219
GTA5-111104,Digital,3316.559408516535
GTA5-102459,Digital,21727.659326120254
GTA5-105354,Physical,8786.976499188975
GTA5-102296,Physical,15026.922856310406
GTA5-112327,Digital,2872.039747267441
GTA5-106928,Digital,12576.572394982988
GTA5-110756,Digital,29122.57285932315
GTA5-104486,Physical,8333.801054626298
GTA5-109367,Digital,7806.235292848083
GTA5-103131,Physical,5726.223041791833
GTA5-109654,Digital,15448.787480412404
GTA5-110674,Digital,16617.22084588626
GTA5-113357,Digital,16499.803595509424
GTA5-110627,Digital,14408.243392993965
GTA5-111699,Digital,8855.312015734744
GTA5-113015,Digital,5269.580045788114
GTA5-102416,Digital,24728.592562401624
GTA5-111091,Digital,6067.254383389291
GTA5-111386,Digital,2937.582084223377
GTA5-114415,Digital,9826.239518958986
GTA5-112695,Digital,2472.0101528447362
GTA5-112074,Digital,5341.76878829761
GTA5-106138,Digital,13631.757742011803
GTA5-114331,Digital,7130.548591429634
GTA5-109675,Digital,10050.985601317056
GTA5-109944,Digital,11447.778981116146
GTA5-114731,Digital,1754.2459470901513
GTA5-111909,Digital,15879.084243097579
GTA5-114611,Digital,3293.264252433608
GTA5-110546,Digital,7579.397924866648
GTA5-109731,Digital,9372.307348223167
GTA5-111706,Digital,2226.0086763635095
GTA5-109989,Digital,20712.276365679623
GTA5-110217,Digital,9982.120724521232
GTA5-105570,Digital,3308.567814574446
GTA5-112930,Digital,12412.159453260088
GTA5-113084,Digital,6401.0965450638705
GTA5-110275,Digital,3370.033396310405
GTA5-111693,Digital,2756.4550399306145
GTA5-112671,Digital,1403.0377416266479
GTA5-106384,Digital,8818.625253353888
GTA5-114656,Digital,6382.519346112788
GTA5-111790,Digital,1366.715377475538
GTA5-109842,Digital,5541.546212481664
GTA5-103651,Physical,2431.0109502196756
GTA5-109852,Digital,2499.122595833372
GTA5-108524,Digital,6298.277889175521
GTA5-110915,Digital,3224.504552267057
GTA5-103724,Physical,87585.05232454247
GTA5-113783,Digital,2835.410335929129
GTA5-108956,Digital,7549.067106046831
GTA5-114598,Digital,11467.596292742192
GTA5-109630,Digital,11907.385876861415
GTA5-100300,Physical,40424.3336270946
GTA5-108564,Digital,23504.19833724025
GTA5-108781,Digital,3336.14542832578
GTA5-112180,Digital,2076.6572163111314
GTA5-102394,Physical,9865.929671831675
GTA5-111852,Digital,20449.42033565471
GTA5-114097,Digital,10514.647575048377
GTA5-110600,Digital,3641.752026805638
GTA5-110386,Digital,8387.069746114135
GTA5-111194,Digital,9544.40650118602
GTA5-109123,Digital,6753.181515757566
GTA5-111054,Digital,17375.31339603688
GTA5-113826,Digital,7180.275638238711
GTA5-101480,Physical,25156.901211074484
GTA5-108697,Digital,8697.336642787432
GTA5-111253,Digital,2263.35900852955
GTA5-114586,Digital,11838.488030533266
GTA5-111903,Digital,1637.922785605844
GTA5-111019,Digital,8413.669294656367
GTA5-113352,Digital,2188.464159697716
GTA5-111643,Digital,2993.5006466065042
GTA5-109020,Digital,1941.6388708682202
GTA5-109866,Digital,6061.588791117718
GTA5-114217,Digital,7719.091661771441
GTA5-110118,Digital,5203.800730399611
GTA5-112992,Digital,5501.8733466046615
GTA5-112101,Digital,3055.218703856385
GTA5-112278,Digital,2185.361773389547
GTA5-113065,Digital,4963.389918769038
GTA5-106629,Digital,27092.83587135721
GTA5-113291,Digital,2696.150335402818
GTA5-112548,Digital,2654.615358071038
GTA5-114644,Digital,10819.04370105061
GTA5-109439,Digital,6296.035096202342
GTA5-108450,Digital,63202.5926459613
GTA5-114447,Digital,675.7971480313906
GTA5-112170,Digital,20414.437565407352
GTA5-106350,Digital,8793.696891086349
GTA5-112790,Digital,8698.744314970801
GTA5-105436,Digital,6684.664633116632
GTA5-108588,Digital,10146.263469693928
GTA5-111924,Digital,14689.22615169722
GTA5-113361,Digital,14965.956135152188
GTA5-112146,Digital,3454.8206687260786
GTA5-114239,Digital,21878.814919448618
GTA5-103139,Digital,10484.920520457308
GTA5-106300,Digital,1276.276867588932
GTA5-107280,Digital,1628.657306077852
GTA5-112966,Digital,4168.9998851525215
GTA5-101070,Physical,29825.16712906084
GTA5-113133,Digital,9412.154663141882
GTA5-105519,Digital,7094.637631252526
GTA5-113730,Digital,13013.935042443602
GTA5-109180,Digital,6435.476511616174
GTA5-113574,Digital,3762.016064968383
GTA5-112196,Digital,8573.761884251528
GTA5-109454,Digital,7671.545009195851
GTA5-109509,Digital,5344.283768782598
GTA5-104471,Physical,8205.833178405115
GTA5-108310,Digital,13568.340204477667
GTA5-101816,Physical,22699.551119309122
GTA5-109121,Digital,12113.923863140768
GTA5-109945,Digital,7116.152395766075
GTA5-112159,Digital,8892.046093892943
GTA5-110977,Digital,4106.565411529853
GTA5-100695,Physical,4579.0896802394855
GTA5-111746,Digital,5584.118806467919
GTA5-111324,Digital,1128.3702967779057
GTA5-112784,Digital,13750.508732218354
GTA5-114689,Digital,2754.78652639228
GTA5-112338,Digital,2151.4477464727447
GTA5-105923,Digital,7771.3978808697375
GTA5-111591,Digital,1096.6951925987998
GTA5-112543,Digital,2369.8277525052417
GTA5-113384,Digital,2047.7835115832627
GTA5-108396,Digital,8077.671880222101
GTA5-113948,Digital,9067.787483041158
GTA5-106255,Digital,964.4980097136429
GTA5-113010,Digital,1027.5036768535647
GTA5-106632,Digital,23642.52175037109
GTA5-109155,Digital,3427.3402410194767
GTA5-111312,Digital,10688.679961292732
GTA5-110770,Digital,26877.87333721599
GTA5-101394,Physical,22853.735646207748
GTA5-110588,Digital,21998.939873570453
GTA5-110685,Digital,9585.877525801356
GTA5-114669,Digital,3217.133088296631
GTA5-109535,Digital,15416.830625413211
GTA5-108574,Digital,13357.710680028611
GTA5-103763,Digital,18629.66400860684
GTA5-112164,Digital,11974.96096390601
GTA5-109319,Digital,5633.857469838554
GTA5-112455,Digital,10888.011342001524
GTA5-114673,Digital,31313.997307495338
GTA5-111220,Digital,12979.34124142474
GTA5-111330,Digital,3315.8841568387884
GTA5-111247,Digital,6238.137951172598
GTA5-110807,Digital,1586.860280820391
GTA5-111214,Digital,14656.774425823023
GTA5-114583,Digital,2334.0046012043417
GTA5-114306,Digital,2975.5875507574483
GTA5-113469,Digital,3019.941254359479
GTA5-101302,Physical,4155.089899205388
GTA5-109562,Digital,7018.577594947479
GTA5-113457,Digital,871.1970293367475
GTA5-112725,Digital,2599.473924345699
GTA5-112624,Digital,3269.3536822975884
GTA5-110884,Digital,8696.863932626808
GTA5-110281,Digital,30945.90686428435
GTA5-103878,Physical,14245.793588777204
GTA5-102088,Digital,4093.5840254830055
GTA5-112253,Digital,6298.387948775427
GTA5-110000,Digital,4879.741197405274
GTA5-104924,Digital,14442.655381544615
GTA5-108175,Digital,32419.2142089249
GTA5-113192,Digital,2835.0431881572267
GTA5-106132,Digital,3115.522833472045
GTA5-112193,Digital,40728.14099745134
GTA5-113882,Digital,1929.5552340214622
GTA5-110722,Digital,3598.9406206057292
GTA5-108930,Digital,2272.5729443958758
GTA5-114225,Digital,21490.99519781045
GTA5-110112,Digital,2450.9971636435635
GTA5-114139,Digital,12767.040654534208
GTA5-111283,Digital,2940.8644345562348
GTA5-113985,Digital,1477.0499459219536
GTA5-108836,Digital,23911.242426795674
GTA5-109252,Digital,5812.091107263204
GTA5-113269,Digital,11702.730838233387
GTA5-114135,Digital,7014.685496736219
GTA5-113186,Digital,8719.93975476305
GTA5-114717,Digital,6073.333420290216
GTA5-112684,Digital,32287.62550166883
GTA5-113212,Digital,1593.855282817482
GTA5-113793,Digital,4724.38745845362
GTA5-112805,Digital,6671.404439764297
GTA5-108833,Digital,1619.9919961247574
GTA5-110771,Digital,25140.398074081677
GTA5-114048,Digital,6321.303276366855
GTA5-110331,Digital,9078.311509501658
GTA5-106995,Digital,8448.154678251183
GTA5-109159,Digital,1628.3998768938009
GTA5-103171,Physical,1141.0082731277453
GTA5-101724,Physical,2128.746443531419
GTA5-110894,Digital,2673.5715178624037
GTA5-113771,Digital,3910.8672928177975
GTA5-112247,Digital,735.7695368273423
GTA5-112955,Digital,1600.7618841279689
GTA5-101034,Physical,7335.4354679627595
GTA5-100553,Physical,2541.419529649282
GTA5-105059,Physical,20232.071709142514
GTA5-101158,Physical,2880.0770601759273
GTA5-110618,Digital,8442.182016149527
GTA5-101308,Physical,2912.043561190513
GTA5-110323,Digital,2227.496375024723
GTA5-111557,Digital,6821.68417820453
GTA5-113259,Digital,15815.219032862979
GTA5-109449,Digital,4567.476042915616
GTA5-113172,Digital,14412.829760510625
GTA5-102329,Physical,13525.776581344426
GTA5-111713,Digital,4856.773030502793
GTA5-111949,Digital,4476.521379172234
GTA5-111937,Digital,3446.095727850392
GTA5-101137,Physical,4051.159992097142
GTA5-109941,Digital,3010.145621170173
GTA5-110212,Digital,9115.177668670913
GTA5-111590,Digital,2042.5632761806742
GTA5-106214,Digital,36926.56061606927
GTA5-110145,Digital,887.2772915052485
GTA5-100052,Physical,16893.936279646514
GTA5-112153,Digital,5795.784560742813
GTA5-113901,Digital,3980.349103441419
GTA5-108190,Digital,2645.1430013950935
GTA5-112724,Digital,12984.545691426625
GTA5-111357,Digital,8780.054331437834
GTA5-113988,Digital,6993.731022005477
GTA5-114218,Digital,7771.835051933326
GTA5-110024,Digital,3105.0481436191208
GTA5-111833,Digital,7930.062147991686
GTA5-107127,Digital,6821.481539866831
GTA5-111811,Digital,8605.723377150844
GTA5-101418,Physical,28992.120885603792
GTA5-103921,Physical,2843.2114631073673
GTA5-111306,Digital,1482.2401492164636
GTA5-113011,Digital,11578.194144640154
GTA5-110150,Digital,3845.612415288051
GTA5-105464,Digital,4044.2506312966107
GTA5-101947,Physical,3115.838857096464
GTA5-104653,Physical,6712.2965533590905
GTA5-108538,Digital,1698.5026913313036
GTA5-108981,Digital,4464.077479711705
GTA5-114522,Digital,3035.7481527921445
GTA5-112256,Digital,6793.026372122335
GTA5-109260,Digital,2516.6830483938134
GTA5-109224,Digital,2989.531979638957
GTA5-114396,Digital,4654.807971079031
GTA5-111150,Digital,7394.79164715493
GTA5-103023,Digital,6140.686562911858
GTA5-113687,Digital,4608.10993918028
GTA5-108671,Digital,8775.608950369116
GTA5-111977,Digital,8289.432091419925
GTA5-113403,Digital,812.0599083062234
GTA5-110305,Digital,2794.7117895783085
GTA5-110199,Digital,3812.7031760012524
GTA5-109072,Digital,5199.15231532773
GTA5-108496,Digital,9102.259130111594
GTA5-110429,Digital,4801.922946856532
GTA5-114184,Digital,6355.67259874414
GTA5-103035,Physical,3893.8385256318097
GTA5-110452,Digital,26303.701413979772
GTA5-104208,Physical,4454.666681818584
GTA5-113369,Digital,5381.769330415792
GTA5-110134,Digital,5763.90218986042
GTA5-112940,Digital,16930.31772725859
GTA5-108853,Digital,3544.1912345283413
GTA5-108452,Digital,21171.362283567534
GTA5-112425,Digital,4985.635225568806
GTA5-112869,Digital,39700.78688676391
GTA5-114267,Digital,30576.18117953358
GTA5-108789,Digital,5245.715674159304
GTA5-109938,Digital,7734.624574185692
GTA5-109005,Digital,13561.469657911844
GTA5-112627,Digital,2492.1957352696895
GTA5-105663,Digital,61904.841787116544
GTA5-114100,Digital,19829.24825381495
GTA5-112433,Digital,11515.56831480513
GTA5-108891,Digital,732.8409231425567
GTA5-114305,Digital,5524.210630061107
GTA5-108767,Digital,5075.87602878215
GTA5-100056,Physical,3258.6933029997667
GTA5-106543,Digital,3671.7727803968387
GTA5-112508,Digital,1786.8987390263405
GTA5-111621,Digital,8359.061730170499
GTA5-108827,Digital,8198.51906516246
GTA5-109794,Digital,17707.234357275753
GTA5-112110,Digital,12805.876676912963
GTA5-102361,Physical,7310.592505107695
GTA5-110084,Digital,838.362806470602
GTA5-108634,Digital,2602.912625774998
GTA5-100284,Physical,6901.887860122233
GTA5-101353,Physical,26286.607905898374
GTA5-110273,Digital,11244.796221767065
GTA5-107230,Digital,2528.068614363862
GTA5-112277,Digital,2596.654629385831
GTA5-109698,Digital,4726.70148146592
GTA5-111655,Digital,4016.870327364022
GTA5-112169,Digital,6064.60207644607
GTA5-114465,Digital,1309.4712586856572
GTA5-108687,Digital,8569.53887399708
GTA5-109647,Digital,3905.3513476721228
GTA5-114060,Digital,4932.603894980621
GTA5-112260,Digital,3720.975441733167
GTA5-114290,Digital,8889.852892370232
GTA5-106401,Digital,14573.568036198496
GTA5-109902,Digital,21264.246534336307
GTA5-110866,Digital,21877.017359241203
GTA5-103177,Physical,27689.47969477725
GTA5-108744,Digital,3194.3699087064747
GTA5-109689,Digital,7609.0821503934785
GTA5-112870,Digital,54241.739417564255
GTA5-108998,Digital,686.1884498771715
GTA5-111725,Digital,10960.732809890866
GTA5-112680,Digital,1767.6995437733085
GTA5-112981,Digital,5654.954451080019
GTA5-113666,Digital,6994.11122432441
GTA5-107696,Digital,2318.9015226459364
GTA5-113387,Digital,4865.761311699631
GTA5-114659,Digital,21879.87964701459
GTA5-110062,Digital,2947.316169942954
GTA5-109479,Digital,13728.054453075933
GTA5-109702,Digital,49431.08330058135
GTA5-112507,Digital,4704.213522475917
GTA5-113039,Digital,12472.343838393432
GTA5-110242,Digital,43413.80515078335
GTA5-106165,Digital,8789.53144283087
GTA5-109787,Digital,7718.413304205787
GTA5-109584,Digital,18415.44243170439
GTA5-109043,Digital,2982.654862349774
GTA5-113534,Digital,11190.925288589222
GTA5-109515,Digital,38602.1221088163
GTA5-114480,Digital,8733.535449843
GTA5-112400,Digital,6133.355536987647
GTA5-108546,Digital,4725.708094349839
GTA5-114646,Digital,1039.8377676744187
GTA5-102244,Digital,8031.028022557755
GTA5-104939,Digital,35761.46158500239
GTA5-112160,Digital,5883.343896695589
GTA5-108881,Digital,3595.897116611462
GTA5-114680,Digital,4008.7476024231464
GTA5-110346,Digital,3442.624632734668
GTA5-105677,Digital,13388.637188669221
GTA5-102761,Physical,9719.955835980963
GTA5-103384,Physical,5021.5284994015665
GTA5-111366,Digital,12594.27105286964
GTA5-109626,Digital,13022.959313837815
GTA5-113006,Digital,5030.973425127126
GTA5-109146,Digital,4153.054461714844
GTA5-110472,Digital,3833.8521671342487
GTA5-103566,Physical,24483.007727038934
GTA5-113765,Digital,4547.07066438191
GTA5-109437,Digital,10178.659642188755
GTA5-112242,Digital,2620.963042106976
GTA5-109801,Digital,32234.29218666532
GTA5-111831,Digital,4738.406176834535
GTA5-112835,Digital,5903.180072383401
GTA5-113447,Digital,20193.18060037723
GTA5-114576,Digital,5324.077596855792
GTA5-109666,Digital,3349.21935965223
GTA5-113382,Digital,2073.3685687879647
GTA5-113835,Digital,18523.294598361255
GTA5-101834,Physical,1245.6378503380613
GTA5-107089,Digital,6487.822804437083
GTA5-104010,Physical,1031.6651000637062
GTA5-111256,Digital,8047.993438588421
GTA5-112659,Digital,3269.8412820707726
GTA5-112077,Digital,11980.421544752371
GTA5-103400,Digital,35820.719014857255
GTA5-104319,Digital,6733.253265365992
GTA5-111788,Digital,13419.99900182536
GTA5-113009,Digital,14043.753193869477
GTA5-101985,Digital,3843.5178850598577
GTA5-109653,Digital,12931.793409041195
GTA5-113166,Digital,1665.947315551306
GTA5-103326,Physical,15339.24054225792
GTA5-114070,Digital,44749.80948581139
GTA5-110008,Digital,1202.3630157779014
GTA5-105600,Digital,5127.300382303931
GTA5-112469,Digital,9461.983607137823
GTA5-109634,Digital,8546.239792554676
GTA5-113154,Digital,4238.600617236189
GTA5-113425,Digital,3168.2281262561464
GTA5-113685,Digital,29311.783307146037
GTA5-109896,Digital,2706.558564669709
GTA5-110301,Digital,2204.0756404920985
GTA5-110329,Digital,3274.6074144148233
GTA5-101556,Physical,31221.731473923486
GTA5-109924,Digital,8448.48863057538
GTA5-108741,Digital,5070.354779226441
GTA5-103813,Physical,2294.5337655927665
GTA5-113899,Digital,9023.358502466315
GTA5-106669,Digital,2509.1246425369513
GTA5-113918,Digital,3464.7239197333993
GTA5-112539,Digital,5812.300187340712
GTA5-110473,Digital,4066.2014808494796
GTA5-100168,Physical,8008.826857927294
GTA5-101203,Physical,18283.06576663766
GTA5-113674,Digital,6208.979365014966
GTA5-113181,Digital,2576.565064462358
GTA5-110451,Digital,8017.279443150317
GTA5-112442,Digital,7280.9814564219305
GTA5-113397,Digital,4416.217937160244
GTA5-102746,Digital,27394.894708517568
GTA5-100084,Physical,5729.247719519015
GTA5-105220,Digital,7025.771004603299
GTA5-107546,Digital,7296.236860148871
GTA5-100491,Physical,8501.993344011968
GTA5-114106,Digital,4664.304936219698
GTA5-113051,Digital,8817.417722848533
GTA5-110728,Digital,26605.753891816727
GTA5-111095,Digital,8166.502582533685
GTA5-109490,Digital,11332.915609671269
GTA5-112796,Digital,5324.08026077239
GTA5-112793,Digital,5480.207658299441
GTA5-112191,Digital,1184.9550800969155
GTA5-113758,Digital,3741.9394855715436
GTA5-109067,Digital,7408.9091343944965
GTA5-103674,Physical,7690.910732595035
GTA5-100353,Physical,19083.293979552753
GTA5-112203,Digital,27129.333648973443
GTA5-109354,Digital,21791.26078342666
GTA5-107189,Digital,8778.31146884205
GTA5-109447,Digital,17172.078150134446
GTA5-110060,Digital,5682.040853815348
GTA5-114192,Digital,2724.66504834254
GTA5-111204,Digital,6325.288262524016
GTA5-110176,Digital,13931.504650829747
GTA5-112832,Digital,4108.419973503162
GTA5-102878,Digital,6233.716582566318
GTA5-113986,Digital,7403.698452513288
GTA5-114086,Digital,5134.370210294006
GTA5-100221,Physical,10398.903362737274
GTA5-112227,Digital,2158.23315663159
GTA5-111420,Digital,2041.8679650149584
GTA5-114624,Digital,5028.217342719251
GTA5-109964,Digital,8969.038425828387
GTA5-109838,Digital,1516.9299670029898
GTA5-113519,Digital,1917.8827974511037
GTA5-109086,Digital,2312.813776433742
GTA5-110343,Digital,13513.260256383408
GTA5-107901,Digital,8684.852503913966
GTA5-102053,Physical,3339.3727227817812
GTA5-113532,Digital,10790.567839432118
GTA5-110128,Digital,2173.5155011046318
GTA5-109127,Digital,1682.3746533686522
GTA5-103879,Digital,28409.562163921073
GTA5-111113,Digital,7016.516125935743
GTA5-103134,Digital,28377.63666790777
GTA5-114265,Digital,5017.123015965812
GTA5-111399,Digital,5137.994679719406
GTA5-111319,Digital,5684.13779699245
GTA5-111839,Digital,5157.209061824727
GTA5-105957,Digital,25632.767451703225
GTA5-109385,Digital,5174.2865036040985
GTA5-111556,Digital,8980.665589022832
GTA5-108664,Digital,9166.126242981512
GTA5-103412,Physical,4379.398829533647
GTA5-104261,Physical,3961.019272693
GTA5-102823,Physical,14469.341455170648
GTA5-111223,Digital,2238.6798649401794
GTA5-112895,Digital,4884.611921109588
GTA5-111604,Digital,2529.4138289913517
GTA5-109206,Digital,4938.6262841533935
GTA5-114058,Digital,9729.823368977515
GTA5-111396,Digital,3926.871571156237
GTA5-101166,Physical,21880.619475552663
GTA5-111354,Digital,10200.826173159676
GTA5-110051,Digital,1918.479123499484
GTA5-110903,Digital,2739.58727600588
GTA5-113453,Digital,8818.795876776203
GTA5-112231,Digital,1568.4703079900182
GTA5-114567,Digital,8017.973983585186
GTA5-114375,Digital,4861.766076239776
GTA5-111105,Digital,3567.549167864148
GTA5-113725,Digital,1230.7400459183407
GTA5-107433,Digital,2920.9354657805898
GTA5-114676,Digital,8135.714149317674
GTA5-112315,Digital,1734.7247921509204
GTA5-112580,Digital,4261.756991838837
GTA5-112026,Digital,7445.645780165973
GTA5-112960,Digital,16399.31381991303
GTA5-113337,Digital,7765.694840789944
GTA5-109657,Digital,34804.999612004875
GTA5-103025,Physical,18923.13935278041
GTA5-109978,Digital,15313.480509509842
GTA5-113076,Digital,13891.677138222769
GTA5-105557,Digital,15963.527823048167
GTA5-100256,Physical,7922.5981782865
GTA5-103904,Physical,4137.085822520067
GTA5-111832,Digital,12378.330928942827
GTA5-113200,Digital,1589.0281980376267
GTA5-110479,Digital,16893.235369565642
GTA5-101440,Physical,59054.13023351926
GTA5-111663,Digital,1191.5352257453185
GTA5-112287,Digital,3189.1563635680727
GTA5-107555,Digital,14998.5287896377
GTA5-113789,Digital,2721.3097796275397
GTA5-104372,Physical,8166.547838485843
GTA5-105869,Digital,33665.63919194047
GTA5-108397,Digital,12864.670288105035
GTA5-108659,Digital,4995.667392499017
GTA5-113279,Digital,3267.1684543053475
GTA5-109665,Digital,7283.274765621381
GTA5-111916,Digital,1857.2001467841199
GTA5-109903,Digital,15107.771426379704
GTA5-109922,Digital,4074.2242007426703
GTA5-112559,Digital,3851.334806330711
GTA5-102540,Physical,7210.167380034898
GTA5-110983,Digital,8140.432786377661
GTA5-110285,Digital,18520.899970906154
GTA5-110761,Digital,6157.725908416317
GTA5-112405,Digital,23657.43821340402
GTA5-104476,Physical,17860.846347014605
GTA5-112911,Digital,1010.5314527398384
GTA5-111022,Digital,7881.138866186015
GTA5-109614,Digital,34964.17351866627
GTA5-111698,Digital,5616.790794965285
GTA5-105025,Digital,2513.8144328051812
GTA5-107526,Digital,855.5976743434474
GTA5-111471,Digital,2070.9445695825543
GTA5-114631,Digital,2580.5825131267584
GTA5-104977,Digital,15744.369550956368
GTA5-110797,Digital,13012.47525661112
GTA5-108765,Digital,3938.0451070284385
GTA5-112564,Digital,9934.262434302576
GTA5-103445,Digital,14405.877114666408
GTA5-114727,Digital,10460.817493607006
GTA5-108852,Digital,6370.15592067457
GTA5-110467,Digital,32647.64263459409
GTA5-108729,Digital,8362.358427984476
GTA5-113288,Digital,3561.8386249486757
GTA5-112487,Digital,22722.780706739046
GTA5-111880,Digital,4633.804876243924
GTA5-102718,Physical,4628.860051704276
GTA5-108584,Digital,4206.545552732812
GTA5-104358,Digital,4120.918361902563
GTA5-112147,Digital,1019.9013930828874
GTA5-102827,Digital,4117.2112553430425
GTA5-112687,Digital,20305.271356573478
GTA5-108627,Digital,7500.293475412254
GTA5-110540,Digital,3329.2904061399277
GTA5-111033,Digital,9769.852412999791
GTA5-110696,Digital,11111.357392172582
GTA5-114347,Digital,1855.9005618115134
GTA5-112011,Digital,5700.480124700809
GTA5-106175,Digital,5381.464848897305
GTA5-103535,Digital,17680.272320157113
GTA5-100738,Physical,34592.99191865665
GTA5-109778,Digital,949.0091894307285
GTA5-110887,Digital,988.3042870104823
GTA5-105989,Digital,13197.740074559262
GTA5-112681,Digital,1107.884983522923
GTA5-103024,Physical,9212.633301811478
GTA5-111749,Digital,6732.576082572175
GTA5-106617,Digital,1547.4198891210024
GTA5-111048,Digital,3072.5478046068247
GTA5-113236,Digital,9067.122177714617
GTA5-114467,Digital,19141.290352312044
GTA5-114761,Digital,3308.422571343343
GTA5-113876,Digital,2242.7767680187926
GTA5-107028,Digital,13171.128063792139
GTA5-110625,Digital,33562.32942982642
GTA5-107955,Digital,6271.746742754017
GTA5-109645,Digital,7997.3408546758155
GTA5-113812,Digital,2512.679514333572
GTA5-102591,Digital,110530.83953536973
GTA5-113345,Digital,35543.73355579414
GTA5-112041,Digital,3886.9413032182006
GTA5-109640,Digital,5758.82504770812
GTA5-110373,Digital,5559.352648107141
GTA5-114607,Digital,4079.7533600392253
GTA5-110211,Digital,4738.474069987874
GTA5-107515,Digital,4468.922961475718
GTA5-107762,Digital,10285.449491790925
GTA5-108605,Digital,17336.08427028301
GTA5-110526,Digital,11030.306020575586
GTA5-113959,Digital,3535.627380534661
GTA5-112013,Digital,3304.0919058537675
GTA5-103814,Physical,29766.193493882674
GTA5-114017,Digital,4933.690936090156
GTA5-106274,Digital,1715.9800714315618
GTA5-113035,Digital,15702.153448173154
GTA5-109566,Digital,5052.667833924467
GTA5-110435,Digital,21706.99038217705
GTA5-103136,Physical,7701.397628121482
GTA5-114597,Digital,21091.066650807603
GTA5-107456,Digital,6921.577634278201
GTA5-108769,Digital,4372.8644456026295
GTA5-109312,Digital,4007.4648507913803
GTA5-109828,Digital,2643.224548744328
GTA5-102326,Physical,18244.961898589754
GTA5-110290,Digital,6946.551094786568
GTA5-113410,Digital,9899.98973445834
GTA5-112403,Digital,17657.563765417282
GTA5-111899,Digital,12217.726127323429
GTA5-110068,Digital,20034.620258427192
GTA5-110003,Digital,35336.31872370787
GTA5-112542,Digital,3193.6101483161556
GTA5-113132,Digital,14987.46102764668
GTA5-101140,Physical,9297.501381043423
GTA5-111147,Digital,7579.476007341314
GTA5-100474,Physical,44899.636462643335
GTA5-114502,Digital,2639.353494120301
GTA5-104116,Digital,11103.057880416354
GTA5-109804,Digital,23433.508525513033
GTA5-104520,Digital,1806.1813608038246
GTA5-104342,Physical,7909.9076610918855
GTA5-109249,Digital,4815.419787558321
GTA5-108975,Digital,27751.917372792977
GTA5-114311,Digital,44503.79449363288
GTA5-112540,Digital,3082.5129273025486
GTA5-111067,Digital,9913.25435705077
GTA5-114713,Digital,5579.79099573114
GTA5-114122,Digital,36542.47705325862
GTA5-112454,Digital,3468.4494999736994
GTA5-112610,Digital,2937.737058294479
GTA5-113767,Digital,5067.245326143911
GTA5-105851,Digital,17584.651416865767
GTA5-106052,Digital,5987.5122166422225
GTA5-109704,Digital,19913.975622826212
GTA5-105617,Digital,18436.38292632776
GTA5-109387,Digital,10393.40642946734
GTA5-109808,Digital,11827.542003098133
GTA5-112831,Digital,908.6059418898905
GTA5-106780,Digital,2681.180624408873
GTA5-111336,Digital,31176.50110687715
GTA5-109182,Digital,8301.020985042684
GTA5-109834,Digital,9302.112841244045
GTA5-112528,Digital,1411.263769580127
GTA5-113928,Digital,4284.278143465309
GTA5-111318,Digital,10301.378455844702
GTA5-112732,Digital,5763.826545422262
GTA5-112083,Digital,4644.1154178263
GTA5-103610,Physical,9232.14384275716
GTA5-103683,Physical,9749.29737202285
GTA5-114253,Digital,7382.723559175443
GTA5-110669,Digital,18719.129352569187
GTA5-109569,Digital,9358.293846151439
GTA5-106896,Digital,5683.142933348453
GTA5-107064,Digital,2811.3623793203265
GTA5-101121,Physical,2984.590387322682
GTA5-102237,Physical,10803.881399739505
GTA5-102678,Physical,10886.111519346934
GTA5-112887,Digital,6303.503420052537
GTA5-108904,Digital,1526.5504258242936
GTA5-113460,Digital,12295.944103448197
GTA5-110364,Digital,4320.7775789468205
GTA5-111870,Digital,5474.808587305035
GTA5-100511,Physical,4840.44847359441
GTA5-114623,Digital,2392.5846203695314
GTA5-110752,Digital,2589.4815650608753
GTA5-114433,Digital,1942.0707753121942
GTA5-108816,Digital,15042.124986631123
GTA5-108996,Digital,3006.1485912722287
GTA5-113635,Digital,3805.2791837042982
GTA5-111136,Digital,1678.2335689385045
GTA5-103661,Digital,24287.57442481415
GTA5-113688,Digital,4342.3267588289555
GTA5-100979,Physical,7716.982158779791
GTA5-104919,Digital,10965.032747496189
GTA5-110240,Digital,8556.597410800512
GTA5-110663,Digital,1690.1685183370007
GTA5-109374,Digital,11730.112044904852
GTA5-114535,Digital,2130.332555123801
GTA5-105907,Digital,1526.126838376283
GTA5-110854,Digital,33618.16719328584
GTA5-100837,Physical,4018.4803237324377
GTA5-113323,Digital,2540.862292960618
GTA5-109727,Digital,3749.572159301594
GTA5-110993,Digital,3936.980649745644
GTA5-111608,Digital,4506.524618249492
GTA5-101296,Physical,2194.5602409494413
GTA5-104821,Digital,11709.761273928554
GTA5-104198,Physical,8293.45573288528
GTA5-114073,Digital,2716.934336812107
GTA5-110721,Digital,12399.63285247953
GTA5-110933,Digital,4156.133734334684
GTA5-110610,Digital,7336.233045803985
GTA5-112749,Digital,6234.709539560461
GTA5-114095,Digital,13781.009834861074
GTA5-114062,Digital,5196.33616935614
GTA5-114585,Digital,52554.622011967
GTA5-111079,Digital,3068.5469757925384
GTA5-100312,Physical,9013.742693753427
GTA5-108979,Digital,1967.755228494578
GTA5-113209,Digital,14059.967561378413
GTA5-103381,Physical,9493.767443623705
GTA5-114297,Digital,2254.3218446117116
GTA5-110755,Digital,68793.69051401403
GTA5-111778,Digital,7875.964235013457
GTA5-111996,Digital,25264.74197053985
GTA5-104354,Digital,3694.974629939574
GTA5-104205,Physical,3199.7695046174254
GTA5-108535,Digital,7382.879000562644
GTA5-113661,Digital,1731.124856237459
GTA5-104036,Physical,7578.385417100493
GTA5-109737,Digital,1495.8174317563808
GTA5-112491,Digital,10218.14960707847
GTA5-111543,Digital,2293.6588568058564
GTA5-112552,Digital,25478.463888810285
GTA5-113089,Digital,42629.2677936447
GTA5-112750,Digital,3169.1687344090305
GTA5-102989,Digital,38592.24346162684
GTA5-108126,Digital,9643.031462994246
GTA5-104045,Physical,18948.98109302991
GTA5-113126,Digital,1275.4682833543607
GTA5-113997,Digital,7922.973383261017
GTA5-113677,Digital,2137.139521677205
GTA5-114076,Digital,19747.781374531867
GTA5-101136,Physical,3349.752667356447
GTA5-102241,Physical,11933.314540079293
GTA5-101719,Physical,13502.960658861353
GTA5-114214,Digital,26704.905357600634
GTA5-104508,Physical,4597.777753791336
GTA5-113406,Digital,18531.69764607898
GTA5-113478,Digital,6918.476623834971
GTA5-112683,Digital,19913.501617962083
GTA5-110537,Digital,2408.8979001015045
GTA5-109925,Digital,4280.500401816205
GTA5-112844,Digital,13275.700602005025
GTA5-106008,Digital,19891.44932654064
GTA5-114274,Digital,5748.861788780483
GTA5-102973,Physical,4040.5697134417032
GTA5-112047,Digital,15356.107013138739
GTA5-105424,Digital,18023.24081122465
GTA5-103257,Physical,8704.946604256322
GTA5-111368,Digital,6392.561411111814
GTA5-102583,Physical,16354.972482591278
GTA5-114628,Digital,2833.0024853632003
GTA5-111566,Digital,863.6825571242878
GTA5-109607,Digital,8451.353017690491
GTA5-112941,Digital,10074.047187963697
GTA5-108785,Digital,2123.6110391753987
GTA5-109806,Digital,7556.108478542559
GTA5-108756,Digital,10803.270911299573
GTA5-113879,Digital,11595.932029229241
GTA5-111849,Digital,4831.685121319906
GTA5-111771,Digital,14965.500894768817
GTA5-110607,Digital,6733.965489012651
GTA5-113890,Digital,4444.330419753714
GTA5-109927,Digital,5793.082416005836
GTA5-105712,Digital,14620.479203229115
GTA5-109853,Digital,3087.1741955470284
GTA5-109165,Digital,3961.737482761205
GTA5-108883,Digital,23275.22821041132
GTA5-113964,Digital,1443.9643430751184
GTA5-110810,Digital,15790.403849235508
GTA5-108938,Digital,14413.690238025269
GTA5-113512,Digital,4503.782007694508
GTA5-113528,Digital,3817.0754123377383
GTA5-108862,Digital,20005.329440606038
GTA5-110758,Digital,23115.289514318603
GTA5-110416,Digital,10380.692062778002
GTA5-111494,Digital,2202.0835072027676
GTA5-114266,Digital,3566.9916842582957
GTA5-110194,Digital,10806.011737248085
GTA5-101722,Physical,4337.727875451496
GTA5-101671,Physical,9881.221666356196
GTA5-104413,Digital,78248.23233675673
GTA5-113443,Digital,26373.89480056496
GTA5-113921,Digital,1956.267974505372
GTA5-113124,Digital,8030.398464791029
GTA5-110405,Digital,4317.012394903722
GTA5-111516,Digital,3529.458712335209
GTA5-112503,Digital,1156.0297084953309
GTA5-100873,Physical,29617.60317939934
GTA5-109518,Digital,25131.990821357802
GTA5-100568,Physical,2346.7142529403254
GTA5-101637,Physical,58676.03354277619
GTA5-109215,Digital,1446.724797607597
GTA5-102999,Physical,18025.298153367457
GTA5-109230,Digital,26419.773094130815
GTA5-113499,Digital,4010.3409882506576
GTA5-113183,Digital,3785.0898037506713
GTA5-110547,Digital,4837.781802256252
GTA5-108349,Digital,23770.19702171801
GTA5-108977,Digital,4889.278002860997
GTA5-106496,Digital,8446.81348618664
GTA5-111307,Digital,2279.9687346469564
GTA5-109555,Digital,6027.696186263777
GTA5-108353,Digital,15364.905575691437
GTA5-109725,Digital,6089.375467053262
GTA5-108515,Digital,11717.168422646333
GTA5-102426,Physical,24817.281810641525
GTA5-110010,Digital,3188.203543011662
GTA5-109258,Digital,15410.692207188975
GTA5-109690,Digital,6635.843104994889
GTA5-109003,Digital,7417.737424877541
GTA5-106706,Digital,10046.127571881709
GTA5-112951,Digital,8332.432999105064
GTA5-104539,Physical,12411.944685037475
GTA5-110422,Digital,10236.656167748399
GTA5-103609,Physical,19719.191732901472
GTA5-113466,Digital,4216.691286503326
GTA5-108621,Digital,4144.802269831803
GTA5-110533,Digital,5734.54459235576
GTA5-114692,Digital,1967.5237446364877
GTA5-105668,Digital,6000.240478850743
GTA5-108529,Digital,10834.934723024491
GTA5-114002,Digital,4373.712200953016
GTA5-112325,Digital,4226.50513497959
GTA5-110492,Digital,2533.2593830167234
GTA5-102254,Physical,16288.016726659796
GTA5-110707,Digital,21633.89395807292
GTA5-103080,Digital,22253.387704838715
GTA5-101172,Physical,8150.045729857349
GTA5-114024,Digital,24609.267823669416
GTA5-112827,Digital,4876.184387888864
GTA5-111533,Digital,21434.16519035685
GTA5-112946,Digital,7774.720064449479
GTA5-108866,Digital,8797.891667300888
GTA5-105589,Digital,9298.918264930955
GTA5-108959,Digital,3631.578643565456
GTA5-104536,Physical,6648.2606431119175
GTA5-107313,Digital,18929.287797650006
GTA5-110439,Digital,2048.1806062388873
GTA5-112215,Digital,23667.995162570303
GTA5-102719,Digital,8285.443093615766
GTA5-107661,Digital,9525.353698292975
GTA5-107210,Digital,37651.36160511959
GTA5-113664,Digital,4076.7247738057804
GTA5-109623,Digital,14106.138755106338
GTA5-101701,Physical,1113.0571703150945
GTA5-108626,Digital,22606.6335506951
GTA5-109996,Digital,7595.85030940525
GTA5-108652,Digital,14539.455300768193
GTA5-110589,Digital,17706.515889314902
GTA5-113737,Digital,20535.2924985244
GTA5-111837,Digital,1204.391204287132
GTA5-104288,Physical,8965.609318386347
GTA5-108893,Digital,10864.293953664568
GTA5-113094,Digital,15615.105563336056
GTA5-112460,Digital,2972.916700046434
GTA5-105503,Digital,5667.132266837118
GTA5-112302,Digital,6149.701659020826
GTA5-108569,Digital,5586.266902549269
GTA5-111030,Digital,3302.580805434768
GTA5-105831,Digital,19200.25229100779
GTA5-110795,Digital,4359.02500333458
GTA5-104557,Physical,6842.131465040989
GTA5-111463,Digital,1768.4308535614546
GTA5-100321,Physical,6573.930779378132
GTA5-113188,Digital,3368.892459572719
GTA5-114780,Digital,1457.5871768444845
GTA5-112919,Digital,7889.322740363987
GTA5-101629,Physical,33189.88968880732
GTA5-109275,Digital,7558.682445452934
GTA5-107467,Digital,10446.549994241814
GTA5-108597,Digital,3299.1355497006557
GTA5-107770,Digital,1277.6047654408308
GTA5-107182,Digital,7097.510493065822
GTA5-108903,Digital,13396.834078861795
GTA5-110017,Digital,3658.5298279263043
GTA5-108990,Digital,3403.537902858034
GTA5-114510,Digital,14433.142552424679
GTA5-101819,Physical,4600.353260749468
GTA5-106418,Digital,3435.6407227837003
GTA5-105655,Digital,15481.262701804093
GTA5-111241,Digital,17081.83173988171
GTA5-114296,Digital,5146.5215186307805
GTA5-106731,Digital,23254.145505710694
GTA5-110184,Digital,25094.27095388465
GTA5-109198,Digital,4093.089401555151
GTA5-113816,Digital,13779.919394613722
GTA5-105704,Digital,1814.3064049609895
GTA5-111034,Digital,18332.856466473368
GTA5-105373,Digital,11450.09010318316
GTA5-101036,Physical,12163.178108409778
GTA5-111152,Digital,1739.490688009951
GTA5-110042,Digital,7914.684819154323
GTA5-109764,Digital,6921.956453686516
GTA5-114714,Digital,16319.671006110088
GTA5-112457,Digital,22674.340903919343
GTA5-113201,Digital,4930.249536536571
GTA5-114458,Digital,2874.1941264944285
GTA5-111960,Digital,13292.473489206426
GTA5-102528,Physical,8486.250674191866
GTA5-111002,Digital,850.5150012150211
GTA5-114013,Digital,17607.113307221367
GTA5-109464,Digital,8588.409363768484
GTA5-111245,Digital,8429.026651875167
GTA5-111252,Digital,1655.8447755032362
GTA5-103771,Digital,12797.232230665435
GTA5-112088,Digital,4784.944868617051
GTA5-101720,Physical,26120.196877974737
GTA5-106636,Digital,8900.011103414858
GTA5-114213,Digital,16900.578481038672
GTA5-108163,Digital,27071.211866567137
GTA5-102118,Physical,1436.8167839011703
GTA5-106947,Digital,18428.308381512914
GTA5-113671,Digital,8212.100452132363
GTA5-108806,Digital,3599.679500200114
GTA5-111767,Digital,9968.429589443069
GTA5-103453,Physical,6548.355509929807
GTA5-111918,Digital,42782.434504689765
GTA5-111754,Digital,2934.469010242432
GTA5-102115,Physical,8232.902507171146
GTA5-113059,Digital,65750.69646086716
GTA5-111982,Digital,2003.570263309443
GTA5-101463,Physical,10261.440725039061
GTA5-112075,Digital,2775.0806597522615
GTA5-110312,Digital,4632.798031819762
GTA5-112280,Digital,8075.162954554177
GTA5-105935,Digital,962.532021555247
GTA5-113030,Digital,13821.09700744096
GTA5-108534,Digital,20236.05933664018
GTA5-110181,Digital,1778.938210482467
GTA5-113576,Digital,3575.6752526918963
GTA5-110070,Digital,4187.494718015834
GTA5-111639,Digital,7863.528188336593
GTA5-100913,Physical,32202.732591045304
GTA5-110999,Digital,5679.755204847775
GTA5-109164,Digital,3394.4454702779303
GTA5-104705,Physical,2856.4203099311326
GTA5-112479,Digital,10787.329698559646
GTA5-102709,Digital,18220.672762977876
GTA5-112412,Digital,2180.823195809825
GTA5-113284,Digital,8261.950134203904
GTA5-110001,Digital,1597.2599148677023
GTA5-104501,Digital,51168.28408555054
GTA5-107450,Digital,7801.813540761645
GTA5-110277,Digital,4530.827920742861
GTA5-112600,Digital,4113.107690725634
GTA5-111745,Digital,5512.4594041605405
GTA5-110191,Digital,6558.893472239024
GTA5-111010,Digital,4621.086454546834
GTA5-107165,Digital,3621.406581817819
GTA5-104913,Digital,14259.196022573491
GTA5-106250,Digital,9960.67030262818
GTA5-112347,Digital,3672.0640042844443
GTA5-109151,Digital,6451.978450288742
GTA5-109056,Digital,11904.451499580078
GTA5-104574,Physical,6014.242949771843
GTA5-114450,Digital,2834.7430116735322
GTA5-111289,Digital,14350.098950095697
GTA5-104959,Digital,5681.579182228204
GTA5-110911,Digital,8483.767536688172
GTA5-111763,Digital,7472.277162738716
GTA5-106597,Digital,3363.0270107372976
GTA5-114233,Digital,12241.517432316079
GTA5-107617,Digital,5070.715263065606
GTA5-110709,Digital,8097.789588743867
GTA5-103395,Physical,5121.00098679558
GTA5-111092,Digital,2190.996136145934
GTA5-113569,Digital,6773.594282670643
GTA5-110555,Digital,76027.02010979177
GTA5-110148,Digital,7602.0217668658
GTA5-112044,Digital,8317.837420810607
GTA5-103344,Physical,6707.951281752612
GTA5-109071,Digital,9808.717205987055
GTA5-113817,Digital,9184.644334878729
GTA5-114562,Digital,32576.24787542165
GTA5-112692,Digital,5432.919830245271
GTA5-112596,Digital,8368.567726678193
GTA5-113375,Digital,2467.5921350674553
GTA5-107283,Digital,15560.857272725332
GTA5-112931,Digital,19346.290718663742
GTA5-100242,Physical,9621.956815276539
GTA5-111692,Digital,3016.973553924467
GTA5-112500,Digital,8581.550059442974
GTA5-112385,Digital,3480.6257927680936
GTA5-105749,Digital,15311.858647406647
GTA5-111830,Digital,6009.591632881719
GTA5-109877,Digital,3453.31926568335
GTA5-112323,Digital,6906.545055369894
GTA5-108869,Digital,7925.329488653597
GTA5-114180,Digital,4857.210448635034
GTA5-114359,Digital,9572.043040616167
GTA5-109217,Digital,63153.23291797762
GTA5-111624,Digital,4625.684173320694
GTA5-105361,Physical,15177.23934710685
GTA5-107845,Digital,4980.8685072335775
GTA5-108579,Digital,10532.671644880742
GTA5-102114,Digital,7651.752715286958
GTA5-108947,Digital,2510.007329002423
GTA5-106844,Digital,6554.883542272979
GTA5-113894,Digital,4929.59767725211
GTA5-114321,Digital,24033.82700598996
GTA5-114468,Digital,9762.988962595706
GTA5-111986,Digital,3206.4722714506106
GTA5-105285,Digital,7092.450965332234
GTA5-100856,Physical,3555.9964774101204
GTA5-111891,Digital,12270.392154430778
GTA5-106692,Digital,2403.206934230876
GTA5-110791,Digital,4656.838181557156
GTA5-112813,Digital,2849.330866182249
GTA5-112094,Digital,2681.36098899224
GTA5-109568,Digital,16115.827870122172
GTA5-103157,Digital,8892.099448141134
GTA5-109811,Digital,13724.640798185299
GTA5-114454,Digital,5586.492751694657
GTA5-114206,Digital,3960.2505862710636
GTA5-113324,Digital,5059.455900163466
GTA5-110005,Digital,9436.283237584292
GTA5-107914,Digital,8682.199925859242
GTA5-112638,Digital,3814.9851527949895
GTA5-114327,Digital,11886.378929140512
GTA5-113791,Digital,13288.951929218767
GTA5-111497,Digital,4940.954733493249
GTA5-111665,Digital,11571.78321439962
GTA5-109873,Digital,3945.825213841428
GTA5-111216,Digital,19006.440483864222
GTA5-113908,Digital,2626.9466604471972
GTA5-100075,Physical,7338.890448976173
GTA5-113898,Digital,6545.239630467763
GTA5-103109,Digital,15674.130160252173
GTA5-111981,Digital,10562.922717745516
GTA5-100205,Physical,23791.26449813938
GTA5-111043,Digital,10285.720526262246
GTA5-112007,Digital,29303.43431443005
GTA5-112595,Digital,9245.588061519391
GTA5-109705,Digital,15390.45434752877
GTA5-105540,Digital,10064.987255144793
GTA5-105310,Digital,7524.544662873667
GTA5-112229,Digital,4713.624926199402
GTA5-109338,Digital,2910.780769733583
GTA5-111332,Digital,2717.3896778691087
GTA5-110198,Digital,10682.14735836996
GTA5-103241,Digital,5629.145943086709
GTA5-110662,Digital,4255.974352773361
GTA5-109109,Digital,55538.946135994905
GTA5-110923,Digital,2389.552576675102
GTA5-111902,Digital,4028.3285565295123
GTA5-114579,Digital,830.1209322034044
GTA5-100608,Physical,6710.960478000486
GTA5-106733,Digital,14667.398311252104
GTA5-112834,Digital,1090.1784003914415
GTA5-109957,Digital,2520.9896949458716
GTA5-112716,Digital,2837.6268855956787
GTA5-110362,Digital,15029.523794973615
GTA5-113536,Digital,3328.7865422596024
GTA5-105366,Digital,2652.8032352059836
GTA5-113801,Digital,8120.8468980401485
GTA5-106675,Digital,7080.114551625069
GTA5-106321,Digital,1572.3093621689666
GTA5-101944,Physical,2953.458210888668
GTA5-114092,Digital,11358.272119643365
GTA5-112985,Digital,3243.594099705218
GTA5-112798,Digital,8380.494857683585
GTA5-111370,Digital,12347.648218049799
GTA5-108824,Digital,10123.045594231344
GTA5-108720,Digital,5950.9579990805705
GTA5-108047,Digital,5401.51496372859
GTA5-104831,Digital,18678.663254346186
GTA5-111856,Digital,12134.200038774008
GTA5-112484,Digital,2843.551151256108
GTA5-107463,Digital,3764.2155294193262
GTA5-113253,Digital,3747.173910202935
GTA5-113907,Digital,2716.233189374543
GTA5-110859,Digital,5623.483079902159
GTA5-113450,Digital,10070.290880316492
GTA5-106131,Digital,5394.538019653171
GTA5-113185,Digital,3149.5581102594097
GTA5-111055,Digital,15401.232475482788
GTA5-102037,Physical,6650.854215769068
GTA5-104691,Physical,8371.09569732449
GTA5-100733,Physical,10737.38992698984
GTA5-112520,Digital,7035.719940142419
GTA5-110113,Digital,6316.229932862535
GTA5-112762,Digital,13741.885904135474
GTA5-114079,Digital,5868.21794103348
GTA5-113486,Digital,2701.1093890547163
GTA5-108740,Digital,14280.771845114385
GTA5-102863,Physical,4820.332517629313
GTA5-110976,Digital,861.4023474474243
GTA5-114110,Digital,31756.267570324213
GTA5-113152,Digital,4294.811171169718
GTA5-112662,Digital,27672.425811490066
GTA5-112973,Digital,24943.98903286096
GTA5-114027,Digital,22363.187925513535
GTA5-111631,Digital,20787.597828650643
GTA5-100643,Physical,10516.649826644883
GTA5-107850,Digital,6171.2607920963255
GTA5-103787,Physical,9208.707357197973
GTA5-112070,Digital,2859.9558851081183
GTA5-109383,Digital,2642.390824638047
GTA5-111476,Digital,12350.974025221827
GTA5-108805,Digital,37708.74853594791
GTA5-107377,Digital,4886.239576089587
GTA5-114096,Digital,3008.877630781547
GTA5-102778,Physical,30124.591501369978
GTA5-113571,Digital,4516.574544633789
GTA5-113553,Digital,3220.9639685539964
GTA5-111061,Digital,6447.874475603963
GTA5-114032,Digital,10466.388168026657
GTA5-113984,Digital,2467.773891520775
GTA5-114479,Digital,8603.789024103979
GTA5-110036,Digital,9263.134960085905
GTA5-111135,Digital,3761.095830908579
GTA5-109579,Digital,18566.427583728568
GTA5-112673,Digital,52468.29949446763
GTA5-107345,Digital,8399.377695580468
GTA5-112411,Digital,1500.532214514356
GTA5-114581,Digital,15380.967462635388
GTA5-114228,Digital,15390.887803570757
GTA5-111936,Digital,4095.0049947840257
GTA5-113852,Digital,10674.313808320498
GTA5-114390,Digital,7627.360875741735
GTA5-111868,Digital,4083.9951917062704
GTA5-112707,Digital,944.2424754527694
GTA5-109894,Digital,4985.923867114151
GTA5-103926,Digital,9966.06691983585
GTA5-108471,Digital,13903.97793504124
GTA5-109983,Digital,4487.1682723085805
GTA5-108936,Digital,20182.524112569452
GTA5-109919,Digital,8454.945628944646
GTA5-111921,Digital,20085.524805710073
GTA5-112731,Digital,4125.287436883631
GTA5-111075,Digital,8766.939048434682
GTA5-111718,Digital,42032.87932933565
GTA5-111122,Digital,3034.149944697807
GTA5-110483,Digital,13659.11691272425
GTA5-111376,Digital,3882.7574099548533
GTA5-108623,Digital,7950.5234863768055
GTA5-109697,Digital,10001.256509592906
GTA5-105762,Digital,14276.167549188678
GTA5-111287,Digital,4156.267394522187
GTA5-103759,Physical,33381.02314244724
GTA5-110157,Digital,2936.5417490732793
GTA5-114594,Digital,1615.9857362256103
GTA5-113678,Digital,2683.1986534601965
GTA5-110898,Digital,3156.8509644082274
GTA5-112265,Digital,2138.4473151080597
GTA5-113731,Digital,5148.994534001982
GTA5-109378,Digital,2684.3764909072047
GTA5-106527,Digital,4127.931095807371
GTA5-112806,Digital,2153.1902317749755
GTA5-111432,Digital,1433.1391661550451
GTA5-113525,Digital,5099.747003502883
GTA5-111829,Digital,12075.312685919009
GTA5-114000,Digital,11959.388081214454
GTA5-104978,Digital,7796.439372688834
GTA5-108870,Digital,7176.541076255977
GTA5-101489,Physical,4271.740643391734
GTA5-100535,Physical,3029.7884124001175
GTA5-111719,Digital,30787.00097937286
GTA5-112989,Digital,4447.235793189976
GTA5-107530,Digital,42062.35287319869
GTA5-110723,Digital,3823.7265743997896
GTA5-109813,Digital,5464.8466487750375
GTA5-113796,Digital,6236.728147590444
GTA5-111973,Digital,30471.682975156895
GTA5-103434,Digital,4754.74738006992
GTA5-111531,Digital,19389.95340602387
GTA5-106031,Digital,13446.25580774661
GTA5-110552,Digital,9132.081856245944
GTA5-114434,Digital,1412.6148254245281
GTA5-113949,Digital,4520.37267469381
GTA5-104305,Digital,78704.49778892023
GTA5-112291,Digital,18607.04756789179
GTA5-104267,Physical,2236.952052465176
GTA5-107177,Digital,2382.179564551197
GTA5-111110,Digital,1246.0159305130558
GTA5-110713,Digital,2334.4648852196115
GTA5-109425,Digital,6013.719679296224
GTA5-111305,Digital,4244.0180604456145
GTA5-111422,Digital,1266.4714000966633
GTA5-109823,Digital,13176.086385267332
GTA5-110671,Digital,19321.050094414706
GTA5-109169,Digital,5160.344828403544
GTA5-107190,Digital,19984.086291646818
GTA5-114179,Digital,16221.901228060302
GTA5-114052,Digital,4741.601127062683
GTA5-101033,Physical,5577.938133488658
GTA5-101471,Physical,10551.943800872166
GTA5-110044,Digital,19255.163861814424
GTA5-101577,Physical,8146.567992119652
GTA5-109627,Digital,59672.91823056837
GTA5-104477,Digital,5156.145296896884
GTA5-110508,Digital,7253.486194729809
GTA5-114521,Digital,2137.0172039810795
GTA5-105153,Digital,2037.1798041388395
GTA5-112285,Digital,6942.448234060252
GTA5-103824,Digital,7752.508356481332
GTA5-114619,Digital,4793.401602383424
GTA5-110423,Digital,3550.2024523895743
GTA5-111682,Digital,6352.753135417787
GTA5-109956,Digital,4735.059254969707
GTA5-100436,Physical,10010.739833225638
GTA5-114476,Digital,15610.738010774156
GTA5-112341,Digital,1498.6056957807705
GTA5-108613,Digital,6002.439119563345
GTA5-110119,Digital,5181.359077057947
GTA5-100450,Physical,9879.172304484406
GTA5-105386,Digital,15085.222437922352
GTA5-114365,Digital,909.1504917349238
GTA5-112809,Digital,3194.4292481013813
GTA5-109193,Digital,883.7458243157664
GTA5-107653,Digital,39535.49876335657
GTA5-109179,Digital,4337.898221796275
GTA5-111040,Digital,1529.0494522863296
GTA5-110100,Digital,9752.427072932685
GTA5-112076,Digital,5771.933518581165
GTA5-110881,Digital,2213.4004879627555
GTA5-108748,Digital,32174.27810702149
GTA5-104008,Digital,52410.412596928734
GTA5-102652,Physical,7039.236854551555
GTA5-113290,Digital,931.7297651581946
GTA5-110667,Digital,55830.923501473146
GTA5-110072,Digital,2479.131388898092
GTA5-102996,Digital,12869.066768265138
GTA5-114270,Digital,5830.6143280272745
GTA5-111602,Digital,3255.4828112340556
GTA5-105920,Digital,5309.3779593828585
GTA5-101588,Physical,12635.164520909017
GTA5-100412,Physical,9436.880133668084
GTA5-111173,Digital,1553.6275297674158
GTA5-109283,Digital,9418.029133379736
GTA5-112833,Digital,5996.869948353589
GTA5-110622,Digital,2541.51226856932
GTA5-108469,Digital,10320.636450482685
GTA5-113781,Digital,2200.304894274537
GTA5-111640,Digital,5922.888263908339
GTA5-105370,Digital,14781.716702578851
GTA5-109935,Digital,14416.859262303476
GTA5-109171,Digital,2451.440568739296
GTA5-114691,Digital,1537.5045729308617
GTA5-108503,Digital,8208.38069995539
GTA5-105772,Digital,26492.180694214185
GTA5-107671,Digital,2872.975022655346
